City,Country,Population (2025)
Apia,Samoa,60041.65661
Nuku'alofa,Tonga,51990.7662
Papeete,French Polynesia,109747.1257
Honiara,Solomon Islands,137201.4211
Nouméa,New Caledonia,153190.4912
Port Vila,Vanuatu,72613.04782
Lautoka,Fiji,53550.44076
Tari,Papua New Guinea,70504.60599
Suva,Fiji,242909.9953
Mendi,Papua New Guinea,125843.2967
Wabag,Papua New Guinea,52455.43085
Mount Hagen,Papua New Guinea,100523.7956
Ganigle,Papua New Guinea,59693.26392
Kundiawa,Papua New Guinea,87985.85515
Goroka,Papua New Guinea,92211.42448
Madang,Papua New Guinea,88137.98919
Port Moresby,Papua New Guinea,442164.8952
Lae,Papua New Guinea,116211.7912
Mindelo,Cabo Verde,88273.87923
Dakar,Senegal,3970201.794
Serrekunda,Gambia,1313464.797
Nouadhibou,Mauritania,177468.9802
Bissau,Guinea-Bissau,674444.3312
Kamsar,Guinea,127957.5515
Freetown,Sierra Leone,2150532.945
Kayes,Mali,287390.9855
Monrovia,Liberia,2049817.566
Danané,Côte d'Ivoire,101136.3078
Niangoloko,Burkina Faso,73780.51196
Dormaa Ahenkro,Ghana,84688.8429
Cinkassé,Togo,77949.04564
Téra,Niger,98781.27049
Tanguieta,Benin,51645.32078
Idi-Iroko,Nigeria,120092.9649
São Tomé,São Tomé and Príncipe,154878.0805
Malabo,Equatorial Guinea,729478.227
Port-Gentil,Gabon,103562.4293
Limbe,Cameroon,210456.087
Tômbua,Angola,78748.71133
Pointe-Noire,Republic of the Congo,665655.8464
Moanda,Democratic Republic of the Congo,76337.06924
Walvis Bay,Namibia,84904.15708
Léré,Chad,74772.16287
Bouar,Central African Republic,71859.10554
Tierkloof,South Africa,52800.97695
Mongu,Zambia,121413.393
Kanye,Botswana,52205.61235
Maseru,Lesotho,296516.0661
Bulawayo,Zimbabwe,492010.9037
Wau,South Sudan,115385.1009
Cibitoke,Burundi,56028.19568
Rubavu,Rwanda,342554.9873
Manzini,Swaziland,93405.68221
Kigoma,Tanzania,347891.7651
Bwera,Uganda,123131.252
Matola-Rio,Mozambique,54128.19009
Kasungu,Malawi,59047.0707
Busia,Kenya,86348.98529
Teseney,Eritrea,98083.8909
Dhobley,Somalia,57159.53044
Toliara,Madagascar,118186.7567
Ali Sabieh,Djibouti,86780.63403
Moroni,Comoros,175832.4714
Mamoudzou,Mayotte,127510.6566
Le Port,Réunion,105572.3109
Port Louis,Mauritius,557430.5551
João Teves,Cabo Verde,161477.1755
M'bour,Senegal,506407.1053
Brikama,Gambia,213625.807
Nouakchott,Mauritania,1625383.896
Bafatá,Guinea-Bissau,69724.70242
Boké,Guinea,58796.60876
Mahera,Sierra Leone,97367.24621
Kakata,Liberia,78566.32827
Kita,Mali,80559.87679
Man,Côte d'Ivoire,205655.7066
Banfora,Burkina Faso,187824.0147
Kato,Ghana,137807.4493
Dapaong,Togo,215916.3371
Natitingou,Benin,66756.99089
Tillabéri,Niger,80356.15878
Meko,Nigeria,86917.24776
Buea,Cameroon,189165.1939
Bata,Equatorial Guinea,789800.2459
Moçâmedes,Angola,405248.6373
Tshela,Democratic Republic of the Congo,133137.7321
Sibiti,Republic of the Congo,60351.78908
Swakopmund,Namibia,77246.78387
Pala,Chad,129935.2493
Carnot,Central African Republic,90317.37297
Masiphumelele,South Africa,50831.16264
Molepolole,Botswana,121562.1229
Mwinilunga,Zambia,52434.34108
Yambio,South Sudan,102732.5936
Mkoba,Zimbabwe,54654.32832
Bujumbura,Burundi,1403418.731
Musanze,Rwanda,144218.4358
Kasulu,Tanzania,189666.1017
Kasese,Uganda,100112.2989
Maputo,Mozambique,3533370.361
Likuni,Malawi,160123.2554
Asosa,Ethiopia,136276.8328
Migori,Kenya,77425.10812
Barentu,Eritrea,101015.391
Tadjoura,Djibouti,62279.23161
Fomboni,Comoros,236188.257
Le Tampon,Réunion,66485.94005
Thiès,Senegal,483414.6727
Gabu,Guinea-Bissau,86490.69096
Basse Santa Su,Gambia,64316.98188
Sangarédi,Guinea,86486.31524
Kaédi,Mauritania,61350.09904
Kambia,Sierra Leone,75701.58122
Harbel City,Liberia,55323.05704
Bamako,Mali,3960562.859
Guiglo,Côte d'Ivoire,82226.89637
Bobo-Dioulasso,Burkina Faso,1297389.392
Wa,Ghana,81255.40457
Mango,Togo,56063.33
Djougou,Benin,157892.5678
Torodi,Niger,65700.32105
Oja Odan,Nigeria,68007.37907
Mamfe,Cameroon,85129.37088
Libreville,Gabon,917056.3782
Cacongo,Angola,84030.04461
Nsioni,Democratic Republic of the Congo,73387.19114
N'Djamena,Chad,1910082.319
Brazzaville,Republic of the Congo,3190742.929
Nola,Central African Republic,50105.09628
Windhoek,Namibia,417841.6386
Cape Town,South Africa,4338251.176
Lobatse,Botswana,62160.49325
Livingstone,Zambia,207975.0533
Gweru,Zimbabwe,65304.30419
Bubanza,Burundi,57027.63764
Rumbek,South Sudan,76197.58067
Muhanga,Rwanda,65498.55698
Fort Portal,Uganda,55643.11616
Mumigunga,Tanzania,129051.0553
Chókwè,Mozambique,50276.8408
Lilongwe,Malawi,1018797.715
Gambela,Ethiopia,105142.1039
Bungoma,Kenya,98411.45174
Andatabo,Madagascar,61336.57875
Bardera,Somalia,147179.2828
Djibouti,Djibouti,735131.508
Saint-Denis,Réunion,189854.3756
Darou Khoudoss,Senegal,65892.27379
Tanene,Guinea,54726.46378
Port Loko,Sierra Leone,72165.91764
Zouérat,Mauritania,50284.91007
Foya City,Liberia,52684.38198
Kati,Mali,206375.6557
Duekoue,Côte d'Ivoire,194869.1287
Houndé,Burkina Faso,84219.22772
Sunyani,Ghana,187687.6515
Kpalimé,Togo,143596.0177
Aplahoué,Benin,99690.95124
Niamey,Niger,1600656.083
Ajara,Nigeria,69585.9599
Tiko,Cameroon,89593.3157
Oyem,Gabon,89005.77299
Cabinda,Angola,1220203.558
Lukula,Democratic Republic of the Congo,63528.90278
Fianga,Chad,61231.72345
Blouberg Rise,South Africa,149508.4566
Dongou,Republic of the Congo,61084.57622
Bangui,Central African Republic,1270413.659
Rundu,Namibia,56841.78631
Gaborone,Botswana,298992.6473
Solwezi,Zambia,107345.292
Kwekwe,Zimbabwe,134107.4783
Rumonge,Burundi,103918.7538
Kigali,Rwanda,1621760.398
Yei,South Sudan,166142.8088
Mbarara,Uganda,285351.8242
Mpanda,Tanzania,116980.7215
Chibuto,Mozambique,84459.96572
Mzuzu,Malawi,223848.5438
Dambidollo,Ethiopia,161162.3843
Vihiga,Kenya,86079.72904
Keren,Eritrea,255389.4748
Saakow,Somalia,69341.4985
Morondava,Madagascar,75420.37823
Saint-André,Réunion,60621.1399
Tivaouane,Senegal,138729.0962
Coyah,Guinea,2991110.752
Mile 91,Sierra Leone,74204.06774
Kiffa,Mauritania,89004.99136
Buchanan,Liberia,79368.3757
Sénou,Mali,218887.2167
Buyo,Côte d'Ivoire,51238.11257
Dédougou,Burkina Faso,87037.40566
Wenchi,Ghana,54107.02354
Blitta-Gare,Togo,200654.845
Lokossa,Benin,96705.42974
Owode,Nigeria,90425.50518
Dosso,Niger,236672.7275
Kumba,Cameroon,304428.2436
Soyo,Angola,401232.6945
Lemba Village,Democratic Republic of the Congo,64055.67016
Moanda,Gabon,125350.04
Mao,Chad,70324.56065
Atlantis,South Africa,75926.36449
Impfondo,Republic of the Congo,360182.6367
Badokwa,Central African Republic,73587.33596
Mahalapye,Botswana,61469.37821
Choma,Zambia,126195.4729
Zvishavane,Zimbabwe,52779.33926
Kayanza,Burundi,124447.918
Kayonza,Rwanda,53237.94025
Arua,Uganda,215725.9256
Malakal,South Sudan,91732.1652
Sumbawanga,Tanzania,184292.8148
Xai-Xai,Mozambique,200271.9537
Salima,Malawi,60567.96734
Kisii,Kenya,190856.9178
Mendi,Ethiopia,117007.0119
Asmara,Eritrea,251979.7984
Luuq لوق,Somalia,56810.69988
Ambovombe,Madagascar,138577.4137
Bambey,Senegal,59471.7285
Fria,Guinea,55494.25271
Makeni,Sierra Leone,212452.4803
Voinjama,Liberia,71959.30948
Ouélessébougou,Mali,52861.45187
San-Pédro,Côte d'Ivoire,273597.655
Fassala,Mauritania,114618.262
Gaoua,Burkina Faso,53779.13915
Tarkwa,Ghana,65593.45074
Lomé,Togo,2498073.763
Comè,Benin,57558.21682
Agbara,Nigeria,219039.4718
Filingué,Niger,60026.45185
Douala,Cameroon,4457861.533
Buco-Zau,Angola,59535.24817
Boma,Democratic Republic of the Congo,190065.2531
Franceville,Gabon,300424.0652
Bongor,Chad,123624.2478
Malmesbury,South Africa,55104.44617
Bétou,Republic of the Congo,349599.6426
Bambari,Central African Republic,66172.96352
Francistown,Botswana,116208.6386
Mumbwa,Zambia,50550.18003
Kadoma,Zimbabwe,88656.31313
Ngozi,Burundi,138142.6239
Koboko,Uganda,87723.61632
Bor,South Sudan,139876.2628
Ibamba,Tanzania,57506.28164
Manica,Mozambique,51796.12479
Blantyre,Malawi,941888.0305
Kakamega,Kenya,125259.1883
Meti Chafi / Tilk u Meti,Ethiopia,66324.19314
Ghinda,Eritrea,165905.6887
Kismayo,Somalia,452404.1172
Saint-Louis,Senegal,263603.0204
Kindia,Guinea,197263.877
Magburaka,Sierra Leone,77501.21107
Gbarnga,Liberia,77864.88304
Koulikoro,Mali,60806.41479
Séguéla,Côte d'Ivoire,62010.97137
Ouahigouya,Burkina Faso,129505.638
Techiman,Ghana,166351.0354
Atakpamé,Togo,160358.7765
Savalou,Benin,63667.52373
Ilaro,Nigeria,140483.8952
Gaya,Niger,149329.8705
Nkongsamba,Cameroon,164405.5738
N'zeto,Angola,64331.69133
Kinzao,Democratic Republic of the Congo,191358.1202
Dourbali,Chad,63974.35006
Somerset West,South Africa,232390.5489
Bria,Central African Republic,53673.3722
Selebi Phikwe,Botswana,54136.74112
Monze,Zambia,52362.18907
Chegutu,Zimbabwe,73152.38104
Gitega,Burundi,176122.5345
Yumbe,Uganda,68658.52894
Juba,South Sudan,296086.9767
Chato,Tanzania,53099.64604
Catandica,Mozambique,109311.9673
Zomba,Malawi,77471.11519
Kisumu,Kenya,452000.4631
Nedjo,Ethiopia,75735.59832
Jamame,Somalia,100184.646
Tolanaro,Madagascar,50851.30354
Fatick,Senegal,64861.15138
Labé,Guinea,245719.2091
Bo,Sierra Leone,376731.1691
Ganta,Liberia,72447.49004
Bougouni,Mali,83460.35046
Soubré,Côte d'Ivoire,160765.5623
Koudougou,Burkina Faso,165240.0511
Takoradi,Ghana,1255808.568
Sokodé,Togo,184962.2224
Bohicon,Benin,278594.3707
Aiyetoro,Nigeria,74897.82162
Dogondoutchi,Niger,128991.7575
Kribi,Cameroon,127946.8813
Luanda,Angola,11672133.85
Matadi,Democratic Republic of the Congo,415703.9417
Kelo,Chad,127284.0264
Stellenbosch,South Africa,96052.04384
Mazabuka,Zambia,76006.75458
Chinhoyi,Zimbabwe,100652.2773
Kirundo,Burundi,52050.78764
Hoima,Uganda,76892.50598
Bukoba,Tanzania,155944.8882
Nimule,South Sudan,665398.4615
Chimoio,Mozambique,519720.7068
Mangochi,Malawi,67587.88186
Kitale,Kenya,182451.2779
Tepi,Ethiopia,141621.9349
Dekemhare,Eritrea,62982.29961
Borama,Somalia,343917.8415
Ambatolahy II,Madagascar,120769.7343
Ziguinchor,Senegal,288803.6113
Mamou,Guinea,80758.78551
Yogomaia,Sierra Leone,50538.89735
Pleebo,Liberia,62321.58639
Fana,Mali,70906.64189
Issia,Côte d'Ivoire,74298.43691
Yako,Burkina Faso,54965.2178
Dunkwa-on-Offin,Ghana,60944.50244
Notsé,Togo,95842.32803
Whydah,Benin,134852.1815
Isale,Nigeria,83248.64074
Tahoua,Niger,369904.5451
Dschang,Cameroon,63235.96644
Benguela,Angola,510265.5735
Luozi,Democratic Republic of the Congo,53120.53052
Moundou,Chad,257316.0425
Paarl,South Africa,244652.8874
Chingola,Zambia,268785.8725
Masvingo,Zimbabwe,118739.9571
Muyinga,Burundi,102770.6307
Mubende,Uganda,66598.40209
Ushirombo,Tanzania,69899.9125
Magwi,South Sudan,73581.34209
Gondola,Mozambique,57039.91993
Eldoret,Kenya,439306.5233
Massawa,Eritrea,369309.8604
Jilib,Somalia,104059.3653
Mahajanga,Madagascar,220110.4313
Bignona,Senegal,82776.49342
Kenema,Sierra Leone,262149.4505
Faranah,Guinea,102561.0153
Méagui,Côte d'Ivoire,116228.8474
Ségou,Mali,286478.2584
Leo,Burkina Faso,59608.83169
Kumasi,Ghana,4923114.703
Kara,Togo,169198.5186
Tindji,Benin,61140.92587
Lagos,Nigeria,12846045.23
Illela,Niger,74897.47766
Wum,Cameroon,64815.77934
Lubango,Angola,1331212.795
Kimpese,Democratic Republic of the Congo,111119.7172
Laï,Chad,66572.39806
Worcester,South Africa,86647.78919
Chililabombwe,Zambia,99789.27984
Norton,Zimbabwe,94189.04427
Giteranyi,Burundi,58168.74806
Masindi,Uganda,52075.81988
Katoro,Tanzania,163721.6358
Renk,South Sudan,97082.93991
Tete,Mozambique,470793.518
Kericho,Kenya,55990.05095
Metu,Ethiopia,79503.55378
Assab,Eritrea,65827.76652
Antsirabe,Madagascar,54133.52371
Diourbel,Senegal,220539.7198
Koidu Town,Sierra Leone,149267.5815
Guéckédou,Guinea,55437.1354
Vavoua,Côte d'Ivoire,95900.10594
Niono-Socoura,Mali,52115.00901
Sapouy,Burkina Faso,53066.1721
Kintampo,Ghana,110778.6533
Anié,Togo,88877.73014
Allada,Benin,67237.07219
Igangan,Nigeria,65048.51765
Birni N'Konni,Niger,181092.4964
Bamenda,Cameroon,399783.773
Baía,Angola,207326.8459
Lukala,Democratic Republic of the Congo,55312.45858
Moussoro,Chad,128413.6356
Upington,South Africa,74271.87974
Kafue,Zambia,82387.52972
Harare,Zimbabwe,2076037.334
Masaka,Uganda,141042.289
Urambo,Tanzania,51251.53819
Moatize,Mozambique,165147.446
Mizan Teferi,Ethiopia,70594.83414
Lodwar,Kenya,68119.30669
Diinsoor,Somalia,65100.80871
Ambano,Madagascar,230883.9115
Louga,Senegal,187360.2719
Kailahun,Sierra Leone,58471.36005
Kissidougou,Guinea,116024.2154
Daloa,Côte d'Ivoire,324486.2606
Kadiolo,Mali,72363.21831
Nkoranza,Ghana,71620.31657
Ouagadougou,Burkina Faso,3616268.287
Tsévié,Togo,96783.80397
Dassa-Zoumé,Benin,56173.67146
Aiyete,Nigeria,67710.90975
Tamaské Sabon Guida,Niger,53970.36861
Edéa,Cameroon,91832.43858
Panguila,Angola,54394.3063
Kwilu-Ngongo,Democratic Republic of the Congo,141569.4863
Bebedjia,Chad,60857.25775
Mossel Bay,South Africa,76856.52117
Lusaka,Zambia,3658064.188
Ruwa,Zimbabwe,183053.3971
Mityana,Uganda,54610.74583
Geita,Tanzania,176247.5738
Torit,South Sudan,526256.8321
Nhamatanda,Mozambique,80327.71054
Ghimbi,Ethiopia,71648.59126
Nakuru,Kenya,628217.6479
Amparihimahitsy,Madagascar,180166.4361
Kaolack,Senegal,406200.8382
Kouroussa,Guinea,51808.47664
Boundiali,Côte d'Ivoire,59196.83519
Sikasso,Mali,423182.4209
Obuasi,Ghana,233391.745
Djibo,Burkina Faso,60410.96764
Adétikopé,Togo,71174.22638
Cotonou,Benin,2647117.374
Abeokuta,Nigeria,806897.1129
Tchin-Tabaraden,Niger,149097.1405
Mbouda,Cameroon,65159.25023
Zango V Centrality,Angola,73314.66972
Mbanza-Ngungu,Democratic Republic of the Congo,218446.7695
Goré,Chad,54675.96658
Oudtshoorn,South Africa,76129.60067
Chilanga,Zambia,87213.51481
Marondera,Zimbabwe,88717.13596
Gulu,Uganda,205487.0389
Tunduma,Tanzania,152280.3016
Maxixe,Mozambique,97317.93829
Shahadi,Ethiopia,63691.01335
Naivasha,Kenya,244867.7157
Wajid,Somalia,119799.6654
Farafangana,Madagascar,74679.29409
Darou Mousty,Senegal,53486.55792
Macenta,Guinea,64467.409
Tengréla,Côte d'Ivoire,60122.20592
Zégoua,Mali,57825.01713
Patase,Ghana,101126.1859
Kaya,Burkina Faso,124685.7743
Akakopé,Togo,112837.4517
Covè,Benin,54846.38395
Igbo Ora,Nigeria,139009.4122
Madaoua,Niger,159571.1946
Bafoussam,Cameroon,331777.2622
Lobito,Angola,509172.5616
Kisantu,Democratic Republic of the Congo,183794.7034
Doba,Chad,162832.17
George,South Africa,199515.2946
Kalulushi,Zambia,67389.57894
Mutare,Zimbabwe,147135.4874
Kampala,Uganda,5177877.659
Kahama,Tanzania,147472.2356
Dondo,Mozambique,77491.64274
Sigmo,Ethiopia,73467.81215
Nairobi,Kenya,6646256.557
Gebiley,Somalia,60993.44518
Ankazomborona,Madagascar,62266.06012
Touba,Senegal,1170258.55
Sètiguiya,Guinea,54815.50235
Zuénoula,Côte d'Ivoire,62047.16545
Koutiala,Mali,286417.2678
Bekwai,Ghana,72487.93305
Pouytenga,Burkina Faso,94381.83358
Tchamba,Togo,51096.16733
Ouèssè,Benin,57613.01074
Ilero,Nigeria,64074.5852
Bouza,Niger,66090.68127
Ndop,Cameroon,59417.03379
Chibia,Angola,67791.61761
Kasangulu,Democratic Republic of the Congo,189184.4114
Bokoro,Chad,63728.27135
Fraaisig,South Africa,53885.22748
Kitwe,Zambia,731813.0732
Luweero,Uganda,54596.85727
Sengerema,Tanzania,148039.1977
Imehejek,South Sudan,128401.5906
Inhambane,Mozambique,68997.17065
Ngong,Kenya,75218.89971
Baidoa,Somalia,437223.2307
Manakara,Madagascar,82023.18319
Sédhiou,Senegal,60980.41171
Boukaria,Guinea,54414.23735
Bonon,Côte d'Ivoire,91045.42427
San,Mali,87173.30019
Mampong,Ghana,68579.47077
Tenkodogo,Burkina Faso,105418.7454
Tabligbo,Togo,67702.69288
Savè,Benin,55434.11397
Oke Iho,Nigeria,220540.2343
Abalak,Niger,176156.8112
Foumbot,Cameroon,52185.0737
Caxito,Angola,53145.4393
Kinshasa,Democratic Republic of the Congo,12945682.99
Koumra,Chad,155733.0135
KwaNobuhle,South Africa,127189.6312
Mufulira,Zambia,179085.5227
Vwawa,Tanzania,76244.80638
Lira,Uganda,142859.2164
Ikotos,South Sudan,98913.87103
Beira,Mozambique,627141.8472
Chagni,Ethiopia,106013.6618
Ndenderu,Kenya,54108.76624
Hargeisa,Somalia,1500449.28
Ambohitrimanjaka,Madagascar,58641.89973
Richard-Toll,Senegal,80805.62807
Kankan,Guinea,287892.2956
Gagnoa,Côte d'Ivoire,211572.3068
Mopti,Mali,66634.39635
Ejura,Ghana,53163.80522
Koupéla,Burkina Faso,62822.76192
Vogan,Togo,57378.94443
Porto-Novo,Benin,815039.8996
Saki,Nigeria,392972.6133
Guidan Roumdji,Niger,53979.69071
Kumbo,Cameroon,125455.8693
Sumbe,Angola,193656.4886
Maluku,Democratic Republic of the Congo,94833.70575
Kariega,South Africa,115933.9616
Kabwe,Zambia,236405.3389
Tabora,Tanzania,199592.422
Lugazi,Uganda,58866.56623
Riwoto,South Sudan,432309.6866
Massinga,Mozambique,59267.007
Bedele,Ethiopia,66650.2336
Ongata Rongai,Kenya,144132.1414
Hudur,Somalia,87186.81987
Antananarivo,Madagascar,4255253.768
Kaffrine,Senegal,94450.60387
Banankoro,Guinea,78514.84999
Sinfra,Côte d'Ivoire,120618.454
Sévaré,Mali,144436.7296
Elmina,Ghana,56265.083
Dori,Burkina Faso,61563.10119
Parakou,Benin,392540.7189
Magboro,Nigeria,264612.6568
Dakoro,Niger,113322.2001
Foumban,Cameroon,174723.8181
Chingo,Angola,97605.53171
Kasongo-Lunda,Democratic Republic of the Congo,50199.27215
Bitkine,Chad,92111.61031
Gqeberha,South Africa,806318.7028
Luanshya,Zambia,106792.7255
Mwanza,Tanzania,977475.3385
Njeru,Uganda,56562.95947
Zóbue,Mozambique,81375.41352
Naqamte,Ethiopia,217687.3637
Kiambu,Kenya,77140.93965
Barawa,Somalia,98702.63079
Hell-Ville,Madagascar,67988.54575
Dahra Djoloff,Senegal,73946.19702
Balato,Guinea,67049.19464
Bouaflé,Côte d'Ivoire,154187.4192
Koro,Mali,52443.57591
Cape Coast,Ghana,283454.2262
Fada N'Gourma,Burkina Faso,140170.5088
Kétou,Benin,90464.46799
Eruwa,Nigeria,127062.2471
Maradi,Niger,673215.4418
Ebolowa,Cameroon,158781.0987
Cubal,Angola,106304.1418
Kenge,Democratic Republic of the Congo,108939.9387
Ati,Chad,126644.0721
Kimberley,South Africa,259456.6042
Ndola,Zambia,559469.3247
Nansio,Tanzania,69000.36047
Jinja,Uganda,245758.5263
Vilanculos,Mozambique,75978.17757
Gutin,Ethiopia,50162.91144
Nyeri,Kenya,66311.77765
Buurhakaba,Somalia,128534.0302
Ambanja,Madagascar,55235.43465
Kolda,Senegal,199859.8099
Siguiri,Guinea,304098.5704
Korhogo,Côte d'Ivoire,348793.2526
Timbuktu,Mali,129745.8465
Assin Fosu,Ghana,92069.22174
Ikpinlè,Benin,56050.32875
Ikorodu,Nigeria,863150.4757
Arlit,Niger,121919.9111
Bafia,Cameroon,86252.59385
Seles,Angola,77139.59119
Bandundu,Democratic Republic of the Congo,178670.6199
Sarh,Chad,249114.6378
Motherwell,South Africa,167327.142
Kapiri Mposhi,Zambia,110231.5155
Mbalizi,Tanzania,84221.02736
Iganga,Uganda,147409.7277
Kapoeta,South Sudan,345376.7497
Caia,Mozambique,59906.00841
Agaro,Ethiopia,118709.431
Kitengela,Kenya,105486.4742
Antsiramandroso,Madagascar,310056.2308
Koungheul,Senegal,63226.41215
Tonborho,Guinea,53659.34628
Diégonéfla,Côte d'Ivoire,66949.8769
Konongo,Ghana,79026.05847
Gao,Mali,174987.9601
Pobè,Benin,117567.1649
Iseyin,Nigeria,377456.8719
Tchadoua,Niger,60811.13861
Yaoundé,Cameroon,5479203.927
M'banza Congo,Angola,340621.6882
Masi Manimba,Democratic Republic of the Congo,62798.2759
Mongo,Chad,205278.8269
Makhanda,South Africa,68174.41164
Nchelenge,Zambia,102427.6123
Nzega,Tanzania,50213.34022
Soroti,Uganda,77727.08535
Morrumbala,Mozambique,105629.8437
Thika,Kenya,124580.1316
Qoryooley,Somalia,108378.3198
Toamasina,Madagascar,78264.82319
Vélingara,Senegal,84758.86684
Nzérékoré,Guinea,298615.5389
Oumé,Côte d'Ivoire,70987.59311
Mankessim,Ghana,78727.73534
Kidal,Mali,57743.57753
Kandi,Benin,101483.5001
Agbaku,Nigeria,59980.42436
Mayahi,Niger,57393.89223
Mbalmayo,Cameroon,85710.0795
Gabela,Angola,151597.9973
Bikoro,Democratic Republic of the Congo,52059.3052
Faya-Largeau,Chad,183007.2697
Seweding,South Africa,181490.544
Mansa,Zambia,427109.652
Mbeya,Tanzania,587388.0278
Busia,Uganda,88704.5731
Mopeia,Mozambique,63461.04881
Dangla,Ethiopia,88868.19153
Machakos,Kenya,93679.35485
Buulo Mareer,Somalia,113906.4012
Antetezambaro,Madagascar,144776.3591
Médina Gounass,Senegal,67376.52666
Lola,Guinea,59781.37987
Divo,Côte d'Ivoire,178851.6979
Atebubu,Ghana,83943.91204
Nikki,Benin,56333.35684
Sagamu,Nigeria,111818.5865
Aguié,Niger,53474.06157
Banyo,Cameroon,103946.8837
Quipungo,Angola,67004.14186
Mbandaka,Democratic Republic of the Congo,464867.7395
Kyabé,Chad,77972.63727
Bloemfontein,South Africa,482751.3551
Kasama,Zambia,221568.8589
Shinyanga,Tanzania,123672.519
Narus,South Sudan,274881.0818
Mbale City,Uganda,380225.0899
Lichinga,Mozambique,295133.7227
Jinka,Ethiopia,153849.4747
Embu,Kenya,333699.8381
Berbera,Somalia,147172.1842
Antsiranana,Madagascar,99633.78577
Tambacounda,Senegal,241376.9138
Sinko,Guinea,99678.52494
Yamoussoukro,Côte d'Ivoire,227858.5613
Akim Oda,Ghana,112164.8719
Malanville,Benin,103428.2917
Kamba,Nigeria,68515.38383
Agadez,Niger,360388.0329
Sangmélima,Cameroon,93356.07589
Ganda,Angola,101900.9961
Bulungu,Democratic Republic of the Congo,58987.81422
Komani,South Africa,55575.22982
Mpulungu,Zambia,88867.48151
Kyela,Tanzania,71758.79821
Bukalasi,Uganda,374528.2554
Marromeu,Mozambique,101945.9284
Addis Kidan,Ethiopia,52669.54321
Meru,Kenya,117462.5823
Shalaambood,Somalia,72787.76128
Kedougou,Senegal,60486.29122
Ferkéssédougou,Côte d'Ivoire,108042.3774
Tamale,Ghana,774161.6478
Iperu,Nigeria,89532.01883
Tibati,Cameroon,52537.84766
Caluquembe,Angola,90044.89547
Libenge,Democratic Republic of the Congo,65415.85609
Umm Hajar,Chad,118033.7518
Botshabelo-K,South Africa,73085.90962
Mpika,Zambia,58385.33035
Musoma,Tanzania,189130.8342
Buligenyi,Uganda,138526.6429
Milange,Mozambique,120961.7617
Durbete,Ethiopia,69328.96471
KK Market Centre,Kenya,65236.62005
Merca,Somalia,246381.3241
Ouangolodougou,Côte d'Ivoire,69139.69725
Bolgatanga,Ghana,86234.29754
Ishara,Nigeria,74778.56968
Tessaoua,Niger,157245.8879
Ngaoundal,Cameroon,73115.32858
Cuimba,Angola,102343.3132
Kikwit,Democratic Republic of the Congo,488733.9059
Am Timan,Chad,189462.96
Botshabelo-N,South Africa,122484.2943
Mbala,Zambia,57336.81532
Bunda,Tanzania,82903.10407
Mandimba,Mozambique,71382.99744
Injibara,Ethiopia,85412.03052
Mado Gashi,Kenya,60846.88469
Katiola,Côte d'Ivoire,56158.77019
Savelugu,Ghana,86111.94233
Lakowe,Nigeria,76351.37321
Matamèye,Niger,71119.24802
Garoua,Cameroon,699540.8696
Xangongo,Angola,110199.917
Kahemba,Democratic Republic of the Congo,191592.7143
Abéché,Chad,395144.5101
Welkom,South Africa,161045.941
Katete,Zambia,52406.45114
Bariadi,Tanzania,56154.95254
Nicoadala,Mozambique,57527.66169
Aykel,Ethiopia,106434.4321
Bute Town,Kenya,57068.35163
Wanlaweyn,Somalia,301525.1673
Bouaké,Côte d'Ivoire,704948.97
Walewale,Ghana,55984.4038
Ilishan,Nigeria,91301.78428
Tanout,Niger,81755.5218
Ngong,Cameroon,85070.818
Matala,Angola,297590.0721
Makanza,Democratic Republic of the Congo,71311.5879
Biltine,Chad,106749.7585
Alabama,South Africa,144961.679
Chipata,Zambia,189254.1179
Tarime,Tanzania,63531.11068
Quelimane,Mozambique,521923.5175
Seka,Ethiopia,103256.9533
Habswein,Kenya,77526.16248
Beledweyne,Somalia,246587.5611
Dimbokro,Côte d'Ivoire,59649.98138
Nkawkaw,Ghana,80945.13667
Igboho,Nigeria,141437.1048
Magaria,Niger,129206.8051
Ngaoundéré,Cameroon,359176.4499
Calulo,Angola,69279.85105
Bozene,Democratic Republic of the Congo,60535.06255
Goz Beïda,Chad,60206.85052
Uitkomsdal,South Africa,85890.20122
Nakonde,Zambia,139612.7631
Makambako,Tanzania,59618.96959
Cuamba,Mozambique,79435.8962
Jimma,Ethiopia,356723.876
Ukunda,Kenya,61074.44666
Afgooye,Somalia,53671.72446
Dabou,Côte d'Ivoire,73883.06026
Agona Swedru,Ghana,175249.453
Ibadan,Nigeria,4043954.957
Zinder,Niger,748965.2014
Bertoua,Cameroon,204775.4185
N'dalatando,Angola,107129.3473
Bwamanda,Democratic Republic of the Congo,59973.87405
Adré,Chad,101240.1057
Sisulu Village,South Africa,151960.7384
Lundazi,Zambia,57915.03354
Singida,Tanzania,120810.2959
Muala,Mozambique,70976.33067
Tilili,Ethiopia,52506.60634
Mombasa,Kenya,1617738.965
Burao,Somalia,403480.599
Agboville,Côte d'Ivoire,74339.27283
Asamankese,Ghana,100710.5265
Kishi,Nigeria,175076.0201
Gouré,Niger,57489.90876
Mokolo,Cameroon,167263.3535
Caconda,Angola,72157.21953
Gungu,Democratic Republic of the Congo,77411.31166
Tiné-Djagaraba,Chad,91023.38312
East London,South Africa,244635.4694
Songea,Tanzania,228439.5078
Mocuba,Mozambique,182674.659
Burie,Ethiopia,75659.87934
Garissa,Kenya,422142.9108
Mogadishu,Somalia,4798452.599
Abidjan,Côte d'Ivoire,6450315.611
Yeji,Ghana,71894.74463
Oyo,Nigeria,791680.8508
Maïné-Soroa,Niger,82052.64694
Guider,Cameroon,179745.6857
Quibala,Angola,59122.14628
Idiofa,Democratic Republic of the Congo,131882.5099
Karyari,Chad,191898.4604
Potchefstroom,South Africa,182281.9105
Iringa,Tanzania,217074.0422
Gurue,Mozambique,119934.5426
Jumba la Mtwana,Kenya,77070.29911
Balcad,Somalia,160177.8167
Daoukro,Côte d'Ivoire,62499.82864
Winneba,Ghana,116442.9113
Ijebu-Ode,Nigeria,487147.0804
Diffa,Niger,119289.9628
Figuil,Cameroon,61161.06602
Waku Kungo,Angola,103118.7293
Budjala,Democratic Republic of the Congo,52011.94373
Um Dukhan,Chad,72946.14715
Kroonstad,South Africa,88320.97658
Dodoma,Tanzania,267332.8444
Maganja,Mozambique,57025.80338
Merawi,Ethiopia,80667.62641
Jowhar,Somalia,221075.5432
Adzopé,Côte d'Ivoire,75864.51196
Salaga,Ghana,71904.62723
Ago-Iwoye,Nigeria,179068.8403
N'guigmi,Niger,70390.60936
Mora,Cameroon,100279.3436
Uíge,Angola,237785.821
Gemena,Democratic Republic of the Congo,411587.8826
Rustenburg,South Africa,164634.9564
Ifakara,Tanzania,98173.75739
Pebane,Mozambique,51815.62204
Bulo Burto,Somalia,68288.11851
Grand-Bassam,Côte d'Ivoire,70176.13543
Accra,Ghana,5890466.043
Epe,Nigeria,136280.2543
Fotokol,Cameroon,60452.94701
Ondjiva,Angola,321292.4321
Basankusu,Democratic Republic of the Congo,128733.8118
Khutsong,South Africa,65826.62997
Arusha,Tanzania,806517.8929
Genet,Ethiopia,54084.52784
Moma,Mozambique,50931.78712
Wajir,Kenya,219967.0344
Jalalaqsi,Somalia,52041.02715
Abengourou,Côte d'Ivoire,137373.5053
Suhum,Ghana,92457.64946
Bunza,Nigeria,88279.21049
Maroua,Cameroon,512800.867
Caála,Angola,78876.79854
Dibaya-Lubwe,Democratic Republic of the Congo,61939.43619
Paardekraal Ext 2,South Africa,102445.8152
Sawla Felege Neway,Ethiopia,53005.66006
Tunduru,Tanzania,50409.96989
Montepuez,Mozambique,112428.3799
Malindi,Kenya,122250.1345
Guriel,Somalia,89393.21144
Aboisso,Côte d'Ivoire,61342.65312
New Tafo Akim,Ghana,92641.03975
Ijebu-Igbo,Nigeria,251772.3235
Meiganga,Cameroon,109946.6702
Santa Clara,Angola,80427.54546
Bili,Democratic Republic of the Congo,60557.53626
Mohlakeng,South Africa,91501.80051
Bako,Ethiopia,84882.18601
Moshi,Tanzania,317890.0627
Nampula,Mozambique,1028776.293
Masalani,Kenya,53355.2878
Adado,Somalia,50043.7214
Agnibilékrou,Côte d'Ivoire,58853.56128
Nsawam,Ghana,73339.76642
Dakingari,Nigeria,71582.30025
Kaélé,Cameroon,110020.2433
Huambo,Angola,582510.2496
Brabanta,Democratic Republic of the Congo,57551.25602
Vanderbijlpark,South Africa,245429.4234
Shambu,Ethiopia,51992.56622
Morogoro,Tanzania,407719.3676
Chiure-Sede,Mozambique,54336.48652
Takaba,Kenya,138348.1291
Bondoukou,Côte d'Ivoire,108445.0275
Koforidua,Ghana,220999.9709
Igbeti,Nigeria,110522.5045
Batouri,Cameroon,80406.39233
Bailundo,Angola,65860.44759
Karawa,Democratic Republic of the Congo,56970.26811
Modderspruit,South Africa,68991.03697
Kola Diba,Ethiopia,55850.16098
Masasi,Tanzania,72491.84693
Namialo,Mozambique,53113.86308
Lulis,Kenya,50357.42068
Erigavo,Somalia,116188.0347
Bawku,Ghana,74672.11088
Birnin Kebbi,Nigeria,298462.4412
Kousseri,Cameroon,233755.0582
Mussende,Angola,54411.89006
Binga,Democratic Republic of the Congo,57488.51839
Sasolburg,South Africa,129513.4662
Gonder,Ethiopia,372444.5387
Picha Ya Ndege,Tanzania,93938.24056
Monapo,Mozambique,64250.18389
Banissa,Kenya,81492.51295
Gushiegu,Ghana,52751.31965
Taba,Nigeria,53077.44484
Pouss,Cameroon,60116.66873
Malanje,Angola,1052123.793
Ilebo,Democratic Republic of the Congo,309940.0591
Johannesburg,South Africa,8592842.571
Bahir Dar,Ethiopia,483227.6216
Bagamoyo,Tanzania,56123.8626
Miézi,Mozambique,51297.60102
Dagahaley Refugee Camp,Kenya,81387.2397
Las Anod,Somalia,113075.3864
Donkorkrom,Ghana,58450.64332
Iwo,Nigeria,263227.2085
Yokadouma,Cameroon,52081.74299
Andulo,Angola,55412.07912
Tshikapa,Democratic Republic of the Congo,1074734.771
Evaton,South Africa,738086.7596
Asendabo,Ethiopia,51918.84838
Dar es-Salaam,Tanzania,8918524.621
Mocímboa da Praia,Mozambique,64754.24618
Dadaab,Kenya,165576.9589
Ceel Dheer,Somalia,63120.14398
Yendi,Ghana,158847.8
Ikire,Nigeria,208746.9899
Yagoua,Cameroon,108041.3279
Cuito,Angola,879631.625
Tshibinda,Democratic Republic of the Congo,60650.36971
Lenasia,South Africa,423514.252
Sheraro,Ethiopia,54692.12356
Tanga,Tanzania,252498.7515
Pemba,Mozambique,290869.0296
Ifo Refugee Camp,Kenya,77522.74094
Galkayo,Somalia,187161.5973
Odumase,Ghana,122380.2835
Bagudo,Nigeria,53211.63627
Touboro,Cameroon,84930.65808
Camacupa,Angola,62600.75422
Kamonia,Democratic Republic of the Congo,70974.62035
Mthatha,South Africa,136893.746
Adet,Ethiopia,68296.32638
Zanzibar City,Tanzania,1026755.37
Nacala,Mozambique,277625.9638
Hagadera Refugee Camp,Kenya,198013.52
Bimbilla,Ghana,82631.33579
Ogbomosho,Nigeria,429184.5318
Menongue,Angola,212794.7824
Businga,Democratic Republic of the Congo,73511.99379
Brits,South Africa,56365.07028
Demebecha,Ethiopia,53762.78985
Mtwara,Tanzania,116730.8941
Dambai,Ghana,63613.49186
Ejigbo,Nigeria,144553.0614
Cafunfo,Angola,172091.2819
Boende,Democratic Republic of the Congo,144791.84
Mboloko,South Africa,99376.38789
ዳባት,Ethiopia,69049.36027
Garoowe,Somalia,98360.08406
Kpando,Ghana,53085.87788
Jega,Nigeria,230737.2099
Luena,Angola,892161.9914
Mutombo-Lamata,Democratic Republic of the Congo,68120.18769
Soshanguve,South Africa,1463579.384
Wereta,Ethiopia,94430.77575
El Wak,Kenya,262677.1425
Bosaso,Somalia,246624.0986
Ho,Ghana,237757.4519
Gbongan,Nigeria,88255.09005
Camanongue,Angola,54708.55056
Gbadolite,Democratic Republic of the Congo,100793.6871
Bethlehem,South Africa,61713.55957
Lafey,Kenya,67851.57451
Qardho,Somalia,105712.8698
Hohoe,Ghana,154336.6986
Ode-Omu,Nigeria,50896.12456
Saurimo,Angola,432901.4691
Diepsloot,South Africa,201505.3676
Gidole,Ethiopia,54386.34449
Mandera,Kenya,130114.1799
Nkwanta,Ghana,51577.594
Ede,Nigeria,122020.1243
Lumeje,Angola,59982.22926
Pretoria,South Africa,1826231.895
Adis Zemen,Ethiopia,55838.8849
Akatsi,Ghana,74788.50348
Ipetumodu,Nigeria,64986.39822
Lucapa,Angola,122575.751
Kakumba,Democratic Republic of the Congo,80996.26061
Centurion,South Africa,358903.2959
Debark,Ethiopia,140658.4549
Tegbi,Ghana,76149.79464
Oshogbo,Nigeria,832611.3211
Dundo,Angola,229164.5071
Dekese,Democratic Republic of the Congo,70131.82315
Brakpan,South Africa,57758.06179
Konso,Ethiopia,84714.18211
Aflao,Ghana,151442.8009
Argungu,Nigeria,158199.6502
Bundas,Angola,86107.89995
Lwebo,Democratic Republic of the Congo,136870.9873
Masetjhaba View,South Africa,509304.9879
Debre Markos,Ethiopia,142237.5255
Koko,Nigeria,116022.6567
Nzagi,Angola,99059.42776
Lisala,Democratic Republic of the Congo,226972.7227
Chief Albert Luthuli Park,South Africa,430379.5429
New Bussa,Nigeria,69458.833
Luau,Angola,206833.075
Phuthaditjhaba,South Africa,162201.3854
Arba Minch,Ethiopia,171917.0218
Ilorin,Nigeria,1359616.605
Mweka,Democratic Republic of the Congo,271052.0413
Cazombo,Angola,208652.2517
Ekangala,South Africa,67040.24282
Gimbichu,Ethiopia,82020.70924
Owode Ede,Nigeria,50465.87147
Kakenge,Democratic Republic of the Congo,83427.96198
KwaMhlanga,South Africa,159454.1773
Mota,Ethiopia,118446.1148
Ife,Nigeria,496956.8406
Dilolo,Democratic Republic of the Congo,207055.1996
eMbalenhle,South Africa,139815.1165
Chencha,Ethiopia,83620.46499
Gwandu,Nigeria,52267.8313
Bena-Leka,Democratic Republic of the Congo,77435.42813
Sakhile,South Africa,68976.8479
Hadero,Ethiopia,85932.0222
Tambawal,Nigeria,52655.23868
Demba,Democratic Republic of the Congo,236759.5965
Vosman,South Africa,178343.3357
Inisa,Nigeria,85254.4766
Luiza,Democratic Republic of the Congo,123179.5713
eMalahleni,South Africa,215384.4552
Gouder,Ethiopia,71154.306
Aiyepe,Nigeria,73927.64116
Kananga,Democratic Republic of the Congo,1538649.435
Mokopane,South Africa,108136.693
Debre Tabor,Ethiopia,110895.9692
Ikirun,Nigeria,283483.0153
Yakoma,Democratic Republic of the Congo,76389.5476
eMzinoni,South Africa,58700.61562
Kachise,Ethiopia,55993.13133
Ijagbo Offa,Nigeria,196322.7777
Mashimba,Democratic Republic of the Congo,56387.26528
Middelburg,South Africa,208686.4894
Morsito,Ethiopia,51444.15296
Ifetedo,Nigeria,53452.62732
Bumba,Democratic Republic of the Congo,199405.2305
Ezakheni,South Africa,55802.3694
Yelwa,Nigeria,85477.20327
Musumba,Democratic Republic of the Congo,162245.7081
Pietermaritzburg,South Africa,485402.6809
Areka,Ethiopia,108873.436
Ire,Nigeria,104584.5233
Sandoa,Democratic Republic of the Congo,175731.7506
Polokwane,South Africa,526589.9348
Welkite,Ethiopia,63679.50014
Ilesa,Nigeria,446592.4141
Tshimbulu,Democratic Republic of the Congo,132407.4379
Madadeni,South Africa,279761.325
Ambo,Ethiopia,177561.7632
Okitipupa,Nigeria,215708.4395
Tshimbalanga,Democratic Republic of the Congo,127015.7836
Ermelo,South Africa,86023.86099
Shire,Ethiopia,122947.3986
Igbokoda,Nigeria,167973.3656
Kisenge,Democratic Republic of the Congo,67195.95428
Mpumalanga,South Africa,99605.69994
Sodo,Ethiopia,145382.9241
Iwoye,Nigeria,58776.35583
Kabeya-Kamuanga,Democratic Republic of the Congo,53831.52326
Mankweng,South Africa,78792.48113
Shinshicho,Ethiopia,69112.46124
Ondo,Nigeria,560263.9575
Kamiji,Democratic Republic of the Congo,51316.25362
Durban,South Africa,3270867.743
Doyogena,Ethiopia,59476.33837
Ile Oluji,Nigeria,214394.8101
Kasaji,Democratic Republic of the Congo,314536.9724
Tongaat,South Africa,57301.88553
Tebela,Ethiopia,65128.05556
Irele,Nigeria,178989.1657
Wikong,Democratic Republic of the Congo,69809.26251
Kempville,South Africa,52420.86736
Hossana,Ethiopia,213507.6636
Iludun,Nigeria,81940.19911
Stanger / KwaDukuza,South Africa,50945.42069
Beke Kelate,Ethiopia,64741.06204
Ore,Nigeria,236528.9434
Mwene-Ditu,Democratic Republic of the Congo,306399.2665
Thohoyandou,South Africa,56734.62672
Gende Woin,Ethiopia,54395.464
Ila Orangun,Nigeria,63272.67124
Kasaï-Oriental,Democratic Republic of the Congo,3596107.274
Kanyamazane,South Africa,274518.3192
Boditi,Ethiopia,105531.6559
Ipetu Ijesha,Nigeria,51570.34436
Djulu,Democratic Republic of the Congo,79754.74519
Jerusalem,South Africa,83707.30656
Waliso,Ethiopia,117539.6426
Effon Alaiye,Nigeria,126523.0264
Lukalaba,Democratic Republic of the Congo,95182.51368
Sikhalasenkosi,South Africa,74385.70556
Durame,Ethiopia,165850.9494
Ajagba,Nigeria,99590.25597
Luputa,Democratic Republic of the Congo,202132.411
Matsulu,South Africa,51151.17778
Wegeda,Ethiopia,75892.82869
Salka,Nigeria,52190.32257
Basoko,Democratic Republic of the Congo,62306.29172
KaMaqhekeza,South Africa,101151.1467
Gojo Town,Ethiopia,77156.17045
Share,Nigeria,59253.76985
Yata,Democratic Republic of the Congo,60883.01058
Shone,Ethiopia,87202.63286
Arogbo,Nigeria,56452.8129
Bondo,Democratic Republic of the Congo,73409.38501
Kele,Ethiopia,82436.38748
Mokwa,Nigeria,127118.7683
Tshilenge,Democratic Republic of the Congo,55636.00506
Bechena,Ethiopia,70768.70005
Ikoro,Nigeria,57409.95716
Aketi,Democratic Republic of the Congo,68462.89384
Mertule Mariam,Ethiopia,62615.5655
Aramoko-Ekiti,Nigeria,170789.5777
Bena Muganda,Democratic Republic of the Congo,69557.78099
Ginsi,Ethiopia,58057.71171
Igbara-Odo,Nigeria,74009.13739
Ngandajika,Democratic Republic of the Congo,289514.2712
Alaba Kulito,Ethiopia,173428.7971
Igbara-Oke,Nigeria,78224.90478
Tulu Bolo,Ethiopia,70383.94934
Gummi,Nigeria,98087.37812
Kanyama,Democratic Republic of the Congo,178063.5016
K'Ali K'Esa Bota,Ethiopia,58279.42155
Ijero-Ekiti,Nigeria,156119.4618
Kabinda,Democratic Republic of the Congo,225740.3497
Nefas Meewcha,Ethiopia,79762.99308
Sifawa,Nigeria,52612.33291
Buta,Democratic Republic of the Congo,192830.2627
Axum,Ethiopia,79634.57264
Ipoti,Nigeria,69277.04402
Kamina,Democratic Republic of the Congo,782856.2682
Yabelo,Ethiopia,74505.79917
Omu Aran,Nigeria,112205.2407
Kisangani,Democratic Republic of the Congo,929056.2112
Otun,Nigeria,154591.5047
Kolwezi,Democratic Republic of the Congo,450630.548
Yirga Cheffe,Ethiopia,128060.6738
Ilawe-Ekiti,Nigeria,133763.9842
Banalia,Democratic Republic of the Congo,51553.66605
Gebre Guracha,Ethiopia,93063.084
Ilara Mokin,Nigeria,70906.45108
Kabongo,Democratic Republic of the Congo,105451.9667
Kibet,Ethiopia,75160.06203
Idanre,Nigeria,117412.9655
Kabondo-Dianda,Democratic Republic of the Congo,225093.2964
Bule Hora,Ethiopia,237132.1803
Sokoto,Nigeria,953790.3788
Kabongo,Democratic Republic of the Congo,234793.5608
Wenago,Ethiopia,63030.38531
Akure,Nigeria,712937.9509
Luena,Democratic Republic of the Congo,218416.51
Butajira,Ethiopia,95742.32944
Ido Ekiti,Nigeria,116695.5985
Bukama,Democratic Republic of the Congo,109718.2894
Gedeb,Ethiopia,85737.67407
Ado Ekiti,Nigeria,615574.1737
Dilla,Ethiopia,180887.1814
Ugborodo,Nigeria,115685.469
Lubao,Democratic Republic of the Congo,118232.8502
Adwa,Ethiopia,114262.4038
Zuru,Nigeria,159044.1041
Gwangwa,Ethiopia,68152.32126
Ikere-Ekiti,Nigeria,387297.9557
Holeta Genet,Ethiopia,84084.36819
Rijau,Nigeria,55333.24672
Tenke,Democratic Republic of the Congo,115616.9806
Chucko,Ethiopia,97757.61375
Amarawa,Nigeria,119380.8047
Kitenge,Democratic Republic of the Congo,186252.5675
Irba,Ethiopia,101112.1575
Egosi,Nigeria,98473.37676
Kindu,Democratic Republic of the Congo,265658.5979
Wurno,Nigeria,90172.26861
Kibombo,Democratic Republic of the Congo,51436.88977
Irgalem,Ethiopia,217937.5852
Lafiagi,Nigeria,84934.20967
Fungurume,Democratic Republic of the Congo,304508.2997
Aleta Wendo,Ethiopia,142203.2541
Kontagora,Nigeria,168687.7362
Kakanda,Democratic Republic of the Congo,134322.1278
Leku,Ethiopia,131766.6441
Ise,Nigeria,144667.9465
Hawassa,Ethiopia,446057.3575
Koko,Nigeria,147329.7315
Kikondja,Democratic Republic of the Congo,118628.3679
Gundo Meskel,Ethiopia,106011.2354
Emure-Ekiti,Nigeria,122499.3014
Kambove,Democratic Republic of the Congo,264734.6424
Addis Ababa,Ethiopia,7280462.518
Aisegba,Nigeria,53761.52739
Samba,Democratic Republic of the Congo,67210.66078
Mekane Selam,Ethiopia,75349.75642
Ikole,Nigeria,168771.4101
Mangi 1,Democratic Republic of the Congo,100232.657
Wijigra,Ethiopia,79944.14332
Egbe,Nigeria,126506.9562
Likasi,Democratic Republic of the Congo,712507.2887
Benin City,Nigeria,1912370.433
Punia,Democratic Republic of the Congo,98931.84345
Fiche,Ethiopia,52532.0028
Owo,Nigeria,299594.9017
Lwambo,Democratic Republic of the Congo,176067.21
Sapele,Nigeria,323739.7063
Shashamane,Ethiopia,443093.5025
Ogharefe,Nigeria,131256.0429
Lubutu,Democratic Republic of the Congo,103130.0424
Basha,Ethiopia,109018.7179
Warri,Nigeria,1617738.511
Kibango,Democratic Republic of the Congo,58063.81935
Shufune,Ethiopia,103089.3538
Omuo-Obadore,Nigeria,217009.1256
Kasongo,Democratic Republic of the Congo,169616.4018
Ikare,Nigeria,331030.8783
Malemba-Nkulu,Democratic Republic of the Congo,418461.5007
Arsi Negelle,Ethiopia,246886.546
Akugba,Nigeria,181093.7096
Kingombe,Democratic Republic of the Congo,106986.8619
Bore,Ethiopia,68422.6356
Pategi,Nigeria,71996.36656
Kapolowe,Democratic Republic of the Congo,125479.5934
Ziway,Ethiopia,218532.8098
Ekeremor,Nigeria,102665.1963
Kabala,Democratic Republic of the Congo,61838.503
Lalibela,Ethiopia,75900.17073
Jesse,Nigeria,50007.74637
Lwishia,Democratic Republic of the Congo,100596.6884
Ifon,Nigeria,73751.10359
Mukanga,Democratic Republic of the Congo,140622.7561
Oka-Akoko,Nigeria,122977.4131
Songwe,Democratic Republic of the Congo,56299.29846
Meki,Ethiopia,134591.9042
Isanlu Mopo,Nigeria,150099.0517
Kabalo,Democratic Republic of the Congo,109978.2048
Kefole,Ethiopia,146720.0746
Okwagbe,Nigeria,50615.31591
Ankoro,Democratic Republic of the Congo,141185.7166
Alem Ketema,Ethiopia,55064.78982
Anka,Nigeria,85544.10449
Mulongo,Democratic Republic of the Congo,348914.1682
Bishoftu,Ethiopia,421173.9329
Poko,Democratic Republic of the Congo,67601.84179
Bena,Nigeria,59956.18845
Mukubu,Democratic Republic of the Congo,180314.3398
Bonsa Bota,Ethiopia,210082.9546
Orerokpe,Nigeria,62874.72105
Kipushi,Democratic Republic of the Congo,233450.2729
Adigrat,Ethiopia,151676.0029
Bomadi,Nigeria,86111.21441
Kongolo,Democratic Republic of the Congo,431047.0362
Mek'elē,Ethiopia,381610.6884
Bida,Nigeria,413315.2382
Mwadingusha,Democratic Republic of the Congo,158016.5624
Kersa,Ethiopia,55109.37281
Aiyetoro Gbede,Nigeria,68030.80145
Kyolo,Democratic Republic of the Congo,121560.0868
Shakiso,Ethiopia,106664.9675
Ughelli,Nigeria,300632.8656
Lubumbashi,Democratic Republic of the Congo,2907723.958
Mafara,Nigeria,107418.905
Wamaza,Democratic Republic of the Congo,57681.63556
Kibre Mengist,Ethiopia,108130.3799
Afuze,Nigeria,59824.59609
Lukuni,Democratic Republic of the Congo,58000.34216
Mojo,Ethiopia,106302.5967
Kabba,Nigeria,136367.3139
Bafwasende,Democratic Republic of the Congo,74379.80926
Quiha,Ethiopia,237818.1428
Ibillo,Nigeria,59542.58998
Mitwaba,Democratic Republic of the Congo,80124.49924
Wukro,Ethiopia,61110.39638
Ekpoma,Nigeria,171732.1029
Asella,Ethiopia,209306.7932
Igarra,Nigeria,136787.5863
Maychew,Ethiopia,54568.88922
Abraka,Nigeria,129282.1488
Manono,Democratic Republic of the Congo,582983.6135
Korem,Ethiopia,64726.63859
Amassoma,Nigeria,161946.1869
Shabunda,Democratic Republic of the Congo,88264.30434
Adama,Ethiopia,607616.7186
Maradun,Nigeria,77505.65351
Kitotolo,Democratic Republic of the Congo,104574.6361
Alamata,Ethiopia,92563.59171
Okene,Nigeria,1036026.784
Mbulula,Democratic Republic of the Congo,65862.70949
Itiya,Ethiopia,75358.62847
Agbor,Nigeria,266287.0506
Kasumbalesa,Democratic Republic of the Congo,337698.7077
Dodolla,Ethiopia,157784.0695
Obiaruku,Nigeria,113207.7589
Saramabila,Democratic Republic of the Congo,90692.00722
Asassa,Ethiopia,117598.7592
Irrua,Nigeria,70557.4013
Isiro,Democratic Republic of the Congo,136844.691
Mekoni,Ethiopia,56226.13619
Oleh,Nigeria,166628.5857
Bekoji,Ethiopia,98859.56738
Patani,Nigeria,57533.64714
Nyunzu,Democratic Republic of the Congo,207035.8656
Dera,Ethiopia,83207.31111
Sagbama,Nigeria,77900.91201
Walikale,Democratic Republic of the Congo,68590.09454
Woldia,Ethiopia,141728.8339
Ozoro,Nigeria,101256.8924
Kilwa,Democratic Republic of the Congo,279517.9717
Kobo,Ethiopia,121602.5345
Magagindoke,Nigeria,59342.294
Sakania,Democratic Republic of the Congo,62808.36862
Huruta,Ethiopia,53150.46192
Auchi,Nigeria,207256.136
Kamituga,Democratic Republic of the Congo,216274.7966
Mersa,Ethiopia,76675.5733
Brass,Nigeria,93231.18722
Musangala,Democratic Republic of the Congo,182101.3636
Welenchete,Ethiopia,76450.50797
Yenagoa,Nigeria,565532.1861
Mutabi,Democratic Republic of the Congo,80693.45396
Dessie,Ethiopia,300409.4608
Agaie,Nigeria,82041.83598
Lukonzolwa,Democratic Republic of the Congo,79050.96936
Debre Birhan,Ethiopia,136781.9378
Umunede,Nigeria,88429.44501
Dungu,Democratic Republic of the Congo,83739.85894
Hayq,Ethiopia,52230.47848
Uromi,Nigeria,220391.6048
Mafuo,Democratic Republic of the Congo,88057.73444
Adaba,Ethiopia,73043.98503
Isa,Nigeria,90079.11384
Misisi,Democratic Republic of the Congo,71690.06143
Kombolcha,Ethiopia,276540.8034
Okugbe,Nigeria,70212.60286
Walungu,Democratic Republic of the Congo,54195.72061
Ubiaja,Nigeria,100137.4073
Pweto,Democratic Republic of the Congo,189940.226
Gobesa,Ethiopia,69815.16432
Nembe,Nigeria,162425.1484
Bukavu,Democratic Republic of the Congo,852067.3679
Robe,Ethiopia,74976.95013
Shinkafi,Nigeria,79307.70997
Masisi,Democratic Republic of the Congo,73971.9888
Kwale,Nigeria,104887.7609
Nyangezi,Democratic Republic of the Congo,51202.19037
Kamisee,Ethiopia,62864.59157
Akinima,Nigeria,110459.1284
Rubaya,Democratic Republic of the Congo,153259.4455
Negele,Ethiopia,114698.2694
Minna,Nigeria,503352.867
Ngungu Centre,Democratic Republic of the Congo,52183.36833
Birnin Gwari,Nigeria,84104.70165
Kamanyola,Democratic Republic of the Congo,66454.71725
Fugar,Nigeria,56884.57749
Busisi,Democratic Republic of the Congo,79931.50485
Shoa Robit,Ethiopia,82499.27566
Kaura-Namoda,Nigeria,181434.3136
Luvungi,Democratic Republic of the Congo,54851.45273
Bati,Ethiopia,80641.52296
Ogwashi-Uku,Nigeria,113019.4561
Mambasa,Democratic Republic of the Congo,85713.89441
Ataye,Ethiopia,57852.68094
Baraka,Democratic Republic of the Congo,148713.427
Abomsa,Ethiopia,61590.58235
Lapai,Nigeria,54531.70468
Sake,Democratic Republic of the Congo,79650.72577
Meslo,Ethiopia,72512.18113
Gusau,Nigeria,469151.8893
Kitchanga,Democratic Republic of the Congo,62631.74989
Goba,Ethiopia,63353.84817
Lokoja,Nigeria,715746.1968
Kalemie,Democratic Republic of the Congo,872444.6422
Robe,Ethiopia,148830.8233
Asaba,Nigeria,409379.7668
Uvira,Democratic Republic of the Congo,380103.0074
Akabuka,Nigeria,62142.34906
Goma,Democratic Republic of the Congo,775780.8497
Ahoada,Nigeria,131843.2702
Kanyabayonga,Democratic Republic of the Congo,110314.3193
Mechara,Ethiopia,57198.23345
Omoku,Nigeria,198457.5685
Kirumba,Democratic Republic of the Congo,162229.3312
Gelemso,Ethiopia,78745.01702
Abua,Nigeria,237311.0357
Kitsombiro,Democratic Republic of the Congo,71601.85475
Shiroro,Nigeria,53774.4509
Biakato,Democratic Republic of the Congo,58235.23758
Bedessa,Ethiopia,60818.71922
Butembo,Democratic Republic of the Congo,425059.0667
Ginir,Ethiopia,58078.46517
Agenebode,Nigeria,82325.44309
Kipese,Democratic Republic of the Congo,84666.39225
Chiro,Ethiopia,119717.5673
Zurmi,Nigeria,52670.23853
Loutu,Democratic Republic of the Congo,54358.52537
Filtu,Ethiopia,141543.0438
Soku,Nigeria,60060.9833
Beni,Democratic Republic of the Congo,1872704.98
Hirna,Ethiopia,54016.92864
Ebocha,Nigeria,71778.62477
Rutshuru,Democratic Republic of the Congo,190498.3048
Idah,Nigeria,169791.8935
Durba,Democratic Republic of the Congo,158744.5524
Karamile,Ethiopia,83424.90797
Onitsha,Nigeria,5788295.914
Nyamilima,Democratic Republic of the Congo,52003.30342
Elele Alimini,Nigeria,50819.94852
Katanga,Democratic Republic of the Congo,175735.1205
Deder,Ethiopia,53283.81976
Abonnema,Nigeria,373043.3137
Moba,Democratic Republic of the Congo,135449.6289
Chelenko,Ethiopia,58281.44158
Owerri,Nigeria,3594823.131
Mongbwalu,Democratic Republic of the Congo,177453.9554
Burka,Ethiopia,86575.21586
Idama,Nigeria,61796.63404
Bunia,Democratic Republic of the Congo,526337.0149
Dire Dawa,Ethiopia,482064.1833
Chafe,Nigeria,74622.09314
Lingi,Democratic Republic of the Congo,56659.80578
Aweday,Ethiopia,67455.02778
Bugama,Nigeria,273241.3386
Ariwara,Democratic Republic of the Congo,64214.30574
Harar,Ethiopia,219703.6849
Awomama,Nigeria,57519.84512
Aru,Democratic Republic of the Congo,66097.06024
Melka Chireti,Ethiopia,95827.84697
Abaji,Nigeria,68275.11165
Mahagi,Democratic Republic of the Congo,98278.02944
Port Harcourt,Nigeria,2623779.514
Omo,Nigeria,100793.269
Babille,Ethiopia,56462.28587
Yangoji,Nigeria,68471.72232
Dolo,Ethiopia,54678.47097
Dekina,Nigeria,55963.12888
Fik',Ethiopia,172410.1521
Igwuruta,Nigeria,101222.7601
Gwagwalada,Nigeria,314641.55
Jijiga,Ethiopia,425845.4701
Awka,Nigeria,269997.9653
Doka Ashafa,Nigeria,131338.2236
Gidan Mai Ungwan,Nigeria,60228.96375
Kebri Beyah,Ethiopia,73986.33746
Oyigbo,Nigeria,361809.9765
Togechane,Ethiopia,212412.6596
Okrika,Nigeria,277635.2364
Hartishek,Ethiopia,76626.60016
Maji,Nigeria,51551.3367
Degehabur,Ethiopia,122231.4742
Ogale,Nigeria,338276.4946
Djibia,Nigeria,70258.1898
Gode,Ethiopia,164869.8882
Madalla,Nigeria,520664.8001
Ayangba,Nigeria,166230.4234
Bonny,Nigeria,318271.36
Kebri Dehar,Ethiopia,180464.8109
Batsari,Nigeria,60034.79876
Onne,Nigeria,276680.2421
Abudwak,Ethiopia,143673.2247
Kuje,Nigeria,59347.57112
Aboh,Nigeria,1282172.248
Chara,Nigeria,234841.5816
Enugu Umunze,Nigeria,124462.0956
Funtua,Nigeria,224435.6657
Bolo,Nigeria,114459.4284
Abuja,Nigeria,1322229.41
Okpogho,Nigeria,71299.9053
Dere,Nigeria,456498.6535
Bodo,Nigeria,163404.7493
Holo,Nigeria,74893.20127
Kaduna,Nigeria,1937932.023
Rubuchi,Nigeria,131175.5819
Aku,Nigeria,111054.8372
Aba,Nigeria,1472091.316
Bwari,Nigeria,56510.66043
Umu Lawlaw,Nigeria,120245.3641
Kura,Nigeria,70691.80501
Kauran Yankwani,Nigeria,55174.25897
Nsukka,Nigeria,806616.9631
Egwuachi,Nigeria,60764.57232
Bori,Nigeria,143035.1486
Ekenobizi,Nigeria,78617.88707
Dema,Nigeria,93973.13185
Ngodo,Nigeria,106123.1873
Ama Apu,Nigeria,103712.4465
Ngo,Nigeria,222182.3346
Dutsin Ma,Nigeria,148609.3212
Ungwan Shehu,Nigeria,54491.51929
Nine Mile Corner,Nigeria,77433.15604
Uturu,Nigeria,68511.80827
Ekwegbe,Nigeria,81057.40688
Enugu-Ezike,Nigeria,75988.12721
Umuahia,Nigeria,916557.4964
Asarama,Nigeria,72796.76368
Enugu,Nigeria,1086433.765
Katsina,Nigeria,610192.6108
Awgu,Nigeria,58823.32848
Abejukolo,Nigeria,52038.06146
Malumfashi,Nigeria,136413.567
Ado,Nigeria,279808.1804
Agbani,Nigeria,55706.13508
Opobo,Nigeria,78911.62629
Ishiagu,Nigeria,118552.2537
Ikot Aba,Nigeria,101631.2611
Ikot Ide,Nigeria,65035.16612
Uduma,Nigeria,93733.9681
Ankpa,Nigeria,178690.1358
Zaria,Nigeria,720877.213
Charanchi,Nigeria,54307.14839
Amakpo,Nigeria,50962.79246
Uruk Esiet,Nigeria,61263.37989
Nassarawa,Nigeria,90275.46885
Akeze,Nigeria,52864.5448
Ikot Ekpene,Nigeria,399324.8184
Kankiya,Nigeria,57342.35059
Abiriba,Nigeria,140154.1774
Rogo Sabon Gari,Nigeria,50069.60911
Obiozara,Nigeria,54239.27316
Abat,Nigeria,244165.7159
Okoroete,Nigeria,59006.05656
Abak,Nigeria,272749.6553
Ugbokolo,Nigeria,83840.67873
Okposi,Nigeria,127915.7016
Ungwan Tamowa,Nigeria,53246.40018
Nguzu Edda,Nigeria,85658.48021
Ohafia,Nigeria,119684.0125
Mashi,Nigeria,57870.11466
Keffi,Nigeria,162177.7767
Ekeje,Nigeria,78857.12235
Uyo,Nigeria,1606054.354
Gwarzo,Nigeria,100413.2198
Amaseri,Nigeria,59961.80627
Arochukwu,Nigeria,136445.756
Eket,Nigeria,269048.7933
Afikpo,Nigeria,192261.9144
Unguwar Fari,Nigeria,59191.16184
Koi,Nigeria,80002.72561
Upenekang,Nigeria,59933.63661
Kwa Ibo,Nigeria,59747.2504
Uquo,Nigeria,59025.80438
Abakaliki,Nigeria,441689.2033
Ugep,Nigeria,172415.3381
Otukpo,Nigeria,259959.9963
Zango Bichi,Nigeria,109743.7946
Sabuwar Abuja,Nigeria,53556.08678
Okopedi,Nigeria,58213.12773
Ikara,Nigeria,60865.37889
Tarzoho,Nigeria,128564.9716
Daura,Nigeria,335447.8405
Pambeguwa,Nigeria,64098.54094
Oron,Nigeria,422507.9002
Kafanchan,Nigeria,163557.5733
Udung Uko,Nigeria,71256.79334
kazaure,Nigeria,148792.6956
Kano,Nigeria,5110616.249
Doma,Nigeria,121981.0952
Tudun Wada,Nigeria,80973.61029
Calabar,Nigeria,664342.2362
James Town,Nigeria,63549.36824
Kagoro,Nigeria,125949.1736
Rimin Daddo,Nigeria,87316.67055
Akwanga,Nigeria,101758.7596
Zango,Nigeria,63612.38999
Oju,Nigeria,78776.47194
Dambatta,Nigeria,110535.2794
Aliade,Nigeria,52777.8557
Lafia,Nigeria,266607.9348
Makurdi,Nigeria,428736.9887
Yanbarau,Nigeria,98791.76514
Unguwar Findi,Nigeria,98760.6873
Nassarawan Eggon,Nigeria,96892.83826
Ihalav,Nigeria,56278.37232
Samunakar,Nigeria,95183.00065
Ikom,Nigeria,141009.9757
Unguwar Arewa,Nigeria,148682.8764
Okuku Lepuole,Nigeria,58610.34123
Jos,Nigeria,965884.7194
Ogoja,Nigeria,73899.31046
Barakin Gangare,Nigeria,61692.0102
Zango,Nigeria,58296.03557
Unguwar Mahaukci,Nigeria,70496.44873
Tungan Fulani,Nigeria,50973.45308
Bokkos,Nigeria,50618.83042
Gboko,Nigeria,355117.4052
Vandeikya Town,Nigeria,66676.17918
Ringim,Nigeria,59489.92729
Mongu Arna,Nigeria,109765.9329
Obudu,Nigeria,149106.7636
Adikpo,Nigeria,65164.75405
Dutse,Nigeria,175636.0682
Katsina Ala,Nigeria,69005.93002
Gumel,Nigeria,144027.7296
Ugba,Nigeria,64969.08001
Maigatari,Nigeria,83419.38743
Gwolong,Nigeria,97499.35748
Birnin Kudu,Nigeria,95611.78552
Bununu Dass,Nigeria,70549.17344
Ningi,Nigeria,106910.7511
Shendam,Nigeria,63376.4671
Tafawa-Balewa,Nigeria,73250.89432
Jahun,Nigeria,54668.1291
Zaki Biam,Nigeria,76142.2752
Bauchi,Nigeria,636274.7026
Langtang,Nigeria,110981.0419
Wukari,Nigeria,173414.451
Malummaduri,Nigeria,56458.09216
Kafin Hausa,Nigeria,63981.30565
Gwaram,Nigeria,55505.42697
Jamaari,Nigeria,74754.49787
Hadejia,Nigeria,251051.3273
Dengi,Nigeria,66960.96414
Takum,Nigeria,73171.63917
Azare,Nigeria,237747.2326
Giade,Nigeria,68834.15248
Alkalere,Nigeria,106045.1974
Nguru,Nigeria,188839.4469
Katsiro,Nigeria,110443.0948
Misau,Nigeria,122120.6784
Gamawa,Nigeria,55074.46872
Dambam,Nigeria,60344.76238
Dukku,Nigeria,78925.13966
Mutum Biyu,Nigeria,86299.09187
Gashua,Nigeria,139353.4135
Dogari Tiv,Nigeria,62258.92564
Potiskum,Nigeria,400652.7586
KUNDULUN,Nigeria,386160.5552
Biliri,Nigeria,219197.6963
Titi,Nigeria,451431.9374
Damagum,Nigeria,66287.96473
Kaltungo,Nigeria,135944.5594
Gembu,Nigeria,84357.55736
Jalingo,Nigeria,265648.389
Bajoga,Nigeria,129960.863
Serti,Nigeria,69574.72838
Ashaka,Nigeria,67273.27168
Zinna,Nigeria,107040.6151
Ibrahim Baidu,Nigeria,51476.05279
Geidam,Nigeria,136351.0131
Damaturu,Nigeria,110213.9805
Guyuk,Nigeria,70058.83881
Buni Yadi,Nigeria,85505.00052
Shellem,Nigeria,59006.53371
Numan,Nigeria,112091.9887
Maya Belwa,Nigeria,54521.83327
Sangasumi,Nigeria,145472.3596
Biu,Nigeria,217028.2783
Yola,Nigeria,763630.2483
Benisheikh,Nigeria,52921.66654
Dakri,Nigeria,70799.78006
Song,Nigeria,81859.168
Gubio,Nigeria,51368.09878
Damboa,Nigeria,186486.1112
Gombi,Nigeria,130482.5936
Maiduguri,Nigeria,1293405.661
Uba,Nigeria,65878.38339
Mubi,Nigeria,260582.0741
Michika,Nigeria,95114.49742
Monguno,Nigeria,96736.13447
Madagali,Nigeria,72258.32402
Kasugula Bama,Nigeria,107300.2336
Gwoza,Nigeria,216423.9569
Baga,Nigeria,104724.7044
Pulka,Nigeria,96175.28137
Doro Gowon,Nigeria,83371.19824
Dikwa,Nigeria,131212.6129
Gamboru,Nigeria,338698.4729
Banki,Nigeria,61196.31152
Ewa Beach,United States,53720.65818
Victoria,Canada,250759.7761
Honolulu,United States,541956.7544
Nanaimo,Canada,78391.23222
Mililani,United States,51805.77418
Vancouver,Canada,2198106.667
Kahului,United States,51667.89837
White Rock,Canada,92978.36576
Santa Maria,United States,102215.9631
Langley City,Canada,111957.9831
Santa Barbara,United States,96521.30264
Maple Ridge,Canada,83596.00921
Santa Cruz,United States,93032.12262
Abbotsford,Canada,110035.8289
Salinas,United States,164375.8959
Kelowna,Canada,72915.40591
Oxnard,United States,247773.1298
Lethbridge,Canada,63047.54135
Watsonville,United States,58506.6287
Calgary,Canada,1524648.523
Ventura,United States,72162.89916
Red Deer,Canada,107274.6703
San Francisco,United States,4718348.828
Grande Prairie,Canada,56968.02446
Camarillo,United States,63042.37005
Edmonton,Canada,1144485.708
San Rafael,United States,67983.67397
Sherwood Park,Canada,85457.81379
Thousand Oaks,United States,53507.04975
Regina,Canada,241948.588
Petaluma,United States,53297.71077
Saskatoon,Canada,286314.9234
Simi Valley,United States,105845.655
Timberlea,Canada,55193.11899
Los Angeles,United States,13474332.62
Winnipeg,Canada,752807.6451
Santa Rosa,United States,147435.946
Windsor,Canada,244810.3135
Pleasanton,United States,133551.7596
Sarnia,Canada,67429.2033
Concord,United States,285552.8092
London,Canada,365269.0491
Vallejo,United States,149890.9945
Sault Ste. Marie,Canada,51849.11927
Livermore,United States,74099.92886
Kitchener,Canada,388026.6619
San Diego,United States,1977278.929
Brantford,Canada,105140.1635
Napa,United States,76799.75972
Cambridge,Canada,148072.5144
Antioch,United States,187963.5613
Guelph,Canada,118287.7541
Mission Viejo,United States,370029.2788
Hamilton,Canada,446366.6817
Poway,United States,262038.2523
Burlington,Canada,188401.649
Encinitas,United States,78795.81213
Milton,Canada,89006.68527
Oceanside,United States,116636.8732
Toronto,Canada,5566381.566
Fairfield,United States,101521.8112
St. Catharines,Canada,145796.5757
Brentwood,United States,74478.06754
Niagara Falls,Canada,75875.27775
Escondido,United States,449581.3416
Newmarket,Canada,90057.89641
Bakersfield,United States,644120.8269
Barrie,Canada,139402.353
Tracy,United States,94817.56671
Pickering,Canada,222937.883
Vacaville,United States,83182.98973
Oshawa,Canada,311499.7659
Riverside,United States,495766.989
Peterborough,Canada,66802.37242
Manteca,United States,59238.7273
Kingston,Canada,88900.134
Stockton,United States,408517.1329
Kanata,Canada,61217.55502
Modesto,United States,334844.7468
Honey Gables,Canada,82570.67154
Palmdale,United States,70308.41787
Ottawa,Canada,604618.1703
Turlock,United States,72284.46149
Gatineau,Canada,119331.5523
Temecula,United States,231862.1793
Orléans,Canada,118003.9613
Hanford,United States,57595.21034
Vaudreuil-Dorion,Canada,52862.60505
Lancaster,United States,63792.85533
Montreal,Canada,3221844.478
Merced,United States,85960.78581
Saint-Jérôme,Canada,52799.38369
Davis,United States,78088.97252
Terrebonne,Canada,91639.94387
Lodi,United States,73053.43309
Saint-Jean-sur-Richelieu,Canada,76552.53136
Rancho las Perris,United States,51757.49941
Repentigny,Canada,97561.00836
Madera,United States,69217.56117
Sherbrooke,Canada,87476.69269
Moreno Valley,United States,210389.6834
Trois-Rivières,Canada,97591.30653
Fresno,United States,747153.9112
Quebec,Canada,619035.9201
Woodland,United States,54503.37336
Halifax,Canada,227622.3687
Sacramento,United States,1697183.792
St. John's,Canada,75023.41972
Visalia,United States,96382.52604
Hemet,United States,145151.1669
Porterville,United States,57544.66296
Natoma Station,United States,60602.60173
Yuba City,United States,62503.2726
Palm Springs,United States,53538.07129
Rocklin,United States,59092.335
Palm Desert,United States,124015.5752
Indio,United States,209723.6758
Chico,United States,91701.62104
Yuma,United States,72053.03068
Reno,United States,233376.4633
Medford,United States,86430.0037
Las Vegas,United States,2371780.056
Providence,United States,74470.41029
Phoenix,United States,2608874.085
Mesa,United States,1724503.365
Eugene,United States,241884.9839
Drexel Heights,United States,130465.6218
Tucson,United States,466091.8057
Casas Adobes,United States,66460.86438
Salem,United States,228919.6332
Portland,United States,1839775.879
Tacoma,United States,330413.9109
Montoya,United States,102378.2817
El Paso,United States,639025.5472
Las Cruces,United States,61229.69545
Seattle,United States,2099643.254
Auburn,United States,61115.54306
Yakima,United States,100894.3667
Nampa,United States,85368.87759
Boise,United States,348689.1449
Anchorage,United States,225127.9138
Kennewick,United States,129728.5231
Spanish Fork,United States,53226.84703
Bellingham,United States,65926.46037
Provo,United States,534551.9818
Salt Lake City,United States,1108953.042
Wenatchee,United States,56780.62744
South Valley,United States,184311.9177
Albuquerque,United States,456284.6029
Paradise Hills,United States,128728.2211
Bountiful,United States,91729.57841
Layton,United States,210470.4227
Ogden,United States,138934.1887
Grand Junction,United States,78680.33903
Odessa,United States,84418.62813
Laredo,United States,260013.4578
Midland,United States,88805.92242
McAllen,United States,367656.1312
Spokane,United States,308681.0018
Edinburg,United States,66402.26203
Brownsville,United States,133551.6717
Lubbock,United States,178646.8977
Valley Hi,United States,213375.5483
San Antonio,United States,1513874.436
Corpus Christi,United States,239777.0267
Wetmore,United States,151760.6683
Mineral Palace,United States,75212.07021
Amarillo,United States,138828.7872
Abilene,United States,62023.67675
Colorado Springs,United States,445670.1323
Denver,United States,2425086.009
Austin,United States,1580153.318
Leander,United States,71045.95958
Boulder,United States,95315.17562
Longmont,United States,77241.15525
Killeen,United States,118366.2406
Loveland,United States,56553.69396
Fort Collins,United States,146901.3694
Greeley,United States,101983.7452
Waco,United States,52606.72308
Cinco Ranch,United States,248654.9113
College Station,United States,117186.8816
Greatwood,United States,51317.15895
Houston,United States,4301460.936
White Settlement,United States,76679.676
Edgecliff Village,United States,267808.0441
Fort Worth,United States,102172.847
Handley,United States,103212.3485
North Richland Hills,United States,523625.3282
Arlington,United States,698786.0852
The Woodlands,United States,398009.8169
Webster,United States,86110.96559
Jacinto City,United States,149871.8148
Duncanville,United States,58733.69841
Atascocita,United States,61027.88957
Irving,United States,186668.2783
Pittsville,United States,59468.91122
Dallas,United States,2577308.218
Lewisville,United States,258935.9551
Denton,United States,136135.8713
Little Elm,United States,64381.26677
Billings,United States,80941.67075
Stonebridge,United States,128192.7844
Allen,United States,105209.4236
Norman,United States,71139.12612
Oklahoma City,United States,492130.2164
Edmond,United States,85411.63124
Wichita,United States,238759.5028
Lafayette,United States,158412.5305
Tulsa,United States,434183.0803
Baton Rouge,United States,226126.1949
New Orleans,United States,821135.4605
Little Rock,United States,81252.41372
Lawrence,United States,66968.40056
Lincoln,United States,226803.8453
Olathe,United States,149409.6652
Springfield,United States,132417.8075
Kansas City,United States,398609.568
Chalco,United States,117411.6934
Omaha,United States,368050.2779
Mobile,United States,93512.21732
Memphis,United States,402281.1712
Sioux Falls,United States,79285.41647
Fort Walton Beach,United States,55899.60972
Panama City,United States,64271.56774
Des Moines,United States,242764.6177
Montgomery,United States,117536.5135
O’Fallon,United States,96609.19981
Birmingham,United States,136699.7048
St. Louis,United States,797219.7287
Tallahassee,United States,80597.26862
Saint Petersburg,United States,942906.5027
Sarasota,United States,170962.3936
Bradenton,United States,207806.4539
Venice,United States,56827.48177
Huntsville,United States,100172.4756
Cape Coral,United States,308438.3529
Naples,United States,192263.8761
Bayonet Point,United States,117386.0437
Tampa,United States,709022.9745
Fargo,United States,131027.4873
Iowa City,United States,53322.17468
Cedar Rapids,United States,55742.45684
Brandon,United States,70421.20544
Spring Hill,United States,67107.64199
Nashville,United States,280464.4627
Lakeland,United States,124948.1547
Davenport,United States,88647.02564
Evansville,United States,67985.48328
Homestead,United States,143551.8056
Saint Cloud,United States,52701.63967
Miami,United States,5733041.657
Minneapolis [Saint Paul],United States,1217972.426
Rochester,United States,67266.32746
Fair Oaks,United States,62799.68636
Atlanta,United States,602708.1902
Riverwood,United States,72343.71518
Orlando,United States,1231650.392
Dunwoody,United States,99853.6263
Bloomington,United States,77176.98115
Norcross,United States,171141.5356
Hopkins Mill,United States,139283.2056
Alafaya,United States,89707.49251
Lawrenceville,United States,74753.36141
Champaign,United States,86488.20317
Port Saint Lucie,United States,167173.7599
Palm Bay,United States,145611.3122
Jacksonville,United States,379642.6937
Jupiter,United States,65986.00609
Fort Pierce,United States,52518.68802
Palm Coast,United States,70622.93393
Daytona Beach,United States,140506.4447
Beechwood,United States,100764.1914
Jacksonville Beach,United States,57072.3199
Louisville,United States,505689.8991
Bloomington,United States,56286.28266
Rockford,United States,151022.4692
Westhaven Trails,United States,64481.20512
Aurora,United States,359036.7811
Joliet,United States,96889.58164
Madison,United States,147384.3248
Bolingbrook,United States,279554.1979
Elgin,United States,88854.16898
Wheaton,United States,191148.096
Lafayette,United States,79644.20599
Lake in the Hills,United States,63893.51226
Chicago,United States,5318734.586
Chicago Heights,United States,66583.58234
Savannah,United States,115675.9329
Indianapolis,United States,418056.6458
Lawrence,United States,76753.85469
Lexington,United States,295163.9507
Waukegan,United States,130399.0327
Kenosha,United States,77138.46272
Racine,United States,72878.55675
Milwaukee,United States,833927.3349
Florence,United States,69728.29166
Cincinnati,United States,414285.7157
North College Hill,United States,60385.72652
Columbia,United States,88320.48662
Hamilton,United States,80532.24549
South Bend,United States,109856.572
Appleton,United States,74930.79837
Dayton,United States,153881.228
Fort Wayne,United States,108272.2891
Carmel Commons,United States,53715.05773
Green Bay,United States,95228.22955
Charlotte,United States,229305.4845
Kalamazoo,United States,61021.85835
Grand Rapids,United States,293006.3464
Urbancrest,United States,256240.5115
Columbus,United States,875004.3611
Greensboro,United States,147671.3352
Lansing,United States,111165.4761
Toledo,United States,194258.6836
Ann Arbor,United States,75953.71046
Wilmington,United States,64491.95016
Cary,United States,105582.5086
Detroit,United States,1918653.086
Raleigh,United States,152973.0235
New Hope,United States,184970.0298
Buena Vista,United States,56131.12037
Encore Townhomes,United States,63514.28607
Canton,United States,58892.10409
Akron,United States,119273.8379
Cleveland,United States,722539.6877
Cuyahoga Falls,United States,56086.144
Pittsburgh,United States,490507.7336
Lakeside,United States,85237.35736
Richmond,United States,151923.5315
Erie,United States,111536.5153
Courthouse Green,United States,83445.10417
Norfolk,United States,622410.207
Newport News,United States,97455.95321
Manassas Park,United States,79610.97791
Dale City,United States,192927.0109
Washington,United States,3471725.09
Ashburn,United States,76087.33456
Leesburg,United States,72977.47285
Sugarland Run,United States,58093.19581
Fairland,United States,53968.11284
Laurel,United States,72841.42439
Columbia,United States,87350.18098
Baltimore,United States,1127337.892
Glen Burnie,United States,60513.46328
York,United States,72505.95179
Buffalo,United States,439526.679
Harrisburg,United States,81706.80422
Lancaster,United States,83179.20907
New Castle,United States,60561.31291
Wilmington,United States,135688.2456
Reading,United States,134068.7129
Chester,United States,73125.73068
Philadelphia,United States,2286396.408
Rochester,United States,247644.1314
Norristown,United States,64344.56978
Allentown,United States,133164.4677
Wilkes-Barre,United States,67033.99629
Bethlehem,United States,110410.2981
Bensalem Township,United States,75461.44338
Levittown,United States,98545.57269
Easton,United States,58283.20238
Scranton,United States,74950.79519
Trenton,United States,179668.313
New York City,United States,14197658.75
Beachwood,United States,55496.90849
Lakewood Township,United States,70894.40536
Point Pleasant,United States,65285.03331
Syracuse,United States,155390.9826
Asbury Park,United States,70944.39208
Spring Valley,United States,87894.8541
White Plains,United States,80465.95685
Stamford,United States,115807.1567
Huntington Station,United States,63013.70945
Norwalk,United States,61650.614
Lake Ronkonkoma,United States,84189.24621
Selden,United States,66490.72703
Bridgeport,United States,234491.0868
New Haven,United States,147120.6447
Schenectady,United States,84995.03275
Waterbury,United States,96593.97824
Albany,United States,99832.54191
Troy,United States,63526.94525
New Britain,United States,68405.33455
Hartford,United States,187629.2206
Springfield,United States,110005.3014
Worcester,United States,134217.3147
Providence,United States,437120.5596
Fall River,United States,111575.4187
New Bedford,United States,117685.8388
Boston,United States,1669310.016
Brockton,United States,72110.94581
Lowell,United States,104075.1971
Manchester,United States,67542.11058
Lawrence,United States,108912.7573
Lynn,United States,119551.9511
Peabody,United States,114640.4097
Portland,United States,67689.55023
Dakhla,Western Sahara,180740.4758
Bechar,Algeria,200687.224
Al-Kaf,Tunisia,50808.68934
Al Zawiyah,Libya,210856.6457
El Geneina,Sudan,164688.1184
Edirne,Turkey,143148.0596
Marsa Matruh,Egypt,191312.9069
Pafos,Cyprus,60664.89147
Nicosia,Northern Cyprus,108410.3227
Khan Yunis,Palestine,550993.4812
Ashkelon,Israel,105811.6747
Latakia,Syria,573263.0263
Tyre,Lebanon,86568.56985
Aqaba,Jordan,118598.6364
Tabuk,Saudi Arabia,586538.0355
Batumi,Georgia,168437.8865
Al-Qa'im,Iraq,116439.678
Gyumri,Armenia,84759.79001
Nakhchivan,Azerbaijan,175330.7952
Harad,Yemen,61332.38088
Al Jahra,Kuwait,85787.20781
Manama,Bahrain,1361833.134
Doha,Qatar,1980416.128
Al Ruways Industrial city,United Arab Emirates,53687.10991
Salalah,Oman,247073.2084
Boujdour,Western Sahara,52091.03669
Guelmim,Morocco,121103.2154
Maghnia,Algeria,112311.0039
Jendouba,Tunisia,59852.47027
Tripoli,Libya,1248354.011
Khorbranga,Sudan,88476.15238
Çanakkale,Turkey,128855.5764
Alexandria,Egypt,6931368.874
Limassol,Cyprus,191160.9324
Deir el-Balah,Palestine,311101.4554
Ashdod,Israel,282181.2758
Sidon,Lebanon,207486.3497
Jablah,Syria,96180.44977
Der Abi Saeed,Jordan,80021.53109
Al Qurayyat,Saudi Arabia,112385.0599
Kutaisi,Georgia,132035.2132
Al Baaj,Iraq,113167.892
Yerevan,Armenia,1027656.189
Zagatala,Azerbaijan,53127.87775
Az Zuhrah,Yemen,56296.94811
Saad Al-Abdulla,Kuwait,70891.33386
Ras Laffan,Qatar,54599.90073
Abu Dhabi,United Arab Emirates,508975.565
Dahariz park,Oman,89024.21467
Tiznit,Morocco,85084.6286
Remchi,Algeria,51938.4646
Kasserine,Tunisia,83462.85505
Qabilat alturki,Libya,102464.309
Kırklareli,Turkey,53050.74833
Garsila,Sudan,86967.26565
Al Wadi,Egypt,409666.5088
Strovolos [Nicosia],Cyprus,195002.2433
Gaza,Palestine,1060586.961
Tel Aviv,Israel,2628335.102
Beirut,Lebanon,1538385.522
Baniyas,Syria,86144.63952
Ajloun,Jordan,74563.39429
Yanbu`,Saudi Arabia,123579.3833
Sinjar,Iraq,54541.87783
Tbilisi,Georgia,988277.7269
Ganja,Azerbaijan,399695.5573
Hodeidah,Yemen,776803.3959
Kuwait City,Kuwait,3703486.237
Al Khor,Qatar,66310.54316
ICAD I,United Arab Emirates,270538.5878
Al-Buraimi,Oman,51263.2503
Essaouira,Morocco,73602.5167
Tlemcen,Algeria,294082.3185
Gafsa,Tunisia,127458.1815
Zliten,Libya,77993.09875
Akçay,Turkey,51685.95406
Saraf `Umrah,Sudan,269630.9237
Idku,Egypt,147596.5957
Larnaca,Cyprus,73504.02533
Haifa,Israel,449587.6295
Tulkarm,Palestine,94181.27461
Nabatieh,Lebanon,106608.1252
Tartus,Syria,79503.14524
Irbid,Jordan,704577.254
Sakaka,Saudi Arabia,117236.8426
Zakho,Iraq,970692.7381
Sheki,Azerbaijan,82683.50624
Al Wakrah,Qatar,96304.08171
Khalifa City,United Arab Emirates,80927.36572
Sohar,Oman,139035.86
Aourir,Morocco,52657.58524
Ain Temouchent,Algeria,90020.68329
Béja,Tunisia,72405.47653
Sabha,Libya,118712.0081
Lüleburgaz,Turkey,82321.83832
Abu Huminus,Egypt,117422.5641
Yavne,Israel,53424.56698
Taibe,Palestine,62844.537
Aamchit [Byblos],Lebanon,66327.99609
Idlib,Syria,132090.7255
Al Salt,Jordan,144157.9323
Tal Afar,Iraq,234995.0074
Medina,Saudi Arabia,1565146.23
Mingachevir,Azerbaijan,129063.6685
`Abs,Yemen,153943.0821
Bani Yas,United Arab Emirates,52730.48887
Ibri,Oman,56883.89637
Agadir,Morocco,926390.1548
Ain Turk,Algeria,84541.05334
Sidi Bouzid,Tunisia,58167.85625
Misrata,Libya,310799.9825
Tekirdağ,Turkey,155929.2748
Izbat Bahnasi,Egypt,73291.46438
Netanya,Israel,261717.3349
Modi'in Illit,Palestine,72540.73833
Tripoli,Lebanon,309234.45
Arihah,Syria,51564.85332
Husn,Jordan,83105.59872
Duhok,Iraq,1142888.922
`Ar`ar,Saudi Arabia,224009.7616
Al Falah,United Arab Emirates,139663.0173
Barka,Oman,70218.97296
Aït Melloul,Morocco,191984.0137
Oran,Algeria,1261237.6
Manzil Bourguiba,Tunisia,76393.91166
Sirte,Libya,59422.69903
Zalingei,Sudan,58998.19678
Bergama,Turkey,58457.38777
Hawsh Isa,Egypt,82306.67654
Hadera,Israel,62746.25112
Idhna,Palestine,53488.9624
Zahle,Lebanon,98525.48732
Afrin,Syria,56282.55587
Amman,Jordan,6425245.979
Khanich,Iraq,75352.98267
الياقوت,Saudi Arabia,101809.4311
Barda,Azerbaijan,52131.47162
Dubai,United Arab Emirates,4565477.615
Seeb,Oman,604496.8241
Lqliaa,Morocco,159272.1643
Sidi Bel Abbes,Algeria,265431.0114
Bizerte,Tunisia,178253.9603
Benghazi,Libya,599690.5151
Izmir,Turkey,2457529.398
Rosetta,Egypt,145836.1835
Rehovot,Israel,258367.58
Hebron,Palestine,414422.1729
Al-Zabadani,Syria,74493.74876
Baalbek,Lebanon,62954.32319
Jerash,Jordan,113467.7399
Jeddah,Saudi Arabia,4842256.747
Domeez,Iraq,155702.9481
Aghjabadi,Azerbaijan,54710.49498
Hamriya Free Zone,United Arab Emirates,52693.5864
Muscat,Oman,734541.6733
Ouled-Teima,Morocco,81829.58149
Ain Sefra,Algeria,93929.27498
El Hamma,Tunisia,58809.74204
Ajdabiya,Libya,91767.9605
Menemen,Turkey,60636.87736
Rahad al Bardi,Sudan,119734.7946
Damanhur,Egypt,554723.0466
Nahariyya,Israel,59379.85531
Nablus,Palestine,209246.4925
Maarrat al-Nu'man,Syria,65446.18648
Madaba,Jordan,151891.2287
Al Reheli,Saudi Arabia,59480.70847
Quba,Azerbaijan,52352.39071
Al Saja'a Industrial,United Arab Emirates,109061.1814
Al Amerat,Oman,91449.88089
Safi,Morocco,352977.1937
Hassi Bounif,Algeria,57319.48987
Oued Ellil,Tunisia,56691.80852
Marj,Libya,98050.96857
Çorlu,Turkey,123051.8468
Kebkabiya,Sudan,727487.0518
Mutubis,Egypt,69531.09366
Daliyat al-Karmel,Israel,50608.13404
Jenin,Palestine,61795.77358
Halfaya,Syria,76663.06057
Ar Ramtha,Jordan,128956.446
Hayy as Salihiyah,Saudi Arabia,194952.6969
Shaikh Muhammad,Iraq,107640.915
Imishli,Azerbaijan,61804.97566
Al Qutay`,Yemen,68789.32422
Ras Al Khaimah,United Arab Emirates,259126.9373
Taroudant,Morocco,73886.89079
Arzew,Algeria,81743.57497
Tunis,Tunisia,2790169.019
Bayda,Libya,112764.9469
Çerkezköy,Turkey,354519.7534
Kas,Sudan,386792.0326
Al-Mahmudiya,Egypt,214217.4458
Ramla,Israel,52376.09847
Beitar Ilit,Palestine,53442.69627
Qudsayya,Syria,310753.059
At Tafila,Jordan,62104.94485
Qaryat Jarf al Milh,Iraq,108309.7185
Bahrah,Saudi Arabia,57032.50105
Khachmaz,Azerbaijan,66906.43569
Al Aamerah,United Arab Emirates,72824.04821
Youssoufia,Morocco,76132.08431
Adrar,Algeria,107335.4253
Kairouan,Tunisia,81409.41497
Darnah,Libya,59568.59064
Manisa,Turkey,406110.0697
Ed Al Fursan,Sudan,177424.2285
Delingat,Egypt,105427.5468
Tira,Israel,56767.68078
Ramallah,Palestine,1054622.512
Jdaydet Artooz,Syria,77055.75294
Al Karak,Jordan,64048.02966
Mosul,Iraq,1678252.637
Mecca,Saudi Arabia,1876451.205
Shamakhi,Azerbaijan,54195.94501
Al Ain,United Arab Emirates,672212.8319
El Jadida,Morocco,251174.9609
Mecheria,Algeria,112802.0586
Gabes,Tunisia,177607.8787
Tubruq,Libya,115428.5679
Kuşadası,Turkey,66292.79459
Kutum,Sudan,159280.4185
Dusuq,Egypt,344307.8052
Rosh HaAyin,Israel,121233.8754
Yatta,Palestine,65942.47839
Damascus,Syria,3771637.934
Mota,Jordan,71967.33992
Haditha,Iraq,94403.69271
Ash Sharai,Saudi Arabia,274169.5179
Saatli,Azerbaijan,56138.66136
Al Dhahir,United Arab Emirates,58639.87406
Sidi Bennour,Morocco,70371.90506
Sig,Algeria,79793.69951
Hammamet,Tunisia,236818.0878
Soma,Turkey,105987.517
Tulus,Sudan,156768.0749
Sadat,Egypt,130857.3345
Kafr Yasif,Israel,65192.97441
Jericho,Palestine,54547.19522
Nawa,Syria,72061.03391
Al Mafraq,Jordan,106450.1501
The underground border,Iraq,71321.90389
At Ta'if,Saudi Arabia,489682.6141
Sabirabad,Azerbaijan,67590.14982
Suq Shamar,Yemen,82164.98791
Khor Fakkan,United Arab Emirates,60640.20536
Azemmour,Morocco,70294.71135
Mostaganem,Algeria,234207.0705
Sousse,Tunisia,537190.2213
Torbalı,Turkey,52097.85618
Itay el-Barud,Egypt,143219.5822
Beersheba,Israel,205400.1235
Aleppo,Syria,3084135.642
Wadi Khaw,Jordan,50264.54438
Gayara,Iraq,237614.2439
Ha'il,Saudi Arabia,243303.3454
Cəlilabad,Azerbaijan,69330.83977
Fujairah,United Arab Emirates,65928.59626
Marrakesh,Morocco,1152690.574
Mohammadia,Algeria,88344.68204
M'Saken,Tunisia,70734.98173
Bandırma,Turkey,121651.7854
Shubra Khit,Egypt,115398.5782
Shefaram,Israel,62204.47575
Tafas,Syria,63853.93158
Dhlail,Jordan,69104.9177
Qaryat Imam ash Asharqi,Iraq,52556.536
Al Hawiyah,Saudi Arabia,154356.1667
Şirvan,Azerbaijan,100905.0021
Bajil,Yemen,177175.9524
Ben Guerir,Morocco,97802.06929
Mascara,Algeria,147492.8255
Medenine,Tunisia,82429.11101
Didim,Turkey,51996.76453
Sidi Salim,Egypt,88060.42389
Modiin-Maccabim-Reut,Israel,302119.3603
Al Kiswah,Syria,55760.35541
Sharqat,Iraq,85171.54135
Rafha,Saudi Arabia,51421.51183
Masallı,Azerbaijan,61004.58179
Al Mahabishah,Yemen,145231.9706
Dar Bouazza,Morocco,80979.76158
Saida,Algeria,191802.5663
Tataouine,Tunisia,62686.45054
Silivri,Turkey,54801.14526
Nyala,Sudan,1038790.414
Kom Hamada,Egypt,111986.2187
Umm al-Fahm,Israel,61674.13965
Hama,Syria,300945.3647
Bardarash,Iraq,61287.8243
Bishah,Saudi Arabia,57725.08076
Sumgayit,Azerbaijan,637053.0157
Al Hidab,Yemen,59746.69582
Casablanca,Morocco,4577677.349
Relizane,Algeria,133292.9756
Sfax,Tunisia,649271.8666
Balıkesir,Turkey,318028.902
Nikla Al Inab,Egypt,55576.68242
Beit Shemesh,Israel,70200.72638
Al Qusair,Syria,52102.35829
Xebat,Iraq,54019.75378
Buraydah,Saudi Arabia,217480.0496
Lankaran,Azerbaijan,122742.035
Settat,Morocco,157212.7507
El Abiodh Sidi Cheikh,Algeria,150938.5505
Jemmal,Tunisia,54454.69661
Söke,Turkey,84212.53199
Qaryat Salah al Din,Egypt,51591.63302
Nazareth,Israel,216268.3497
Homs,Syria,913553.7665
Hīt,Iraq,67707.67675
Unaizah,Saudi Arabia,186213.7388
Baku,Azerbaijan,1973053.91
Bouskoura,Morocco,67979.02345
Oued Rhiou,Algeria,62909.34986
Monastir,Tunisia,97306.53943
Turgutlu,Turkey,155628.101
Kalma Camp,Sudan,52738.18712
Al Qoddaba,Egypt,90471.18041
Jerusalem,Israel,1022929.273
Daraa,Syria,129915.1466
Akre,Iraq,93129.88747
Abha,Saudi Arabia,125621.8574
Astara,Azerbaijan,62812.26402
Bayt al Faqih,Yemen,141136.6821
Berrechid,Morocco,171082.106
Frenda,Algeria,62813.99064
Ksar Hellal,Tunisia,151621.8129
Akhisar,Turkey,120412.3928
Dabat Neira,Sudan,76217.45947
Kafr Al-Zaiyat,Egypt,302540.4904
Tiberias,Israel,52835.83925
Al-Rastan,Syria,60575.76922
Baiji,Iraq,88618.94897
Khamis Mushayt,Saudi Arabia,580849.1743
Qa`mal,Yemen,85773.64813
Deroua,Morocco,70482.52045
Chettia,Algeria,96150.67363
Kelibia,Tunisia,54416.03764
Bodrum,Turkey,66903.92482
Gereida,Sudan,122322.4752
Sarawa,Egypt,68180.40192
Haylan,Syria,75782.10244
Erbil,Iraq,1514144.042
Jizan,Saudi Arabia,65731.44184
El Kelaa des Sraghna,Morocco,107185.6286
Chlef,Algeria,216909.5168
Zarzis,Tunisia,56320.03881
Tire,Turkey,52238.8062
Buram,Sudan,534045.9442
Borj Al Burullous,Egypt,189964.7194
`Adra,Syria,58589.4662
Ramadi,Iraq,463729.6439
Sabya,Saudi Arabia,64772.39827
Al Husaydhiah,Yemen,79395.13446
Benslimane,Morocco,53906.7602
Tiaret,Algeria,246773.5124
Karacabey,Turkey,56102.97871
Al-Fashir,Sudan,665729.8535
Kafr Al Sheikh,Egypt,379936.8319
As Safirah,Syria,80140.11171
Tikrit,Iraq,99758.15382
Abu `Arish,Saudi Arabia,94657.85024
Zabid,Yemen,87984.14965
Ouarzazate,Morocco,95279.89812
Sougueur,Algeria,91766.36499
Istanbul,Turkey,14210222.07
Mellit,Sudan,210801.2383
Birma,Egypt,96072.88954
Salamiyah,Syria,69464.07158
Soran,Iraq,143093.895
Samitah,Saudi Arabia,65023.24317
Sa`dah,Yemen,159979.4604
Khouribga,Morocco,227340.5404
Tissemsilt,Algeria,83751.55517
Aydin,Turkey,265142.45
Sheiria,Sudan,122207.3796
Terenuthis,Egypt,72300.49007
Al-Bab,Syria,81209.96934
Al Khalidiyah,Iraq,60588.28565
Ad Dawadimi,Saudi Arabia,70339.90445
Rabat,Morocco,2094220.784
Ain Defla,Algeria,80479.85824
Mustafakemalpaşa,Turkey,70942.55024
Masrif Shinu,Egypt,55178.78622
As Suwayda,Syria,128546.2524
Samarra,Iraq,209909.7763
Az Zulfi,Saudi Arabia,58795.55387
Sidi Yahya Zaer,Morocco,60284.4874
Aflou,Algeria,196807.0412
Arnavutköy,Turkey,88618.78171
Muhajiriyah,Sudan,50034.33825
Al-Shawashna,Egypt,86385.15813
Manbij,Syria,177388.6932
Kirkuk,Iraq,1238661.948
Hafar Al-Batin,Saudi Arabia,346992.6354
Aïn El Aouda,Morocco,62209.83552
Khemis Miliana,Algeria,105035.5222
Ödemiş,Turkey,89269.50028
Khazan Gedid,Sudan,106274.8394
Qotur,Egypt,50673.43729
Kobani,Syria,71945.86049
koya,Iraq,82415.13434
Al Jarrahi,Yemen,122891.3937
Najran,Saudi Arabia,261656.2318
Souk Sebt Oulad Nemma,Morocco,64664.03727
Miliana,Algeria,54544.74316
Milas,Turkey,57927.47957
Khureit (Al Kuma),Sudan,88130.93345
Tala,Egypt,121830.2966
Al-Tabqah,Syria,97163.53171
Fallujah,Iraq,379871.1373
Hajja,Yemen,90119.04584
Wadi Ad Dawasir,Saudi Arabia,96876.29232
Fkih Ben Salah,Morocco,117883.2687
Ksar Chellala,Algeria,66364.73786
Salihli,Turkey,122695.1955
Ad Da'ein,Sudan,606604.1673
Al Shuhada,Egypt,110388.3178
Raqqa,Syria,193731.4357
بلد,Iraq,75393.9199
Riyadh,Saudi Arabia,7970319.431
Sidi Taibi,Morocco,53889.58608
El Affroun,Algeria,54880.4757
Mudanya,Turkey,72723.55714
Abu Matarig,Sudan,87249.04163
Sanhur,Egypt,415010.5632
Deir Ez Zor,Syria,253386.8801
Al Mushahidah,Iraq,772528.9075
Zahrat Laban,Saudi Arabia,295863.7947
Azilal,Morocco,57081.8058
Koléa,Algeria,261237.5257
Bursa,Turkey,2366447.919
Kafr al Tarayna,Egypt,134306.7266
Al-Hasakah,Syria,186100.1712
Shorsh,Iraq,233819.6302
Al Ared,Saudi Arabia,75800.61191
Kenitra,Morocco,588772.1007
Medea,Algeria,156467.1964
Nazilli,Turkey,128676.3599
Umm Kaddada,Sudan,70437.53419
Tanta,Egypt,941974.4634
Ash Shaddaday,Syria,50530.30149
Tuz Khormato,Iraq,158585.4217
As Sayh,Saudi Arabia,181626.0379
Oued Zem,Morocco,103223.2911
Ksar El Boukhari,Algeria,77421.01077
Alaşehir,Turkey,68180.4193
Al-Gharaq,Egypt,126907.1249
Al Mayadin,Syria,83826.68204
Sab al Bor,Iraq,60937.27082
Shi`b al Ghayl,Yemen,89200.33988
Al Khafji,Saudi Arabia,79490.01343
Beni Mellal,Morocco,230259.3872
Blida,Algeria,703325.7054
Gemlik,Turkey,60858.60048
Adiela,Sudan,170464.8012
Sers Al Layyan,Egypt,280635.4512
Qamishli,Syria,272984.9984
Baghdad,Iraq,6891721.864
Sharurah,Saudi Arabia,108686.6138
Bejaad,Morocco,54362.33153
Zeralda,Algeria,151883.7825
Marmaris,Turkey,73777.91244
Ailliet,Sudan,63296.95384
Tabluha,Egypt,58272.56284
Abu Kamal,Syria,89435.93261
Qaladiza,Iraq,53038.89519
Mawza`,Yemen,133586.4651
الفاروق,Saudi Arabia,97434.90866
Tiflet,Morocco,116587.6805
Algiers,Algeria,3316231.955
Muğla,Turkey,73642.9352
Ghubaysh,Sudan,93166.51499
Tubhar,Egypt,75151.46426
Al Mu`abbadah,Syria,61386.74784
At Taji,Iraq,56908.59885
Al Jubayl,Saudi Arabia,93633.4217
Kasba Tadla,Morocco,69845.71353
Laghouat,Algeria,235439.1775
Yalova,Turkey,181686.0337
Muglad,Sudan,101556.9397
Shibin Al-Kom,Egypt,468890.2205
Karbala,Iraq,1078646.121
Al Ahsa,Saudi Arabia,796535.7952
Sidi Yahya du Gharb,Morocco,59620.44864
Berrouaghia,Algeria,59533.90484
İnegöl,Turkey,214533.4044
Babanusah,Sudan,54415.34666
6th of October,Egypt,213027.3542
Jafar Muhammad Ali,Iraq,545024.049
Khamir,Yemen,86707.54276
Safwa,Saudi Arabia,56997.63314
Larache,Morocco,130545.2967
Ain Oussara,Algeria,147458.5286
Kocaeli,Turkey,746536.2234
En Nahud,Sudan,202793.4546
Shunufa,Egypt,75209.97605
Qaryat at Taliah,Iraq,149127.319
`Amran,Yemen,176304.9179
Dammam,Saudi Arabia,2634828.55
Khemisset,Morocco,162073.3274
Hassi El Garra,Algeria,69612.40725
Gölcük,Turkey,213119.6203
Fidimin,Egypt,91232.82292
Al Mazrub,Sudan,61034.73118
Al Khalis,Iraq,116620.4019
Ra's Tannurah,Saudi Arabia,65380.31312
Souk El Arbaa,Morocco,98083.13826
Hassi Bahbah,Algeria,130853.8332
Denizli,Turkey,501993.6759
Samadon,Egypt,65045.74395
Abu Zabad,Sudan,86746.40107
Allayi,Iraq,79276.81872
Dammam 2nd Industrial City,Saudi Arabia,95601.51808
Zagora,Morocco,53267.56435
Sidi Moussa,Algeria,53555.22457
Tavşanlı,Turkey,61527.79237
Minyat al Hayt,Egypt,60551.42863
Dilling,Sudan,85292.73619
Mahmoudiyah,Iraq,83713.33218
`Adan Barakah,Yemen,123937.2966
Al `Aziziyah,Saudi Arabia,76357.55642
Mechra Bel Ksiri,Morocco,50025.51133
Larbaa,Algeria,219231.9263
Uşak,Turkey,197266.5021
ميت الوسطى,Egypt,208187.021
Kaduqli,Sudan,57719.58031
Baqubah,Iraq,107446.1846
Sidi Slimane,Morocco,138670.134
Meftah,Algeria,122633.3766
Bilecik,Turkey,81773.64631
Ashmoun,Egypt,115844.767
Dongola,Sudan,74506.86188
Bani Saad,Iraq,68175.26346
Ksar el-Kebir,Morocco,156451.8337
Boumerdes,Algeria,560227.3572
Fethiye,Turkey,107453.5718
Mit Afia,Egypt,84481.99945
Al-Ubayyid,Sudan,679642.4581
Al Hillah,Iraq,1030977.718
Tangier,Morocco,1300223.171
Djelfa,Algeria,612876.8632
Karapınar,Turkey,86627.75502
Al Hiatem,Egypt,58525.65261
Jabra Al Sheikh,Sudan,70540.16568
Sulaymaniyah,Iraq,870013.3829
Sidi Kacem,Morocco,99039.57328
Khemis El Khechna,Algeria,99043.15534
Bozüyük,Turkey,57510.54359
Atsa,Egypt,87723.64579
Al Rahad,Sudan,113541.8596
Abu Gharaq,Iraq,183143.9245
Khenifra,Morocco,131048.5356
Messaad,Algeria,149726.5702
Kütahya,Turkey,179126.0474
Sinnuris,Egypt,202693.9302
Umm Ruwaba,Sudan,179293.4162
Al Kifl,Iraq,133246.4269
Sana'a,Yemen,3759519.651
Meknes,Morocco,747784.2845
Lakhdaria,Algeria,58874.83606
Sakarya,Turkey,359259.5419
Faiyum,Egypt,741406.0133
Abu Jibeha,Sudan,86419.03697
Al-Najaf,Iraq,1361936.23
M'Rirt,Morocco,54111.56152
Bordj Menaiel,Algeria,76580.7855
Karadere,Turkey,124762.8584
Tutun,Egypt,52257.23142
Al ‘Abbāsiyya,Sudan,51642.77923
Kalar,Iraq,158152.6369
Ouazzane,Morocco,78072.694
Ghardaia,Algeria,149915.8841
Akyazı,Turkey,50935.98142
Shimm al Basal al Bahari,Egypt,82003.10743
Tandalti,Sudan,58694.31811
As Suwayrah,Iraq,68898.11764
Ta'izz,Yemen,1284738.687
Tétouan,Morocco,482338.8559
Sidi Aissa,Algeria,95606.66421
Eskisehir,Turkey,608473.8761
Bani Wallams,Egypt,88214.42612
Khartoum,Sudan,7114789.468
Al-Hirah,Iraq,115033.3078
Fnideq,Morocco,85690.24547
Bouira,Algeria,95307.27138
Hendek,Turkey,70579.67262
Tall al Bahnasa,Egypt,57177.43759
Ghaliya,Sudan,94645.86912
Al Midhatiya,Iraq,127843.1438
Al Masaliyah,Yemen,174825.4521
M'Diq,Morocco,51051.3639
Tizi Ouzou,Algeria,121426.4968
Kanlıpınar,Turkey,179159.7527
El Mahalla El Kubra,Egypt,1102440.687
Al Qutaynah,Sudan,53433.34111
Al Mishkhab,Iraq,59188.99352
Al Misrakh,Yemen,135786.2541
Azrou,Morocco,65160.12031
Bou Saada,Algeria,167692.8914
Afyonkarahisar,Turkey,142323.9338
Al-Santa,Egypt,278311.1963
Ed Dueim,Sudan,145113.1051
Ash Shamiya,Iraq,111304.8428
Martil,Morocco,67337.82136
Ain El Melh,Algeria,51307.71985
Burdur,Turkey,71347.32766
Banha,Egypt,1876791.716
Jebel Aulia,Sudan,140237.6472
Al Qasim,Iraq,102570.382
Ar Rubu`,Yemen,73673.1781
Chefchaouen,Morocco,68127.18504
M'Sila,Algeria,201840.8795
Düzce,Turkey,185684.413
Kafr Sarawa,Egypt,156393.9133
Axial City,Sudan,63483.28491
Ghammas,Iraq,50975.0568
Ain Taoujdate,Morocco,56141.62893
Guerrara,Algeria,77987.8275
Karadeniz Ereğli,Turkey,156683.3511
Biyahmu,Egypt,64744.44862
Hillat Ash Shekh Mustafa al Fadni,Sudan,75067.91731
Al ‘Azīzīyah,Iraq,77514.78319
Ibb,Yemen,843581.1332
Fez,Morocco,1434234.525
Bordj Bou Arreridjj,Algeria,209844.9093
Isparta,Turkey,226042.2222
Shushah,Egypt,61468.94886
Giad Industrial Complex,Sudan,58534.47493
Ad Diwaniyah,Iraq,884221.4592
Ar Rijad,Yemen,160023.0378
Sefrou,Morocco,105228.6646
Bejaia,Algeria,222682.649
Zonguldak,Turkey,200396.2174
Kafr Awn,Egypt,74282.94822
Kosti,Sudan,437240.6531
Halabja,Iraq,66581.71308
Midelt,Morocco,61747.82673
Ras El Oued,Algeria,57990.09112
Bolu,Turkey,132375.6209
Abu Bisht,Egypt,85142.70579
Rabak,Sudan,254683.2997
Al Hamzah,Iraq,115639.032
Manazil Baradan,Yemen,140590.1197
Errachidia,Morocco,107062.6786
Sidi Khaled,Algeria,58923.69038
Antalya,Turkey,1372672.143
Biala,Egypt,75089.87762
Al Managil,Sudan,196427.1275
An Numaniyah,Iraq,79764.11797
As Sayyid,Yemen,247089.7813
Taza,Morocco,174777.4262
Ouled Djellal,Algeria,90775.85163
Çaycuma,Turkey,51295.48223
Sunbat,Egypt,55058.11359
Sifeiya,Sudan,77899.29632
Afak,Iraq,96619.3959
Ma`bar,Yemen,100708.9744
Al Hoceima,Morocco,58603.96124
Ain Oulmane,Algeria,69478.79565
Bartın,Turkey,80738.71778
Cairo,Egypt,25230324.96
Shendi,Sudan,230041.5294
Al-Rumaitha,Iraq,159870.8766
An Nabahinah,Yemen,78408.32526
Guercif,Morocco,119208.2068
Setif,Algeria,366337.8715
Akşehir,Turkey,56239.1801
Kafr Kila Al Bab,Egypt,51888.76728
Al Hasahisa,Sudan,140715.3584
As Samawah,Iraq,400930.2419
Hawrah,Yemen,254515.1393
Al Aaroui,Morocco,52610.09188
Barika,Algeria,124950.2808
Manavgat,Turkey,150381.4302
Samalut,Egypt,277834.1659
Wad Madanī,Sudan,405412.587
Al-Kut,Iraq,487072.4019
Dhamar,Yemen,337585.4277
Nador,Morocco,262093.6891
Tolga,Algeria,73559.31233
Karabük,Turkey,197054.5848
Mahalah Zeyad,Egypt,52249.959
Atbara,Sudan,204758.7905
Al Khidhr,Iraq,73379.3171
Dhi Samir,Yemen,81187.40018
Taourirt,Morocco,118564.4462
Ouargla,Algeria,250308.129
Polatlı,Turkey,81439.49552
Zirbi,Egypt,67834.87985
ad-Damer,Sudan,144331.1505
Al Hai,Iraq,135648.8891
Yarim,Yemen,252060.7524
Berkane,Morocco,168839.0426
El Eulma,Algeria,196880.8676
Mustafa Kemal,Turkey,155274.7377
New Al Abbasiya,Egypt,52587.32027
Sennar,Sudan,146346.5041
Al Fajr,Iraq,51218.05205
Oujda,Morocco,609448.7531
Jijel,Algeria,167364.7485
Sincan,Turkey,1169436.629
Damshir,Egypt,83828.27638
Singa,Sudan,96397.25219
Qalat Sukkar,Iraq,97838.94846
Biskra,Algeria,310660.7172
Fatih Sultan,Turkey,89518.97805
Tamiya,Egypt,68651.92783
Al Quwaysi,Sudan,75573.17701
Al-Rifa'i,Iraq,90720.07337
Habil al Jazi`,Yemen,53208.23424
Bazoul,Algeria,60691.61923
Yaşamkent,Turkey,66459.80777
شبراويش,Egypt,73674.83896
Al-Shatrah,Iraq,309060.808
As Saddah,Yemen,61165.52777
Taher,Algeria,54121.27113
Ankara,Turkey,3695989.495
Mansuriya,Egypt,60628.11212
Ad-Damazin,Sudan,227328.8416
Al Gharraf,Iraq,75365.73678
Aïn Touta,Algeria,65709.65675
Emişbeleni,Turkey,73509.97706
Al Manshiyah al Qibliyah,Egypt,95245.23112
Er Roseires,Sudan,97250.33869
Nasiriyah,Iraq,832641.6862
Hammam Damt,Yemen,58241.27856
Tadjenanet,Algeria,51581.06411
Gölbaşı,Turkey,67628.65771
Dirin,Egypt,123319.1965
Ash Shallal,Sudan,62668.25994
Suq al Shyukh,Iraq,202391.638
Qa`tabah,Yemen,52975.45654
Tamanrasset,Algeria,125555.149
Saray Osmangazi,Turkey,157856.0482
Sumusta,Egypt,66496.97073
El Hawata,Sudan,63601.72314
Amarah,Iraq,658532.8487
Rada`,Yemen,136798.7102
El M'Ghair,Algeria,62432.87323
Alanya,Turkey,131344.0564
Matai,Egypt,115234.4781
Al Majar al Kabir,Iraq,140004.0393
Ad Dala,Yemen,96926.26623
Djamaa,Algeria,58472.52893
Konya,Turkey,1017329.388
Kafr al Bashbishah,Egypt,68698.79626
الجبايش,Iraq,70097.05369
Sabir,Yemen,52610.3889
Tamacine,Algeria,60380.157
Kastamonu,Turkey,86876.67494
Mit Badr Halawa,Egypt,75839.94988
Al-Qadarif,Sudan,316424.0392
Qalat Saleh,Iraq,84870.1235
Bi'r Rubak,Yemen,686016.2825
Chelghoum Laid,Algeria,72073.69525
Çankırı,Turkey,84238.88127
Maghagha,Egypt,217642.1887
New Halfa,Sudan,151306.021
Al-Midaina,Iraq,82463.23633
`Adan,Yemen,497378.8204
Batna,Algeria,377991.6114
El Mansura,Egypt,1707876.848
Keskin,Turkey,131245.2358
Al Qurna,Iraq,191896.4677
Madinat Lab'ūs,Yemen,97889.63088
Touggourt,Algeria,179594.8378
Mit Ghamr,Egypt,744960.7122
Karaman,Turkey,125343.8946
Khashm El Girba,Sudan,97738.84518
Basra,Iraq,2131556.447
Ja`ar,Yemen,87953.86093
El Milia,Algeria,62083.21693
Beni Mazar,Egypt,200931.8719
Kırşehir,Turkey,129610.1865
Az Zubayr,Iraq,236427.9195
Al Beidha,Yemen,59275.1145
Mila,Algeria,82540.72631
Al-Minya,Egypt,59819.23548
Aksaray,Turkey,144903.7051
Aroma,Sudan,76686.6629
Umm Qasr,Iraq,68913.40081
Bayhan,Yemen,51714.55801
Collo,Algeria,58289.3006
Banī Ḩallah,Egypt,53984.29756
Çorum,Turkey,247551.7822
Hamaschkorieb,Sudan,56237.92163
Lawdar,Yemen,87101.17012
Constantine,Algeria,507697.2204
Aba El Waqf,Egypt,77507.46927
Eregli,Turkey,74753.35891
Rashaida Al Hafayer,Sudan,69096.61627
`Ataq,Yemen,50785.18815
Ali Mendjeli,Algeria,158616.4017
Al Minya,Egypt,549611.7444
Vezirköprü,Turkey,54618.32005
Al Qatan,Yemen,76650.50097
Ain Mlila,Algeria,102895.2182
Lahun,Egypt,64836.02858
Nevşehir,Turkey,89205.4865
Say'un,Yemen,129910.3765
Didouche Mourad,Algeria,55856.41106
Ihnasya al Madinah,Egypt,95604.60642
Niğde,Turkey,98173.39299
Tarim,Yemen,135712.4108
El Khroub,Algeria,116427.2429
Bilqas,Egypt,93966.25302
Bafra,Turkey,109750.1557
Fuwwah,Yemen,123078.905
Skikda,Algeria,252925.5672
Fashn,Egypt,116409.71
Mersin,Turkey,654657.4295
Kassala,Sudan,404472.3331
Mukalla,Yemen,97828.58045
Ain Fakroun,Algeria,60835.87321
شبلنجة,Egypt,313717.6924
Amasya,Turkey,97374.5637
Jubayt,Sudan,124771.9647
Ghayl Ba Wazir,Yemen,56189.08339
Guemar,Algeria,52523.67577
Hour,Egypt,95042.16857
Kazanlı Mah.,Turkey,145891.2108
Sinkāt,Sudan,193093.2604
Shihr,Yemen,115733.6402
El Oued,Algeria,281360.0185
Dalga‘a,Egypt,116516.7839
Samsun,Turkey,643551.8453
Wadsharefy,Sudan,138020.0003
Oum El Bouaghi,Algeria,99906.20934
Al Inab al Saghirah,Egypt,78805.07141
Tarsus,Turkey,218396.7189
Khenchela,Algeria,160443.6963
Atmeeda,Egypt,51029.79768
Kayseri,Turkey,893375.5148
Port Sudan,Sudan,536781.6733
Guelma,Algeria,165531.7655
Biba,Egypt,104726.0349
Tekkeköy,Turkey,82610.91813
Sawakin,Sudan,167296.8612
Ain Beida,Algeria,169447.9327
Makein,Egypt,74354.91059
Yenice,Turkey,98221.6863
Sedrata,Algeria,59500.94894
Naj al Shaykh Hasan Abu Sabir,Egypt,105040.8152
Adana,Turkey,523157.8865
Annaba,Algeria,471638.7452
Jamasa,Egypt,144132.6322
Çarşamba,Turkey,91360.1811
Cheria,Algeria,85626.34035
بطره,Egypt,54032.39783
Erbaa,Turkey,54364.49351
M'Daourouch,Algeria,55996.32559
ميت ابو خالد,Egypt,63217.1146
Tokat,Turkey,122160.4933
Souk Ahras,Algeria,222438.3458
Minya Al-Qamh,Egypt,328119.5962
Kozan,Turkey,53281.40908
Tebessa,Algeria,260481.8644
El Azizia,Egypt,56108.43105
Ceyhan,Turkey,69660.96763
Ouenza,Algeria,59814.74548
Beni Suef,Egypt,665694.1562
Yumurtalık,Turkey,121543.7186
Bir El Ater,Algeria,98477.34152
Abu Qurqas,Egypt,188954.9862
Ünye,Turkey,73695.82528
Sunbo,Egypt,188665.4041
Sugözü,Turkey,62650.61811
Dundet,Egypt,63376.63555
Kadirli,Turkey,123620.014
Bani Bakhit,Egypt,70092.30282
Sivas,Turkey,401054.4998
Abyūhā,Egypt,73676.97591
Fatsa,Turkey,77104.96344
Mallawi,Egypt,324903.604
Osmaniye,Turkey,297347.7728
Kafr al Hajj Shirbini,Egypt,84714.99744
Samandağ,Turkey,127080.3839
Al Zaqaziq,Egypt,1296062.211
İskenderun,Turkey,387684.8713
دنجواي,Egypt,203918.5383
Dörtyol,Turkey,59689.87038
Safur,Egypt,73009.7586
Payas,Turkey,96082.09483
El Senbellawein,Egypt,209673.3087
Hatay,Turkey,548676.2642
Diyarb Nigm,Egypt,263943.306
Düziçi,Turkey,59293.7983
Al Tallin,Egypt,81603.46982
Kırıkhan,Turkey,105762.0473
Kafr Ibrash,Egypt,115281.5069
Afşin,Turkey,59499.17422
Dairut,Egypt,275980.4782
Ordu,Turkey,154936.7378
El Mosha,Egypt,52160.84575
Kahramanmaraş,Turkey,554382.0285
Deir Mawas,Egypt,95754.08126
Reyhanlı,Turkey,92611.40885
Al Qusiya,Egypt,215227.0606
Elbistan,Turkey,122643.6947
El Gadeeda,Egypt,51877.51241
Giresun,Turkey,121465.2497
Al Aras,Egypt,61468.87598
Kilis,Turkey,103014.4806
Al-Wasitah,Egypt,253583.0895
Büyükpınar,Turkey,59654.05066
Bush,Egypt,103713.4307
Gaziantep,Turkey,1681269.631
Dayr Abu Hinnis,Egypt,66503.70367
Nizip,Turkey,147561.6545
Al Ayyat,Egypt,138024.4644
Malatya,Turkey,510424.5299
Girza,Egypt,186160.6014
Birecik,Turkey,78483.82204
Ar Riyaḑ,Egypt,84137.52602
Adıyaman,Turkey,229019.739
Mit Habib,Egypt,385407.688
Akçaabat,Turkey,94912.69714
Bahma,Egypt,79262.31032
Trabzon,Turkey,328138.479
Dayr al Barsha,Egypt,66896.40556
Kâhta,Turkey,81166.00945
Kafr Al-Amir Abd Allah,Egypt,68086.6662
Suruç,Turkey,97691.31015
Al Burumbul,Egypt,84808.45815
Erzincan,Turkey,75189.61988
Al Maymun,Egypt,56231.41363
Elazığ,Turkey,437440.3397
Kafr Ismail,Egypt,128220.1822
Koçören,Turkey,50962.28786
Um el Qusur,Egypt,117248.0345
Şanlıurfa,Turkey,762061.9901
Al-Zawamel,Egypt,122907.4801
Akçakale,Turkey,80703.15947
Al Saff,Egypt,110770.6488
Siverek,Turkey,191657.2516
Al-Qobabat,Egypt,103498.4038
Rize,Turkey,125882.9247
Al Roda,Egypt,198201.7235
Ergani,Turkey,95866.76517
Abu al Shuquq,Egypt,56697.14631
Al,Turkey,116098.0868
Al Daraksa,Egypt,78492.01401
Viranşehir,Turkey,136939.8766
Kafr Saqr,Egypt,127717.2496
Diyarbakir,Turkey,648873.8453
KARIM ALY ABDO,Egypt,66425.55365
Bingöl,Turkey,113229.8489
Al Halawat,Egypt,104774.3038
Ceylanpınar,Turkey,58587.15394
Beni Adi,Egypt,70403.32608
Erzurum,Turkey,162678.2729
كفر البطيخ,Egypt,163383.5838
Bismil,Turkey,75321.69013
Hihya,Egypt,213832.1967
Kızıltepe,Turkey,124061.4479
Bilbeis,Egypt,281019.3796
Mardin,Turkey,84640.61269
Ash Shuara,Egypt,55244.89126
Silvan,Turkey,56069.9294
Manfalut,Egypt,138332.3574
Batman,Turkey,481849.8586
Awlad Seif,Egypt,59084.62931
Muş,Turkey,117954.5465
Madaba,Egypt,73618.27466
Nusaybin,Turkey,112665.7089
Damietta,Egypt,727329.7854
Midyat,Turkey,77042.8071
Birimbal al Quadima,Egypt,164150.5424
Siirt,Turkey,166360.9494
Amrit,Egypt,127024.641
Tatvan,Turkey,56118.5894
Abu Kabir,Egypt,232629.1749
Kars,Turkey,75346.43031
Tukh al Qaramuss wa Kafr Sarkis Mansur,Egypt,70544.60909
Ağrı,Turkey,145031.5083
Al 'Izziyah,Egypt,61095.89168
Patnos,Turkey,104476.1862
Beni Muhammadiyat,Egypt,166447.1402
Cizre,Turkey,139568.6001
Al Qaramus,Egypt,62702.74796
Shrnak,Turkey,86626.09663
Al Abbasa al Sharqiya,Egypt,433575.1691
Silopi,Turkey,170924.4758
Asyut,Egypt,1152515.046
Erciş,Turkey,145964.9946
Faqous,Egypt,388104.6614
Van,Turkey,623590.4466
Al-Gamaleya,Egypt,161571.8878
Iğdır,Turkey,99681.68168
Tenth Of Ramadan,Egypt,143517.1307
Doğubayazıt,Turkey,114246.0837
Abnub,Egypt,182149.2952
Hakkâri,Turkey,87638.34989
Al-Asafra,Egypt,356762.1188
Yüksekova,Turkey,103169.0529
Kafr al Bazat,Egypt,70158.04617
Al Yaudi,Egypt,105202.9537
Salehia,Egypt,103526.5688
Abu Tig,Egypt,204873.9325
Dikiran,Egypt,86104.96139
Sahel Silim,Egypt,90513.37131
El Ghanayem,Egypt,69031.72251
Sidfa,Egypt,344041.2696
Port Said,Egypt,874651.4621
Tima,Egypt,255070.2698
Tahta,Egypt,476376.6416
Al Harafsha,Egypt,291976.2535
Al Ismailiya,Egypt,584529.1032
Maragha,Egypt,133434.3693
El-Shaikh Youssef,Egypt,56474.69745
Saqultah,Egypt,84619.99521
Suhaj,Egypt,1104285.359
Al-Manshah,Egypt,365271.8956
El-Usayrat,Egypt,158688.8859
Suez,Egypt,557509.7836
Girga,Egypt,323347.7486
Ezbet Nazif,Egypt,216614.6662
Balyana,Egypt,346682.5129
Awlad Yehia Qibly,Egypt,52273.49492
Nag Hammadi,Egypt,243713.2233
Dishna,Egypt,64724.67953
Luxor,Egypt,6314419.966
Esna,Egypt,80205.13841
Qena,Egypt,189847.9892
Qus,Egypt,121931.0646
Arish,Egypt,115902.5824
Abnud,Egypt,77100.65107
Al Mifarragiya,Egypt,63273.52284
Hijazah,Egypt,56333.87954
Al Kajuj,Egypt,98409.87632
Daraw,Egypt,51916.05619
Kawm Ombo,Egypt,137418.1616
Aswan,Egypt,472978.1861
Hurghada,Egypt,137973.3325
Rosarito,México,76707.05999
Malacatán,Guatemala,62529.1453
Ahuachapan,El Salvador,83851.12663
Santa Rosa,Honduras,53613.32151
Chinandega,Nicaragua,104366.0248
Belize City,Belize,76330.51281
Liberia,Costa Rica,52864.19541
David,Panama,126994.9335
Talara,Peru,79733.42422
Salinas [Santa Elena],Ecuador,267482.0613
San Andrés,Colombia,59179.78244
Pinar del Rio,Cuba,150118.8481
Montego Bay,Jamaica,116517.2529
Nassau,Bahamas,261235.2051
Cruzeiro do Sul,Brazil,63746.10474
Ureña,Venezuela,50768.28206
Jérémie,Haiti,60004.22884
Oranjestad,Aruba,58101.1546
Santa Cruz de Barahona,Dominican Republic,78420.96092
Arica,Chile,121518.9626
Willemstad,Curaçao,162058.5603
Cobija,Bolivia,71680.29271
Ponce,Puerto Rico,85911.66768
San Juan,Argentina,464848.0496
Port of Spain,Trinidad and Tobago,474069.7262
Fort-de-France,Martinique,91150.17104
Bridgetown,Barbados,152912.0999
Georgetown,Guyana,130680.0749
Paramaribo,Suriname,253625.5111
Concepción,Paraguay,89487.14958
Salto,Uruguay,96048.22189
Cayenne,French Guiana,75925.31354
Fracc Villas del Real 2da Seccion,México,60404.09164
Coatepeque,Guatemala,100000.5741
Sonsonate,El Salvador,181726.1955
Cofradía,Honduras,97875.68789
León,Nicaragua,155984.7874
Barranca,Costa Rica,65404.95356
Paita,Peru,99936.3643
Manta,Ecuador,284614.4637
Colón,Panama,187545.5842
Tumaco,Colombia,118072.3984
Artemisa,Cuba,54452.06502
Mandeville,Jamaica,96832.16313
San Antonio del Táchira,Venezuela,52514.10676
Les Cayes,Haiti,83542.87306
San Juan de la Maguana,Dominican Republic,63926.30407
Iquique,Chile,316450.4212
Rio Branco,Brazil,330538.5819
La Paz,Bolivia,2063632.692
Bayamón [San Juan],Puerto Rico,748533.7858
Mendoza,Argentina,1063216.859
San Fernando,Trinidad and Tobago,119286.1527
Paradise,Guyana,103152.3946
Asuncion,Paraguay,1175481.866
Paysandú,Uruguay,82193.38372
Ensenada,México,268062.5449
San Pedro Sacatepéquez [San Marcos],Guatemala,116335.4396
Chalchuapa,El Salvador,65024.15551
Siguatepeque,Honduras,77747.65139
Managua,Nicaragua,1436088.514
San José,Costa Rica,2272571.519
Sullana,Peru,208680.8576
Portoviejo,Ecuador,227222.437
La Chorrera,Panama,165453.6996
Havana,Cuba,1632771.662
Ipiales,Colombia,116592.1093
May Pen,Jamaica,74795.0087
Rubio,Venezuela,73233.63707
Petit-Goâve,Haiti,149312.8837
Mao,Dominican Republic,69075.17364
Antofagasta,Chile,365402.108
Riberalta,Bolivia,81222.80955
Tefé,Brazil,57907.99535
Caguas,Puerto Rico,90278.18034
San Salvador de Jujuy,Argentina,278978.2479
Chaguanas,Trinidad and Tobago,131058.1254
Pedro Juan Caballero,Paraguay,127053.1349
Tacuarembó,Uruguay,51238.08823
Tijuana,México,1538300.988
Retalhuleu,Guatemala,64265.58646
Santa Ana,El Salvador,205664.8586
San Pedro Sula,Honduras,1301567.028
Esteli,Nicaragua,113538.3689
Cartago,Costa Rica,189382.72
Piura,Peru,491829.2709
Huaquillas,Ecuador,51772.30811
Arraiján,Panama,265294.3228
Las Guásimas,Cuba,56583.78616
Pasto,Colombia,352415.4738
Old Harbour,Jamaica,59137.69223
Machiques,Venezuela,95605.92587
Grand Goâve,Haiti,68282.34523
Azua,Dominican Republic,62726.24381
Calama,Chile,125065.6549
Oruro,Bolivia,368455.6079
Porto Velho,Brazil,419754.5503
Salta,Argentina,633196.1256
Coronel Oviedo,Paraguay,109879.6199
Rivera,Uruguay,73341.67075
San Luis,México,56171.30427
Quetzaltenango,Guatemala,295632.8341
Ciudad Arce,El Salvador,55350.75825
Villanueva,Honduras,96751.68173
Masaya,Nicaragua,166945.7551
Limón,Costa Rica,50579.21513
Tumbes,Peru,109279.5819
Chone,Ecuador,65291.69155
Panama City,Panama,1612439.467
Managua,Cuba,115963.9621
Buenaventura,Colombia,430956.3827
Portmore,Jamaica,342759.3864
San Cristobal,Venezuela,374936.0484
Anse-à-Galets,Haiti,70775.25349
Esperanza,Dominican Republic,55707.18438
Copiapó,Chile,179962.0202
Cochabamba,Bolivia,1357547.955
Coari,Brazil,59193.45439
Palpalá,Argentina,72871.71389
Villarrica,Paraguay,72259.19826
Las Piedras,Uruguay,106085.5023
Ciudad Constitución,México,63241.55574
Mazatenango,Guatemala,112387.6568
Lourdes,El Salvador,134315.7691
La Lima,Honduras,51353.18668
Tipitapa,Nicaragua,87293.5999
Zarumilla,Peru,50172.87003
Guayaquil,Ecuador,3247674.482
Cotorro,Cuba,100279.4056
Orito,Colombia,51867.92522
Kingston,Jamaica,593374.8263
Villa del Rosario,Venezuela,76455.25885
Léogâne,Haiti,162657.2234
Santiago de los Caballeros,Dominican Republic,678295.8372
Coquimbo,Chile,204684.6315
Trinidad,Bolivia,119469.1942
Ariquemes,Brazil,79876.04743
La Rioja,Argentina,228389.6772
Caaguazú,Paraguay,108252.1447
Montevideo,Uruguay,1219221.866
Tecate,México,69365.7261
Totonicapán,Guatemala,116195.6008
San Salvador,El Salvador,1615741.491
Comayagua,Honduras,113059.6785
Granada,Nicaragua,98172.6129
Puerto Hondo,Ecuador,60866.39412
Lambayeque,Peru,57457.54137
Matanzas,Cuba,148632.8713
Popayán,Colombia,224661.6835
Santa Bárbara del Zulia,Venezuela,81292.27744
Jacmel,Haiti,118702.0783
Baní,Dominican Republic,137526.7253
La Serena,Chile,272316.9663
Potosí,Bolivia,261971.8658
San Martín,Argentina,83268.17778
Ji-Paraná,Brazil,109456.2761
Encarnacion,Paraguay,177550.8119
Ciudad de la Costa,Uruguay,99151.3724
Cabo San Lucas,México,255769.575
Momostenango,Guatemala,59574.4248
Quezaltepeque,El Salvador,56634.92055
Puerto Cortés,Honduras,75253.63072
Jinotega,Nicaragua,79339.44559
Daule,Ecuador,80197.86884
Chiclayo,Peru,642224.9615
Varadero,Cuba,55416.83955
Hacienda Río Blanco,Colombia,58485.13354
El Vigía,Venezuela,103088.212
Saint-Marc,Haiti,228978.8637
Puerto Plata,Dominican Republic,128130.6296
Ovalle,Chile,72425.77777
Sucre,Bolivia,292077.9239
Libertador General San Martín,Argentina,54712.4081
Boa Vista,Brazil,344499.4383
Ciudad del Este,Paraguay,422701.3394
Maldonado,Uruguay,124857.5563
La Paz,México,369299.2371
Chiantla,Guatemala,74627.50728
Cojutepeque,El Salvador,57723.00495
El Progreso,Honduras,138953.7938
Matagalpa,Nicaragua,134379.7401
Machala,Ecuador,263230.5951
Trujillo,Peru,991426.9265
Cienfuegos,Cuba,129052.4617
Cali,Colombia,2691615.942
La Concepción,Venezuela,52997.87376
Port-de-Paix,Haiti,343402.7088
La Vega,Dominican Republic,119131.7426
Valparaíso,Chile,838445.6069
Tarija,Bolivia,250298.3573
San Pedro de Jujuy,Argentina,64284.93354
Cacoal,Brazil,58769.50633
Hernandarias,Paraguay,78161.70246
San José del Cabo,México,157463.3024
San Pedro Soloma,Guatemala,54295.24125
Zacatecoluca,El Salvador,62631.62775
Choluteca,Honduras,128000.3279
Bilwi,Nicaragua,107012.0079
Vinces,Ecuador,51505.2718
Jaén,Peru,66928.25185
Jamundí,Colombia,131851.7547
Trinidad,Cuba,53969.61528
Maracaibo,Venezuela,2142105.375
Port-au-Prince,Haiti,1733377.8
Moca,Dominican Republic,95304.70105
Concón,Chile,58913.40205
Montero,Bolivia,118183.5761
San Ramón de la Nueva Orán,Argentina,92652.71445
Manacapuru,Brazil,73818.21545
Mexicali,México,736551.6306
Sololá - Tz'olöj Ya',Guatemala,70804.76877
Usulután,El Salvador,64304.47679
Tegucigalpa,Honduras,1653508.639
Pasaje,Ecuador,55206.82028
Cajamarca,Peru,276090.7321
Quibdó,Colombia,106894.2114
Santa Clara,Cuba,222228.933
San Rafael del Moján,Venezuela,66562.99993
Gonaïves,Haiti,393644.1118
Bonao,Dominican Republic,88713.37907
San Antonio,Chile,135702.998
Santa Cruz de la Sierra,Bolivia,2016833.232
Concepción,Argentina,56730.34791
Manaus,Brazil,2368804.754
San Luis Río Colorado,México,202387.6974
Santa Lucía Cotzumalguapa,Guatemala,112152.1367
San Miguel,El Salvador,165221.9147
Danlí,Honduras,75556.94656
Barrio Codesa,Ecuador,90630.94535
Chimbote,Peru,218648.9798
Santander de Quilichao,Colombia,61793.59339
Sancti Spiritus,Cuba,105367.1291
Puerto Escondido,Venezuela,56759.83455
Gros Morne,Haiti,78080.67837
San Cristóbal,Dominican Republic,183844.8001
La Calera,Chile,60386.67505
Satelite Norte,Bolivia,59216.07901
San Miguel de Tucumán,Argentina,986266.9288
Vilhena,Brazil,76548.33764
Rocky Point,México,72681.24926
Santa Cruz del Quiché,Guatemala,83932.66982
La Ceiba,Honduras,300947.6603
Esmeraldas,Ecuador,155381.0933
Nuevo Chimbote,Peru,128369.0372
Turbo,Colombia,53330.41972
Ciego de Ávila,Cuba,114508.0893
Cabimas,Venezuela,299559.3463
Cabaret,Haiti,77961.90483
San Francisco de Macorís,Dominican Republic,147299.0359
Quillota,Chile,71098.23152
Yacuiba,Bolivia,87366.15941
San Fernando del Valle de Catamarca,Argentina,208496.3887
Itacoatiara,Brazil,72359.57405
Guaymas,México,125093.7119
Santa Cruz Barillas,Guatemala,77901.2918
Juticalpa,Honduras,66233.9806
Milagro,Ecuador,164037.6362
Barranca,Peru,63858.59131
Chigorodó,Colombia,53945.47175
Camagüey,Cuba,286044.8646
Mérida,Venezuela,218098.5524
Dessalines,Haiti,51214.71705
Santo Domingo,Dominican Republic,4593163.695
Concepción,Chile,508454.7209
Tartagal,Argentina,53059.89779
Parintins,Brazil,82417.16164
Los Mochis,México,252461.1375
Santa María Nebaj,Guatemala,53080.36719
Catacamas,Honduras,56012.41944
Babahoyo,Ecuador,106151.2433
Huaraz,Peru,120033.8214
Palmira,Colombia,196215.0051
Manzanillo,Cuba,110567.5204
Ciudad Ojeda,Venezuela,174151.1074
Petite-Rivière-de-l'Artibonite,Haiti,58597.14659
San Pedro de Macorís,Dominican Republic,240203.3176
San Pedro de la Paz,Chile,76423.98932
San Rafael,Argentina,121172.952
Tangará da Serra,Brazil,67205.54508
Heroica Caborca,México,76331.77996
Escuintla,Guatemala,85049.82379
Tocoa,Honduras,59941.01254
El Carmen,Ecuador,73021.05799
Huacho,Peru,118109.6934
Buga,Colombia,117577.8462
Nuevitas,Cuba,52879.51654
Socopó,Venezuela,75675.21747
Saint Michel de l’Attalaye,Haiti,59784.37157
La Romana,Dominican Republic,248411.587
Coronel,Chile,107945.1149
San Carlos de Bariloche,Argentina,115040.6069
Cáceres,Brazil,74056.68812
Hermosillo,México,778882.36
Chimaltenango,Guatemala,181905.7619
Quinindé,Ecuador,58361.48311
Moyobamba,Peru,87055.48362
Apartadó,Colombia,226447.8924
Las Tunas,Cuba,188545.5119
Valera,Venezuela,144937.8373
Limbé,Haiti,76756.9309
Salvaleón de Higüey,Dominican Republic,140438.0323
Penco,Chile,55335.31206
Santiago del Estero,Argentina,399038.6727
Itaituba,Brazil,76341.91829
Ciudad Obregón,México,330236.5637
Antigua Guatemala,Guatemala,107276.4734
Quevedo,Ecuador,187211.2087
Huaral,Peru,68032.11571
Tuluá,Colombia,245274.8203
Bayamo,Cuba,201288.1951
Barinas,Venezuela,323816.5117
Mirebalais,Haiti,56736.1203
Chiguayante,Chile,142020.5593
San Luis,Argentina,188276.1321
Corumbá,Brazil,124051.3971
Esperanza,México,59485.06196
Guatemala City,Guatemala,2900618.853
Santo Domingo de los Tsachilas,Ecuador,357691.9378
Pitalito,Colombia,77842.03324
Puerto Padre,Cuba,51483.36398
Boconó,Venezuela,58677.17578
Cap-Haitien,Haiti,340357.0084
Melipilla,Chile,61858.57312
Cutral Có,Argentina,59572.92277
Lucas do Rio Verde,Brazil,62757.72151
Navojoa,México,110580.4538
San Juan Sacatepéquez,Guatemala,85399.79373
City of Loja,Ecuador,170979.2695
Lima,Peru,10828103.83
Cartago,Colombia,119466.1684
Contramaestre,Cuba,70971.37853
Hinche,Haiti,64153.28431
Carora,Venezuela,144425.6481
San Felipe,Chile,72435.58869
Villa Carlos Paz,Argentina,70728.51451
Sorriso,Brazil,72270.87947
Guasave,México,84062.20223
Grufes Sector de Mujere,Guatemala,63828.92257
Cuenca,Ecuador,506176.672
Pereira,Colombia,596362.7838
Holguín,Cuba,313756.927
Punto Fijo,Venezuela,257860.7735
Ouanaminthe,Haiti,105505.8938
Los Andes,Chile,84109.87538
Villa Mercedes,Argentina,114158.6645
Cuiabá,Brazil,801996.8688
Guamúchil,México,66184.84012
Cobán,Guatemala,221271.1628
Riobamba,Ecuador,183174.1439
Garzón,Colombia,71714.99141
Palma Soriano,Cuba,105118.9375
Guanare,Venezuela,180986.6641
Santiago,Chile,6633766.609
Cordoba,Argentina,1468196.585
Sinop,Brazil,119760.4121
Culiacán,México,671458.5658
San Pedro Carchá,Guatemala,97815.6443
Ambato,Ecuador,275466.0446
Tarapoto,Peru,165836.4075
Tierralta,Colombia,67877.37499
Santiago de Cuba,Cuba,441984.805
El Tocuyo,Venezuela,81094.71733
Talagante,Chile,56657.67737
Neuquén,Argentina,234072.773
Santarém,Brazil,185263.3645
Mazatlán,México,419191.6331
Jalapa,Guatemala,85516.91296
Latacunga,Ecuador,87529.66862
Yurimaguas,Peru,61622.81114
Florencia,Colombia,204480.3619
Quíbor,Venezuela,55106.91505
Peñaflor,Chile,91822.80574
Cipolletti,Argentina,82452.09072
Rondonópolis,Brazil,212447.235
Puerto Vallarta,México,190175.6111
Jutiapa,Guatemala,52476.80422
Quito,Ecuador,2605678.13
Armenia,Colombia,322712.7703
Huánuco,Peru,191398.7143
Banes,Cuba,57299.03422
Coro,Venezuela,200198.7345
Colina,Chile,51718.02173
General Roca,Argentina,89329.39549
Primavera do Leste,Brazil,53046.91037
San José del Valle,México,68070.00123
Chiquimula,Guatemala,63654.51116
Cumbaya,Ecuador,101358.7836
Santa Rosa de Cabal,Colombia,54957.92248
Cerro de Pasco,Peru,65036.03066
Guantanamo,Cuba,201035.9353
Barquisimeto,Venezuela,853705.7149
Talca,Chile,270689.4471
Río Cuarto,Argentina,144592.0714
Campo Grande,Brazil,910909.7178
Manzanillo,México,176405.315
Flores,Guatemala,145258.9636
Otavalo,Ecuador,54258.88663
Tingo María,Peru,58069.78524
Medellín,Colombia,3215457.351
Moa,Cuba,62015.75772
Tamaca,Venezuela,103054.186
Curicó,Chile,103446.7394
Villa María,Argentina,90718.04675
Uruguaiana,Brazil,118736.1576
El Alamito,México,277554.5201
El Estor,Guatemala,52061.60103
Ibarra,Ecuador,166828.6139
Caldas,Colombia,61792.38298
Chincha Alta,Peru,186467.3265
Baracoa,Cuba,67035.44259
Cabudare,Venezuela,119102.0147
San Fernando,Chile,53205.91534
Presidencia Roque Sáenz Peña,Argentina,92355.69137
Dourados,Brazil,178124.0197
Tecoman,México,122463.1415
Poptún,Guatemala,62786.42481
Cayambe,Ecuador,51685.21063
Montería,Colombia,325725.7641
Pisco,Peru,67975.52236
Acarigua,Venezuela,289253.8571
Chillán,Chile,169341.7227
San Francisco,Argentina,58017.2295
Altamira,Brazil,102613.5185
Tepic,México,420019.6003
Morales,Guatemala,53437.94886
Puyo,Ecuador,51412.38141
Manizales,Colombia,432609.6327
Ica,Peru,186984.9577
Duaca,Venezuela,56185.09024
Rancagua,Chile,277738.1925
Santa Rosa,Argentina,122756.2169
Foz do Iguaçu,Brazil,219138.6881
Colima,México,307482.7595
Puerto Barrios,Guatemala,66988.84496
Tena,Ecuador,54647.55241
Neiva,Colombia,330812.2619
Parcona,Peru,70136.29081
San Carlos,Venezuela,122453.7669
Linares,Chile,57009.27056
General Pico,Argentina,55066.8596
Santana,Brazil,143271.532
Ciudad Guzmán,México,92429.72936
Tulcán,Ecuador,54691.71468
Lorica,Colombia,62350.32012
Huancayo,Peru,455854.5835
Marín,Venezuela,59394.51406
Los Ángeles,Chile,125443.1422
Rafaela,Argentina,78327.86697
Macapá,Brazil,451688.6323
Agua Prieta,México,100740.5005
Puerto Francisco de Orellana,Ecuador,74809.33259
Rionegro,Colombia,51898.26643
Pucallpa,Peru,247753.0266
Tinaquillo,Venezuela,99630.81772
Temuco,Chile,355235.9665
Venado Tuerto,Argentina,63456.32442
Barra do Garças,Brazil,64964.86899
Guadalajara,México,4138349.881
Nueva Loja,Ecuador,75763.82448
Ibagué,Colombia,514064.1783
Bajo Pichanaqui,Peru,99967.57634
Valencia,Venezuela,1601248.835
Valdivia,Chile,148826.0266
Santa Fe,Argentina,377685.5917
Mineiros,Brazil,58494.88635
Tesistán,México,60700.73127
Montelíbano,Colombia,74810.97465
Peña Negra,Peru,56518.12267
Puerto Ayacucho,Venezuela,121658.8809
Osorno,Chile,140213.5922
Santo Tomé,Argentina,82970.47698
Toledo,Brazil,115692.384
Lázaro Cárdenas,México,168921.4163
Sahagún,Colombia,274290.9358
Iquitos,Peru,73060.58015
Puerto Cabello,Venezuela,162198.2111
Puerto Montt,Chile,235332.7525
Reconquista,Argentina,107098.3678
Sant'Ana do Livramento,Brazil,58515.45342
Durango,México,548393.9081
Cartagena,Colombia,925945.2183
Huanta,Peru,50666.84704
Biruaca,Venezuela,100147.3017
Coyhaique,Chile,51872.00157
Resistencia,Argentina,416874.6149
Umuarama,Brazil,91482.86738
Apatzingán,México,118828.9083
Sincelejo,Colombia,294641.5986
Ayacucho,Peru,216773.7485
Las Mercedes,Venezuela,71325.8004
Paraná,Argentina,208270.3069
Punta Arenas,Chile,112210.0348
Breves,Brazil,55575.45983
Sahuayo de Morelos,México,82902.09812
Espinal,Colombia,52055.84404
Cusco,Peru,517707.4456
Maracay,Venezuela,866299.742
Corrientes,Argentina,406711.8606
Cascavel,Brazil,309465.7258
Ocotlán,México,106676.0816
Caucasia,Colombia,72713.7267
Arequipa,Peru,1004835.002
Calabozo,Venezuela,123576.914
Funes,Argentina,77147.31145
Jataí,Brazil,86168.22631
Los Reyes de Salgado,México,55227.39721
Girardot,Colombia,112472.9157
Ilo,Peru,65993.98868
Palo Negro,Venezuela,68712.13618
San Lorenzo,Argentina,63097.45467
Santo Ângelo,Brazil,58292.69884
Cuauhtémoc,México,125930.6397
Corozal,Colombia,50527.3566
Moquegua,Peru,50499.68143
Villa de Cura,Venezuela,65526.25407
Rosario,Argentina,1187381.863
Cianorte,Brazil,59003.91811
Tepatitlán,México,110772.8186
Turbaco,Colombia,65829.02293
Juliaca,Peru,326109.6982
San Mateo,Venezuela,67242.41715
Goya,Argentina,74028.24274
Paranavaí,Brazil,61675.44393
Zihuatanejo,México,86848.19531
Arjona,Colombia,57774.09224
Puno,Peru,129974.5941
San Juan de Los Morros,Venezuela,111896.7902
Formosa,Argentina,228672.1399
Ijuí,Brazil,63660.47662
Jacona de Plancarte,México,52772.62127
La Dorada,Colombia,78945.03893
Puerto Maldonado,Peru,88873.83774
La Victoria,Venezuela,132868.1872
Junín,Argentina,82776.61969
Parauapebas,Brazil,194029.1336
Nuevo Casas Grandes,México,53483.89513
Fusagasugá,Colombia,102396.2163
Tacna,Peru,341997.3547
San Antonio de los Altos [Los Teques],Venezuela,260434.9254
Pergamino,Argentina,90301.94758
Redenção,Brazil,75366.20491
Hidalgo del Parral,México,115314.3604
Facatativá,Colombia,120460.5771
Catia La Mar [La Guaira],Venezuela,340092.4895
Comodoro Rivadavia,Argentina,162678.3937
Francisco Beltrão,Brazil,66039.95083
Zamora,México,127828.5485
Magangué,Colombia,71842.33093
Caracas,Venezuela,2667322.485
San Nicolás de los Arroyos,Argentina,141135.8931
Tucuruí,Brazil,103981.3525
Uruapan,México,336317.1681
Bogota,Colombia,10419360.65
Cúa,Venezuela,103125.0461
Puerto Madryn,Argentina,103274.4675
Três Lagoas,Brazil,110115.4238
Arandas,México,61793.86968
Sabanalarga,Colombia,68701.16335
Charallave,Venezuela,141375.393
Trelew,Argentina,114365.8259
Campo Mourão,Brazil,83840.62612
La Piedad de Cabadas,México,116654.0467
Barranquilla,Colombia,2166638.375
Ocumare del Tuy,Venezuela,91639.57149
Caleta Olivia,Argentina,64315.95473
Rio Verde,Brazil,218380.9803
Zacapu,México,52470.86637
Pinillos,Colombia,124421.7233
Santa Teresa del Tuy,Venezuela,205779.8951
Bahía Blanca,Argentina,279514.821
Santa Maria,Brazil,223105.2749
San Juan de los Lagos,México,64562.88611
Chía,Colombia,289605.6813
Guarenas,Venezuela,430307.5596
Punta Alta,Argentina,50499.73209
Maringá,Brazil,507945.2871
Pátzcuaro,México,75440.12878
Zipaquirá,Colombia,128428.7754
Valle de La Pascua,Venezuela,108648.5472
Chivilcoy,Argentina,53524.4841
Pato Branco,Brazil,64886.07871
Chihuahua,México,832219.698
Tiquisio,Colombia,215998.371
Zaraza,Venezuela,55231.47668
Viedma,Argentina,74823.86562
Bagé,Brazil,100920.1036
Pénjamo,México,50452.25615
Acacías,Colombia,50039.9198
Barcelona,Venezuela,688689.5729
Concordia,Argentina,136899.2036
Presidente Prudente,Brazil,200218.9194
Aguascalientes,México,878454.5583
Sesquilé,Colombia,74659.92157
Anaco,Venezuela,127761.0044
Zárate,Argentina,86875.18423
Jacundá,Brazil,54633.79143
Fresnillo,México,151502.8793
Chiquinquirá,Colombia,56080.92531
El Tigre,Venezuela,166917.4095
Olavarría,Argentina,82411.93195
Chapecó,Brazil,211736.3943
San Francisco del Rincón,México,127694.6988
Barrancabermeja,Colombia,186320.3816
San José de Guanipa,Venezuela,83683.33658
Gualeguaychu,Argentina,60433.39265
Marabá,Brazil,222699.4716
Zacatecas,México,284147.0386
Villavicencio,Colombia,334493.2636
Cumana,Venezuela,398294.1059
Campana,Argentina,59995.93342
Tailândia,Brazil,86467.55712
Morelia,México,635587.9012
Ciénaga,Colombia,103063.3019
Porlamar,Venezuela,267847.1843
Concepción del Uruguay,Argentina,50970.02748
Abaetetuba,Brazil,101853.4851
Delicias,México,132479.555
Fundación,Colombia,57344.53383
Ciudad Bolivar,Venezuela,325053.9671
Luján,Argentina,66489.34379
Carazinho,Brazil,51079.90404
Lagos de Moreno,México,118084.013
Peñon del Rodadero,Colombia,63190.3967
Punta de Mata,Venezuela,54486.44864
Buenos Aires,Argentina,14179912.05
Arapongas,Brazil,106398.3089
León,México,1384014.169
Santa Marta,Colombia,423996.0067
Maturin,Venezuela,487362.3029
Belén de Escobar,Argentina,62681.98588
Apucarana,Brazil,112934.8455
Uriangato,México,120106.6362
Tunja,Colombia,199107.4068
El Zorro,Venezuela,77258.44731
Azul,Argentina,54112.17407
Londrina,Brazil,640350.2926
Irapuato,México,468284.6394
Aguachica,Colombia,68779.92597
Carúpano,Venezuela,111012.2358
Posadas,Argentina,393458.873
Erechim,Brazil,83700.75314
Tepeyac,México,54218.87247
Ocaña,Colombia,87091.53011
Ciudad Guayana,Venezuela,551960.1056
Ingeniero Juan Allan,Argentina,50270.10238
Belém,Brazil,2192374.924
Silao,México,108073.6405
Girón,Colombia,191631.7245
San Félix,Venezuela,148642.3779
Río Gallegos,Argentina,138375.8225
Passo Fundo,Brazil,183865.3435
Acapulco,México,668457.3335
Duitama,Colombia,75118.4844
Upata,Venezuela,78982.91256
La Plata,Argentina,762830.6605
Gurupi,Brazil,76153.01665
Valle de Santiago,México,90147.68425
Bucaramanga,Colombia,893662.2264
Tucupita,Venezuela,130914.0791
Tandil,Argentina,118074.5953
Cachoeira do Sul,Brazil,62619.11362
Salamanca,México,176289.9744
Piedecuesta,Colombia,128963.2781
Puerto Iguazú,Argentina,54621.71332
Guarapuava,Brazil,141598.8921
Torreón,México,1363775.688
Sogamoso,Colombia,78626.11526
Oberá,Argentina,80383.61844
Araçatuba,Brazil,187820.7273
Guanajuato,México,135322.935
Recetor,Colombia,134721.4378
Eldorado,Argentina,67940.61368
Fernandópolis,Brazil,58835.93474
Cortazar,México,77608.48223
San José del Guaviare,Colombia,62009.16994
Necochea,Argentina,77714.00168
Tupã,Brazil,56771.71897
Acámbaro,México,66233.50849
Valledupar,Colombia,589134.8509
Mar del Plata,Argentina,627742.6664
Trindade,Brazil,67350.84337
Ciudad Hidalgo,México,74687.06014
Yopal,Colombia,210798.7983
Rio Grande,Argentina,66334.58115
Birigui,Brazil,114675.4355
Celaya,México,381192.4821
Cúcuta,Colombia,817158.1235
Ushuaia,Argentina,70173.02332
Goiânia,Brazil,2457483.108
Zitácuaro,México,112348.6402
Riohacha,Colombia,258811.747
Santa Cruz do Sul,Brazil,97453.97749
Dolores Hidalgo Cuna De La Independencia Nacional,México,83620.20846
Manaure,Colombia,72872.68177
Goianésia,Brazil,62965.9407
Chilpancingo,México,219721.0456
Maicao,Colombia,147235.643
Votuporanga,Brazil,81983.83559
San Miguel de Allende,México,92834.27735
Uribia,Colombia,127753.3099
Araguaína,Brazil,175408.6581
Querétaro,México,908964.456
Arauca,Colombia,121022.9925
Assis,Brazil,93872.71508
Iguala,México,110425.827
Leticia,Colombia,53711.40972
Castanhal,Brazil,176238.3347
Ciudad Juárez,México,1214948.819
Penápolis,Brazil,54935.97623
Taxco,México,61067.33801
Palmas,Brazil,192786.8071
San Luis Potosí,México,1005068.069
Jardim Aureny III,Brazil,107088.964
Toluca,México,1594046.479
Senador Canedo,Brazil,67605.27191
Almoloya de Juárez,México,61840.75098
Telêmaco Borba,Brazil,70666.06905
San Luis de la Paz,México,82683.02541
Ituiutaba,Brazil,95365.6185
San Juan del Río,México,181410.2252
Anápolis,Brazil,375174.9224
Capulhuac de Mirafuentes,México,78932.39507
União da Vitória,Brazil,60911.65717
Cuernavaca,México,866396.3467
Lajeado,Brazil,72762.49389
Mexico City,México,17639163.99
Itumbiara,Brazil,97001.06136
Tlapa de Comonfort,México,65413.79492
Marília,Brazil,219979.3917
Cuautla,México,226028.0103
Caçador,Brazil,65948.75256
Tepeji de Ocampo,México,57087.11441
Lins,Brazil,70571.42105
Tula,México,70282.91442
Mirassol,Brazil,52104.9622
Colonia Santa Teresa,México,54491.67687
São José do Rio Preto,Brazil,437282.5062
Huehuetoca,México,60013.06101
Ourinhos,Brazil,105974.0589
Rioverde,México,72079.84696
Açailândia,Brazil,89347.44668
Zumpango,México,63658.8755
Bento Gonçalves,Brazil,94082.8247
Ozumba de Alzate,México,56406.9492
Pelotas,Brazil,299134.2832
Mixquiahuala,México,57947.26111
Imperatriz,Brazil,233772.2661
Los Reyes Acozac,México,62352.5376
Paragominas,Brazil,91444.82181
Texcoco de Mora,México,222360.7912
Ponta Grossa,Brazil,312508.7268
Matehuala,México,91142.67149
Caldas Novas,Brazil,71471.80829
Tizayuca,México,101965.6766
Capanema,Brazil,57117.23726
Atlixco,México,66247.19535
Águas Lindas de Goiás,Brazil,191818.3598
Santa Matilde,México,102206.3105
Santo Antônio do Descoberto,Brazil,65909.84636
Pachuca,México,326869.8644
Caxias do Sul,Brazil,402433.8644
Texmelucan,México,187949.0671
Rio Grande,Brazil,173871.8675
Ciudad Sahagún,México,53601.6636
Brazlândia,Brazil,54798.09938
Puebla,México,1949859.502
Brasilia,Brazil,1799120.619
Saltillo,México,735829.0286
Recanto das Emas,Brazil,189608.8745
Huajuapan,México,72744.05504
Guaíba,Brazil,65030.94156
Zacatelco,México,136461.4823
Catanduva,Brazil,109137.7044
Tlaxcala,México,208322.9597
Novo Hamburgo,Brazil,554410.0214
Ramos Arizpe,México,89395.60603
Valparaíso de Goiás,Brazil,592234.9672
Apizaco,México,126631.6485
Porto Alegre,Brazil,2763349.624
Tulancingo,México,130003.3591
Bauru,Brazil,366248.5508
Monclova,México,290388.9017
Cidade Ocidental,Brazil,140593.4038
Ciudad Valles,México,115034.6728
Bragança,Brazil,82155.68003
Huamantla,México,67554.51977
Lago Norte,Brazil,186767.9153
Huauchinango,México,69870.94278
Sapiranga,Brazil,71643.02885
Huejutla de Reyes,México,54452.88195
Luziânia,Brazil,95928.18047
Tehuacán,México,223263.5609
Sobradinho II,Brazil,162324.4912
García,México,176821.6421
Uberlândia,Brazil,658427.1051
Monterrey,México,4011151.011
Barretos,Brazil,114680.0162
Ciudad Mante,México,83621.38819
Lages,Brazil,134819.645
Xicotepec de Juárez,México,50753.75152
Paranoá,Brazil,116381.0965
Oaxaca de Juárez,México,510651.7887
Ibitinga,Brazil,53628.92146
Orizaba,México,321412.7831
São Sebastião,Brazil,93637.43144
Ciudad Victoria,México,328571.4336
Araguari,Brazil,102026.4554
Montemorelos,México,53750.40378
Planaltina,Brazil,186714.169
Cadereyta Jiménez,México,82073.02951
Planaltina,Brazil,78996.27465
El Puente,México,223765.2326
Campo Largo,Brazil,63981.91322
Teziutlán,México,106774.1531
Bebedouro,Brazil,71040.10268
Linares,México,73193.07229
Catalão,Brazil,86261.11513
Córdoba,México,227802.0048
Avaré,Brazil,75745.63821
Sabinas,México,54689.8874
Lençóis Paulista,Brazil,55246.61168
Poza Rica,México,221672.659
Curitiba,Brazil,2512876.6
Coatepec,México,65623.40746
Araucária,Brazil,110889.7051
Papantla de Olarte,México,54600.52426
Jaú,Brazil,127171.3345
Xalapa,México,557330.8469
Jaboticabal,Brazil,67345.49992
Túxpam,México,122368.6425
Formosa,Brazil,100233.2395
Martínez de la Torre,México,91075.34979
Fazenda Rio Grande,Brazil,78178.27062
Tampico,México,614281.1736
Matão,Brazil,74977.08586
Altamira,México,156294.8364
Barra Bonita,Brazil,58841.94742
Tierra Blanca,México,58731.33046
Itapeva,Brazil,65892.85649
Tuxtepec,México,103131.4217
Uberaba,Brazil,330021.3868
Veracruz,México,680672.3697
Botucatu,Brazil,124391.5378
Santo Domingo Tehuantepec,México,57382.34638
Araraquara,Brazil,220701.3106
Salina Cruz,México,90372.91501
Sertãozinho,Brazil,111256.6458
Ciudad Acuña,México,117261.6469
Tramandaí,Brazil,53877.42009
Piedras Negras,México,115624.1156
Jaraguá do Sul,Brazil,125168.5263
Juchitán,México,89287.62222
Capão da Canoa,Brazil,52206.43685
Nuevo Laredo,México,316098.3704
Ribeirao Preto,Brazil,671130.7215
San Andrés Tuxtla,México,78574.07062
Balsas,Brazil,82629.65136
Reynosa,México,616127.2669
Blumenau,Brazil,233039.0879
Acayucan,México,64408.20068
São Carlos,Brazil,234904.4381
Río Bravo,México,92655.21001
Unaí,Brazil,60236.25668
Minatitlán,México,166259.1817
Joinville,Brazil,554422.3142
Coatzacoalcos,México,303635.2101
Batatais,Brazil,52834.19604
Matamoros,México,518354.0403
Criciúma,Brazil,157833.4242
Cintalapa,México,53826.18715
Paracatu,Brazil,70555.66843
Tuxtla Gutiérrez,México,572808.1713
Paranaguá,Brazil,149161.225
Cárdenas,México,131842.2829
Franca,Brazil,355369.6112
Tapachula,México,307204.3228
Itapetininga,Brazil,125438.0246
Comalcalco,México,57985.79097
Brusque,Brazil,70663.35393
San Cristóbal de las Casas,México,210903.2006
Patrocínio,Brazil,56577.51233
Villahermosa,México,492120.1226
Tatuí,Brazil,97072.7123
Comitán,México,125025.5421
Piracicaba,Brazil,373343.6853
Ocosingo,México,61293.94072
Itajaí,Brazil,260618.5975
Ciudad del Carmen,México,215256.3008
Rio Claro,Brazil,196010.5152
Campeche,México,229665.5719
Santa Inês,Brazil,77468.87824
Mérida,México,852925.9482
Balneário Camboriú,Brazil,192572.4738
Progreso,México,52252.29508
Pirassununga,Brazil,57615.26236
Chetumal,México,187116.3466
Tubarão,Brazil,74833.5251
Valladolid,México,56294.41095
Araxá,Brazil,95613.96533
Playa del Carmen,México,236352.0827
Itapema,Brazil,64879.50484
San Miguel de Cozumel,México,112061.5226
Leme,Brazil,95208.76159
Cancún,México,610780.9469
Florianópolis,Brazil,685024.8557
Limeira,Brazil,294622.5198
Araras,Brazil,90449.37888
Barra do Corda,Brazil,53511.9113
Americana,Brazil,434290.9946
Pinheiro,Brazil,50054.02943
São Sebastião do Paraíso,Brazil,58085.51291
Sorocaba,Brazil,712190.5064
Patos de Minas,Brazil,130432.1573
Campinas,Brazil,1834451.428
Cosmópolis,Brazil,64287.93925
Salto,Brazil,112853.769
Itu,Brazil,109144.9623
Indaiatuba,Brazil,204954.4776
Passos,Brazil,104792.6563
Mogi Guaçu,Brazil,137093.6841
Mogi Mirim,Brazil,73462.7671
Bacabal,Brazil,83102.77009
São Roque,Brazil,55415.52831
São João da Boa Vista,Brazil,79240.91617
Itupeva,Brazil,89313.46514
Vinhedo,Brazil,64329.16155
Itapira,Brazil,59418.41258
Jundiaí,Brazil,473610.4872
Amparo,Brazil,51570.25721
São Paulo,Brazil,19485157.73
Itatiba,Brazil,87705.72346
Poços de Caldas,Brazil,125580.3141
Polvilho,Brazil,81344.815
Barreiras,Brazil,147955.8377
Jardim Santa Fé,Brazil,66748.72315
Francisco Morato,Brazil,351136.9754
Perus,Brazil,80151.70417
São Luís,Brazil,1272247.118
Bragança Paulista,Brazil,130928.4435
Atibaia,Brazil,92512.85584
Praia Grande,Brazil,470185.155
Alfenas,Brazil,71086.88316
Arujá,Brazil,58639.22388
Santos,Brazil,1128177.916
Codó,Brazil,88789.55093
Pouso Alegre,Brazil,112165.7756
Pirapora,Brazil,68450.21122
Formiga,Brazil,55612.01011
Sao Jose dos Campos,Brazil,835844.1388
Varginha,Brazil,130426.195
Caçapava,Brazil,54981.93005
Nova Serrana,Brazil,84730.10975
Taubaté,Brazil,320607.2692
Chapadinha,Brazil,56387.30297
Itajubá,Brazil,70693.78812
Caxias,Brazil,125424.5227
Três Corações,Brazil,63401.16534
Pindamonhangaba,Brazil,79882.7072
Divinópolis,Brazil,204432.3173
Lavras,Brazil,87313.0841
Colônia de Férias Ministro João Cleófas,Brazil,51353.1593
Caraguatatuba,Brazil,56315.65032
Guaratinguetá,Brazil,90504.70323
Curvelo,Brazil,54768.5422
Pará de Minas,Brazil,71748.04757
Lorena,Brazil,83745.19327
Itaúna,Brazil,84453.45315
Floriano,Brazil,59195.14761
Cruzeiro,Brazil,83506.81628
Teresina,Brazil,983295.5776
Montes Claros,Brazil,375328.5187
Sete Lagoas,Brazil,203340.9984
Belo Horizonte,Brazil,4376746.588
Fazenda Castro,Brazil,61944.14509
Icaivera,Brazil,80084.2784
Ribeirão das Neves,Brazil,70195.96693
São João del-Rei,Brazil,76139.0158
Resende,Brazil,106147.1236
Janaúba,Brazil,54780.1909
Santa Luzia,Brazil,54937.13704
Nova Lima,Brazil,50249.41305
Angra dos Reis,Brazil,100748.7082
Volta Redonda,Brazil,404484.7624
Conselheiro Lafaiete,Brazil,122523.8369
Guanambi,Brazil,53735.54303
Barbacena,Brazil,101345.1578
Parnaíba,Brazil,137546.6055
Itabira,Brazil,97287.24659
Itaguaí,Brazil,94997.50139
Rio de Janeiro,Brazil,9853692.802
Juiz de Fora,Brazil,540557.6137
Engenheiro Pedreira,Brazil,67195.63277
Marapicu,Brazil,88793.86791
Irecê,Brazil,59396.87176
Fazenda Parque Recreio,Brazil,118387.8563
Três Rios,Brazil,62536.49218
Ubá,Brazil,91411.07947
Petrópolis,Brazil,212433.7842
Viçosa,Brazil,61080.96397
Coronel Fabriciano,Brazil,132635.7804
Ribeira,Brazil,229593.8021
Ipatinga,Brazil,270481.7509
Niterói,Brazil,1734951.425
Região Oceânica,Brazil,68558.27502
Teresópolis,Brazil,107008.6736
Cataguases,Brazil,60331.02615
Muriaé,Brazil,86281.8324
Caratinga,Brazil,63253.58194
Governador Valadares,Brazil,247145.697
Conselheiro Paulino,Brazil,55770.57376
New Fribourg,Brazil,72941.04531
Manhuaçu,Brazil,52735.24543
Sobral,Brazil,136218.4089
Teófilo Otoni,Brazil,108913.8183
Araruama,Brazil,84680.68098
Petrolina,Brazil,444538.0588
Itaperuna,Brazil,81033.15588
Vitória da Conquista,Brazil,280605.9948
Cabo Frio,Brazil,212519.0644
Rio das Ostras,Brazil,198116.1117
Macaé,Brazil,209075.8324
Senhor do Bonfim,Brazil,51584.42686
Itapipoca,Brazil,62415.97852
Campos dos Goytacazes,Brazil,319594.8685
Cachoeiro de Itapemirim,Brazil,169215.8021
Jequié,Brazil,135558.0591
Itapetinga,Brazil,61163.31978
Crato,Brazil,99477.40029
Colatina,Brazil,93396.40566
Iguatu,Brazil,65880.14039
Juazeiro do Norte,Brazil,246077.9261
Quixadá,Brazil,51849.64807
Guarapari,Brazil,87170.92672
Vitória,Brazil,1291834.422
Aracruz,Brazil,51996.85606
Serra,Brazil,76943.89634
Fazendinha 13,Brazil,58724.62021
Colina de Laranjeiras,Brazil,382968.0832
Fazenda Zucchi,Brazil,51852.38937
Santo Antônio de Jesus,Brazil,78572.05644
Linhares,Brazil,124296.7915
Maranguape,Brazil,63752.60165
Fortaleza,Brazil,3324148.631
Teixeira de Freitas,Brazil,159871.1182
Eunápolis,Brazil,91709.4262
São Mateus,Brazil,66325.66143
Itabuna,Brazil,218577.2664
Horizonte,Brazil,50220.1756
Feira de Santana,Brazil,561529.3965
Valença,Brazil,60940.18861
Pacajus,Brazil,54998.69703
Ilhéus,Brazil,57704.58982
Vila Jardim,Brazil,73104.70266
Serra Talhada,Brazil,60250.49598
Candeias,Brazil,58701.79009
Paulo Afonso,Brazil,60396.97022
Salvador,Brazil,3305395.539
Alagoinhas,Brazil,126848.5315
Simões Filho,Brazil,106245.4847
Dias d'Ávila,Brazil,70636.14117
Camaçari,Brazil,192501.0433
Mossoró,Brazil,276968.9989
Lagarto,Brazil,50221.97684
Patos,Brazil,99487.38429
Itabaiana,Brazil,68554.99678
Estância,Brazil,54378.74577
Caicó,Brazil,56017.85875
Arcoverde,Brazil,66188.86129
B. Parque dos Faróis,Brazil,73384.28528
Aracaju,Brazil,921331.8394
Arapiraca,Brazil,174023.2926
Garanhuns,Brazil,112517.8838
Belo Jardim,Brazil,56382.13578
Santa Cruz do Capibaribe,Brazil,115562.9101
São Miguel dos Campos,Brazil,53197.12074
Caruaru,Brazil,313174.1432
Campina Grande,Brazil,382512.0942
Maceió,Brazil,1046071.456
Gravatá,Brazil,60235.98109
Natal,Brazil,1133223.558
Parnamirim,Brazil,154613.9097
Vitória de Santo Antão,Brazil,109624.3428
Carpina,Brazil,75347.74826
Escada,Brazil,58977.1445
Recife,Brazil,3847557.992
Goiana,Brazil,52544.64932
Cabo de Santo Agostinho,Brazil,114281.8517
João Pessoa,Brazil,1120243.077
Ponte dos Carvalhos,Brazil,50387.46229
Moscow,Russia,14384081.55
London,United Kingdom,10408332.24
Paris,France,9328384.716
Madrid,Spain,5680136.544
Saint Petersburg,Russia,4878965.549
Barcelona,Spain,3908361.824
Berlin,Germany,3549996.965
Athens,Greece,3166757.394
Milan,Italy,3135553.23
Naples,Italy,2885079.239
Essen,Germany,2718996.316
Birmingham,United Kingdom,2617210.513
Kyiv,Ukraine,2575199.121
Manchester,United Kingdom,2539906.697
Rome,Italy,2476089.431
Rotterdam [The Hague],Netherlands,2173754.285
Minsk,Belarus,2093511.951
Vienna,Austria,2056564.784
Warsaw,Poland,1999985.522
Lisbon,Portugal,1974573.68
Bucharest,Romania,1971350.247
Munich,Germany,1827704.046
Budapest,Hungary,1743875.314
Hamburg,Germany,1733897.731
Stockholm,Sweden,1543891.723
Brussels,Belgium,1468753.608
Valencia,Spain,1404208.285
Novosibirsk,Russia,1342710.773
Kharkiv,Ukraine,1284379.986
Copenhagen,Denmark,1258201.641
Turin,Italy,1243448.069
Liverpool,United Kingdom,1243205.803
Amsterdam,Netherlands,1223406.697
Prague,Czechia,1201277.711
Belgrade,Serbia,1200546.585
Lyon,France,1194741.478
Nizhny Novgorod,Russia,1189992.794
Cologne,Germany,1156303.314
Kazan,Russia,1127086.347
Dublin,Ireland,1124519.535
Yekaterinburg,Russia,1102144.619
Sofia,Bulgaria,1068056.502
Porto,Portugal,1060250.077
Leeds,United Kingdom,1053955.19
Rostov-on-Don,Russia,1028671.913
Helsinki,Finland,1001124.665
Tirana,Albania,995788.7711
Glasgow,United Kingdom,992058.6034
Odesa,Ukraine,977813.1761
Samara,Russia,942553.304
Dusseldorf,Germany,921668.7577
Frankfurt,Germany,916259.4734
Marseille,France,911933.9794
Stuttgart,Germany,909231.6837
Lille,France,907122.8382
Oslo,Norway,889573.2617
Katowice,Poland,879406.2828
Ufa,Russia,872394.6235
Omsk,Russia,869414.9253
Voronezh,Russia,863683.7203
Chelyabinsk,Russia,809268.499
Thessaloniki,Greece,783449.5859
Newcastle upon Tyne,United Kingdom,770369.1144
Antwerp,Belgium,767652.2233
Dnipro,Ukraine,761539.6295
Saratov,Russia,761437.2728
Bonn,Germany,756475.1022
Krasnodar,Russia,753687.7014
Makhachkala,Russia,740511.5695
Bilbao,Spain,729221.8602
Krakow,Poland,723413.2294
Toulouse,France,712881.9928
Florence,Italy,711105.1703
Dortmund,Germany,709614.9434
Seville,Spain,696192.6227
Donetsk,Ukraine,690522.4886
Zurich,Switzerland,689208.0731
Bristol,United Kingdom,680809.3614
Palermo,Italy,666321.3296
Sheffield,United Kingdom,665294.4492
Hanover,Germany,663997.3352
Wuppertal,Germany,650877.1736
Nottingham,United Kingdom,650703.1974
Nuremberg,Germany,645852.529
Zagreb,Croatia,643961.8886
Bordeaux,France,642755.5421
Volgograd,Russia,632649.5527
Tyumen,Russia,627661.1046
Zaporizhzhia,Ukraine,624951.1655
Zaragoza,Spain,624270.7076
Lviv,Ukraine,604320.0966
Gothenburg,Sweden,599675.2527
Leipzig,Germany,585334.7999
Izhevsk,Russia,584048.4299
Lodz,Poland,582587.3155
Homel,Belarus,571256.5066
Dresden,Germany,566233.1883
Krasnoyarsk,Russia,559535.3204
Khabarovsk,Russia,538465.5922
Wrocław,Poland,531844.8448
Poznan,Poland,531735.5492
Edinburgh,United Kingdom,530165.3007
Leicester,United Kingdom,527123.7445
Yaroslavl,Russia,524797.4577
Genoa,Italy,523194.2257
Málaga,Spain,522826.643
Astrakhan,Russia,520144.9565
Utrecht,Netherlands,519237.0763
Riga,Latvia,516896.7559
Naberezhnye Chelny,Russia,499388.8254
Portsmouth,United Kingdom,480316.9241
Nantes,France,472261.9187
Kryvyi Rih,Ukraine,471275.3636
Palma de Mallorca,Spain,467467.9937
Tomsk,Russia,465966.4226
Bologna,Italy,456780.0897
Mannheim,Germany,456548.837
Brighton,United Kingdom,456337.3137
Catania,Italy,455595.1543
Chișinău,Moldova,450580.9625
Tallinn,Estonia,449860.9731
Bergamo,Italy,448363.9401
Barnaul,Russia,445561.4036
Kaliningrad,Russia,438434.9947
Cheboksary,Russia,437912.724
Coventry,United Kingdom,437237.4302
Belfast,United Kingdom,437125.4131
Vladivostok,Russia,436926.3431
Penza,Russia,436253.1594
Irkutsk,Russia,434849.2025
Geneva,Switzerland,433727.0321
Kemerovo,Russia,431190.0938
Ryazan,Russia,427329.6715
Bremen,Germany,425974.1066
Strasbourg,France,419245.0208
Wiesbaden,Germany,416574.2254
Podolsk,Russia,414099.0244
Mykolaiv,Ukraine,412070.1313
Orenburg,Russia,406413.556
Skopje,North Macedonia,402733.2785
Alicante,Spain,400711.1455
Mahilioŭ,Belarus,399368.6237
Gdansk,Poland,398019.1673
Brest,Belarus,397637.2771
Hrodna,Belarus,395329.5396
Nice,France,393492.4329
Cardiff,United Kingdom,388459.7329
Bournemouth,United Kingdom,382597.4271
Vitsebsk,Belarus,382195.1918
Las Palmas de Gran Canaria,Spain,378493.8292
Ulyanovsk,Russia,378458.512
Southampton,United Kingdom,374412.9982
Liège,Belgium,373661.8985
Ivanovo,Russia,368358.3335
Valletta,Malta,366065.5113
Santa Cruz de Tenerife,Spain,364849.4155
Belgorod,Russia,364359.3036
Mariupol,Ukraine,363415.2419
Granada,Spain,362800.4477
Stavropol,Russia,357344.4316
Vinnytsia,Ukraine,355789.1426
Magnitogorsk,Russia,351849.5172
Middlesbrough,United Kingdom,351680.2514
Grenoble,France,348043.2818
Luhansk,Ukraine,342311.1346
Murcia,Spain,341431.024
Vilnius,Lithuania,339420.3462
Tver,Russia,339394.2903
Malmo,Sweden,339006.7437
Augsburg,Germany,338257.1073
Montpellier,France,337380.5398
Timișoara,Romania,335524.6954
Plovdiv,Bulgaria,331577.8798
Stoke-on-Trent,United Kingdom,329687.9011
Sosnowiec,Poland,326519.9637
Cluj-Napoca,Romania,321094.5322
Hull,United Kingdom,321006.3242
Brno,Czechia,313581.6171
Тимофеевка,Russia,313301.1655
Vladikavkaz,Russia,312274.6522
Bari,Italy,311280.0539
Szczecin,Poland,311037.1241
Tambov,Russia,310657.8158
Bratislava,Slovakia,310203.9225
Valladolid,Spain,309896.4594
Rouen,France,309210.4024
Wakefield,United Kingdom,307083.2724
Graz,Austria,306742.2013
Tula,Russia,306559.0601
Iași,Romania,304851.3096
Lublin,Poland,304641.189
Busto Arsizio,Italy,303076.7748
Pamplona,Spain,302466.0817
Karlsruhe,Germany,299990.2123
Białystok,Poland,299385.8308
Saransk,Russia,298290.9652
Eindhoven,Netherlands,293437.7853
Simferopol,Ukraine,292024.4507
Vigo,Spain,291791.9252
Toulon,France,290434.0594
Kirov,Russia,289476.2591
Novokuznetsk,Russia,288929.5554
Lausanne,Switzerland,288887.6495
Novi Sad,Serbia,286752.5482
Yoshkar-Ola,Russia,286453.6342
Varna,Bulgaria,286140.3099
Basel,Switzerland,285822.942
Rajon Swerdlowski,Russia,285712.0235
Oryol,Russia,281341.9119
Smolensk,Russia,279694.4353
Kursk,Russia,278148.2743
Cherepovets,Russia,274713.8071
Reading,United Kingdom,273286.6547
Constanța,Romania,273012.0947
Murmansk,Russia,272711.5517
Derby,United Kingdom,271898.7841
A Coruña,Spain,271212.3439
Lipetsk,Russia,270711.2573
Münster,Germany,269164.0206
Bydgoszcz,Poland,269010.5501
Leiden,Netherlands,268630.5109
Luton,United Kingdom,268352.5163
Kaluga,Russia,267853.1707
Zelenograd,Russia,267174.7288
Southend-on-Sea,United Kingdom,265743.9698
Terrassa,Spain,261365.7794
Craiova,Romania,260150.1607
Gijón,Spain,258570.821
Cagliari,Italy,257467.8674
Caserta,Italy,256085.8646
Plymouth,United Kingdom,252927.7312
Ljubljana,Slovenia,252735.8561
Aarhus,Denmark,252649.2805
Dordrecht,Netherlands,252511.7677
Vitoria-Gasteiz,Spain,252151.3009
Rennes,France,251923.8291
Ghent,Belgium,250379.4357
Gillingham,United Kingdom,247682.0877
Kherson,Ukraine,246356.7046
Vologda,Russia,245775.7699
Ulan-Ude,Russia,245015.7896
Padua,Italy,244498.4849
Novorossiysk,Russia,244138.2684
Brescia,Italy,243287.4191
Linz,Austria,243242.7563
Chemnitz,Germany,241511.2661
Sterlitamak,Russia,240965.2939
Córdoba,Spain,239915.6164
Kassel,Germany,238930.6166
Bielefeld,Germany,238107.4825
Freiburg im Breisgau,Germany,238077.8324
Taganrog,Russia,237019.3519
Kaunas,Lithuania,236910.4903
Volzhskiy,Russia,236086.0473
Sarajevo,Bosnia and Herzegovina,235739.1356
Preston,United Kingdom,235599.3088
Cherkasy,Ukraine,233430.9051
Cergy,France,232576.1772
Galați,Romania,232216.8185
Kiel,Germany,231582.1665
Brasov,Romania,230437.8081
Poltava,Ukraine,230005.8073
Vladimir,Russia,227182.4613
Donostia / San Sebastián,Spain,226983.4594
Chernivtsi,Ukraine,225828.5465
Mönchengladbach,Germany,225599.8294
Nalchik,Russia,224565.6776
Khmelnytskyi,Ukraine,224407.29
Ivano-Frankivsk,Ukraine,223968.6383
Chernihiv,Ukraine,223890.0579
Tours,France,223833.9563
Košice,Slovakia,223173.369
Charleroi,Belgium,222465.2314
Sevastopol,Ukraine,220791.9204
Kostroma,Russia,220222.0012
Oviedo / Uviéu,Spain,219998.8177
Northampton,United Kingdom,219781.2778
Almada,Portugal,219476.9746
Krefeld,Germany,219356.9998
Dijon,France,219337.1238
Orléans,France,219331.6641
Niš,Serbia,219094.5821
Pristina,Kosovo,218970.5803
Aachen,Germany,218507.0053
Petrozavodsk,Russia,217903.0686
Nancy,France,217202.5256
Gdynia,Poland,216994.2913
Verona,Italy,216582.4882
Magdeburg,Germany,216131.3311
Split,Croatia,215967.8401
Chita,Russia,215428.3453
Rivne,Ukraine,214364.8852
Arkhangelsk,Russia,213274.9671
Cannes,France,212940.8053
Pescara,Italy,212590.4343
Sant Boi de Llobregat,Spain,212194.9223
Zhytomyr,Ukraine,210457.0785
Pyatigorsk,Russia,208440.8734
Khasavyurt,Russia,207881.4441
Haarlem,Netherlands,207592.2142
Halle (Saale),Germany,207111.9285
Reykjavik,Iceland,206894.8836
Tilburg,Netherlands,206798.0867
Santander,Spain,206301.7725
Kaspiysk,Russia,206082.3058
Stavanger,Norway,205533.3369
Milton Keynes,United Kingdom,205060.0899
Clermont-Ferrand,France,203170.3359
Nizhny Tagil,Russia,202217.1179
Lutsk,Ukraine,201605.9475
Roquetas de Mar,Spain,201233.2804
Walton-on-Thames,United Kingdom,200166.0816
Grays,United Kingdom,198471.3072
Maurepas,France,197578.2656
Rzeszów,Poland,197420.1945
Kamianske,Ukraine,196341.0492
Nizhnevartovsk,Russia,195704.5918
Kropyvnytskyi,Ukraine,195360.9726
Jerez,Spain,194300.7864
Arnhem,Netherlands,194293.4087
Montévrain,France,193867.4997
Bern,Switzerland,193473.7685
Komsomolsk-on-Amur,Russia,193295.3455
Makiivka,Ukraine,193226.2745
Aberdeen,United Kingdom,193154.9967
Brunswick,Germany,192852.6854
Swindon,United Kingdom,192422.1844
Blagoveshchensk,Russia,192404.8518
Reims,France,190718.1834
Nijmegen,Netherlands,190473.0072
Peterborough,United Kingdom,189937.2878
Blackpool,United Kingdom,189729.8781
Sochi,Russia,188724.2404
Norwich,United Kingdom,188535.3058
Ploiești,Romania,187350.1738
Mulhouse,France,187082.4467
Amersfoort,Netherlands,186755.789
Almere,Netherlands,185506.1528
Bila Tserkva,Ukraine,185037.6214
Ternopil,Ukraine,183217.1156
Шелепино,Russia,182550.6191
Sunderland,United Kingdom,180833.2133
Saint-Étienne,France,180472.3108
Metallurgicheskiy District,Russia,179388.7676
Baranavichy,Belarus,179059.1824
Messina,Italy,178836.2622
Trieste,Italy,178655.4552
Armavir,Russia,178118.0111
Heidelberg,Germany,178005.4855
Breda,Netherlands,177734.4773
Sumy,Ukraine,177433.2003
Babruysk,Belarus,177153.5923
Almeria,Spain,176307.2141
Toruń,Poland,176295.9391
Radom,Poland,176099.092
Lübeck,Germany,175411.2098
Erfurt,Germany,174627.6362
Potsdam,Germany,173762.3615
Tolyatti,Russia,172658.6891
Ipswich,United Kingdom,171225.5657
Alkmaar,Netherlands,171003.0002
Alcalá de Henares,Spain,170471.6354
Marbella,Spain,169907.7197
Le Havre,France,168168.8656
Oxford,United Kingdom,168021.497
Groningen,Netherlands,167781.9239
Slough,United Kingdom,167685.1294
Kielce,Poland,167459.9066
Dzerzhinsk,Russia,167435.8351
Abakan,Russia,167068.2904
Logroño,Spain,167010.1967
Oradea,Romania,164898.7173
Częstochowa,Poland,163595.1619
Biysk,Russia,162865.8477
Angers,France,162720.0414
Angarsk,Russia,162626.7025
Haleva,Belarus,162508.2531
Engels,Russia,162464.8682
Brăila,Romania,162040.7598
Luxembourg,Luxembourg,161302.506
Rostock,Germany,160700.3101
Mestre,Italy,160523.5272
Heerlen,Netherlands,160134.6723
Kolpino,Russia,160079.7931
Castelló de la Plana,Spain,159759.6055
Zielona Góra,Poland,159472.47
Heraklion,Greece,159048.8994
Huddersfield,United Kingdom,158949.0653
Nizhnekamsk,Russia,158701.9109
Dundee,United Kingdom,158327.4084
Ленинский,Russia,156888.1719
Elektrostal,Russia,156631.2891
Hagen,Germany,155456.7793
Torrejón de Ardoz,Spain,155231.1962
Modena,Italy,155015.1524
Tampere,Finland,153566.9399
Tarragona,Spain,152943.8722
Podgorica,Montenegro,152731.3553
Burgos,Spain,151942.098
Como,Italy,151878.2609
York,United Kingdom,151629.2888
Kurgan,Russia,151394.0943
Ostrava,Czechia,150765.9702
Swansea,United Kingdom,150621.2539
Regensburg,Germany,150501.7597
Alchevsk,Ukraine,150117.7068
Livorno,Italy,149982.7892
Caen,France,149421.6112
Olsztyn,Poland,148646.8853
Parma,Italy,148518.4509
Veliky Novgorod,Russia,148374.3032
Elx / Elche,Spain,148322.5422
Pitești,Romania,147708.8116
Oldenburg,Germany,147302.1995
Lens,France,147144.7399
Odense,Denmark,147088.0736
Lucerne,Switzerland,146604.0658
Pilsen,Czechia,146255.3815
Warrington,United Kingdom,146241.5713
Patras,Greece,146127.6819
León,Spain,145843.6144
Gloucester,United Kingdom,145717.5489
Pskov,Russia,145668.1118
's-Hertogenbosch,Netherlands,144846.1183
Innsbruck,Austria,144226.3775
Nazran,Russia,144166.0294
Barreiro,Portugal,143986.5122
Blackburn,United Kingdom,143625.3182
Horlivka,Ukraine,143612.1392
Salzburg,Austria,143451.6847
Salamanca,Spain,143061.8538
Trondheim,Norway,142103.7318
Mairena del Aljarafe,Spain,141830.3921
Kragujevac,Serbia,140855.9267
Le Mans,France,140413.8239
Gallarate,Italy,140409.3578
Metz,France,139826.9955
Burnley,United Kingdom,139523.4493
Debrecen,Hungary,139470.7908
Yakutsk,Russia,139151.9952
Lleida,Spain,138520.6654
Bergen,Norway,138237.0852
Cherkessk,Russia,137894.7985
Mataró,Spain,137625.3535
Albacete,Spain,137537.8041
Cork,Ireland,137272.0917
Bielsko-Biała,Poland,137192.2282
Bremerhaven,Germany,136384.015
Taranto,Italy,136105.0941
Cambridge,United Kingdom,136063.8615
Severodvinsk,Russia,136040.8497
Funchal,Portugal,135362.234
Telford,United Kingdom,135269.9919
Handen,Sweden,134312.3524
Sibiu,Romania,134213.1395
АЗС,Russia,133950.582
Koblenz,Germany,133939.2029
Uppsala,Sweden,133611.1352
Apeldoorn,Netherlands,133570.3391
Acilia,Italy,133434.6426
Wishaw,United Kingdom,133413.8589
Бункерная,Russia,132382.7525
Nimes,France,131979.3475
Durrës,Albania,131865.3928
Bryansk,Russia,131384.7873
Kremenchuk,Ukraine,130957.1832
Bacău,Romania,129974.0602
Ussurijsk,Russia,129676.9767
Neftekamsk,Russia,129583.0477
Volgodonsk,Russia,129475.2714
Enschede,Netherlands,129372.0396
Dunkirk,France,129033.1166
Salerno,Italy,128967.0216
Syktyvkar,Russia,128829.4272
Margate,United Kingdom,128755.5711
Reggio Calabria,Italy,128269.8638
Heilbronn,Germany,127946.5417
Heemskerk,Netherlands,127828.846
Târgu Mureș,Romania,127546.1826
Brest,France,127488.8141
Huelva,Spain,126786.7354
Foggia,Italy,126645.0393
Grimsby,United Kingdom,126609.3913
Rimini,Italy,126272.5112
Serpukhov,Russia,125981.9893
Algeciras,Spain,125868.1777
Saarbruecken,Germany,125455.5146
Rubtsovsk,Russia,125380.2288
Doncaster,United Kingdom,125304.7537
Shakhty,Russia,125196.8715
Maastricht,Netherlands,124921.4978
Perpignan,France,124596.3603
Maykop,Russia,124381.7341
Torremolinos,Spain,123789.4912
Zhilkino,Russia,123758.8951
Kislovodsk,Russia,123533.6363
Pécs,Hungary,123328.5093
Annecy,France,123116.1264
Kovrov,Russia,122871.9622
Girona,Spain,122502.0998
Szeged,Hungary,122060.1833
Vicenza,Italy,121637.2315
Uzhhorod,Ukraine,121221.6873
Würzburg,Germany,120858.0145
Colchester,United Kingdom,120250.9589
Arad,Romania,120148.544
Zwolle,Netherlands,120061.3355
Darmstadt,Germany,119982.1515
Reggio nell'Emilia,Italy,119756.1171
Yessentuki,Russia,119700.0693
Newport,United Kingdom,118959.1841
Brovary,Ukraine,118928.9393
Larissa,Greece,118892.1119
Osnabrück,Germany,118523.462
Young Leninist,Russia,118090.3999
Balakovo,Russia,117879.0691
Polegate,United Kingdom,117257.4312
Cheltenham,United Kingdom,116045.7329
Runcorn,United Kingdom,115857.2332
Lincoln,United Kingdom,115774.9864
Rijeka,Croatia,115636.247
Miskolc,Hungary,115425.4702
Ulm,Germany,115346.1753
Cádiz,Spain,114581.8572
Almetyevsk,Russia,114542.8827
Georgiyevsk,Russia,114342.7139
Orekhovo-Zouïevo,Russia,113890.01
Erlangen,Germany,113281.6764
Grozny,Russia,113095.279
Derbent,Russia,112956.1336
Zhodzina,Belarus,112099.6367
Melitopol,Ukraine,111891.9013
Cartagena,Spain,111591.5806
Reutlingen,Germany,111423.0539
Torquay,United Kingdom,111322.811
Wigan,United Kingdom,111295.956
Syzran,Russia,111241.327
Prizren,Kosovo,111237.2335
Bataysk,Russia,111055.2638
Elbląg,Poland,110758.2311
Blanchardstown,Ireland,110590.5383
Göttingen,Germany,110420.3022
Exeter,United Kingdom,110291.544
Nikopol,Ukraine,109993.4192
Basingstoke,United Kingdom,109991.1523
Elland,United Kingdom,109356.9116
Camberley,United Kingdom,108987.7376
High Wycombe,United Kingdom,108857.5595
Zhukovsky,Russia,108029.5817
Reinbek,Germany,107758.4204
Bedford,United Kingdom,107555.661
Bolzano - Bozen,Italy,107197.2602
Achotnica,Belarus,107103.0959
Crawley,United Kingdom,106963.9818
Yuzhno-Sakhalinsk,Russia,106911.554
Chelmsford,United Kingdom,106498.992
Helsingborg,Sweden,106339.2243
Limoges,France,105730.001
Orsk,Russia,105622.2991
Badajoz,Spain,105441.7768
Maidstone,United Kingdom,105233.4047
Tychy,Poland,104630.7147
Basildon,United Kingdom,104556.051
Turku,Finland,104248.0551
Pushkin,Russia,104220.0476
Västerås,Sweden,104147.4109
Obninsk,Russia,104004.8846
Sirius,Russia,103908.2251
Valenciennes,France,103438.6988
Klaipėda,Lithuania,103209.9429
Nevinnomyssk,Russia,103094.4386
Sunzha,Russia,102787.7461
Amiens,France,102612.0191
Winterthur,Switzerland,102238.4452
Burgas,Bulgaria,102154.1037
Troyes,France,101937.2899
Massa,Italy,101572.4905
Udine,Italy,101453.7458
Granollers,Spain,101153.773
Kolomna,Russia,101135.2866
Worcester,United Kingdom,101123.2585
Aalborg,Denmark,101028.5999
Baia Mare,Romania,100934.428
Paderborn,Germany,100503.7056
Kultaevo,Russia,100469.182
Barnsley,United Kingdom,100382.288
Stary Oskol,Russia,100351.308
Amora,Portugal,100347.4849
Volos,Greece,99655.65514
Sergiyev Posad,Russia,99478.07605
Setúbal,Portugal,99295.06672
Rüsselsheim am Main,Germany,99119.41342
Kramatorsk,Ukraine,99066.10096
Botoșani,Romania,98974.89452
Besançon,France,98833.7836
Фокинский район,Russia,97858.04793
Dos Hermanas,Spain,97843.81987
Gliwice,Poland,97806.8056
Oktjabrski,Russia,97408.17588
Andria,Italy,96784.34591
Varese,Italy,96728.39667
Berezniki,Russia,96386.68481
Gorzów Wielkopolski,Poland,96212.12341
Elista,Russia,96053.45239
Pau,France,95976.04812
Murom,Russia,95974.68818
Syracuse,Italy,95712.13148
Piacenza,Italy,95643.25433
Dimitrovgrad,Russia,95281.17525
Ioannina,Greece,94899.50257
Чапаева,Belarus,94473.54356
Koszalin,Poland,94410.528
Lancaster,United Kingdom,94359.06772
Örebro,Sweden,94012.38017
Buzău,Romania,93986.71489
Salavat,Russia,93692.81078
Braga,Portugal,93375.88154
Warwick,United Kingdom,93272.28875
Novi Pazar,Serbia,93109.80952
Lund,Sweden,93090.59345
Poitiers,France,93031.67173
Leeuwarden,Netherlands,92943.521
Seversk,Russia,92892.77915
Stevenage,United Kingdom,92863.88964
Arzamas,Russia,92652.92738
Terni,Italy,92462.94548
Forlì,Italy,92392.81612
Novara,Italy,92131.18989
Barletta,Italy,92130.52382
Tiraspol,Moldova,92114.09473
Lecco,Italy,92030.59649
Lugano,Switzerland,91994.79803
Trento,Italy,91889.88983
Helmond,Netherlands,91836.7953
Kamyshin,Russia,91668.67447
Opole,Poland,91438.19024
Hengelo,Netherlands,91380.46031
Sloviansk,Ukraine,91074.20289
Ferrara,Italy,91054.87544
Coatbridge,United Kingdom,91000.45383
Yevpatoriya,Ukraine,90934.30818
Sassari,Italy,90912.9384
Mineralnye Vody,Russia,90848.97708
Hastings,United Kingdom,90625.53051
Ourense,Spain,90571.00994
Hoyland,United Kingdom,90420.12099
Ravenna,Italy,90308.69948
Norrköping,Sweden,90148.85433
Banja Luka,Bosnia and Herzegovina,90139.76976
Pforzheim,Germany,90108.20447
Chesterfield,United Kingdom,90040.73898
Novocherkassk,Russia,89494.94818
Kyzyl,Russia,89448.44279
Novocheboksarsk,Russia,89352.20902
Pontefract,United Kingdom,89280.78382
Hildesheim,Germany,89238.32689
Suceava,Romania,89152.46813
Bayonne,France,89011.86906
Ingolstadt,Germany,88782.30244
Trier,Germany,88553.38469
Gyor,Hungary,88497.91885
Jaén,Spain,88442.72918
Fuengirola,Spain,88166.42568
La Spezia,Italy,87708.69059
Reus,Spain,87459.55068
Siegen,Germany,87402.46892
Hartlepool,United Kingdom,87343.30678
Kortrijk,Belgium,87309.76063
Трудовое,Russia,87274.56703
Rivas-Vaciamadrid,Spain,87129.51928
Le Mée-sur-Seine,France,87033.18016
Liberec,Czechia,86840.96848
Anzio,Italy,86677.86908
Кондратово,Russia,86510.10322
Hemel Hempstead,United Kingdom,86406.14356
Chester-le-Street,United Kingdom,86307.22153
Darlington,United Kingdom,86204.16179
La Louvière,Belgium,86085.72549
Cannock,United Kingdom,86018.16661
Mansfield,United Kingdom,86003.78525
St Albans,United Kingdom,85971.13385
Treviso,Italy,85654.36922
Barysaw,Belarus,85274.42783
Cosenza,Italy,84898.15251
Linköping,Sweden,84827.98002
Purmerend,Netherlands,84537.59006
Sievierodonetsk,Ukraine,84489.6034
La Rochelle,France,84390.78169
Oulu,Finland,84384.04068
Kamianets-Podilskyi,Ukraine,84179.06435
Buynaksk,Russia,84176.14629
Bugulma,Russia,84083.58967
Hilversum,Netherlands,84040.57923
Bath,United Kingdom,83938.31967
Лада,Russia,83612.8291
České Budějovice,Czechia,83563.75967
Chambéry,France,83363.66576
Nakhodka,Russia,83145.92804
Drohobych,Ukraine,83120.01058
Ruse,Bulgaria,83022.21805
Lecce,Italy,82977.08491
Słupsk,Poland,82929.61885
Olomouc,Czechia,82848.4228
Кислино,Russia,82814.97336
посёлок Нагорный,Russia,82723.19185
Nuneaton,United Kingdom,82632.75862
Khartsyzk,Ukraine,82625.02695
Glazov,Russia,82435.82711
Lido di Ostia,Italy,82404.34994
Deventer,Netherlands,82272.58968
Ostend,Belgium,82243.27412
Kalisz,Poland,82184.77645
Latina,Italy,82137.14956
Eastleigh,United Kingdom,82105.42462
Jena,Germany,82103.50289
Sarapul,Russia,81804.87875
Фосфоритный,Russia,81653.73266
Weston-super-Mare,United Kingdom,81615.13352
Drobeta-Turnu Severin,Romania,81559.51373
Aix-en-Provence,France,81548.28777
Scunthorpe,United Kingdom,81516.73783
Noyabrsk,Russia,80978.37664
Odintsovo,Russia,80851.06631
Szőlőhegy,Hungary,80826.28595
Chester,United Kingdom,80812.90396
Greve Strand,Denmark,80684.72245
Дзержинский район,Russia,80663.28243
Kaiserslautern,Germany,80640.89438
Harlow,United Kingdom,80506.88479
Maribor,Slovenia,80272.12593
Klagenfurt,Austria,80260.80954
Bratsk,Russia,80230.83354
Oleksandriia,Ukraine,79954.16233
Mikhaylovsk,Russia,79814.32928
Sindelfingen,Germany,79745.47391
Satu Mare,Romania,79654.91942
San Giuseppe Vesuviano,Italy,79612.05163
Subotica,Serbia,79457.42584
Southport,United Kingdom,79444.07476
Creil,France,79264.26204
Ceuta,Spain,78996.42033
San Fernando,Spain,78622.61821
Miass,Russia,78619.97184
Nyíregyháza,Hungary,78595.11406
Avignon,France,78051.31654
Legnica,Poland,77540.35721
Ancona,Italy,77488.2833
Kerch,Ukraine,77377.16865
Stara Zagora,Bulgaria,77341.65251
Leuven,Belgium,77291.93647
Gera,Germany,77224.54254
Prešov,Slovakia,77202.53577
Shkoder,Albania,77144.26737
Poissy,France,77129.40658
Fazeley,United Kingdom,77040.53584
Achinsk,Russia,77038.21848
Redditch,United Kingdom,77018.16955
Temse,Belgium,76827.37589
Collado Villalba,Spain,76422.34947
Pavlohrad,Ukraine,76282.97426
Landshut,Germany,76205.77891
Gouda,Netherlands,76076.71928
Votkinsk,Russia,75832.12898
Волгогрэс,Russia,75660.13776
Legionowo,Poland,75563.29943
Flensburg,Germany,75425.73314
Borca,Serbia,75301.18819
Siedlce,Poland,75112.92494
Montreux,Switzerland,75089.02771
Székesfehérvár,Hungary,75062.63089
Swords,Ireland,75048.59864
Pordenone,Italy,75038.12653
Göppingen,Germany,74966.67288
Carlisle,United Kingdom,74910.8524
Almelo,Netherlands,74875.18968
Brianka,Ukraine,74831.04499
Vlora,Albania,74501.23133
Hamm,Germany,74181.11156
Grudziądz,Poland,74167.06916
Castelldefels,Spain,74153.16134
Rugby,United Kingdom,74134.36893
Tartu,Estonia,74087.18365
Ashford,United Kingdom,73929.37105
Acireale,Italy,73897.79794
Galway,Ireland,73625.4237
Uman,Ukraine,73558.66949
Remscheid,Germany,73507.64444
Mantes-la-Ville,France,73436.69125
Belebei,Russia,73384.33236
Berdsk,Russia,73270.94823
Pavia,Italy,73236.36891
Hanau,Germany,73158.92101
Kecskemét,Hungary,73079.5978
Brindisi,Italy,73015.26948
Włocławek,Poland,72909.54997
Balashov,Russia,72854.23079
Bracknell,United Kingdom,72829.05761
Lobnya,Russia,72792.2505
Kizlyar,Russia,72756.55155
Ritterhude,Germany,72629.22893
East Kilbride,United Kingdom,72626.31114
Yegoryevsk,Russia,72579.68793
Bamberg,Germany,72467.31076
Hoorn,Netherlands,72423.03982
Lorient,France,72374.07392
Cottbus - Chóśebuz,Germany,72345.6289
Calais,France,72072.05079
Yenakiieve,Ukraine,72025.15884
Guildford,United Kingdom,72017.41856
Tarnów,Poland,71927.47614
Stryi,Ukraine,71824.34041
Valence,France,71750.94016
Nowy Sącz,Poland,71560.85833
Blantyre,United Kingdom,71547.49367
Biel/Bienne,Switzerland,71459.40867
Marignane,France,71452.07492
Tetovo,North Macedonia,71259.16002
Yelets,Russia,71182.65827
Nefteyugansk,Russia,71052.2464
Płock,Poland,71015.82028
Kirkby-in-Ashfield,United Kingdom,70993.8764
Avellino,Italy,70955.83421
Thun,Switzerland,70905.0996
Melilla,Spain,70883.93046
Orsha,Belarus,70875.76736
Mukachevo,Ukraine,70871.08815
Labinsk,Russia,70721.40471
Aylesbury,United Kingdom,70635.14729
Shrewsbury,United Kingdom,70622.11963
Čačak,Serbia,70621.69312
Olten,Switzerland,70493.57456
Azov,Russia,70429.38573
Piatra Neamț,Romania,70378.26867
Wolfsburg,Germany,70340.39578
Focșani,Romania,70272.73859
Rosenheim,Germany,70132.97928
Cuartería El Uno,Spain,70094.84332
Derry/Londonderry,United Kingdom,70080.19886
Kumanovo,North Macedonia,70030.96108
Berdiansk,Ukraine,70025.66508
Lelystad,Netherlands,69984.59441
Pervouralsk,Russia,69983.33524
Panevėžys,Lithuania,69937.74778
Lowestoft,United Kingdom,69920.40887
Sagasi-Deybuk,Russia,69780.25323
Kraljevo,Serbia,69753.80236
Telde,Spain,69456.8762
Ramenskoye,Russia,69401.85389
St. Gallen,Switzerland,69371.3974
Béziers,France,69194.29326
Osijek,Croatia,69144.38196
Frameries,Belgium,69134.21966
Dema,Russia,69087.90306
Lubin,Poland,69044.04608
Belorechensk,Russia,68957.47239
Surgut,Russia,68951.85195
Södertälje,Sweden,68810.42418
Kuznetsk,Russia,68549.11235
Crewe,United Kingdom,68538.88402
Annemasse,France,68464.00017
Serov,Russia,68460.3829
Elbasan,Albania,68429.24606
Kropotkin,Russia,68370.03426
Noginsk,Russia,68367.47816
Wettingen,Switzerland,68353.1392
Freiburg im Üechtland,Switzerland,68281.89298
Guadalajara,Spain,68272.12931
Bakhmut,Ukraine,68172.75363
Rybnitsa,Moldova,68168.67131
Trapani,Italy,68122.28301
Zadar,Croatia,68048.00058
Hradec Králové,Czechia,68043.53386
Kamensk-Uralsky,Russia,68037.26513
Stafford,United Kingdom,67942.82828
Suwałki,Poland,67937.35359
Сафоново,Russia,67672.71375
Benidorm,Spain,67654.11814
Elda,Spain,67604.50675
Kizilyurt,Russia,67532.3029
Sant Vicenç dels Horts,Spain,67478.02915
Zheleznogorsk,Russia,67434.66453
Valdemoro,Spain,67177.80025
Berdychiv,Ukraine,67099.47375
Bruges,Belgium,67047.28449
Pardubice,Czechia,66878.03896
Kovel,Ukraine,66812.64899
Zlatoust,Russia,66802.98685
Burton-on-Trent,United Kingdom,66654.0737
Žilina,Slovakia,66636.18648
Chartres,France,66598.60088
Konotop,Ukraine,66495.6031
Ivanteyevka,Russia,66436.40916
Beloretsk,Russia,66427.40259
Chania,Greece,66402.82523
Boulogne-sur-Mer,France,66341.86985
Michurinsk,Russia,66260.91061
Brčko,Bosnia and Herzegovina,66145.84629
Nola,Italy,66018.98984
Târgoviște,Romania,65785.58882
Chervonohrad,Ukraine,65767.14133
Pisa,Italy,65763.653
Khanty-Mansiysk,Russia,65656.21917
Дунай,Russia,65624.71495
Rybnik,Poland,65621.97923
Buzuluk,Russia,65616.09208
Savona,Italy,65461.31904
Great Yarmouth,United Kingdom,65392.04352
Alphen aan den Rijn,Netherlands,65329.92683
Zenica,Bosnia and Herzegovina,65296.33387
Harrogate,United Kingdom,65245.69059
Bender,Moldova,65117.84226
Inowrocław,Poland,65095.33336
Veenendaal,Netherlands,65075.3121
Łomża,Poland,65067.82504
Jönköping,Sweden,64999.35474
Tübingen,Germany,64930.01078
Umeå,Sweden,64854.02958
Ferizaj,Kosovo,64848.42028
Roosendaal,Netherlands,64767.75132
Fryazino,Russia,64636.29431
Vilanova i la Geltrú,Spain,64594.7362
Royal Tunbridge Wells,United Kingdom,64556.6889
Colmar,France,64536.60295
Neumünster,Germany,64451.19596
Avilés,Spain,64412.02217
Kopeysk,Russia,64384.65566
Mechelen,Belgium,64350.95407
Wołomin,Poland,64128.49512
Burton Latimer,United Kingdom,64104.34607
Novotroitsk,Russia,64073.01222
Torrevieja,Spain,64071.7291
Alessandria,Italy,63954.91742
Apsheronsk,Russia,63872.82739
Loughborough,United Kingdom,63850.07876
Slavyansk-na-Kubani,Russia,63708.35074
Pančevo,Serbia,63595.37687
Bognor Regis,United Kingdom,63584.68961
Manresa,Spain,63541.62288
Novouralsk,Russia,63513.66211
Târgu Jiu,Romania,63417.42998
Лобаново,Russia,63319.6401
Constance,Germany,63309.62607
Kladno,Czechia,63246.62655
Namur,Belgium,63217.47165
Ishim,Russia,63183.39578
Ostrów Wielkopolski,Poland,63175.87382
Oswaldtwistle,United Kingdom,63002.14171
Yalta,Ukraine,62911.75283
Tikhoretsk,Russia,62800.47626
Pila,Poland,62698.8816
Douai,France,62395.99097
Novomoskovsk,Russia,62101.68592
Bangor,United Kingdom,62100.89597
Novovolynsk,Ukraine,62058.40723
Venice,Italy,61950.69069
Velikiye Luki,Russia,61885.25782
Kempten (Allgäu),Germany,61827.04329
Bayreuth,Germany,61756.91488
Zwickau,Germany,61730.44628
Usolye-Sibirskoye,Russia,61726.92843
Magadan,Russia,61571.95391
Marl,Germany,61466.91178
Zrenjanin,Serbia,61394.75543
Gela,Italy,61362.47027
Belfort,France,61318.86497
Mitrovica,Kosovo,61316.77513
El Puerto de Santa María,Spain,61146.4122
Gießen,Germany,61143.28584
Los Cristianos,Spain,61040.00135
Mezhdurechensk,Russia,61023.32601
Pabianice,Poland,61019.8848
Delmenhorst,Germany,60918.47723
Arras,France,60902.50835
Unna,Germany,60887.29576
Kruševac,Serbia,60867.22507
Reigate,United Kingdom,60772.14614
Oss,Netherlands,60726.34526
Banská Bystrica,Slovakia,60512.77016
Ede,Netherlands,60472.54898
Hinckley,United Kingdom,60467.94955
Tujmazy,Russia,60398.56771
Lysychansk,Ukraine,60334.5058
Neuwied,Germany,60145.42993
Krymsk,Russia,60064.86817
Chapaevsk,Russia,59669.90507
Bergen op Zoom,Netherlands,59650.08572
Falkirk,United Kingdom,59625.69381
Stargard,Poland,59566.37509
Havířov,Czechia,59522.78276
Râmnicu Vâlcea,Romania,59490.73328
Ozyorsk,Russia,59485.04817
Battipaglia,Italy,59462.91972
Gniezno,Poland,59444.47694
Bitola,North Macedonia,59415.74433
Novomoskovsk,Ukraine,59344.54619
Zelenodol'sk,Russia,59299.72055
Érd,Hungary,59237.36602
Livingston,United Kingdom,59218.81536
Ústí nad Labem,Czechia,59096.5796
Shostka,Ukraine,59078.97813
Pejë,Kosovo,58701.69806
Zamość,Poland,58690.87446
Lüdenscheid,Germany,58684.3931
Ferrol,Spain,58665.84322
Yeysk,Russia,58631.98301
Tuapse,Russia,58526.61999
Tobolsk,Russia,58511.79317
Altamura,Italy,58438.63723
Chistopol,Russia,58396.12178
St. Helier,Jersey,58332.71829
Vigevano,Italy,58332.4758
Maidenhead,United Kingdom,58261.36522
Pesaro,Italy,58186.82703
Hoofddorp,Netherlands,58173.25024
Novy Urengoy,Russia,58144.10085
Keighley,United Kingdom,58091.9112
Póvoa de Varzim,Portugal,58087.73114
Taunton,United Kingdom,57938.58549
Leninogorsk,Russia,57911.62378
Borisoglebsk,Russia,57845.37425
Slatina,Romania,57761.46059
Kadiivka,Ukraine,57761.05472
Aldershot,United Kingdom,57655.8582
Ajaccio,France,57574.6666
Palencia,Spain,57573.45775
Новый городок,Russia,57550.12334
Сылва,Russia,57474.31669
Ellesmere Port,United Kingdom,57467.65294
Klin,Russia,57428.58043
Tczew,Poland,57324.57494
Cherbourg-en-Cotentin,France,57244.48617
Kamensk-Shakhtinsky,Russia,57220.38003
Lozova,Ukraine,57204.03027
Leszno,Poland,57191.97282
Corby,United Kingdom,57188.14939
Lahti,Finland,57173.54045
Smila,Ukraine,57144.04887
Lüneburg,Germany,57130.25577
Sal'sk,Russia,57097.83347
Talavera de la Reina,Spain,57079.33347
Elk,Poland,57063.87574
Dormagen,Germany,57035.82719
Igualada,Spain,56924.3291
Gütersloh,Germany,56912.67964
Jyväskylä,Finland,56662.50918
Budyonnovsk,Russia,56615.50301
Aarau,Switzerland,56541.05907
Baksan,Russia,56467.96521
Trnava,Slovakia,56412.20562
Saint-Nazaire,France,56336.98575
Saint-Brieuc,France,56275.81064
Aschaffenburg,Germany,56227.72668
Szombathely,Hungary,56105.90584
Dunfermline,United Kingdom,56093.80521
Perugia,Italy,55989.22037
Artyom,Russia,55944.98673
Lysva,Russia,55871.99532
Wejherowo,Poland,55702.02448
Prokhladny,Russia,55604.11957
Sopron,Hungary,55594.443
Jastrzębie-Zdrój,Poland,55581.83397
Hereford,United Kingdom,55483.21617
Minusinsk,Russia,55421.35242
Sant Andreu de la Barca,Spain,55405.96623
Розвилка,Ukraine,55347.57039
Nitra,Slovakia,55298.95885
Iserlohn,Germany,55295.30409
Fier,Albania,55279.44284
Pokrovsk,Ukraine,55117.01948
Tuzla,Bosnia and Herzegovina,55005.6624
Molfetta,Italy,54998.66358
La Orotava,Spain,54942.8139
Geleen,Netherlands,54936.87826
Zarechny,Russia,54874.2833
Feodosia,Ukraine,54744.49111
Tivoli,Italy,54729.3495
Przemyśl,Poland,54621.57138
Bagheria,Italy,54616.1658
Bridgend,United Kingdom,54428.53393
Ciudad Real,Spain,54362.22398
Bussum,Netherlands,54330.61409
Wels,Austria,54304.2776
Montbéliard,France,54295.86861
Angoulême,France,54288.90306
Belovo,Russia,54269.23663
Atamanovo,Russia,54238.57218
Kirovo-Chepetsk,Russia,54225.00995
Minden,Germany,54081.28783
Stalowa Wola,Poland,54024.58698
Littlehampton,United Kingdom,54010.60312
Bassano del Grappa,Italy,53996.09343
Gerlingen,Germany,53949.09439
Kungur,Russia,53896.69038
Ekerö,Sweden,53867.69606
Salekhard,Russia,53827.37545
Maasvlakte,Netherlands,53774.57522
Chernogorsk,Russia,53732.03606
Drachevo,North Macedonia,53691.13911
Trani,Italy,53666.0094
Tromsø,Norway,53615.03084
Bălți,Moldova,53610.23357
Bourges,France,53519.6783
Южный,Russia,53490.50698
Fulda,Germany,53457.57154
Druzhkivka,Ukraine,53287.33952
Ibiza,Spain,53269.84918
Sverdlovsk,Ukraine,53255.22802
Albano Laziale,Italy,53226.83387
Bisceglie,Italy,53132.35662
Kidderminster,United Kingdom,53096.01663
Carpi,Italy,53090.24004
Tomaszów Mazowiecki,Poland,53049.97661
Alcoi / Alcoy,Spain,53019.13978
Nikšić,Montenegro,52874.53621
Mielec,Poland,52872.33797
La Línea de la Concepción,Spain,52861.23534
13-й микрорайон,Russia,52570.76271
Arganda del Rey,Spain,52549.05962
Prilep,North Macedonia,52540.12378
Rossosh,Russia,52520.85652
Meaux,France,52428.75032
Folkestone,United Kingdom,52312.787
Bistrița,Romania,52236.36867
Lucca,Italy,52201.25167
Hennigsdorf,Germany,52195.35533
Verviers,Belgium,52176.46957
Grosseto,Italy,52134.16841
Bełchatów,Poland,52131.23342
Fredrikstad,Norway,52113.60916
Anapa,Russia,52022.66787
Leskovac,Serbia,51941.16765
Eskilstuna,Sweden,51932.95688
Voskresensk,Russia,51876.87372
Lagunen,Norway,51870.92455
Neuchâtel,Switzerland,51771.99185
Drammen,Norway,51726.02123
Arezzo,Italy,51670.7977
Pervomaisk,Ukraine,51646.96385
Bocholt,Germany,51607.3797
Canterbury,United Kingdom,51596.01209
Bregenz,Austria,51519.49397
Pavlovo,Russia,51497.54025
Gjakova,Kosovo,51450.14651
Daugavpils,Latvia,51342.07978
Krasnodon,Ukraine,51313.36858
Świdnica,Poland,51057.9381
Chełm,Poland,51035.57797
Kryzhanivka,Ukraine,50990.74201
Barry,United Kingdom,50986.97233
Schweinfurt,Germany,50947.1129
Izobilnyy,Russia,50889.4071
Piotrków Trybunalski,Poland,50882.47537
Cremona,Italy,50804.2183
Ravensburg,Germany,50771.10689
Gostivar,North Macedonia,50728.96139
Livny,Russia,50685.00973
Houten,Netherlands,50661.97543
Roeselare,Belgium,50561.9207
Rumia,Poland,50531.26526
Yugorsk,Russia,50483.52615
Borås,Sweden,50459.41512
Rovenky,Ukraine,50425.95932
Schwerin,Germany,50235.93414
Alexandrov,Russia,50201.89347
Kurganinsk,Russia,50106.92081
Kashgar,China,498252.3938
Erdenet,Mongolia,97742.69941
Kyauktaw,Myanmar,70158.66716
Banda Aceh,Indonesia,361009.8213
Chiang Mai,Thailand,692241.9926
Luang Prabang,Laos,64254.19015
Điện Biên Phủ,Vietnam,58921.92219
George Town,Malaysia,756640.6066
Sampov Lun,Cambodia,79073.75538
Singapore,Singapore,5117758.838
Sinuiju,North Korea,308839.8878
Daegot,South Korea,69843.57203
Dazhuang,Taiwan,244948.877
Bandar Seri Begawan,Brunei,77223.5136
Otaru,Japan,94127.76344
Laoag,Philippines,105064.4204
Dili,Timor-Leste,381794.1787
Artush,China,120960.6131
Ulaanbaatar,Mongolia,1634096.557
Kalay,Myanmar,185720.5413
Sigli,Indonesia,69196.8551
Lamphun,Thailand,80879.0977
Lào Cai,Vietnam,75157.5087
Vientiane,Laos,166270.5857
Alor Setar,Malaysia,248043.1278
Khum Pech Chenda,Cambodia,57967.44734
Sembawang,Singapore,960307.9249
락원1동,North Korea,101106.3152
Seoul,South Korea,22261691.61
Zhanghua City,Taiwan,437759.5352
Lambak,Brunei,69096.58322
Sapporo,Japan,1931423.54
Vigan,Philippines,106313.5274
Yengisar,China,55958.45122
Sittwe,Myanmar,97568.24744
Meulaboh,Indonesia,54167.24106
Chiang Rai,Thailand,121858.4241
Sơn La,Vietnam,61983.21883
Bukit Mertajam,Malaysia,497722.4993
Poipet,Cambodia,151630.9755
Pakse,Laos,98333.56369
Ryongampho-rodongjagu,North Korea,72747.59738
Paju,South Korea,71609.01092
Hsinchu,Taiwan,713496.8363
Karatsu,Japan,64684.71856
San Fernando,Philippines,124412.0823
Tacheng,China,105710.4656
Mrauk U,Myanmar,75863.88942
Lampang,Thailand,186293.6132
Bireuen,Indonesia,126314.0849
Sungai Petani,Malaysia,299735.6292
Phù Yên,Vietnam,53084.42451
Phsar Prom,Cambodia,73345.10549
Ryongchon,North Korea,125350.194
Gimpo,South Korea,181337.436
Toufen,Taiwan,159777.0268
Sasebo,Japan,137771.8533
Dagupan [Lingayen],Philippines,973315.6161
香班哈日根牧场,China,90586.26665
Minbya,Myanmar,77260.81728
Takengon,Indonesia,75325.11431
Kamphaeng Phet,Thailand,75599.09591
Simpang Ampat,Malaysia,54420.4424
Yên Bái,Vietnam,80525.08895
Pailin,Cambodia,51100.16794
Sakju,North Korea,61743.82548
Dongducheon,South Korea,173107.4896
Miaoli,Taiwan,75402.56371
Asahikawa,Japan,288867.3205
Agoo,Philippines,69438.70557
Yining/Qulja,China,428152.2279
Kyaukpyu,Myanmar,97538.82642
Lhokseumawe,Indonesia,68632.80115
Phrae,Thailand,52750.32762
Parit Buntar,Malaysia,52329.68847
Làng Giao,Vietnam,83224.46374
Battambang,Cambodia,129058.1775
옥정신도시,South Korea,51981.03214
Taichung,Taiwan,2318377.157
Fukuoka,Japan,2213305.216
San Carlos,Philippines,69497.33157
Emin/Dörbiljin,China,71929.34083
Hpakant,Myanmar,258318.0635
Uttaradit,Thailand,105376.9767
Gunungsitoli,Indonesia,72423.76523
Kulim,Malaysia,204981.3712
Việt Trì,Vietnam,105305.2988
Anlong Veng,Cambodia,322702.24
Tongrim,North Korea,112040.295
Hwado,South Korea,163088.0682
Yuanlin City,Taiwan,286803.6363
Kitakyushu,Japan,1208934.612
Baguio,Philippines,599130.3407
Yarkand,China,165031.4227
Monywa,Myanmar,248190.6749
Phitsanulok,Thailand,187729.0369
Langsa,Indonesia,132656.0761
Taiping,Malaysia,211512.2714
Trung Hà,Vietnam,58506.55776
Siem Reap,Cambodia,315248.1625
Manpo,North Korea,80985.71524
Bongdam,South Korea,75417.32379
Taipei,Taiwan,9686521.352
Omura,Japan,67616.2621
Bayambang,Philippines,87334.41371
Anarkol,China,65475.0685
Mohnyin,Myanmar,104514.3101
Kanchanaburi,Thailand,66056.75363
Teluk Dalam,Indonesia,56870.42792
Sitiawan,Malaysia,89534.56367
Tam Hồng,Vietnam,155999.3969
Phumi Roessei,Cambodia,174455.2704
Taeryonggang,North Korea,58690.79909
Chuncheon,South Korea,229165.1681
Zhudong,Taiwan,51506.32929
Nagasaki,Japan,297630.7671
Urdaneta,Philippines,109963.229
Kargilik,China,134156.5142
Nyaung-U,Myanmar,50521.86037
Ranong,Thailand,139735.9068
Kuala Simpang,Indonesia,63838.39908
Ipoh,Malaysia,861932.7849
Hòa Bình,Vietnam,63609.17405
Sonchon,North Korea,136206.6551
Hyangnam,South Korea,81537.9875
Nantou City,Taiwan,159654.4889
Saga,Japan,121011.6668
Puerto Princesa,Philippines,193911.4386
Aksu,China,293004.783
Chauk,Myanmar,66928.92777
Choeng Thale,Thailand,188937.369
Pangkalan Brandan,Indonesia,95232.87155
Teluk Intan,Malaysia,78333.67209
Vĩnh Yên,Vietnam,112365.1424
Trapeang Prasat,Cambodia,240741.1963
백운동,North Korea,70035.03709
Jangdeung-ri,South Korea,76531.55945
Xinying District,Taiwan,55800.24659
Iizuka,Japan,89884.04132
Subic,Philippines,119645.9421
Karamay,China,311815.0923
Pakokku,Myanmar,108199.1933
Pa Tong,Thailand,91129.79561
Sidiangkat,Indonesia,71866.72622
Sơn Tây,Vietnam,166455.3524
Bandar Armada Putra,Malaysia,66575.99874
Sihanoukville,Cambodia,98756.90537
Kusong,North Korea,120317.4793
Pyeongtaek,South Korea,159972.3277
Gonghuakeng,Taiwan,179246.0603
Tosu,Japan,85007.80932
Rosales,Philippines,93043.38575
Aral,China,65117.42214
Katha,Myanmar,62100.79665
Phuket,Thailand,462803.9857
Medan,Indonesia,4350623.852
Thái Nguyên,Vietnam,258449.7311
Kuala Lumpur,Malaysia,8413205.796
Kanggye,North Korea,314914.8948
Asan-si,South Korea,72556.20763
Chiayi,Taiwan,460979.1798
Isahaya,Japan,72189.21841
Paniqui,Philippines,54596.65769
Wusu,China,75873.74672
Mogaung,Myanmar,64597.07203
Nakhon Sawan,Thailand,101773.6424
Stabat,Indonesia,114358.8591
Phúc Yên,Vietnam,75630.6504
Rawang,Malaysia,189477.1524
Phnom Penh,Cambodia,2419130.754
Kwaksan,North Korea,91764.46862
Cheonan-si,South Korea,431792.8638
Tainan,Taiwan,1010791.827
Chitose,Japan,56643.07707
Olongapo,Philippines,181188.2369
Altay,China,63645.80908
Shwebo,Myanmar,110696.7383
Ratchaburi,Thailand,62172.8763
Kabanjahe,Indonesia,91803.03873
Phùng,Vietnam,118558.9163
Bukit Sentosa,Malaysia,61740.05096
Jongju,North Korea,200379.0762
Sokcho,South Korea,71648.16006
Ô-á-liâu / Kezihliao,Taiwan,121525.7604
Kurume,Japan,175770.6648
Tarlac City,Philippines,198264.4629
Kuytun,China,116459.5527
Taungup,Myanmar,70047.52695
Suphan Buri,Thailand,89153.15516
Berastagi,Indonesia,60117.00453
Quốc Oai,Vietnam,109654.6872
Putrajaya,Malaysia,109245.0835
Taechon,North Korea,79121.96544
Wonju,South Korea,218040.8651
Kaohsiung,Taiwan,2294771.919
Ube,Japan,135055.5168
Bamban,Philippines,62803.80957
Dushanzi,China,52694.22437
Kyaukpadaung,Myanmar,71804.05645
Chumphon,Thailand,60255.18163
Lubuk Pakam,Indonesia,82884.25523
Hanoi,Vietnam,4965520.0
Kampung Rinching Hulu,Malaysia,73031.33373
Unsan,North Korea,79226.49106
Gunsan-si,South Korea,177646.505
Pingtung City,Taiwan,168476.7096
Muroran,Japan,94643.53658
Angeles,Philippines,1513047.47
Kuqa,China,158060.2285
Myingyan,Myanmar,127336.8229
Nakhon Pathom,Thailand,185770.9105
Sibolga,Indonesia,71382.17315
Đông Anh,Vietnam,295748.4363
Seremban,Malaysia,402053.085
Unjon,North Korea,95306.06364
Cheongju-si,South Korea,691161.3489
Yilan City,Taiwan,76045.02929
Yame,Japan,65723.74197
Floridablanca,Philippines,83923.76066
Karakash,China,66753.78554
Magway,Myanmar,130500.5525
Phetchaburi,Thailand,84638.84517
Pandan,Indonesia,84495.87501
Viên An,Vietnam,82380.90109
Kota Bharu,Malaysia,420612.7065
Dong-an,North Korea,67198.79267
Chungju-si,South Korea,98241.69079
Luodong,Taiwan,74847.49076
Yamaguchi,Japan,83340.42366
Orani,Philippines,148769.3366
Hotan,China,216546.4006
Shwegu,Myanmar,72144.75104
Ban Phaeo,Thailand,144651.001
Perbaungan,Indonesia,66037.14823
Đại Nghĩa,Vietnam,79652.8672
Malacca City,Malaysia,544035.188
전평동,North Korea,72022.61359
Daejeon,South Korea,1504228.783
Hualien,Taiwan,137532.6526
Tomakomai,Japan,139137.2441
Bayombong,Philippines,84948.22381
Shihezi,China,396592.2642
Myitkyina,Myanmar,375202.7822
Bangkok,Thailand,19048031.94
Tarutung,Indonesia,54107.2011
Bắc Ninh,Vietnam,227797.2402
Muar,Malaysia,127386.1714
Chongnam,North Korea,92987.70935
Iksan-si,South Korea,154558.9406
Taitung,Taiwan,67626.00185
Omuta,Japan,132811.3482
Manila,Philippines,25921189.32
Changji/Sanji,China,367277.6822
Waimaw,Myanmar,81814.09913
Lop Buri,Thailand,422600.1813
Pematang Siantar,Indonesia,448227.5027
Bắc Giang,Vietnam,185730.7615
Segamat,Malaysia,58928.7851
Huichon,North Korea,144336.6723
Gangneung,South Korea,118784.0529
Izumo,Japan,59258.55833
Balanga,Philippines,130880.4727
Keriya,China,67786.57118
Sagaing,Myanmar,170879.1824
Surat Thani,Thailand,91182.77714
Tebing Tinggi,Indonesia,260317.7879
Phu Xuyen,Vietnam,88887.42859
Kuala Terengganu,Malaysia,267205.658
Sinanju,North Korea,111208.8681
Jecheon-si,South Korea,71243.52484
Hofu,Japan,79734.21269
Mariveles,Philippines,56664.66626
Wujiaqu,China,59339.51499
Madaya,Myanmar,62962.7064
Phra Nakhon Si Ayutthaya,Thailand,206443.8008
Padang Sidempuan,Indonesia,243598.056
Quế Võ,Vietnam,54758.69047
Batu Pahat,Malaysia,148438.5671
남흥동,North Korea,93354.90841
Jeonju,South Korea,631782.4724
Matsue,Japan,106205.1141
San Jose,Philippines,91740.46784
51 farm of 12th division,China,81144.72134
Mandalay,Myanmar,1849445.916
Loei,Thailand,62817.55716
Kisaran,Indonesia,192082.7252
Phủ Lý,Vietnam,127075.5219
Bukit Rangin,Malaysia,84241.09251
Anju,North Korea,109767.148
Mokpo-si,South Korea,228461.957
Hakodate,Japan,263045.4364
Talavera,Philippines,78751.35634
Ürümqi,China,3974257.143
Mogok,Myanmar,101355.6866
Saraburi,Thailand,93664.12246
Panyabungan,Indonesia,105016.2458
Kẻ Sặt,Vietnam,59466.24517
Kuantan,Malaysia,281247.0157
Hyangsan,North Korea,53378.07083
Gwangju,South Korea,1428491.527
Shunan,Japan,147107.0491
Tuguegarao,Philippines,145907.601
Fukang,China,116585.4084
Bhamo,Myanmar,107913.0742
Trang,Thailand,63833.77259
Pasaman,Indonesia,50501.65434
Vĩnh Trụ,Vietnam,70088.23197
Dungun,Malaysia,62923.30326
Mundok,North Korea,53189.97928
Andong-si,South Korea,58404.79335
Kumamoto,Japan,624647.9432
Arayat,Philippines,89810.37463
Korla,China,871121.0418
Aunglan,Myanmar,78979.1826
Chon Buri,Thailand,263105.7563
Gunung Tua,Indonesia,50644.5897
Hưng Yên,Vietnam,99470.03697
Chukai,Malaysia,60594.38884
Gumi-si,South Korea,286529.0675
Yonago,Japan,109841.0202
Cabanatuan,Philippines,287248.4353
Qitai,China,65792.59655
Kyaukse,Myanmar,90408.13002
Laem Chabang,Thailand,84423.58622
Tanjung Balai,Indonesia,274127.1091
Hải Dương,Vietnam,323387.3518
Kluang,Malaysia,157235.973
Kaechon,North Korea,200016.0768
Suncheon-si,South Korea,134690.6585
Kitami,Japan,79187.54395
Cabiao,Philippines,56704.03367
Gaochang,China,97924.14046
Meiktila,Myanmar,138447.3845
Nakhon Si Thammarat,Thailand,144814.1922
Rantau Prapat,Indonesia,197367.1466
Thanh Hoá,Vietnam,257053.7589
Kulai,Malaysia,152643.2532
Daegu,South Korea,2300085.2
Hiroshima,Japan,1150147.517
Gapan,Philippines,129420.2926
Hami,China,252811.8739
Taungdwingyi,Myanmar,54413.30692
Chachoengsao,Thailand,63482.12457
Lubuk Sikaping,Indonesia,58923.46739
Ninh Bình,Vietnam,122728.1183
Johor Bahru,Malaysia,1703323.736
Sukchon,North Korea,121500.0513
Taein-dong,South Korea,63172.81668
Yatsushiro,Japan,66957.02417
Apalit,Philippines,91790.64752
Shigatse,China,56969.81878
Wundwin,Myanmar,50800.60612
Pattaya,Thailand,253537.8758
Pasir Pengaraian,Indonesia,66962.99402
Bút Sơn,Vietnam,64984.56027
Onsong,North Korea,62436.15324
Kuching,Malaysia,587986.3854
Wolha-dong,South Korea,67570.41284
Iwakuni,Japan,109999.1576
Santiago,Philippines,108864.3597
Golmud,China,238703.5971
Pyin Oo Lwin,Myanmar,142389.97
Sattahip,Thailand,104827.5825
Padang,Indonesia,1210988.395
Lạng Sơn,Vietnam,95907.20418
Phyongwon,North Korea,98751.20421
Sibu,Malaysia,152038.4061
Jinju-si,South Korea,238454.3412
Beppu,Japan,108282.1854
Nasugbu,Philippines,65196.69186
Jiayuguan,China,199680.8329
Pyay,Myanmar,187737.3034
Prachin Buri,Thailand,62408.3094
Bukittinggi,Indonesia,264669.8513
Nam Định,Vietnam,349388.4224
Musan,North Korea,104490.6539
Bintulu,Malaysia,87443.1488
Jeju-si,South Korea,75587.03009
Kure,Japan,90952.92497
Calaca,Philippines,160190.8922
Nagqu,China,50126.33335
Pathein,Myanmar,226856.9312
Phatthalung,Thailand,71214.67643
Ujung Batu,Indonesia,87785.29883
Diêm Phổ,Vietnam,64606.76493
Onchon,North Korea,73587.71377
Miri,Malaysia,60795.78137
Oita,Japan,363331.9904
Tagaytay,Philippines,75412.74253
Lhasa,China,273179.3853
Nawnghkio,Myanmar,77553.71962
Map Ta Phut,Thailand,61709.90821
Batusangkar,Indonesia,57258.95836
Cầu Giát,Vietnam,84610.33872
Hyesan,North Korea,241782.0032
Pohang-si,South Korea,373322.8152
Pangkalan,Malaysia,68878.22358
Obihiro,Japan,150606.1993
Lemery,Philippines,179371.0809
Jiuquan,China,181624.8162
Myan Aung,Myanmar,77992.52947
Udon Thani,Thailand,95392.18628
Payakumbuh,Indonesia,102434.2382
Ninh Binh,Vietnam,54469.06595
Tokchon,North Korea,172194.1775
Changwon,South Korea,668434.074
Kampong Pulau Melayu,Malaysia,68708.97955
Tottori,Japan,116729.8014
Zhangye,China,198224.3811
Kyaukme,Myanmar,105406.411
Nakhon Ratchasima,Thailand,203234.4501
Solok,Indonesia,71638.04169
Diễn Châu,Vietnam,79597.2858
Sunchon,North Korea,127153.901
Gyeongju-si,South Korea,60566.64042
Kota Kinabalu,Malaysia,810842.9574
Kagoshima,Japan,453832.6175
Binangonan,Philippines,293688.7855
Yushu,China,58926.93091
Paungde,Myanmar,64670.13439
Hat Yai,Thailand,436776.6838
Bagan Siapi-api,Indonesia,159772.9389
Sầm Sơn,Vietnam,50871.96229
Buheung-dong,North Korea,59352.06208
Hallim-myeon,South Korea,69402.39993
Keningau,Malaysia,85311.6162
Aira,Japan,53302.9709
Batangas City,Philippines,430499.2173
Jinchang,China,144054.6567
Labutta,Myanmar,103422.0716
Klaeng,Thailand,55208.482
Bangkinang,Indonesia,171394.0322
Phú Liên,Vietnam,69560.05686
고산리,North Korea,73898.73726
Jinhae-gu,South Korea,100843.6593
Sandakan,Malaysia,383442.0167
Fukuyama,Japan,355565.6717
Baras,Philippines,55545.8688
Huangyuan,China,50841.83262
Namhkam,Myanmar,94081.212
Songkhla,Thailand,229876.2417
Duri,Indonesia,327220.1214
Phát Diệm,Vietnam,79907.01294
Pyŏngsŏng,North Korea,330617.083
Tongyeong-si,South Korea,67757.29413
Tawau,Malaysia,365999.2715
Onomichi,Japan,96813.47055
Lipa,Philippines,767540.9348
Minqin,China,50612.85717
Myaung Mya,Myanmar,166741.7989
Khon Kaen,Thailand,297168.2923
Pekanbaru,Indonesia,1226040.608
Cổ Lễ,Vietnam,242591.1428
천성로동자구,North Korea,70734.56255
Gimhae,South Korea,259894.2523
Lahad Datu,Malaysia,116129.5884
Kirishima,Japan,73830.33072
Tanay,Philippines,97006.40613
Datong,China,73035.76982
Nattalin,Myanmar,66663.90609
Tha Chang,Thailand,154230.0311
Sungai Penuh,Indonesia,57357.7974
Ninh Cường,Vietnam,65653.63206
강서구역,North Korea,140675.9529
Yangsan,South Korea,164281.5269
Matsuyama,Japan,421736.146
Semporna,Malaysia,81049.4523
San Pablo,Philippines,303081.3123
Wuwei,China,128072.1642
Pyinmana [Nay Pyi Taw],Myanmar,556726.2982
Maha Sarakham,Thailand,63429.34953
Dumai,Indonesia,323944.472
Minh Tân,Vietnam,70957.1879
Hoeryong,North Korea,84155.22715
Geoje-si,South Korea,98970.54052
Aomori,Japan,179937.259
Rosario,Philippines,76439.81235
Shangguancun,China,57861.641
Kyaung Kone,Myanmar,56251.47234
Pattani,Thailand,81107.12031
Perawang,Indonesia,150236.2731
Đông Hưng,Vietnam,63699.51265
P'yŏngyang,North Korea,2868313.037
Sincheon-dong,South Korea,53649.4258
Tsuyama,Japan,62088.60021
Santa Cruz,Philippines,238966.2683
Xining,China,1423664.939
Muse,Myanmar,120325.1854
Kalasin,Thailand,68105.84154
Pangkalan Kerinci,Indonesia,126597.8017
Thái Bình,Vietnam,210638.1605
Kwail,North Korea,60546.38766
Cheongan-dong,South Korea,62767.12461
Imabari,Japan,82978.43562
Siniloan,Philippines,59310.6496
Huzhu,China,56715.95236
Lewe,Myanmar,59556.98163
Yala,Thailand,106986.7796
Muara Bungo,Indonesia,168081.0878
Vinh,Vietnam,349192.1858
천리마구역,North Korea,141377.9751
Ulsan,South Korea,887567.7324
Hirosaki,Japan,112130.7734
Tiaong,Philippines,83944.50913
Ping'an,China,53033.79468
Hsipaw,Myanmar,73645.71161
Buri Ram,Thailand,86145.12292
Arga Makmur,Indonesia,51191.38763
Hải Phòng,Vietnam,922306.6795
Pukchang,North Korea,89542.24564
웅상,South Korea,94568.49708
Nobeoka,Japan,91996.67035
Pagsanjan,Philippines,80546.58503
Haidong,China,63015.90257
Einme,Myanmar,56461.63463
Roi Et,Thailand,79445.66743
Bengkalis,Indonesia,89166.32684
Yên Định,Vietnam,71581.34684
재동로동자구,North Korea,59116.95303
Busan,South Korea,3263408.049
Okayama,Japan,847110.912
Nagcarlan,Philippines,117887.9887
Manzhouli,China,213243.208
Hinthada,Myanmar,200319.461
Sakon Nakhon,Thailand,67959.31919
Bengkulu,Indonesia,410417.4182
Uông Bí,Vietnam,66555.6505
Nampo,North Korea,144642.5036
Ayang,South Korea,85815.5846
Miyakonojo,Japan,93755.36024
Calapan,Philippines,86537.57438
Minhe,China,65965.04694
Gyobingauk,Myanmar,66425.31219
Nakhon Phanom,Thailand,63167.54343
Bangko,Indonesia,118735.0093
Núi Đối,Vietnam,81445.82645
Taean,North Korea,85171.52271
Niihama,Japan,143141.5699
Sariaya,Philippines,158212.0362
Honggu,China,56945.94037
Wakema,Myanmar,93383.21331
Mukdahan,Thailand,68185.60938
Air Molek I,Indonesia,73679.83028
Tiền Hải,Vietnam,52430.80427
Unryul,North Korea,58034.29005
Miyazaki,Japan,189091.5256
San Jose,Philippines,80276.90672
Zhalainuo'er,China,90790.73267
Curup,Indonesia,158766.5811
Hà Tĩnh,Vietnam,67769.71416
Ubon Ratchathani,Thailand,210637.8657
Songnim,North Korea,270920.0639
Kushiro,Japan,141959.5496
Tayabas,Philippines,50589.80276
Hanggin Rear Banner,China,72272.79414
Lawksawk,Myanmar,65422.96851
Rengat,Indonesia,54160.94463
Saen Suk,Thailand,86103.45036
Hạ Long,Vietnam,124404.4627
Marugame,Japan,184470.2947
Lucena,Philippines,329216.7729
Bayannur,China,270742.2309
Aungpan,Myanmar,101735.2967
Sarolangun,Indonesia,68973.99716
Cẩm Phả,Vietnam,143301.9249
Jangyon,North Korea,63023.88788
Shikokuchuo,Japan,54354.99646
Gumaca,Philippines,54638.41221
Dengkou,China,53874.63815
Za Lun,Myanmar,65530.12544
Selatpanjang,Indonesia,147887.5749
Móng Cái,Vietnam,50858.48841
Kangdong,North Korea,87887.3781
Akita,Japan,211383.0376
Jolo,Philippines,62922.70387
Alxa Left Banner,China,76115.74883
Kutkai,Myanmar,91131.34909
Manna,Indonesia,76523.76324
Sơn Hải,Vietnam,61539.23026
Anak,North Korea,105202.7593
Takamatsu,Japan,314296.087
San Jose,Philippines,58424.60492
Xincheng,China,52153.02083
Mawlamyinegyunn,Myanmar,186027.6439
Lubuklinggau,Indonesia,154451.4636
Đồng Hới,Vietnam,81396.516
Samchon,North Korea,57955.07059
Himeji,Japan,510933.4036
Daet,Philippines,138459.2566
Wuhai,China,162776.2333
Lashio,Myanmar,325395.742
Pagar Alam,Indonesia,61379.9882
Châu Đốc,Vietnam,137675.9775
Kyonghung,North Korea,80499.91453
Kanazawa,Japan,527097.3964
Kalibo,Philippines,123159.626
Lanzhou,China,2689402.429
Pantanaw,Myanmar,78300.54073
Tembilahan,Indonesia,211644.0283
Tân Châu,Vietnam,161282.3822
Sinhung,North Korea,59433.16554
Kochi,Japan,216998.5181
Naga,Philippines,349456.7005
Linxia,China,229343.1849
Letpadan,Myanmar,111330.2998
Tanjung Balai Karimun,Indonesia,170469.085
Mỹ Đức,Vietnam,63272.66977
Sinchon,North Korea,126786.9463
Osaka,Japan,12653994.42
Calabanga,Philippines,63461.43591
Wuyuan,China,91185.10182
Danu Phyu,Myanmar,92157.30977
Lahat,Indonesia,128389.3853
Rạch Giá,Vietnam,279575.6825
Sariwon,North Korea,401117.4345
Hachinohe,Japan,141449.9942
Iloilo City,Philippines,728985.4748
Baiyin,China,222677.0717
Thayarwady,Myanmar,80229.38071
Kuala Tungkal,Indonesia,98608.23883
Cái Dầu,Vietnam,83844.50022
Jaeryong,North Korea,101979.1502
Fukui,Japan,195358.7629
Roxas,Philippines,138313.8438
大武口村,China,169989.8726
Nyaungdon,Myanmar,79435.76294
Jambi,Indonesia,945977.3332
Hồng Ngự,Vietnam,86037.80375
Naha,Japan,1065339.195
Iriga,Philippines,202921.2884
Hezuo,China,53835.97548
Bogale,Myanmar,165080.5594
Sungaiguntung,Indonesia,57836.31877
Phú Mỹ,Vietnam,77447.54675
T'aet'an-eup,North Korea,62022.12713
Takaoka,Japan,157365.7874
Goa,Philippines,82152.43471
Zhongwei,China,173278.5449
Taunggyi,Myanmar,383381.9676
Muara Enim,Indonesia,85829.44074
Đông Hà,Vietnam,69685.97968
Hoechang,North Korea,72425.15769
Echizen,Japan,58148.01597
Zamboanga City,Philippines,591536.4965
Yuanyi,China,94623.15619
Nyaung Shwe,Myanmar,97117.53902
Keban Agung,Indonesia,97692.0086
Long Xuyên,Vietnam,550869.436
Rason,North Korea,128331.3952
Toyama,Japan,239819.7818
Ligao,Philippines,105742.8963
Yinchuan,China,1913287.29
Okkan,Myanmar,60394.12652
Talang Gudang,Indonesia,50287.44591
Chợ Mới,Vietnam,55250.3393
Chŏngjin,North Korea,683869.9471
Tokushima,Japan,242828.5462
Tabaco,Philippines,145804.1185
Heping,China,58422.17882
Maubin,Myanmar,177136.8441
Batam City,Indonesia,1411731.124
Cà Mau,Vietnam,141175.5808
Tsuruga,Japan,50372.57978
Bacolod,Philippines,690717.0492
Pingluo,China,98217.15699
Taungoo,Myanmar,175200.0844
Baturaja,Indonesia,110229.031
Cao Lãnh,Vietnam,144438.6482
Hamhung,North Korea,393816.2754
Arinodai,Japan,62437.18989
Silay,Philippines,69271.95737
Qipanjing,China,56496.02658
Hopong,Myanmar,88727.22455
Tanjung Piayu,Indonesia,52161.76342
Cần Thơ,Vietnam,1652648.555
Hamju,North Korea,108173.0312
Hinomine 3-chome,Japan,95672.79013
Legazpi,Philippines,279036.4835
Yuzhong,China,51688.87238
Taik Kyi,Myanmar,167430.503
Prabumulih,Indonesia,130589.8425
Sa Đéc,Vietnam,107800.1882
Jongphyong,North Korea,105759.6432
Tsuruoka,Japan,59745.9759
Masbate City,Philippines,97799.71251
Yongning,China,68386.43179
Kyaiklat,Myanmar,123249.3535
Tanjung Pinang,Indonesia,147344.6798
Tây Ninh,Vietnam,436732.4746
Morioka,Japan,217879.8837
Ipil,Philippines,53844.25781
Qingtongxia,China,96777.50747
Pyapon,Myanmar,123458.0336
Bandar Seri Bentan,Indonesia,82487.65093
Bạc Liêu,Vietnam,150914.8032
Kyongsong,North Korea,56665.44689
Otsu,Japan,589900.801
Cadiz,Philippines,77493.60641
Lintao,China,110641.6396
Myaungtagar,Myanmar,74078.16173
Huế,Vietnam,383941.005
Ongjin,North Korea,65297.78843
Niigata,Japan,437871.2881
Sorsogon City,Philippines,99510.71118
Zhongning,China,95319.29243
Pyu,Myanmar,99617.24848
Tegal Rejo,Indonesia,76592.79027
Vinh Long,Vietnam,268852.1038
Jakdo-dong,North Korea,351909.1487
Nagahama,Japan,51750.33035
Virac,Philippines,70697.16761
Erenhot,China,116563.4055
Hmawbi,Myanmar,120818.7362
Palembang,Indonesia,2203124.013
Cai Lậy,Vietnam,64419.03219
Sinwon,North Korea,73290.98499
Wakayama,Japan,238884.1137
San Carlos,Philippines,55656.06825
Wuzhong,China,245267.776
Twante,Myanmar,136721.3661
Dabo,Indonesia,50644.13234
Sóc Trăng,Vietnam,132398.6319
Pyoksong,North Korea,68059.45524
Joetsu,Japan,66773.85996
Dumaguete,Philippines,206159.6917
Lingwu,China,65203.18792
Yangon,Myanmar,6190957.71
Kotabumi,Indonesia,193831.551
Trang Bang,Vietnam,143952.1885
Ohmi-Hachiman,Japan,55394.09333
Toledo,Philippines,134476.9649
Hulunbuir,China,210422.6998
Dedaye,Myanmar,71727.77332
Pringsewu,Indonesia,86248.759
Mỹ Tho,Vietnam,461519.6334
Suan,North Korea,57630.74308
Hikone,Japan,110939.7217
Cebu City,Philippines,3191585.379
Dingxi,China,110323.2675
Panglong,Myanmar,79111.88211
Kayu Agung,Indonesia,53104.28391
Binh Long,Vietnam,55424.76251
Kashiwazaki,Japan,51508.52615
Dipolog,Philippines,147134.431
Tongxin,China,74893.638
Laukkaing,Myanmar,71531.7024
Bagelen,Indonesia,126294.2334
Củ Chi,Vietnam,191260.2354
Haeju,North Korea,263991.8123
Nara,Japan,957959.6854
Pagadian,Philippines,202901.3505
Haiyuan,China,66365.49749
Hlegu,Myanmar,125912.1832
Pemanggilan,Indonesia,136819.026
Đức Hòa,Vietnam,94466.23749
Kowon,North Korea,108075.3277
Sanjo,Japan,91535.43656
Tagbilaran,Philippines,142811.7622
Yingjiang County,China,51190.9041
Kungyangon,Myanmar,69926.58984
Bandar Lampung,Indonesia,1257827.767
Bến Tre,Vietnam,134849.5419
홍원읍,North Korea,108269.6532
Nagaoka,Japan,146806.222
Catarman,Philippines,78141.64545
Huining,China,51197.79824
Kyauktaga,Myanmar,56082.56888
Poncowati,Indonesia,131145.28
Trà Vinh,Vietnam,116242.8702
Chonnae,North Korea,74223.29268
Nagoya,Japan,7721742.251
Calbayog,Philippines,77926.90802
Baotou,China,1645071.521
Loikaw,Myanmar,116520.8938
Metro,Indonesia,193950.2543
Ho Chi Minh City,Vietnam,14557830.27
북청읍,North Korea,82667.52855
Nagano,Japan,264479.6246
Oroquieta,Philippines,70329.99582
Shangri-La,China,59704.66373
Tangyan,Myanmar,114092.423
Muntok,Indonesia,64661.26733
Bến Cát,Vietnam,88937.08869
Sohung,North Korea,67189.72264
Kani,Japan,105323.0715
Tangub [Tubod],Philippines,72025.43782
Longxi,China,141596.214
Nansang,Myanmar,56027.90384
Banjarmasin,Indonesia,134876.5633
Đà Nẵng,Vietnam,1178696.377
Koksan,North Korea,93926.55936
Matsumoto,Japan,176025.0298
Kapatagan,Philippines,63360.03428
Yakeshi/Yaysi,China,127656.1793
Thanlyin,Myanmar,279019.3727
Braja Asri,Indonesia,61253.72266
Phước Vĩnh,Vietnam,57868.85694
Sinpho,North Korea,112796.634
Yamagata,Japan,166165.5595
Ozamiz,Philippines,160470.3845
Ruili,China,94938.5797
Pegu,Myanmar,392534.2876
Sukasari,Indonesia,61354.52449
Đồng Xoài,Vietnam,113986.8858
길주읍,North Korea,126025.3838
Ueda,Japan,71636.66005
Ormoc,Philippines,103858.7159
Donghe,China,735175.0791
Thilawa,Myanmar,52664.11398
Tân Uyên,Vietnam,114342.3502
Sido Dadi,Indonesia,91959.98768
Munchon,North Korea,117274.2485
Tajimi,Japan,63412.4757
Catbalogan,Philippines,62339.42973
Lushui,China,53375.33119
Nyaunglebin,Myanmar,88830.6327
Phuoc Long,Vietnam,103962.0079
Cilegon,Indonesia,686540.2712
Chongdan,North Korea,94797.437
Osaki,Japan,53214.82896
Iligan,Philippines,409670.3605
Tengchong,China,89119.12852
Daik-U,Myanmar,104875.9513
Go Cong,Vietnam,79937.40694
Pandeglang,Indonesia,301645.1232
Phyongsan,North Korea,99576.09795
Okaya,Japan,64967.16097
Balo-i,Philippines,50267.55114
Xiji,China,62502.19983
Kyauktan,Myanmar,73101.74855
Suralaya,Indonesia,77350.20154
Hội An,Vietnam,86863.82226
Matsusaka,Japan,65073.59198
Tacloban,Philippines,277601.8863
Yanchi,China,58061.91247
Shwegyin,Myanmar,82044.45169
Jakarta,Indonesia,40545125.86
Long Thành,Vietnam,239281.6485
Tanchon,North Korea,77316.65481
Suwa,Japan,65142.80609
Marawi,Philippines,108166.9955
Dalad,China,149088.544
Kayan,Myanmar,132841.1817
Rangkasbitung,Indonesia,351595.6698
Phú Mỹ,Vietnam,152126.1825
Kimch'aek,North Korea,196760.1978
Sendai,Japan,1269674.844
Cotabato City,Philippines,203953.4929
Luomen,China,93785.0341
Thongwa,Myanmar,127743.3532
Kon Tum,Vietnam,157728.8142
Kebuyutan,Indonesia,51954.71069
Wonsan,North Korea,370729.095
Inter-nishi,Japan,85008.96203
Cagayan de Oro,Philippines,950102.4489
Mang,China,50629.08435
Mong Maw;Mongmao,Myanmar,59193.6732
Gia Kiệm,Vietnam,129478.885
Pangkalpinang,Indonesia,289604.2111
해안2동,North Korea,119222.4514
Ise,Japan,75470.88904
Balingasag,Philippines,59875.30377
Jingning,China,51699.53231
Kyaikto,Myanmar,74553.90396
Phú Cường,Vietnam,68956.99229
Palabuhanratu,Indonesia,134654.3408
Yonan,North Korea,83386.51392
Iida,Japan,67538.80757
Jasaan,Philippines,86178.18938
Dingbian,China,88145.43569
Thaton,Myanmar,104086.925
Pleiku,Vietnam,227851.2746
Sungailiat,Indonesia,95964.59577
Paechon,North Korea,108376.0895
Shibata,Japan,57449.31348
Midsayap,Philippines,87377.6063
Tumed Right Banner,China,74041.84778
Hpa-An,Myanmar,272150.3641
Vũng Tàu,Vietnam,476736.9242
Toboali,Indonesia,94133.78108
Kosan,North Korea,80505.15711
Fukushima,Japan,170142.5921
Isulan,Philippines,60840.51003
Yuanzhou,China,112544.1932
Mawlamyine,Myanmar,245554.2143
Tam Kỳ,Vietnam,85515.67515
Cipanas,Indonesia,535165.9405
Kaesong,North Korea,280963.2347
Ishinomaki,Japan,106937.7881
Tacurong,Philippines,86939.54326
Gangu,China,145758.3385
Mudon,Myanmar,70079.81722
Bà Rịa,Vietnam,150273.5482
Karyamakmur,Indonesia,72937.97403
Gamagori,Japan,70597.15458
Gingoog,Philippines,70968.11966
Baoshan,China,307082.7945
Kengtung,Myanmar,140331.9583
Long Khánh,Vietnam,131162.7648
Kertasari,Indonesia,72174.05365
Takasaki [Maebashi],Japan,472415.495
Surigao City,Philippines,130611.9075
Dongsheng,China,545472.7527
Thanbyuzayat,Myanmar,59618.56874
Đăk Mil,Vietnam,65617.63367
Panundaan,Indonesia,93368.57653
Toyohashi,Japan,500227.6789
Koronadal,Philippines,131830.2894
Ordos,China,162977.7447
Kawkareik,Myanmar,65990.02678
Định Quán,Vietnam,67462.69497
Cianting Utara,Indonesia,98992.73116
Koriyama,Japan,215512.8921
Valencia,Philippines,108837.2073
Lijiang,China,150968.8708
Ye,Myanmar,55343.37196
Ngai Giao,Vietnam,60229.73063
Bandung,Indonesia,8691180.858
Isesaki,Japan,254363.941
Kidapawan,Philippines,88811.28449
Qin'an,China,92388.39412
Myawaddy,Myanmar,129306.3898
Tân Phú,Vietnam,108701.0622
Purwakarta,Indonesia,497388.1117
Kofu,Japan,355934.1129
Butuan,Philippines,233568.0445
Tumed Left Banner,China,52157.84656
Tachileik,Myanmar,125337.0269
Gia Ray,Vietnam,64035.31901
Pasirukem,Indonesia,115589.4855
Honjo,Japan,67353.57802
Polomolok,Philippines,105357.3433
Changhong,China,111903.3636
Payathonzu,Myanmar,70524.37024
Chư Sê,Vietnam,55174.8225
Bumihayu,Indonesia,54543.33245
Ota,Japan,254321.2157
General Santos,Philippines,470211.7829
Tianshui,China,584188.6461
Dawei,Myanmar,123332.7979
Ea T'Ling,Vietnam,57365.90043
Tarogong,Indonesia,1473082.334
Hamamatsu,Japan,267033.0184
Digos,Philippines,126685.2687
Hohhot,China,2029813.226
Palaw,Myanmar,58447.08476
Buôn Ma Thuột,Vietnam,316654.7969
Cibodas,Indonesia,146351.8406
Fukaya,Japan,105661.3884
Bayugan,Philippines,68067.00585
Wudu,China,84202.21832
Myeik,Myanmar,305053.1534
Quảng Ngãi,Vietnam,340819.8113
Subang,Indonesia,223347.5341
Utsunomiya,Japan,337161.2254
Davao City,Philippines,1651085.903
Pingliang,China,461066.2075
Kawthaung,Myanmar,100046.7114
Quảng Phú,Vietnam,59309.66929
Hegarsari,Indonesia,332463.0148
Kumagaya,Japan,73610.41254
Santo Tomas,Philippines,56207.45251
Maiji,China,151104.6347
Bảo Lộc,Vietnam,145024.5058
Pamanukan,Indonesia,54951.51315
Sano,Japan,50798.16608
Panabo,Philippines,263555.5905
Yongde,China,50258.08554
Buôn Hồ,Vietnam,77900.4651
Sumedang,Indonesia,310404.2049
Tokyo,Japan,33155906.87
Tagum,Philippines,335017.7826
Dali,China,51230.44135
An Khê,Vietnam,74683.66256
Mekarsari,Indonesia,132857.5285
Higashimatsuyama,Japan,79082.09352
Compostela,Philippines,57052.0721
Togtoh,China,55028.10032
Phước An,Vietnam,73295.67602
Haurgeulis,Indonesia,111824.1291
Tochigi,Japan,50705.62241
Mati,Philippines,76406.4983
Ulaan Moron,China,61536.13486
Phan Thiết,Vietnam,211804.9152
Tasikmalaya,Indonesia,2923169.401
Fujieda,Japan,121220.3722
Dali,China,244979.4285
Đà Lạt,Vietnam,224323.3757
Cilandak Lor,Indonesia,57693.48174
Fuji,Japan,167425.6174
Huating,China,59806.23511
Liên Nghĩa,Vietnam,107998.2234
Oyama,Japan,88764.56487
Qianyu,China,60829.52224
Quy Nhơn,Vietnam,272251.4845
Tanjung Pandan,Indonesia,113775.0852
Shizuoka,Japan,233904.3686
Jingbian,China,138911.55
Ninh Hòa,Vietnam,86602.12421
Kadipaten,Indonesia,239737.844
Iwaki,Japan,70548.96264
Yingjing,China,54329.28894
Tuy Hòa,Vietnam,143436.3823
Majalengka,Indonesia,99695.99552
Numazu,Japan,374196.6003
Dujiangyan,China,374474.4513
Nha Trang,Vietnam,443635.5184
Cikijing,Indonesia,108361.2825
小名浜愛宕上,Japan,135356.5836
Ya'an,China,376578.0042
Van Gia Town,Vietnam,64623.39709
Indramayu,Indonesia,345135.9137
Hitachi,Japan,132519.3991
Fengqing County,China,64842.33553
Phan Rang – Tháp Chàm,Vietnam,150866.6803
Heuleut,Indonesia,123263.8322
Mito,Japan,183774.0972
Binchuan,China,84799.91939
Cam Ranh,Vietnam,69263.62182
Jatibarang,Indonesia,88166.37873
Tsukuba,Japan,64418.1171
Hengshan,China,65990.36851
Banjaran,Indonesia,73216.36918
Hitachinaka,Japan,95875.98515
Jungar,China,158398.0744
Cirebon,Indonesia,1634253.441
Tsuchiura,Japan,134987.6458
Dayi,China,146404.0993
Arjawinangun,Indonesia,149372.0216
Ushiku,Japan,56335.61487
Yulin,China,510158.9196
Kuningan,Indonesia,657481.8699
Narita,Japan,56071.90629
Midu,China,59291.89218
Banjar,Indonesia,126038.2701
Kisarazu,Japan,176868.5297
Xiangyun,China,91208.04882
Karangampel,Indonesia,74154.76515
Kamisu,Japan,66324.15556
Qionglai,China,230025.5882
Pangandaran,Indonesia,101669.3624
Mobara,Japan,56443.02856
Horinger,China,58869.01635
Banjarsari,Indonesia,72502.26238
Chongzhou,China,184032.0834
Karangwareng,Indonesia,143878.2227
Longxian,China,77580.58832
Majenang,Indonesia,105152.8316
Pengzhou,China,190932.5773
Waled,Indonesia,195946.598
Mianzhu,China,82631.11031
Losari,Indonesia,156927.1976
Yun,China,78044.36003
Kersana,Indonesia,178951.4921
Chengdu,China,5609626.82
Cilacap,Indonesia,509026.4885
Wenjiang,China,290348.7856
Kluwut,Indonesia,59679.917
Qingyang,China,201935.6099
Paguyangan,Indonesia,94070.00526
Shenmu,China,274814.2022
Jubang,Indonesia,92977.18895
Pujiang,China,57959.20024
Jatilawang,Indonesia,76065.32281
Xilinhot,China,290629.3558
Tegalglagah,Indonesia,79238.6783
Qingcheng,China,50019.01755
Ajibarang,Indonesia,51586.16995
Shifang,China,102814.2925
Tegal,Indonesia,1482144.465
Hongya,China,53291.17296
Binangun,Indonesia,227631.0214
Banzhuyuan,China,58177.92691
Purwokerto,Indonesia,1273364.895
Xinjin,China,86623.55794
Mandiraja,Indonesia,204174.7537
Xichang,China,281790.6509
Pemalang,Indonesia,270707.2948
Lincang,China,135968.8386
Gombong,Indonesia,115996.3122
Hequ,China,69860.22108
Pemangkat Kota,Indonesia,58858.38672
Jiangyou,China,233402.5326
Singkawang,Indonesia,169842.6381
Deyang,China,810107.1321
Loning,Indonesia,82702.01806
Guanghan,China,165131.5486
Kebumen,Indonesia,300132.1984
Qingbaijiang,China,204636.3435
Pekalongan,Indonesia,1279644.114
Xiqu District,China,107734.0434
Banjarnegara,Indonesia,182520.6004
Mianyang,China,538166.4861
Grabag,Indonesia,56591.00646
Shangdu,China,61145.81415
Kutoarjo,Indonesia,87570.16007
Liangcheng,China,55846.55827
Pontianak,Indonesia,839275.0524
Dayangshu,China,54154.96554
Sambas,Indonesia,51762.30067
Huade,China,51292.29263
Wonosobo,Indonesia,273425.3842
Baode,China,170407.6805
Purworejo,Indonesia,147593.8688
Jiajiang,China,66740.67078
Wates,Indonesia,102736.0822
Emeishan,China,446370.1437
Parakan,Indonesia,120184.9674
Panzhihua,China,292350.2902
Semarang,Indonesia,3274359.572
Ulanqab,China,272964.4135
Temanggung,Indonesia,138382.9676
Pengshan,China,74728.20929
Magelang,Indonesia,370945.701
Longquanyi,China,399354.7197
Muntilan,Indonesia,236855.0564
Meishan,China,661433.3033
Yogyakarta,Indonesia,2742763.241
Dong,China,164646.1493
Ngluwar,Indonesia,63979.72947
Lüeyang,China,59313.46473
Ambarawa,Indonesia,80735.08669
Pianguan,China,57440.71174
Salatiga,Indonesia,247512.2301
Jintang,China,158760.9555
Wonosari,Indonesia,88638.17239
Dayao,China,69945.77308
Ketapang,Indonesia,159459.4306
Suji,China,78984.1275
Ngabang,Indonesia,54652.9633
Baoji,China,773900.6475
Tengaran,Indonesia,58114.90188
Zhongjiang,China,147270.5944
Surakarta,Indonesia,1497108.375
Leshan,China,728227.632
Demak,Indonesia,76541.01933
Baolun,China,75359.15654
Tambakboyo,Indonesia,51281.33697
Lancang,China,66056.33081
Jepara,Indonesia,682383.7687
Huaikou,China,91491.71248
Sukoharjo,Indonesia,70810.29355
Nanhua,China,60633.19336
Bekonang,Indonesia,68442.66512
Fengxiang,China,70085.25225
Wonogiri,Indonesia,93748.60325
Guangyuan,China,441909.1166
Kudus,Indonesia,638837.7824
Zichang,China,96060.64456
Purwodadi,Indonesia,152161.1399
Renshou,China,142542.922
Pacitan,Indonesia,169450.2286
Wutongqiao,China,90236.53463
Sragen,Indonesia,132425.5396
Jianyang,China,381281.3477
Pati,Indonesia,177063.2463
Huili,China,61281.37492
Sanggau,Indonesia,61892.1599
Xingxian,China,115918.1165
Bantengan,Indonesia,64933.4232
Santai,China,126749.401
Juwana,Indonesia,93438.49487
Jinggu,China,64166.39042
Ponorogo,Indonesia,256467.5191
Fengzhen,China,61295.62927
Madiun,Indonesia,397986.2633
Binzhou,China,50321.5479
Joresan,Indonesia,79773.9287
Chuxiong,China,552213.4251
Rembang,Indonesia,87396.00537
Zalantun,China,117265.8107
Ngawi,Indonesia,82008.8423
Suide,China,84675.17792
Dolopo,Indonesia,144890.3019
Zuoyun,China,66007.34175
Blora,Indonesia,106963.5699
Qishan,China,52679.39695
Trenggalek,Indonesia,152380.9828
Yan'an,China,401686.3907
Bendo,Indonesia,71523.1208
Caijiapo,China,76828.33875
Padangan,Indonesia,115628.5646
Mianxian,China,131026.8533
Tulungagung,Indonesia,673628.5804
Qianwei,China,83983.23467
Nganjuk,Indonesia,396774.5357
Pinglu,China,82236.08317
Bojonegoro,Indonesia,285117.4308
Liqu,China,73385.24215
Kediri,Indonesia,489667.3833
Ziyang,China,516027.5989
Sukorejo,Indonesia,57902.06174
Yanting,China,50918.64665
Warujayeng,Indonesia,73964.46625
Ponggok,Indonesia,88640.5876
Lin,China,83833.83166
Blitar,Indonesia,413349.6415
Fufeng,China,67829.72517
Sintang,Indonesia,119884.8447
Wangcang County,China,58429.03638
Kertosono,Indonesia,51510.29743
Cangxi County,China,89149.16665
Pare,Indonesia,252543.2299
Yongshan,China,77029.66055
Tuban,Indonesia,195382.944
Rongxian,China,115131.2168
Pangkalan Bun,Indonesia,120250.716
Shuozhou,China,324876.7077
Jombang,Indonesia,464247.9862
Shehong,China,237362.3427
Nanga Pinoh,Indonesia,55524.11315
Qikou,China,52867.09651
Mojoagung,Indonesia,70779.25022
Datong,China,1571546.624
Sumberpucung,Indonesia,54239.36379
Hanzhong,China,371212.2285
Brondong,Indonesia,76791.51378
Nanzheng,China,70064.09955
Surabaya,Indonesia,6856993.107
Lezhi,China,86788.48775
Malang,Indonesia,1888199.564
Qiaojia,China,84152.90361
Lamongan,Indonesia,75758.25341
Daying,China,104124.8237
Kepanjen,Indonesia,97424.76503
Suijiang,China,66494.13463
Gondanglegi,Indonesia,188705.6167
Arun,China,58572.73677
Prigen,Indonesia,71710.31545
Langzhong,China,153417.1325
Gresik,Indonesia,409956.4101
Huairen,China,169524.901
Bangkalan,Indonesia,78797.14148
Lufeng,China,70249.35656
Pasuruan,Indonesia,250465.1964
Ning'er,China,63297.04074
Karang Kliwon,Indonesia,110869.3969
Qianxian,China,76909.9282
Kedawang,Indonesia,60365.21545
Shanyin,China,85039.19174
Tempeh,Indonesia,82618.73764
Yangling,China,111990.3318
Kebonan,Indonesia,50506.84142
Weiyuan,China,106978.664
Probolinggo,Indonesia,422793.8737
Simao,China,167656.4939
Lumajang,Indonesia,115947.1063
Nenjiang,China,137649.224
Kencong,Indonesia,68733.62244
Zizhong,China,133694.8296
Sampang,Indonesia,99989.15363
Yanggao,China,71552.95442
Kebonan,Indonesia,143113.5838
Liulin,China,141683.5721
Umbulrejo,Indonesia,60174.33653
Wuding,China,59721.5487
Balung,Indonesia,467848.772
Chenggu,China,96119.32379
Kraksaan,Indonesia,79647.80271
Zhangbei,China,101318.9978
Proppo,Indonesia,53013.6035
Wugong,China,67110.22597
Kotaanyar,Indonesia,100393.964
Luquan,China,54026.60912
Jember,Indonesia,506311.4727
Nanbu,China,163685.3454
Sampit,Indonesia,222690.2102
Zigong,China,414628.4234
Pamekasan,Indonesia,245652.7632
Liquan,China,75420.25254
Bondowoso,Indonesia,157550.5545
Jinghong,China,95370.34407
Situbondo,Indonesia,179710.9579
Gasa,China,51412.92728
Sumenep,Indonesia,102910.9706
Zhouzhi,China,71794.62787
Kalianget,Indonesia,51834.90116
Suining,China,688124.7459
Genteng,Indonesia,68765.60074
Lüliang,China,554109.3908
Jajag,Indonesia,106362.4794
Pengxi,China,81415.01942
Asembagus,Indonesia,66999.7709
Nanjiang County,China,67288.04563
Muncar,Indonesia,166774.3992
Xichong,China,84674.28711
Banyuwangi,Indonesia,177877.8465
Jingle,China,57347.06459
Palangka Raya,Indonesia,100091.4975
Yangxian,China,80482.88277
Negara,Indonesia,98474.25649
Tianzhen,China,57121.71636
Seririt,Indonesia,79254.35016
Yingxian,China,92773.35976
Kuala Kapuas,Indonesia,96438.67014
Xingping,China,442996.6276
Singaraja,Indonesia,281301.869
Anyue,China,110262.7902
Denpasar,Indonesia,2005949.592
Yimen,China,50734.55354
Banjarmasin,Indonesia,924566.4405
Shuifu,China,75223.79713
Ubud,Indonesia,64901.92789
Ludian,China,68464.25405
Beng,Indonesia,199028.5114
Morin Dawa,China,55451.3834
Pelaihari,Indonesia,73609.53521
Chengguan,China,197761.9827
Semarapura,Indonesia,89216.83923
Tongchuan,China,130606.7724
Banjarbaru,Indonesia,221992.4096
Neijiang,China,316065.1001
Buntok,Indonesia,69515.7435
Huai'an,China,54056.2423
Karangasem,Indonesia,87125.14761
Fumin,China,51815.25979
Muaratewe,Indonesia,72471.87776
Zhaotong,China,295990.254
Amuntai,Indonesia,110064.6532
Jincheng,China,82122.79393
Kandangan,Indonesia,76310.00898
Anfu,China,114617.2495
Mataram,Indonesia,1009676.861
Xuzhou,China,104224.8727
Barabai,Indonesia,72169.88588
Zhongyang,China,68962.19231
Tanjung,Indonesia,92326.11318
Xinping,China,62125.98809
Praya,Indonesia,167770.9111
Heihe,China,131221.8296
Kecamatan Kopang,Indonesia,54602.06859
Yibin,China,234841.4453
Selong,Indonesia,530298.7846
Mojiang Hani Autonomous County,China,74297.63845
Kecamatan Pringgabaya,Indonesia,74931.35306
Xianyang,China,564730.9671
Baroqah,Indonesia,60124.0961
Huize,China,130397.519
Kotabaru,Indonesia,97031.25613
Bazhong City,China,848388.857
Tana Paser,Indonesia,75761.71856
Anning,China,188403.1825
Sumbawa Besar,Indonesia,161398.3158
Shunqing,China,1110773.197
Balikpapan,Indonesia,702530.8161
Yichezhen,China,52790.87224
Tenggarong,Indonesia,108241.5187
Fushun,China,134379.9956
Samarinda,Indonesia,1225373.203
Jingyang,China,55584.7389
Tanjung Selor,Indonesia,59090.14794
Dai,China,58030.22102
Tanjung Redeb,Indonesia,107351.9378
Sanyuan,China,143455.9793
Gunung Lingkas,Indonesia,266517.6586
Yiliang,China,84957.53164
Kota Nunukan,Indonesia,73293.33877
Dongchuan,China,86494.27471
Bontang,Indonesia,142920.4066
Zhangjiakou,China,587853.8274
Sangatta Utara,Indonesia,131121.4489
Xi'an,China,5298991.798
Dompu,Indonesia,102492.3916
Kunming,China,3218009.543
Bima,Indonesia,131158.5789
Yuanping,China,126746.3964
Mamuju,Indonesia,143712.2396
Xiaolong,China,133262.3888
Majene,Indonesia,107263.6818
Hunyuan,China,106478.9406
Makassar,Indonesia,2241888.193
Huyi,China,112407.0387
Labuan Bajo,Indonesia,69727.53317
Nehe,China,88805.74873
Bumi Mulyo,Indonesia,101703.3945
Longjiang,China,101017.3363
Pekkabata,Indonesia,69637.06829
Yangyuan,China,60458.53833
Waingapu,Indonesia,118382.8473
Xixiang,China,78927.37954
Polewali,Indonesia,52923.38185
Yuanjiang,China,50775.44187
Pangkajene,Indonesia,75120.76974
Fuping County,China,67707.08597
Pare-Pare,Indonesia,143888.5925
Yuxia,China,57657.35923
Pinrang,Indonesia,91537.14832
Qingjiang,China,85640.26588
Pangkajene,Indonesia,51527.38427
Fanshi,China,64449.31117
Bantaeng,Indonesia,69316.21907
马家,China,178513.5547
Ruteng,Indonesia,119162.5018
Junlian,China,51763.05339
Watansoppeng,Indonesia,63522.62235
Tongnan,China,115519.6164
Rantepao,Indonesia,79544.95496
Gong,China,71088.81452
Bulukumba,Indonesia,110546.6206
Baishui,China,65870.98701
Palu,Indonesia,352165.4327
Longchang,China,311631.7411
Sengkang,Indonesia,112121.6632
Peng'an,China,82336.10106
Sinjai,Indonesia,74992.95449
Jinning,China,58519.81958
Watampone,Indonesia,134059.1019
Nanxi,China,83492.97937
Palopo,Indonesia,148489.3812
Gaoling,China,52425.29845
Poso,Indonesia,69539.94818
Hangkongjidi,China,126961.8528
Ende,Indonesia,181319.9553
Yuxi,China,764429.3682
Tolitoli,Indonesia,92288.12157
Chenggong,China,173037.5432
Maumere,Indonesia,163503.236
Songming,China,63234.61253
Kolaka,Indonesia,88916.86786
Gujiao,China,172353.2563
Ampana,Indonesia,55798.60616
Wuxing,China,97925.32646
Unaaha,Indonesia,56567.25623
Changning,China,62607.80106
Pohon Sirih,Indonesia,55213.79869
Yingshan,China,135899.9314
Baubau,Indonesia,151522.8151
Xinzhou,China,229256.8358
Kendari,Indonesia,415201.0148
Pucheng,China,90241.01001
Kupang,Indonesia,529746.6979
Tongjiang County,China,101742.9614
Raha,Indonesia,112910.4889
Shahe,China,52758.17297
Lewoleba,Indonesia,58455.03826
Beitian,China,83942.12773
Luwuk,Indonesia,113754.3868
Dazu,China,111766.7626
Gorontalo,Indonesia,504226.2095
Lu,China,81147.32478
Soe,Indonesia,113159.3993
Xundian,China,54669.34143
Kefamenanu,Indonesia,67631.25881
Xuanhua,China,333761.2069
Kalabahi,Indonesia,75943.55099
Rongchang,China,161430.8003
Atambua,Indonesia,130848.0951
Lintong,China,135053.0507
Kotamobagu,Indonesia,144271.3865
Pingchang County,China,135266.7293
Amurang,Indonesia,56381.14868
Fenyang,China,126193.0655
Manado,Indonesia,483103.7926
Longshui,China,85577.00421
Lowian,Indonesia,68764.42383
Chengcheng,China,100863.8054
Tomohon,Indonesia,77523.83569
Jiangchuan,China,85056.19298
Tondano,Indonesia,77377.04549
Wusheng,China,84779.2462
Bitung,Indonesia,217592.6253
Guangling,China,55780.06035
Sanana,Indonesia,59101.6499
Yuechi,China,129392.2279
Ternate,Indonesia,266060.5461
Shiping,China,78877.79056
Labuha,Indonesia,83565.77376
Taiyuan,China,4332180.125
Tobelo,Indonesia,108056.5281
Weinan,China,273989.0197
Ambon,Indonesia,559281.5425
Luzhou,China,446057.7543
Masohi,Indonesia,108675.5012
Tonghai,China,123240.5949
Sorong,Indonesia,301195.6135
Wutai,China,53120.60514
Fakfak,Indonesia,84682.89957
Wenshui,China,118494.042
Tual,Indonesia,105831.4942
Xiaoyi,China,165448.1048
Dobo,Indonesia,65167.45086
Yiliang,China,118073.7195
Manokwari,Indonesia,198521.2633
Ulanhot,China,221373.4424
Nabire,Indonesia,207025.5924
Jiaocheng,China,241648.9661
Biak Kota,Indonesia,201723.9648
Naxi,China,131690.6089
Serui Kota,Indonesia,146449.378
Jalaid,China,69540.10968
Enarotali,Indonesia,124657.3873
Tongliang,China,155088.1976
Timika,Indonesia,401693.8862
Dongsheng,China,62482.33922
Ilaga,Indonesia,116505.3059
Weining,China,101306.5088
Agats,Indonesia,95721.52367
Fula'erji,China,228742.1299
Mulia,Indonesia,238210.2115
Bairin Right Banner,China,58436.47738
Heyang,China,59251.20028
Wamena,Indonesia,88100.95016
Lantian,China,92125.18716
Kobakma,Indonesia,89106.39284
Guang'an,China,523802.0574
Hechuan,China,273190.8281
Elelim,Indonesia,206924.1846
Qiqihar,China,901648.7626
Merauke,Indonesia,270038.907
Xiangning,China,59194.91787
Sentani,Indonesia,126566.9449
Yongchuan,China,694286.0365
Abepura,Indonesia,146890.3011
Hancheng,China,224047.982
Jayapura,Indonesia,162287.8283
Yuxian,China,86310.29978
Huaning,China,54584.51146
Lingqiu,China,84794.24166
Dali,China,89850.57207
Jiexiu,China,159367.8056
Fenxi,China,52292.65668
qīngjiàn jiēdào,China,69030.42916
Shilin,China,73554.46705
Xuanwei,China,382363.3862
Qu,China,132602.1881
Huazhou,China,81783.87286
Weixin,China,110389.4373
Pingyao,China,177192.5188
Hejin,China,88768.95963
Qujing,China,701652.2536
Chengjiang,China,53164.51237
Qi,China,82164.89423
Zhanyi,China,54152.96555
Jianshui,China,126104.9718
Zhenxiong,China,116947.6312
Bishan,China,183999.9852
Jinzhong,China,445102.0793
Hezhang,China,71951.55161
Beibei,China,611703.4508
Qingmuguan,China,56285.92599
Zengjia,China,261272.1544
Huailai,China,96293.9186
Huozhou,China,134636.32
Wanyuan,China,69809.57066
Hejiang,China,108000.3129
Luliang,China,87887.80847
Dazhou,China,771802.7265
Chishui,China,75076.32099
Xuyong,China,88908.6029
Taigu,China,71723.17282
Jingguan,China,52631.9266
锯木沟,China,111044.8447
Caijiagang,China,64466.72041
Chongqing,China,8449690.334
Sanchahe,China,76434.99424
Jishan,China,74689.7009
Dazhu,China,154612.2403
Zheba,China,447329.177
Mile,China,111442.5823
Huayin,China,56702.28535
Linshui,China,144400.6995
Linfen,China,1090241.238
Wanrong,China,58167.68757
Baisha,China,171731.798
Yi'an,China,60908.36538
Shouyang,China,69664.48791
Yongji,China,151417.8755
Xuanhan,China,109019.8622
Xipeng,China,139575.7958
Hongtong,China,110830.5189
Fengning,China,62946.49444
Yu,China,81739.99893
Laiyuan,China,99404.5553
Muguo,China,54543.27558
Wangjiazhai,China,136503.3809
Kaiyuan,China,171617.0341
Linyi,China,87060.59685
Fuyuan,China,76072.91805
Xiangfen,China,53462.7797
Liupanshui,China,924181.6794
珞璜工业园,China,54968.71034
Xinjiang,China,106108.8333
Ankang,China,807066.4361
Gejiu,China,197813.9279
Yanqing,China,145937.1127
Luxi,China,83542.88586
Nan'an,China,94217.59372
Bijie,China,533543.0123
Shichuan,China,50048.19695
Houma,China,156218.4556
Jieshi,China,73900.26553
Tailai,China,70155.58132
Jarud,China,54968.04593
Haizijie,China,76994.6735
Gulin,China,86376.59149
Keshan,China,52829.19831
Nanba,China,75259.06483
Weichang,China,74298.64866
Shangluo,China,110703.0945
Shizong,China,65537.35274
Kaijiang,China,86758.23501
Panzhou,China,73110.49539
Yangquan,China,465980.8212
Luonan,China,66760.85693
Dianjiang,China,144892.1065
Wenxi,China,97560.16317
Yuncheng,China,687353.456
Quwo,China,57048.97604
Ruicheng,China,83749.33253
Ongniud,China,63233.76181
Changshou,China,164069.8556
Wenlan,China,141861.5216
Shuanglong,China,157282.7601
Qijiang,China,181826.2561
Yicheng,China,79844.15863
Bei'an,China,109508.5838
Xishui,China,75286.15787
Lindian,China,51876.76877
Pingding County,China,114894.3087
Shanyang,China,63215.69985
Xia,China,55459.96093
Xunyang,China,59629.10555
Liangping,China,98755.64465
Nankou,China,89446.77886
Jinping,China,67525.86628
Yushe,China,56649.07896
Qin,China,51927.8379
Jiangxian,China,65231.80318
Luoping,China,101508.8016
Dafang,China,78451.09457
Nayong,China,75192.27847
Pingshan,China,88928.84124
Changping,China,417147.2414
Longqiao,China,110176.6885
Huiminxiang,China,508301.2962
Baicheng,China,298421.1764
Beijing,China,18150575.83
Jingxing Mining,China,74308.23677
Lingbao,China,170277.7277
Zhenlai,China,74445.15457
Shanzhou,China,60964.65073
Pinglu,China,70831.84728
Lingshou,China,57885.35174
Xiyang,China,86065.32436
Sanmenxia,China,237530.4365
Kaizhou,China,105588.2611
Quyang,China,81755.96891
Xingtang,China,70883.94391
Wansheng,China,92578.07433
Yixian,China,59792.63928
Yuanqu,China,77689.45424
Danfeng,China,59645.79966
Tang,China,92830.28284
Nanchuan,China,335470.6301
Fangshan,China,475338.5513
Qiubei,China,61072.72234
Heshun,China,62287.02131
Shijiazhuang,China,3100270.328
Anzhou,China,58693.8572
Huairou,China,339007.7103
Zhoukoudian,China,152470.1006
Chifeng,China,549177.3854
Zuoquan,China,54847.01961
Taonan,China,128999.1098
Laishui,China,57042.99099
Baiquan,China,62789.19162
Shuijiang,China,76983.9926
Xinle,China,109494.0424
Fengdu,China,114069.5991
Liuzhi,China,104566.0139
Mancheng,China,102730.6325
Wanzhou,China,395843.9874
Renhuai,China,106166.7725
Miyun,China,299176.6654
Zhengding,China,171569.8432
Zhong,China,127220.4487
Xingyi,China,212961.532
Jinsha,China,84998.81513
Dingzhou,China,240735.6794
Zhijin,China,111790.6152
Xiangyuan,China,71126.1926
Congyuancun,China,55762.91357
Qianxi,China,119427.2575
Zhuozhou,China,157065.0308
Ranghulu,China,435651.4338
Gaobeidian,China,186474.272
Dingxing,China,69534.50671
Changling,China,141528.1179
Xingren,China,68855.17395
Baoding,China,883757.7811
Tongzi,China,116111.4687
Puding,China,53624.49372
Xushui District,China,165725.1249
Yunyang,China,143643.91
Yanshan,China,54084.68299
Wenshan,China,191573.4515
Shuangluan,China,79390.44261
Zhangzi,China,78233.38395
Shizhu,China,95777.56351
Mianchi,China,74527.92435
Sartu,China,64099.85766
Songzhuang,China,418267.308
Haozhuang,China,54420.12791
Yuanshi,China,57094.79873
Yangcheng,China,109782.3903
Mingshui,China,78087.48865
Luancheng,China,50324.28889
Wuji,China,85781.04965
Lucheng,China,103557.6394
Changzhi,China,590097.966
Wulong,China,57104.85148
Zhenning,China,55864.48712
Babaishang,China,57477.78442
Chengde,China,614875.3765
Daqing,China,421411.234
Gu'an,China,139682.4167
Anshun,China,582993.3581
Rongcheng,China,52304.12365
Gaocheng,China,137620.2044
Licheng,China,52477.17247
Yima,China,104900.0685
Yunxi,China,58817.44027
Zhangjiawan,China,54783.25763
Caiguan,China,52893.46171
Santai,China,51493.9897
Shangdang,China,65437.18862
Pinggu,China,294969.7139
Liangmatai,China,135406.4665
Anguo,China,67801.60494
Luoning County,China,71592.24838
Dashimiao,China,112554.5246
Gaoyi,China,79794.52855
Daozhen,China,63432.45398
Yuanbaoshan,China,62930.86972
Honghuagang,China,1185303.401
Sanhe,China,340380.849
Gaoping,China,350482.8796
Jinzhou,China,129477.6863
Zhaoxian,China,106302.6287
Huguan,China,72184.14437
Bozhou,China,112579.5901
Maguan,China,65106.04291
Xinglong,China,59456.81332
Boye,China,103570.6735
She,China,91063.90262
Xinghua,China,91857.36573
Gaoyang,China,56380.92796
Suiyang,China,57818.86174
Langfang,China,512854.2475
Xiongxian,China,72127.51114
Xin'an,China,94316.716
Jincheng,China,921144.6312
Anping,China,60349.68093
Guangnan,China,80076.79623
Yongqing,China,53198.19697
Xianghe,China,107046.2993
Xiuwen,China,54030.55462
Qingzhen,China,79846.97941
Zhushan,China,54621.00593
Xinji,China,56928.90306
Jiyuan,China,405860.1837
Pengshui,China,86959.08938
Anda,China,207869.5587
Bazhou,China,134472.0252
Ningjin,China,107429.3649
Chengde,China,131202.6887
Jizhou,China,200740.9157
Anping,China,83975.70439
Xinji,China,204939.9928
Guiyang,China,2757867.639
Hailun,China,124959.2485
Xingtai,China,775750.1638
Luoyang,China,1603585.414
Yiyang County,China,121525.5355
Shiyan,China,1129747.018
Lichuan,China,90736.07598
Yunyang,China,130833.2907
Mengjin,China,67375.82578
Renqiu,China,373139.9019
Luanchuan,China,89924.26062
Lingchuan,China,54678.97055
Wu'an,China,204430.968
Nanlingchengcun,China,157426.7597
Longyao,China,56771.72096
夔门街道,China,91176.20608
Bo'ai,China,349062.0182
Kaiyang,China,71448.97456
Baochi,China,316916.5098
Ningcheng,China,80594.85206
Da'an,China,127618.0335
Huaxi,China,126662.6066
Pingquan,China,94822.95628
Meitan,China,74270.70338
Shengzhou City,China,85905.10992
Wuqing,China,373362.4296
Zhongxing Road,China,92450.93192
Mengzhou,China,122350.513
Tang'erli,China,158882.2438
Zuogezhuang,China,71417.47479
Song County,China,110020.941
Qinggang,China,63185.55997
Shahe,China,188325.681
大口屯镇,China,56993.51967
Qinyang,China,93775.1978
Yongnian,China,183148.0407
Hejian,China,298273.993
Linzhou,China,133998.6025
Xixia,China,95115.73988
Zunhua,China,169536.3678
Fengfeng,China,67893.81724
Fengfeng,China,195082.5789
Fenggang,China,59148.43753
Yichuan,China,145125.7059
Handan,China,2099936.867
Yanshi District,China,403246.1507
Qianjiang,China,85063.64668
Jiaozuo,China,723574.9448
Gaolong,China,89235.80133
Wushan,China,79421.67613
Suiling,China,107363.123
Wangkui,China,86618.49008
Kuancheng,China,59518.73806
Yutian,China,143555.9987
Tianjin,China,7330647.551
Julu,China,54125.78638
Xichuan,China,127043.6888
Guxian,China,259808.7863
Xingbieying,China,68388.016
Matou,China,66620.33837
Qugou,China,206247.9628
Hengshui,China,742817.9143
Qian'an,China,55013.84776
Tongliao,China,498536.3469
Wen,China,107597.0422
Gongyi,China,306311.3643
Enshi,China,625488.8136
Dejiang,China,59261.60384
Goushi,China,58855.98831
Fangxian,China,57911.87424
Cixian,China,265642.1321
Jianshi,China,55402.79165
Jize,China,54727.31276
Xinzhuangying,China,135181.6559
Lingyuan,China,170997.0094
毕家村,China,51892.62035
Shaliuhe,China,61384.70778
Xiaodong,China,52407.93192
Jinghai,China,202497.6182
Ruyang County,China,59398.0261
Wengan,China,64225.62414
Jizhou,China,94690.29157
Jianping,China,102428.0757
Xianfeng,China,53457.31141
Funing,China,58485.24964
Yahongqiao,China,69063.87616
Anyang,China,1736590.279
Woluogu,China,63373.34406
Wuzhi,China,99645.00101
Qianxi,China,72958.5085
Quzhou,China,62066.45734
Huixian,China,167117.7988
Zhaozhou,China,82619.60482
Shancheng,China,191168.4208
Cheng'an,China,51364.45785
Linzhang,China,78879.50117
Xiaoguan,China,90828.54822
Huojia,China,78508.69639
Fengrun,China,650528.6212
Shangjie,China,169537.4368
Youyang,China,51654.62526
Zaoqiang,China,66959.52303
Neixiang,China,65019.96352
Qing,China,91924.53851
Dengfeng,China,309227.7653
Tangshan,China,2651178.671
Danjiangkou,China,129250.8752
Dajindian,China,188558.1106
Zhaodong,China,471428.3204
Ruzhou,China,189414.7917
Fengquan,China,89093.50435
Xinxiang,China,870471.0626
Xingyang,China,264792.4772
Tangyin,China,98147.55379
Lanxi,China,68239.96436
Binhai New Area,China,1429157.811
Ningjiang,China,241472.6121
Hebi,China,238323.8365
Harqin Zuoyi,China,78289.42211
Laifeng,China,58002.11326
Songyuan,China,218036.1382
天津经济技术开发区西区,China,62654.13325
Qinglong,China,52217.77433
Ninghe,China,136361.2065
Qixian,China,89703.97794
Botou,China,332141.338
Longshan,China,101520.6434
Suihua,China,289983.1536
Zhengzhou,China,5126112.049
Wei,China,139783.2121
Cangzhou,China,635841.3806
Nanzhao,China,80084.50049
北塘,China,198142.3764
Gegu,China,70699.3113
Weihui,China,92916.46369
Xinmi,China,275751.4264
Zhaishang,China,216098.7072
Gulin,China,482363.4905
Duyun,China,180493.7402
Chaoyang,China,448412.2956
Chengtougu,China,329256.8032
Jingxian,China,51498.83394
Qinghe,China,141229.0346
Gucheng,China,84754.39109
Zhenping,China,156472.3228
Beipiao,China,116617.7036
Qian'an,China,190878.3008
Zhaogezhuang,China,63014.20052
Shilong,China,53945.78732
Laohekou,China,128896.9922
Qingan,China,92637.01204
Gucheng,China,115583.106
Dongguang,China,57940.72307
Dengzhou,China,1095052.339
Lvjiatuo,China,67418.94136
超化,China,73814.80876
Guantao,China,69673.60578
Yuanyang,China,98685.85394
Xiushan,China,85557.66982
Yichun,China,57447.40017
Xunxian,China,81563.83707
Lushan,China,95942.46822
Nangang Industrial Zone,China,210710.1952
Dezhou,China,459281.8355
Daming,China,85153.03496
Linqing,China,282112.267
Yetouzi,China,80320.93659
Huaxian,China,174470.4238
Kaili,China,386452.5723
Jianchang,China,77808.16448
Baofeng,China,79992.83507
Luanzhou,China,82578.77016
Neihuang,China,90668.55827
Wucheng,China,66552.41955
Yanjin,China,65111.80406
Xinglong,China,50720.81555
Guodian,China,55195.98268
Jia,China,91599.8861
Guanxian,China,99976.6265
Nandagang Management Area,China,59193.65067
Yuzhou,China,245470.1401
Nanyang,China,768609.6837
Baise,China,119254.0624
Tieli,China,74234.80351
Huanghua,China,115596.4046
Xiajin,China,127923.0946
Hulan,China,376429.4294
Xinzheng,China,311647.0202
Zhongmu County,China,134428.1121
Xuedian,China,80531.62742
Puyang,China,871558.6993
Bencheng,China,97038.28262
Pingdingshan,China,703495.1341
Caofeidian,China,56120.36514
Zigui,China,61080.42562
Huayuan,China,70744.95907
Ningjin,China,71337.19424
Yanshan,China,51806.59151
Jingxi,China,73108.43865
Songbei,China,54770.47798
Fengqiu,China,101771.2946
Lingcheng,China,133590.2425
Xuchang,China,1821623.73
Kaifeng,China,1296333.573
Xinye,China,92242.03025
Fuxin,China,522330.2681
Shuangliao,China,85138.13503
Baojing,China,52110.25631
Pingyuan,China,91558.04062
Lingxi,China,72282.7649
Harbin,China,4591886.117
Funing,China,50419.45217
Fangcheng,China,75930.75753
Nanzhang,China,104918.5373
Changyuan,China,144922.1031
Xiangyang,China,938343.5055
Sangzhi,China,66409.59731
Gaotang,China,108888.9526
Dongliang,China,128414.0895
Ye,China,80604.08103
Chihu,China,79292.97879
Nandan,China,50540.64139
Shenxian,China,111748.8825
Nanpu,China,68063.88277
Sheqi,China,79514.78727
Tianyang,China,50137.10337
Changli,China,124654.871
Tongren,China,255612.461
Liaocheng,China,530298.9758
Yixian,China,77883.00348
Laoting,China,93973.79939
Laoling,China,139847.916
Qinhuangdao,China,727667.2924
Xiangfu,China,77534.86002
Weishi,China,103792.4598
Yichang,China,1573288.706
Shuangcheng,China,171886.5067
Tanghe,China,191819.9348
Chiping,China,167049.2567
Yanggu,China,165379.823
Jishou,China,190542.9094
Linyi,China,108311.2593
Xinhuang,China,51079.86607
Shanhaiguan,China,129429.4564
Yucheng,China,114562.4429
Dongming,China,66622.16907
Tiandong,China,66816.39594
Nong'an,China,112174.2842
Jinzhou,China,854827.555
Tongxu,China,62037.06361
Yanling,China,97613.20372
Yicheng,China,109506.8597
Wuyang,China,93236.17709
Linying,China,187946.2424
Fuyu,China,56864.58636
Wugang,China,94977.72014
Shouzhang,China,73403.80233
Lankao,China,89414.81635
Zhangjiajie,China,163528.3418
Huludao,China,497400.9087
Chenwang,China,84182.1733
Shanghe,China,66858.96644
Dong'e,China,89965.99808
Suizhong,China,91625.78435
Wudi,China,64713.45597
Nancha,China,61162.19175
Xingcheng,China,144907.0662
Acheng,China,233660.0761
Qihe,China,121109.2674
Qixian,China,103832.034
Zaoyang,China,155165.1305
Yidu,China,77990.9565
Linghai,China,92147.44527
Luohe,China,1183149.362
Dangyang,China,123327.9848
Mayang,China,55055.98908
Huji,China,68928.56195
Heze,China,450571.5074
Zhuangzhai,China,80616.25102
Biyang,China,106314.6627
Huimin,China,60085.4719
Fugou,China,67747.13058
Dehui,China,136404.6552
Jinchengjiang,China,257189.4786
Longzhou,China,51651.39353
Heishan,China,129003.8255
Wuxi,China,53094.58871
Pingyin,China,115015.4642
Zhijiang,China,63992.20114
Jinan,China,3824874.947
Jiyang,China,83380.50563
Liangshan,China,104523.7091
Yuanling,China,114030.6024
Xiping,China,128824.1383
Zhijiang,China,102588.7261
Jingmen,China,159550.3873
Yuncheng,China,147830.9501
Duodao,China,113203.0691
Shiheng,China,68664.64013
Cili,China,86144.50615
Chenxi,China,97001.56197
Lishu,China,89792.79681
Quanpu,China,103691.8879
Minquan,China,88367.71128
Yingkou,China,936823.1537
Pingguo,China,81726.13421
Changchun,China,3519692.241
Faku,China,56924.87903
Xinmin,China,193800.7064
Sui,China,77977.4032
Zhanhuaqu,China,51257.20998
Xihua,China,55244.62991
Suiping,China,74332.22665
Songzi,China,68327.25188
Ningming,China,52144.89216
王瓜店街道,China,57995.0455
Tongbai,China,82568.19797
Shimen,China,103503.8278
Dongping,China,112726.2298
Hongjiang,China,90139.38421
Yushu,China,197508.2737
Weiqiao,China,60475.48499
Fanjiatun,China,72241.99194
Siping,China,508075.3861
Hegang,China,504410.155
Gongzhuling,China,196812.7982
Caoxian,China,209734.0347
Taikang,China,86915.61362
Binbei,China,68317.22054
Feicheng,China,186690.8524
Zhumadian,China,909143.6087
Zhongxiang,China,157863.4531
Shangcai,China,169320.6961
Shuantaizi,China,192853.872
Binzhou,China,696957.5372
Juye,China,87568.64365
Dahua,China,73087.43165
Diaobingshan,China,140295.3227
Panjin,China,577711.9971
Zhoukou,China,788575.6561
Ningling,China,61291.24
Wenshang,China,93995.57597
Jiutai,China,144498.9213
Anjiang,China,77724.32625
Jingzhou,China,73900.76975
Jingzhou,China,625684.7018
Changtu,China,89348.64808
Taian,China,57358.78069
Bacao,China,61034.84823
Zouping,China,233401.0865
Zhangqiu,China,310416.7429
Chengwu,China,101261.6112
Xupu,China,107895.5335
Tai'an,China,707594.5309
Huaiyang,China,145270.2271
Lixian,China,189773.0916
Dawa,China,58829.99222
Jiaxiang,China,190895.0473
Hechi,China,91277.30054
Liaozhong,China,80837.42615
Sanzhouyi,China,125852.0741
Runan,China,142383.5642
Suizhou,China,249978.9037
Zhenxiabo,China,121708.0822
Wuchang,China,164689.0216
Kaiyuan,China,239150.0803
Dongying,China,646178.0296
Zhecheng,China,119222.5164
Shangqiu,China,779506.7347
Ningyang,China,111143.2825
Nuomuhuicun,China,112042.8981
Boxing,China,145414.2436
Gong'an,China,123572.6809
新城子区,China,108448.6558
Zhoucun,China,235869.579
Tonghe,China,57382.89985
Minggang,China,62273.12626
Shenyang,China,6175249.766
Jining,China,849584.7348
Tieling,China,183323.8914
Jinxiang,China,108593.1318
Xiangcheng,China,231203.2804
Taoyuan,China,90188.4289
Shanxian,China,236412.2017
Changde,China,603681.4442
Gulou,China,235458.3153
Huantai,China,127346.4613
Anhua,China,81535.62984
Zibo,China,1680283.24
Rongshui,China,64211.57948
Pingyu,China,125191.8882
Yitong,China,71141.9664
Dongying,China,126739.051
Xinshi,China,127046.4014
Dancheng,China,116973.932
Wuming,China,84686.5477
Yucheng,China,77404.1889
Rong'an,China,86208.88219
SHIBU,China,57145.19097
Jiamusi,China,705050.6848
Shanhe,China,54967.71146
Zhengyang,China,98664.94497
Qufu,China,243582.7888
Xinyang,China,350066.6744
Fangzheng,China,53298.42855
Shangzhi,China,114329.7072
Shuangyang,China,100625.2502
Shenqiu,China,131352.4683
Changling,China,58657.55501
Nanning,China,3695574.553
Yingkou,China,939506.8706
Luyi,China,97367.39668
Dongkou,China,71476.24043
Guangrao,China,91541.9878
Laiwu,China,369298.6755
Huachuan,China,59490.47992
Shulan,China,181922.7177
Linzi,China,311216.5697
Zoucheng,China,462608.8373
Liu'erbao,China,52127.16304
Anxiang,China,110093.59
Qianjiang,China,111193.3552
Shangsi County,China,54664.08583
Teng'ao,China,67167.19092
Tianmen,China,402717.7576
Shishou,China,96000.738
Liaoyuan,China,328965.5437
Fushun,China,852127.9579
Anshan,China,1495742.503
Guangshui,China,101502.809
Laobian,China,76188.66008
Sishui,China,90552.56281
Yutai,China,72627.27244
Yudong,China,101330.0269
Dawang,China,84793.73763
Hanshou,China,91239.17616
Dengta,China,81966.44032
Liaoyang,China,640795.052
Yuekou,China,58030.20185
Xianhu Economic Development Zone,China,53888.1508
Haicheng,China,396342.8104
Gangcheng,China,198460.8346
Bozhou,China,627970.2555
Anlu,China,341145.2933
Wugang,China,142476.9386
Dashiqiao,China,348320.4877
Yongning,China,75514.72221
Bayuquan,China,283444.459
Jilin City,China,1474659.181
Xiayi,China,93643.94677
Wushengguan,China,50901.45513
Xinhua,China,148901.2161
Nanhuayuan,China,128933.7123
Nan County,China,158591.7369
Zhaotun,China,117452.2949
Jieshou,China,124500.4866
Xincai,China,98334.83029
Liuzhou,China,1318051.418
Binyang,China,182226.0841
Fengxian,China,127065.8305
Dongxing,China,85094.20844
Loushan,China,78693.89715
Qianjin,China,50241.93507
Gaizhou,China,186511.1265
Xintai,China,236799.78
Yingcheng,China,145101.1803
Huarong,China,106914.9661
Qingzhou,China,338584.0994
Xiongyue,China,79772.05251
Linquan,China,173937.1782
Longhui,China,86878.41868
Liuzhuang,China,103867.422
Lengshuijiang,China,255967.1998
Shouguang,China,350721.9224
Dawu,China,101366.1617
Xi,China,115296.3645
Xiping,China,95597.27302
Yunmeng,China,120503.8506
Tengzhou,China,1033768.595
Jianli,China,143632.0762
巴虎屯村,China,69835.31247
Laibin,China,260628.047
Xiaochang,China,83862.90201
Yiyuan,China,151457.0051
Datun,China,56605.23779
Linqu,China,280462.9729
Gongchangling,China,52651.94819
Peixian,China,154587.5417
Huancheng,China,204649.6776
Xiantao,China,278584.9138
Taojiang County,China,135407.6227
Pingyi,China,169009.2202
Weihe,China,55508.66475
Yuanjiang,China,142778.3884
Xinning,China,78258.83125
Luzhai,China,92961.76479
Fangcheng District,China,109670.9337
Taihe,China,160999.6585
Lianyuan,China,177880.8914
Guilin,China,965075.588
Benxi,China,773945.62
Yiyang,China,771016.1691
Xiaogan,China,812534.4531
Tongjiang,China,76727.21848
Changle,China,70150.55545
Litang,China,65377.82421
Xinshao,China,95968.47175
Lingchuan,China,75848.29368
Shaoyang,China,480290.4264
Weishan,China,123555.7913
Shaoyang,China,95963.15902
Jixian,China,89441.37752
Mengyin,China,133831.5878
Yongcheng,China,334148.2745
Hanchuan,China,508039.93
Dongfeng,China,54678.19406
Qinzhou,China,193677.8218
Shanting,China,63463.7212
Fujin,China,263095.3392
Shuangyashan,China,224673.4749
Wafangdian,China,319394.3383
Guangshan,China,93744.60401
Weifang,China,961427.8535
Huangchuan,China,154119.7036
Makou,China,137727.6572
Zaozhuang,China,200465.4255
Huanan,China,71839.98503
Qingyuan,China,66444.19026
Taozhuang,China,62335.50704
Xing'an,China,85196.51643
Panshi,China,104053.0094
Guoyang,China,131797.6165
Loudi,China,686965.3002
赵家沟,China,134946.9308
Fuyang,China,1026178.734
Yueyang,China,830338.0973
Huaibin,China,95623.94674
Changyi,China,400489.5285
Shaodong,China,173053.8403
Benxi Manchu Autonomous County,China,75669.60604
Pulandian,China,161209.6775
Dalian,China,3599519.205
Funan,China,128555.0011
Wuxuan,China,54239.76106
Honghu,China,94562.5022
Meihekou,China,223906.4081
凤凰山办事处,China,146090.5526
市中区,China,444791.1128
Huaibei,China,886633.6337
Xiaoxian,China,136756.6948
Wuhan,China,8079484.041
Dong'an,China,89673.58886
Hengzhou,China,140434.7445
Hong'an,China,122136.0302
Xinxian,China,63094.70067
Feixian,China,159716.6837
Xuzhou,China,1310474.558
Quanzhou,China,66213.80024
Huangpi,China,140026.0948
Panlongcheng Economic Development Zone,China,93519.53065
Yueyang,China,120187.8616
Baoshan,China,66211.53396
Jiaohe,China,131614.0257
Ningxiang,China,155812.5595
Guigang,China,261421.7151
Lixin,China,114672.8408
Longgang,China,114397.8753
Baiyun,China,123715.2829
Huinan,China,101292.2166
Anqiu,China,784572.4162
峄城区,China,72635.39943
Xiangyin,China,194006.9838
Lingshan,China,180563.0469
Laizhou,China,279120.3299
Lipu,China,60361.12641
Hannan District,China,87046.73197
Yishui,China,226795.4017
Shuangfeng,China,83274.4614
Xiuyan,China,79376.47044
Miluo,China,402573.7158
Yongzhou,China,416167.6339
Yinan,China,140795.1902
Jiawang,China,94943.23202
Yuyue,China,97496.31287
Linyi,China,1555397.381
Wangcheng,China,67832.63127
Xinjia,China,167513.8585
Liuhe,China,75036.92654
Gushi,China,188007.044
Zijingshan,China,110485.6196
Mengcheng,China,120364.7664
Zhengdian,China,240168.4162
Xiangxiang,China,149318.775
Shangcheng,China,54304.86609
Boli,China,70388.43184
Yangluo Subdistrict,China,113793.2046
Beihai,China,593711.3003
Huadian,China,130717.0105
Chibi,China,171579.2068
Changsha,China,3246971.247
Qiyang,China,141685.7838
Lingling,China,139586.5878
Lanling,China,215497.3516
Suzhou,China,956856.3187
Macheng,China,136894.2794
Guiping,China,407485.6316
Zhaoyuan,China,149781.9265
Mengshan,China,55153.89641
Pubei,China,87033.12508
Xinzhou District,China,128392.3522
Zhuanghe,China,132632.486
Pingdu,China,285945.9314
Qidong,China,179333.482
Yingshang,China,90277.84721
Xinxing,China,421506.976
Juxian,China,192648.0596
Shepo,China,81086.75857
Xingye,China,66449.78612
Yuhu,China,433590.4342
Nianzhuang,China,125328.0057
Tongcheng,China,79660.43839
Pingnan,China,149115.8384
蕲县镇,China,67185.54937
Xianning,China,276076.6493
Tiancheng,China,92317.90959
Gaomi,China,599933.8918
Zucheng,China,759969.1985
Hengyang,China,120457.2906
Mule,China,105558.3279
Xiangtan,China,302468.2492
Linkou,China,61417.19219
Tuanfeng,China,50761.84423
Qitaihe,China,90591.94339
Fengcheng,China,171441.0822
Futang,China,59646.46762
Luling,China,86211.56225
Wulian,China,129400.2681
Yitang,China,702593.9579
Yong'an,China,133769.1147
Xiangtan,China,102212.456
Zhaoping,China,60709.56979
Guanhu,China,70719.86028
Huoqiu,China,66735.04428
Pingjiang,China,94055.53515
Yeji District,China,54095.82307
Ezhou,China,583820.3051
Zhuzhou,China,1005568.009
Yulin,China,563896.6231
Gushan,China,55457.46923
Qixia,China,90237.26553
Junan,China,128930.0394
Tancheng,China,131989.9119
Hengyang,China,809270.6027
Bobai,China,132423.7297
Fengtai,China,100197.4811
Meishan,China,91564.41345
Mudanjiang,China,758111.5628
Linshu,China,136832.9481
Tonghua,China,57860.30997
Laixi,China,206310.05
Jianghua,China,61822.76668
Fushan,China,861616.5351
Panji,China,59100.56499
Dongfang,China,101809.0854
Zhentou,China,93588.55034
Jiaozhou,China,472799.7206
Sihecun,China,58637.02416
Hengshan,China,58212.08738
Baoqing,China,92166.17589
Guzhen,China,64552.93794
Tonghua,China,316018.2269
Huanren,China,81379.91987
Changning,China,124680.8335
Beiliu,China,159347.3088
Zhongshan,China,66367.11349
Laiyang,China,265846.9532
Lingbi,China,122747.5448
Tongyang,China,73507.80895
Erdaojiang,China,79762.25735
Ningyuan,China,97791.4852
Shouxian,China,83378.94304
Kuandian,China,91876.16149
Xinyi,China,182062.7744
Huangshi,China,753021.1334
Suining,China,240918.3203
Luotian County,China,66253.57519
Tianjia‘an,China,1177306.495
Ning'an,China,77145.96647
Xintian,China,80194.34179
Luchuan,China,115762.0369
Qingping,China,51026.2203
Huaiyuan,China,134556.4698
Liuyang,China,456892.411
Dongjingcheng,China,63245.94109
Rong,China,117198.1327
Hengdong,China,66317.67648
Jixi,China,413446.2251
Xishui County,China,132230.5671
Gugang,China,65372.73404
Dunhua,China,201611.2965
Jihongtan,China,85311.64373
Baishan,China,596609.534
Jiangyuan,China,177102.0091
Rizhao,China,459143.6647
Yanxi,China,89028.59647
Dandong,China,714737.8993
Teng,China,79037.96212
Pidong,China,92075.89202
Bengbu,China,671788.502
Qingdao,China,3682893.314
Shatian,China,62855.82962
Hezhou,China,378622.1214
Changjiang Li Autonomous County,China,52630.91658
Suqian,China,957665.3266
Anpu,China,83264.50433
Hengshan,China,73668.3927
Liling,China,622255.3909
Muling,China,51402.59866
Shiren,China,63325.64263
胶南,China,320502.3813
Donghai,China,168296.8034
Mashan,China,66470.62725
Jingang,China,68916.37344
Donggang,China,107045.1528
Lanshan,China,104410.8947
Lu'an,China,891648.1249
Huangdao District,China,565693.2258
Huangchuan,China,71513.9285
Yingshan County,China,83953.41827
Leiyang,China,882594.3728
Xiejiazhuang,China,96347.56688
Pukou,China,324815.9632
Sixian,China,78751.07137
Lanshan,China,62854.73478
Jidong,China,55606.83762
Ganyu,China,194501.0205
Mouping,China,181200.9047
Lianjiang,China,226042.9374
Qichun County,China,103944.8163
Xiushui,China,106400.7761
Shangli,China,99066.21083
Hejie,China,70535.12367
Cenxi,China,365299.8593
Changfeng,China,92846.19608
Wuzhou,China,370100.9916
Huoshan,China,58518.80326
Huanglong,China,89928.12883
Yangxin,China,97774.59522
Fengyang,China,53154.33893
Nuodong,China,87560.92332
Longxu,China,68428.71738
Xiangdong,China,96260.98539
Suixi,China,165148.9046
Lianxing,China,87309.9281
Leizhou,China,278001.0772
Haizhou District,China,985186.1122
Yanghe,China,199651.1072
Dongcun,China,129214.7175
Guiyi,China,130729.4284
Ledong Li Autonomous County,China,54498.70866
Pingxiang,China,501236.9411
Nanxing,China,55390.8176
Wuhe,China,93245.99716
Longmen,China,59565.44339
Lingao County,China,91125.70616
Zhanjiang,China,463738.6127
Sihong County,China,224157.3365
Anren,China,51152.3141
禅妙村,China,163311.3457
Danzhou City,China,471953.4761
Shuyang,China,363143.5367
Matian,China,54529.53135
Mishan,China,98022.26905
Xugou,China,203134.1948
Meichuan,China,58550.51618
Guiyang,China,129942.6063
Weihai,China,535089.0962
Daye,China,51126.15642
Xinyi,China,197050.0434
Xiashan,China,646831.5309
Linjiang,China,85219.09079
Fengkai,China,69649.80175
Huazhou,China,166061.3573
Tangzhui,China,57124.89849
Luxi,China,53972.38019
Rushan,China,183403.7734
Wuning,China,93433.67156
Linwu,China,73914.72102
Banpuzhen,China,56912.79176
Wuxue,China,199875.6859
Ji'an,China,80356.29781
Gaozhou,China,515770.4851
Yongxing,China,65726.356
Liannan,China,57228.04144
Changqi,China,95730.64443
Chaling,China,101512.985
Songshan,China,60296.57129
Siyang,China,193424.2301
Hefei,China,5646049.263
Lianzhou,China,138395.2579
Yunan,China,90469.81055
Dingyuan,China,131594.2035
Damo New Village,China,68845.15505
Xuwen,China,197195.6736
Wuzhishan City,China,50973.23617
Wanzai,China,112366.1162
Chenzhou,China,617069.9976
Guanyun,China,108943.962
Zhenwen,China,51115.36174
Maoming,China,584252.9546
Tianya District,China,90313.02593
Haiyangsuo,China,56092.86274
Wendeng,China,224205.8515
Shucheng,China,124894.3901
Wuchuan,China,255799.1138
Yichun,China,1043123.423
Chengmai County,China,77299.79955
Huangmei County,China,92139.77836
Antu,China,56129.03523
卞庄,China,95140.94975
Ruichang,China,113744.9117
Lianhua,China,53116.31566
Zixing,China,235331.7246
Changliu,China,69478.61636
Sanya,China,421521.503
Yizhang,China,73409.71581
Jinxi,China,83855.95299
Susong,China,100719.0626
Poxin,China,54769.91549
Taiping,China,89155.85801
Xiuying District,China,1374151.77
Luoding,China,243811.2639
Huaiji,China,131187.1377
Deqing,China,87546.22094
Lintou,China,104464.4976
Guannan,China,165759.32
Dianbai,China,178115.6375
Qianshan,China,89749.10959
Sanhe,China,54746.61681
Huaiyin District,China,1717420.561
Tunchang County,China,69442.65261
Xuyi County,China,122834.2241
Jiujiang,China,570902.5578
Shanggao,China,101697.5368
Tongcheng,China,117455.2673
Xiaochikou,China,53917.38925
Fenyi,China,102339.1416
Yangshan,China,103754.4286
Xiangshui,China,107808.3218
Chaisang,China,56115.84683
Rongcheng,China,174922.7995
Shuzi,China,85760.89171
Lianshui County,China,165538.001
Hedong,China,68555.72301
Huaining,China,79787.10411
Suifenhe,China,109630.7844
Chi'an,China,118307.0285
Bohe,China,69750.08064
Huai'an District,China,584706.8067
Yongxin County,China,62095.56613
Lujiang,China,140133.2635
双桥村,China,58649.31564
Diancheng,China,102047.846
Wangqing,China,80912.49559
Anyi,China,86118.37254
Yunfu,China,207900.861
Lingshui Li Autonomous County,China,92797.22246
Jianhuai,China,55003.60979
Anfu County,China,67370.57551
Hukou,China,98364.67803
Xinyu,China,851535.5887
Nankang,China,143448.0323
Guangning,China,117313.0117
Gao'an,China,353080.4476
Lechang,China,198589.5388
Yangchun,China,230749.9554
Chuzhou,China,295741.8622
Tubu,China,73943.71981
Qionghai,China,146854.4967
Yangxi,China,113214.5173
Binhai,China,220357.5663
Wangjiang,China,72789.81366
Yanji,China,426296.1558
Jinhu County,China,116258.5951
Helong,China,87214.73785
Chaohu,China,243724.4181
Anqing,China,469918.8133
Wanning,China,239001.9364
Quanjiao,China,126047.1868
Ruyuan,China,51073.2226
Dongning,China,53479.13057
Zongyang,China,75138.21023
Wenchengzhen,China,70834.6031
Xinxing,China,146044.2232
Nanchang,China,3641447.232
Baoying,China,240818.1608
Zhaoqing,China,592201.3813
Funing,China,197285.4829
Longjing,China,91990.98486
Donggou,China,76711.94175
Hanshan,China,65903.26957
Heyun,China,62596.65593
Gaoyao,China,72419.28648
Sihui,China,378288.713
Yangjiang,China,490069.2173
Tumen,China,81312.74753
Wuwei,China,100155.3929
Zhangshu,China,243160.4189
Shaoguan,China,451566.5571
Tianchang,China,115626.8107
Qingyuan,China,711304.2973
Ji'an County,China,115442.8335
Baitu,China,54078.29955
Yaodu,China,54501.11938
Ji'an,China,248028.836
Beiguan,China,70077.74755
Chizhou,China,332925.4353
Xingan,China,79350.96694
Jianhu,China,256246.5758
拖船镇,China,60499.30509
石上村,China,116475.0999
Suichuan,China,113297.4679
Nanjing,China,8061028.981
Fuguancun,China,137556.773
Oucun,China,283638.6694
Liyang,China,90087.30035
Qujiang,China,107522.6476
Jishui,China,109754.846
Fengcheng,China,105056.3324
Chengjiang,China,121340.3638
Enping,China,373580.3284
向塘村,China,64082.87593
Jinli,China,73143.04736
Tongling,China,363352.9593
Yingde,China,168517.6761
Sanshui,China,139107.4521
Ma'anshan,China,1071589.268
Furong,China,68256.12928
Sheyang,China,152273.3478
Gaoming,China,296902.8466
Leping,China,101758.3467
Gaoyou,China,401965.9988
Wuhu,China,2137949.349
Shiling,China,126015.7714
Yongfeng,China,99275.15456
Guangzhou,China,42987704.03
Dangtu,China,74964.5011
Huadu,China,926827.5784
Xiangshan,China,54223.19044
Yancheng,China,1211453.665
Qinnan,China,72186.34743
Yizheng,China,193319.2435
Shangyou,China,76663.74541
Kaiping,China,327126.1653
Shixing,China,82534.57678
Fanchang,China,62754.7896
Jinxian,China,152284.0419
Poyang,China,188396.3629
Dayu,China,80227.69295
Heshan,China,201680.4499
Shuikou,China,123118.1464
Shijiao,China,119275.9705
Huadong,China,115115.5906
Hunchun,China,131357.8191
Huolong,China,156146.9129
Yangzhou,China,699842.7489
Siqian,China,64310.26093
Lukou,China,85868.26335
Xinghua,China,429553.3931
Nanxiong,China,99681.1132
Tangjiang,China,77810.47319
Taishan,China,248878.1276
Shaobo,China,52897.14893
Dagang,China,53515.2123
Jiangdu District,China,204333.7292
Yugan,China,177288.085
Nankang,China,460549.0074
Bashan,China,74182.90568
Le'an,China,76414.64882
Bowang,China,50527.39291
Ganzhou,China,1476965.841
Conghua,China,224453.8715
Jurong,China,189122.6299
Nanling,China,95258.72328
Jingdezhen,China,460993.4945
Taiping,China,54231.03448
Zhenjiang,China,782534.4796
Wanzhi,China,75134.94116
Fuzhou,China,880317.9731
Lishui,China,144752.1738
Wengyuan,China,99253.20092
Dantu District,China,54505.84049
Xinlong,China,105027.9057
Xingguo,China,168176.2182
Dongxiang,China,151447.3014
Gaochun,China,138041.8115
Leping,China,293644.2291
Taizhou,China,355520.3957
Dafeng,China,138525.1018
Jing,China,81556.07058
Xingtai,China,139787.4772
Yihuang,China,58963.88554
Sanjiao,China,77991.4837
Quannan,China,69208.83572
Xinfeng,China,134710.7608
Wannian,China,97630.71514
Wanqingsha,China,164710.8855
Danyang City,China,312782.4356
Pingsha,China,115005.3909
Xuancheng,China,427031.541
Getian,China,206055.581
Xinfeng,China,104522.5869
Dongtai,China,466190.279
Yangzhong,China,136622.8871
Dengbu,China,54028.22005
Gaogang,China,52365.87647
Doumen,China,236202.1835
Yudu,China,223352.5198
Zhuhai [Macau],China,2253273.358
Jiangyan,China,227734.8352
Longnan,China,123691.7964
Danbei,China,108204.4731
Lianping,China,78469.68396
Jinwan,China,67023.46833
Jincheng Town,China,254614.8507
Binjiangzhen,China,53850.36059
Jinxi,China,62013.49491
Longmen,China,85352.51889
Jaingbian,China,199841.9747
Taixing,China,466710.5802
Yanwucun,China,86850.56043
Liyang,China,396226.4274
Nancheng,China,137937.0716
Dexing,China,68695.8357
富安镇,China,54088.86375
Changzhou,China,2772877.635
Taipa,China,156278.5535
Wuyuan,China,53189.42173
Huayuan,China,133365.4704
新华村,China,187997.0202
Ningdu,China,159642.0622
Hai'an,China,247676.1497
Zhongxin,China,57932.70447
Huangqiao,China,109539.5845
Nanfeng,China,110005.5122
Dingnan,China,92279.0789
Huangshan,China,372353.8864
Ningguo,China,374586.8945
Guangchang,China,83319.19032
Shexian,China,63377.60846
Heping,China,107459.7611
Boluo,China,206192.4003
Yiyang,China,86027.87761
Anyuan,China,80099.12263
Rugao,China,139223.1607
Jingjiang,China,605128.8279
Tuen Mun,China,1081304.917
Jiangyin,China,659293.6267
Heyuan,China,466334.8709
Puqian,China,86743.37226
Guangde,China,98093.04222
Shenglicun,China,343211.0376
Tung Chung,China,76469.81531
Yixing,China,452718.1048
Hengfeng,China,87635.54031
Huizhou,China,1061951.602
Huichang,China,86684.212
Shibei,China,68451.63396
Ruijin,China,211191.9915
Fanling,China,308647.6517
Lichuan,China,80729.0479
Hong Kong,China,4807599.362
Xinxu,China,64541.17249
Dingshu,China,176723.3117
Yuqi,China,122938.7879
Shicheng,China,77569.91342
Zhangjiagang,China,1099544.83
Tai Po,China,279866.7745
Suzhou,China,11540429.52
Qingyang,China,56809.38159
Yantian District,China,226997.1866
Hekou,China,63495.34268
Huiyang,China,589201.61
Sha Tin,China,682643.2024
Shangrao,China,613470.9556
Changning,China,70546.03631
Dapeng New District,China,52086.66847
Guangze,China,50086.52614
Longchuan,China,172656.3415
Jinfeng,China,99188.00462
Nantong,China,2608603.798
Changxing,China,279999.776
Huidong,China,423791.4619
Xibei,China,186336.6357
Anji,China,201933.4147
Changting,China,119482.3955
Yushan,China,175657.0114
Ninghua,China,67799.82289
Fenghuang,China,67921.29357
Zijin,China,203655.5781
Yangkou,China,281045.4333
Rudong,China,141156.1762
Changshu,China,795441.3301
Chun'an County,China,86127.08003
Wuping,China,65404.63167
Guangfu,China,153609.1778
Huzhou,China,431048.7139
Shaowu,China,105234.8651
Zhangpu,China,158436.3205
Pingyuan,China,97929.29639
Huacheng,China,71966.12938
Jilong,China,82426.11288
Fenshui,China,51783.53846
Xingning,China,669444.5979
Jiangshan,China,155476.9651
Meili,China,187366.6349
Quzhou,China,959819.2366
Lin'an District,China,220203.5554
Huangbu,China,86315.59105
Deqing,China,160190.7787
Zhili,China,123947.448
Dongshan,China,99369.50866
Linhu,China,91352.07198
Wuyishan,China,84943.63268
Haimen,China,453137.2771
Jiande,China,131490.8559
Jiaoling,China,96990.63718
Shanghang,China,72050.40462
Wuhua,China,217288.9228
Hengshan,China,96846.71717
Nanxun,China,182618.0923
Meilong,China,92057.16229
Hangzhou,China,6387063.595
Anliu,China,69671.12001
Xindeng,China,61915.50284
Meizhou,China,524592.5095
诚心村,China,64782.67736
Haifeng,China,351528.7673
Tangqi,China,69569.9822
Xinshi,China,52811.96376
Shaxi,China,96486.84335
Tonglu County,China,148483.6002
Gongping,China,71924.72816
Fuyang,China,422210.1225
Wangjiangjing,China,758849.1496
官潭村,China,74719.31188
Zhouquan,China,55863.08309
Lvsigang,China,106729.5601
Shanwei,China,478813.7908
Shanghai,China,30678616.23
Luhe,China,108725.7693
Lili,China,400821.294
Jianyang,China,88068.42122
Lanxi,China,264982.1086
Qiandeng,China,70939.55622
Chongfu,China,86025.4731
Pucheng,China,60883.17879
Tongxiang,China,417495.3245
Jiexi,China,125603.7936
Jiaxing,China,659472.4007
长安大学城,China,107591.7805
Chongming,China,135058.2389
Yong'an,China,146217.2365
Lufeng,China,310569.9363
Zhujiajiao,China,74026.74135
Qidong,China,404692.3004
Jinhua,China,1195207.373
Sanming,China,243815.2948
Lingpu,China,79831.22469
Fengshun,China,217694.5436
Jiashan,China,382063.9177
盐官古城,China,60744.82199
Jingxiyuan,China,60845.67535
Yongding,China,50345.23847
Haining,China,201885.4151
Longyan,China,392111.6852
Pujiang,China,210681.2709
Sha,China,99219.99621
Jinhe,China,501040.552
Fengjing,China,65996.19496
Shantou,China,10579302.53
Zhuji,China,522884.4468
Diankou,China,89406.66809
Jieshi,China,205340.985
Jian'ou,China,68804.57572
Pinghu,China,258255.2014
Yinong,China,63154.48817
Dabu,China,96511.1033
Kuitan,China,100436.4229
Xietang,China,132124.7531
Xindai,China,55114.71067
Zhujing,China,138420.4437
益农村,China,65266.71777
Dachen town,China,52832.0196
Yanping,China,161260.549
Haiyan,China,175670.0543
Yiwu,China,718657.1485
Longquan,China,76470.00821
Changxing,China,61835.46552
Yexie,China,78506.11856
Suxi,China,60796.39935
Zhapu,China,93735.31883
Fengqiao,China,69853.54397
Jiadong,China,164162.8481
Zhangping,China,68685.81973
Fotang,China,92094.06824
Songyang County,China,55653.48706
Wuyi County,China,77216.37162
Tinglin,China,61598.71157
黄姑社区,China,77681.47411
Xixi,China,182099.1653
Dongyang,China,389713.2905
Daoxu,China,103246.2063
Jinshan,China,311363.7618
Xilu,China,215051.4281
后金,China,65670.8843
Raoyang,China,90624.03008
Huilai,China,282493.7199
Zhelin,China,103030.0095
Shangyu District,China,307509.2959
Yongkang,China,373294.6221
Cixi,China,1459130.88
Youxi,China,64967.30539
Nanma,China,53111.44046
Hexi,China,67022.35057
Hengdian,China,97627.61633
Zhiying,China,119994.4955
Yunhe County,China,74597.3095
Xian'an,China,65409.24306
Chenghai,China,886988.4253
Nanjing,China,78588.82303
Lishui,China,468870.2282
Pinghe,China,118794.5255
Haojiang,China,135936.4007
Yuyao,China,624778.6971
Raoping,China,307270.0963
Jinyun County,China,116849.7828
彭镇,China,57378.66566
WenJiancun,China,67796.40941
Shengshan,China,192399.6374
Huzhen,China,68007.10875
Shengzhou,China,288247.4336
Gutian,China,93465.56324
Xinchang,China,227109.5423
Zhangzhou,China,1535555.905
Hutou,China,59730.43853
Zhao'an,China,116229.3912
Yangtian,China,86259.02867
Dehua,China,63197.18964
Yunxiao,China,134110.0587
Cicheng,China,63177.72164
Yongchun,China,136056.6885
Guanqiao,China,82180.71509
Taishun,China,63856.00497
龙山镇,China,75365.43469
Anxi,China,184534.5917
Zhangpu,China,107311.6454
Ningbo,China,2953172.434
Xikou,China,73039.43944
Xianju County,China,159039.6215
Zhenhai District,China,56751.13627
Guankou,China,322192.6608
Tiantai County,China,165151.9654
新垵,China,138478.3352
Fenghua District,China,228976.501
Qingtian,China,100223.6879
Luncang,China,72088.98787
Jiangshan,China,59932.93906
Tong'an,China,351892.1287
Wencheng,China,64514.46255
Fu'an,China,356776.3552
Jimei,China,117406.5754
Xiamen City,China,1676986.913
Wenxi,China,60527.25893
Nan'an,China,134904.7996
Xianyou,China,355995.9123
Meishan,China,77828.85366
Neicuo,China,166591.0761
Minhou,China,80160.93659
Yongtai County,China,54733.97906
Luojiang,China,101478.1858
Xidian,China,52171.4201
Kangmei,China,124606.1509
Beilun District,China,432557.8285
Ningde,China,350783.2346
Xiaducun,China,54983.145
Fuzhou,China,2880409.893
Quanzhou,China,3384624.24
Ninghai County,China,283571.6123
Daishan County,China,91591.3457
Linhai,China,343380.9428
Wenzhou,China,3838181.83
Haiyou,China,70404.29872
Luoyuan,China,91289.28572
Shuitou,China,110698.1439
Jiaowei,China,50609.01545
Dinghai District,China,251642.0142
Putian,China,2463177.341
Jieshan,China,264334.7536
Fuding,China,95282.86203
Xianjiang,China,127077.291
Mawei,China,69045.68781
Lianjiang,China,137345.5236
Hui'an,China,325256.2305
Zhoushan,China,55248.27001
Cangnan,China,308094.3106
Qingkou,China,154849.1028
Quangang,China,166332.7569
Baiqi,China,65020.41915
Huangyan District,China,410735.4462
Chashan,China,98723.41663
Xiapu,China,134103.3413
Longgang,China,665961.1512
Shenhu,China,155583.2243
Yueqing,China,1135366.226
Pingyang,China,107151.0969
Changle,China,259052.441
Putuo District,China,235012.2579
Tingjiang,China,91859.25515
Yongning,China,79644.22578
Xiangshan County,China,180224.2454
Fuqing,China,378881.5933
Jinshang,China,114062.0835
Yuanqiao,China,65488.682
Dajing,China,53990.77468
Yishan,China,76721.01752
Taizhou,China,1395451.709
Chongwu,China,87607.58967
Hunan,China,171092.3636
Qianku,China,78072.17504
Yanpen,China,66442.3057
Duqiao,China,122312.6163
Jiangyin,China,56569.96379
Haikou,China,73174.87587
Shangpan,China,60958.58095
Jinxiang,China,95006.86575
Jiangjing,China,155597.3584
Wenling,China,339654.9637
Shipu,China,88430.88031
Damaiyu,China,77975.43475
Gangtou,China,55577.28909
Chumen,China,154381.9533
Xinhe,China,83708.85323
Yuhuan,China,250172.87
Dongtou,China,54241.78947
Songmen,China,80163.52241
Shitang,China,73415.88537
Pingtan,China,107085.0966
Showt,Iran,90187.67241
Oral,Kazakhstan,173858.1385
Turkmenbashy,Turkmenistan,54954.90445
Kungrad,Uzbekistan,63185.46817
Islam Qala,Afghanistan,60028.41972
Nijoni,Tajikistan,55619.48537
Gwādar,Pakistan,92523.07042
Kara-Balta,Kyrgyzstan,62857.71155
Kralpora,India,387660.4724
Malé,Maldives,229283.1943
Babathan,Nepal,105155.6145
Jaffna,Sri Lanka,199496.8767
Thakurgaon,Bangladesh,258371.3805
Phuntsholing,Bhutan,76648.17601
Atyrau,Kazakhstan,203399.7246
Balkanabat,Turkmenistan,85514.77664
Khujayli,Uzbekistan,80591.33509
Ghurian,Afghanistan,130960.3182
Шадобдеҳ,Tajikistan,75548.11707
Turbat,Pakistan,187003.3015
Suzak,Kyrgyzstan,57880.02331
Dwarka,India,56911.98378
Laksmipur,Nepal,387185.2916
Puttalam,Sri Lanka,56762.42861
Panchagarh,Bangladesh,144238.4732
Qaraziadin,Iran,259412.3395
Aktau,Kazakhstan,259509.5032
Gyzylarbat,Turkmenistan,58095.17224
Chimbay,Uzbekistan,55949.47108
Qarabāg,Afghanistan,69915.96987
Ghonchi,Tajikistan,66380.48416
Qila Khudabadan,Pakistan,102782.0178
Jalal-Abad,Kyrgyzstan,122862.9004
Mithapur,India,59717.28641
Banjariya,Nepal,165421.9147
Wennappuwa,Sri Lanka,70379.68976
Pirganj,Bangladesh,54305.14834
Salmas,Iran,108250.2067
Qızıltöbe,Kazakhstan,89362.74054
Konye-Urgench,Turkmenistan,53791.59449
Nukus,Uzbekistan,289562.2979
Shahrinav,Tajikistan,68881.54919
Panjgur,Pakistan,122496.8884
Osh,Kyrgyzstan,481388.538
Mandvi,India,58365.99696
Tikapur,Nepal,74939.87744
Colombo [Sri Jayawardenepura Kotte],Sri Lanka,4720932.972
Bholarhat,Bangladesh,61104.78928
Khoy,Iran,191322.2922
Aktobe,Kazakhstan,420694.7151
Andalyp,Turkmenistan,72546.82953
Gurlan,Uzbekistan,63374.35094
Herat,Afghanistan,1489155.783
Proletar,Tajikistan,88515.36617
Kharan,Pakistan,68259.75882
Bishkek,Kyrgyzstan,1428079.244
Jaisalmer,India,84770.20413
Nepalgunj,Nepal,87713.81841
Bandaragama,Sri Lanka,89869.3059
Chapainawabganj,Bangladesh,785704.2757
Urmia,Iran,684658.6225
Zhanaozen,Kazakhstan,168146.305
Dashoguz,Turkmenistan,182056.1445
Khiva,Uzbekistan,136853.1297
Guzarah,Afghanistan,190043.4738
Khujand,Tajikistan,205423.9757
Chaman,Pakistan,91699.82663
Nookat,Kyrgyzstan,63785.54416
Baramulla,India,138338.5605
Tulsipur,Nepal,101378.2395
Ambalangoda,Sri Lanka,90835.49655
Birganj,Bangladesh,66122.21775
Marand,Iran,108158.2679
Kostanay,Kazakhstan,162918.0945
Yasmansalyk,Turkmenistan,65354.50611
Urgench,Uzbekistan,261275.914
Shindand,Afghanistan,232133.7506
Hisor,Tajikistan,119282.8413
Pishin,Pakistan,64314.613
Özgön,Kyrgyzstan,86254.10009
Poonch,India,82748.30534
Jogīkuti,Nepal,91254.12683
Galle,Sri Lanka,554849.0123
Domar,Bangladesh,51101.29904
Piranshahr,Iran,85949.35068
Petropavl,Kazakhstan,126722.7776
Ashgabat,Turkmenistan,1078866.812
Beruniy,Uzbekistan,93622.05824
Bandabad,Afghanistan,112966.5603
Ghafurov,Tajikistan,180285.3635
Quetta,Pakistan,969068.0898
Ak-Bulun,Kyrgyzstan,55512.04852
Bhuj,India,186748.9571
Farena,Nepal,53347.26724
Anuradhapura,Sri Lanka,52546.89248
Dinajpur,Bangladesh,400028.5598
Naghadeh,Iran,74738.51374
Ayteke Bi,Kazakhstan,50308.97837
Xonqa,Uzbekistan,84761.31651
Mary,Turkmenistan,243435.9911
Bala Murghab,Afghanistan,73685.48496
Dushanbe,Tajikistan,1471811.592
Qalat,Pakistan,57172.16853
Sopore,India,79089.31006
Sitāpur,Nepal,169386.606
Kurunegala,Sri Lanka,64122.91008
Gomastapur,Bangladesh,80290.56383
Ajab Shir,Iran,52589.76131
Kokshetau,Kazakhstan,142171.2811
Turtkul,Uzbekistan,110908.501
Turkmenabat,Turkmenistan,215519.86
Qala i Naw,Afghanistan,136062.9399
Khistevarz,Tajikistan,68564.15609
Khuzdar,Pakistan,114127.938
Bandipora,India,114248.3873
Pokhara,Nepal,151398.9452
Ratnapura,Sri Lanka,66240.10634
Nilphamari,Bangladesh,140450.2802
Tabriz,Iran,1318694.238
Hazorasp,Uzbekistan,96653.43519
Jezqazğan,Kazakhstan,51428.03268
Farah,Afghanistan,164948.021
Qubodiyon,Tajikistan,80417.64359
Sibi,Pakistan,76807.84603
Bhimber Gali,India,75623.28127
Bharatpur,Nepal,153048.9324
Kandy,Sri Lanka,696126.0377
Saidpur,Bangladesh,235477.1508
Sardasht,Iran,56156.32047
Kyzylorda,Kazakhstan,234838.8773
Shofirkon,Uzbekistan,77515.79128
Obe,Afghanistan,60924.68895
Vahdat,Tajikistan,112979.5274
Parachinar,Pakistan,109573.1605
Pattan,India,72462.74617
Pokhariya,Nepal,391129.354
Gampola,Sri Lanka,64769.15753
Jaldhaka,Bangladesh,102480.8362
Mahabad,Iran,151563.5507
Astana,Kazakhstan,1128139.722
Bukhara,Uzbekistan,243752.8944
Анатуриши узбок,Tajikistan,56346.02419
Loralai,Pakistan,60567.77573
Khansahib,India,413235.3755
Hetauda,Nepal,66550.38813
Matale,Sri Lanka,89555.09337
Godagari,Bangladesh,60273.29228
Bonab,Iran,55174.17717
G'ijduvon,Uzbekistan,105500.2166
Temirtau,Kazakhstan,108296.8426
Zaranj,Afghanistan,65955.341
Abdurahmoni Jomi,Tajikistan,57510.76825
Duki,Pakistan,70359.0619
Khambhaliya,India,92369.43446
Birgunj,Nepal,90236.91672
Tamaraivillu,Sri Lanka,55582.45684
Parbatipur,Bangladesh,52801.28577
Maragheh,Iran,147233.5217
Kogon,Uzbekistan,58331.16562
Karaganda,Kazakhstan,303663.2665
Bokhtar,Tajikistan,69665.30123
Muhammad Khel,Pakistan,62850.08888
Rajouri,India,67322.02573
Kathmandu,Nepal,3862696.52
Trincomalee,Sri Lanka,82310.01414
Phulbari,Bangladesh,70193.3686
Miandoab,Iran,129514.2349
Navoiy,Uzbekistan,209623.9711
Май-Кудук,Kazakhstan,71774.76673
Qeysar,Afghanistan,115361.5293
Balkh,Tajikistan,60611.70343
Ali Khel,Pakistan,61619.33794
Anjar,India,89662.50753
Simara,Nepal,50738.04998
Badulla,Sri Lanka,71625.09053
Gangachara,Bangladesh,382037.1779
Baneh,Iran,101732.7534
Ekibastuz,Kazakhstan,114479.0972
Koson,Uzbekistan,101305.9177
Andkhoy,Afghanistan,153433.3905
Vakhsh,Tajikistan,75135.90864
Hub,Pakistan,95114.23503
Srinagar,India,1340177.15
Kalaiya,Nepal,56708.59215
Valaichchenai,Sri Lanka,55061.1092
Bodorganj,Bangladesh,54900.97632
Bukan,Iran,166212.1267
Turkestan,Kazakhstan,213680.4872
Payshanba,Uzbekistan,74957.51871
Bai Ghesi,Afghanistan,138024.5845
Батрабат,Tajikistan,78367.38798
Usta Muhammad,Pakistan,69614.49903
Sikka,India,94949.04613
Baidehi,Nepal,98958.64455
Batticaloa,Sri Lanka,139380.1403
Dalauabari,Bangladesh,88131.56063
Ahar,Iran,98430.83957
Po'lati,Uzbekistan,57517.30282
Pavlodar,Kazakhstan,262863.872
Dowlatabad,Afghanistan,56833.04155
Danghara,Tajikistan,54433.78285
Shahdadkot,Pakistan,182157.4055
Porbandar,India,231311.6053
Laukhi,Nepal,60790.45459
Sammanturai,Sri Lanka,55365.72873
Rajshahi,Bangladesh,805559.7922
Saqqez,Iran,139018.0339
Kattakurgan,Uzbekistan,148079.1148
Koh-i-Sayad,Afghanistan,132414.2278
Jetisay,Kazakhstan,61506.76618
Isfara,Tajikistan,74925.61498
Dera Murad Jamali,Pakistan,56216.04548
Gandhidham,India,307941.2195
Inaruwa,Nepal,270224.9176
Kalmunai,Sri Lanka,114303.3508
Kakina,Bangladesh,74033.30946
Marivan,Iran,122177.7757
Qarshi,Uzbekistan,512027.1313
Shymkent,Kazakhstan,1239662.754
Farkhor,Tajikistan,58922.89599
Motikhavdi,India,63459.13272
Biratnagar,Nepal,987896.8087
Akkaraipattu,Sri Lanka,94394.38423
Birampur,Bangladesh,70598.47694
Parsabad,Iran,83878.48335
Juma,Uzbekistan,206928.2981
Maymana,Afghanistan,118617.4487
Sarıağaş,Kazakhstan,69929.62458
Kulob,Tajikistan,177691.5101
Zhob,Pakistan,133042.6139
Abhom,India,52243.02768
Birtamod,Nepal,52503.71406
Rangpur,Bangladesh,611286.5341
Meshginshahr,Iran,72665.98577
Samarqand,Uzbekistan,892554.4193
Emam Saheb,Afghanistan,130051.3168
Aqswkent,Kazakhstan,65488.77409
Karachi,Pakistan,21031702.73
Mazgam,India,89069.30226
Durgapur,Bangladesh,74741.85008
جوانرود,Iran,62392.40802
Gʻuzor,Uzbekistan,93543.61762
Sayram,Kazakhstan,71025.91825
Chitral,Pakistan,127949.2483
Pampore,India,198202.0294
Joypurhat,Bangladesh,120904.2623
Tikab,Iran,50621.41988
Shahrisabz,Uzbekistan,283388.1677
Gawaki,Afghanistan,56924.20703
Taraz,Kazakhstan,234774.6848
Khairpur Nathan Shah,Pakistan,99809.18183
Jamnagar,India,676169.1757
Lalmonirhat,Bangladesh,198140.472
Mianeh,Iran,91953.86934
Beshkapa,Uzbekistan,94864.82051
Sheberghan,Afghanistan,172931.8907
Balqaş,Kazakhstan,60602.35544
Johi,Pakistan,101528.0529
Pulwama,India,64186.74845
Naogaon,Bangladesh,330028.3579
Eslamabad-e Gharb,Iran,93156.67675
Urgut,Uzbekistan,111123.6538
Darzab,Afghanistan,65382.64309
Semey,Kazakhstan,291783.2784
Mehar Taluka,Pakistan,146890.3491
Bhachau,India,50939.86802
Baneshwar,Bangladesh,95247.87643
Ilam,Iran,148325.8048
Jizzakh,Uzbekistan,357000.0909
Sayad,Afghanistan,53760.78316
Ust-Kamenogorsk,Kazakhstan,240225.5882
Qambar,Pakistan,160062.6606
Ramnagri,India,74596.59916
Chhaola,Bangladesh,56109.65223
Sareyn,Iran,385386.6327
Sar-e Pol,Afghanistan,119492.5054
Sirdaryo,Uzbekistan,54829.5699
Almaty,Kazakhstan,2315538.314
Nasirabad,Pakistan,53095.03519
Khrew,India,68077.14326
Bagha,Bangladesh,60663.34965
Sanandaj,Iran,309717.698
Tashkent,Uzbekistan,3874652.58
Firozkoh,Afghanistan,229080.3737
Taldykorgan,Kazakhstan,146373.6667
Inayat Killi,Pakistan,199744.3424
Lanckhul,India,176873.026
Meherpur,Bangladesh,93492.67474
Ardabil,Iran,403961.4207
Boysun,Uzbekistan,70152.99245
Dera Allah Yar,Pakistan,74216.66785
Esik,Kazakhstan,53718.58658
Tral,India,97421.30346
হাসানগঞ্জ,Bangladesh,94366.48093
Kamyaran,Iran,50208.85236
Yangiyul,Uzbekistan,89930.69226
Lashkar Gah,Afghanistan,197380.2147
Sita Road,Pakistan,61222.83065
Zharkent,Kazakhstan,54228.78652
Barmer,India,277643.7839
Dupchachia,Bangladesh,57371.36818
Kermanshah,Iran,830106.2171
Sherobod,Uzbekistan,89595.93567
Tukzar,Afghanistan,60555.24152
Dadu,Pakistan,253439.7849
Anantnag,India,273306.3327
Malikbeg,Bangladesh,155675.7241
Gulistan,Uzbekistan,123025.496
Nurrār,Pakistan,100924.3699
Pokaran,India,57943.90773
Shihali,Bangladesh,79717.31593
Talesh,Iran,62697.42972
Tashlak,Uzbekistan,57333.88699
Girishk,Afghanistan,152092.2053
Badah,Pakistan,53018.88734
Devsar,India,131383.0086
Natore,Bangladesh,218158.8249
Zanjan,Iran,364138.8361
Chibintepa,Uzbekistan,67513.94368
Mazar i sharif,Afghanistan,737865.826
Pashat,Pakistan,52187.84945
Upleta,India,83262.08277
Naldanga,Bangladesh,116785.216
Kuhdasht,Iran,114154.5737
Chirchiq,Uzbekistan,82139.34531
Khwaja Iskandar,Afghanistan,60004.60172
Bannu,Pakistan,637353.248
Mangrol,India,68867.22001
Polashbari,Bangladesh,76141.22218
Asadabad,Iran,61973.3764
Angor,Uzbekistan,55417.50156
Mirzay,Afghanistan,55414.75645
Jacobabad,Pakistan,304932.5809
Jammu,India,1160686.685
Kurigram,Bangladesh,174673.7451
Nurabad,Iran,71694.39164
Termez,Uzbekistan,235265.9005
Khar Bajaur,Pakistan,110102.359
R S Pura,India,100215.9018
Sundarganj,Bangladesh,86120.72737
Bandar-e Anzali,Iran,80795.76937
Jarqurgon,Uzbekistan,91503.29495
Landi Kotal,Pakistan,90902.88645
Keshod,India,92831.05441
Bhawaniganj,Bangladesh,88136.43713
Hamedan,Iran,504365.6725
Denov,Uzbekistan,153319.2869
Larkana,Pakistan,633507.4535
Garwel,India,101116.0865
Begunbaria,Bangladesh,72023.94878
Uzun,Uzbekistan,89026.09985
Deh Rawud,Afghanistan,61515.15538
Ratodero,Pakistan,86299.23832
Dhoraji,India,86646.97743
Lalpur,Bangladesh,379617.8892
Rasht,Iran,553733.854
Sho'rchi,Uzbekistan,60656.49277
Samarbagh,Pakistan,138044.647
Phalodi,India,117025.4658
Kuchiamora,Bangladesh,64020.78808
Nahavand,Iran,63516.51768
Almalyk,Uzbekistan,61602.15435
Orlamish,Afghanistan,80665.65691
Wali Khel,Pakistan,68696.58381
Morbi,India,261843.95
Gobindaganj,Bangladesh,92174.92282
Abhar,Iran,66741.41289
Angren,Uzbekistan,72472.28706
Tarinkot,Afghanistan,111318.9933
Sehwan,Pakistan,100002.7726
Junagadh,India,357101.1504
Chilmari,Bangladesh,141473.9712
Chust,Uzbekistan,107229.4983
Dir,Pakistan,77806.67046
Udhampur,India,198368.3181
Pashim Chhaparhati,Bangladesh,80464.47611
Khorramabad,Iran,309198.6249
Pasab,Afghanistan,81547.8069
Qoqand,Uzbekistan,296641.8277
Naudero,Pakistan,65594.19874
Rajkot,India,1553761.769
Gaibandha,Bangladesh,234929.4068
Famenin,Iran,319635.0905
Yaypan,Uzbekistan,59404.63245
Moro,Pakistan,172358.0549
Veraval,India,225353.5492
Bogura,Bangladesh,650821.5857
Malayer,Iran,131903.2611
Kandahar,Afghanistan,872755.3988
Tergachi,Uzbekistan,148722.4402
Tank,Pakistan,77574.82231
Jetpur,India,134687.7291
Bheramara,Bangladesh,99496.38487
Borujerd,Iran,193483.1754
Samangan,Afghanistan,138358.1756
Ibrat,Uzbekistan,126490.2201
Hangu,Pakistan,104085.125
Shapar - Veraval,India,68128.93028
Chuadanga,Bangladesh,156461.7277
Lahijan,Iran,89190.26936
Nao Deh,Afghanistan,169353.4874
Xo'jand,Uzbekistan,92237.3883
Lal Qilla,Pakistan,54708.21791
Wankaner,India,57445.78532
সুখানপুকুর,Bangladesh,187503.3987
Andimeshk,Iran,106153.1986
Imam Sahib,Afghanistan,81667.52917
Turakurgan,Uzbekistan,70304.07214
Naushahro Feroze,Pakistan,67651.5524
Fazilka,India,104116.5041
Sonatala,Bangladesh,53679.79594
Shush,Iran,72697.71996
Kunduz,Afghanistan,264785.346
Shahand,Uzbekistan,70531.15688
Timergara,Pakistan,250551.6745
Gondal,India,143858.2451
Saghatta,Bangladesh,210285.6055
Takestan,Iran,57238.11901
Bamian,Afghanistan,110493.1138
Bagdad,Uzbekistan,65548.59989
Kandiaro,Pakistan,68516.25515
Sri Ganganagar,India,322862.9678
Alamdanga,Bangladesh,83375.95346
Dezful,Iran,225617.9746
Navkent,Uzbekistan,55565.81943
Katen Bala,Pakistan,83624.90638
Sanchore,India,71094.11291
Gabtali,Bangladesh,59468.74669
Hoveyzeh,Iran,74540.42116
Namangan,Uzbekistan,927907.7004
Baghlan,Afghanistan,106130.3232
Shabqadar,Pakistan,454330.5061
Jalalabad,India,77915.29819
Gurudaspur,Bangladesh,107091.4538
Rishtan,Uzbekistan,116352.2041
Puli Khumri,Afghanistan,224936.4272
Serai Naurang,Pakistan,55181.4256
Balotra,India,214504.6179
Sherpur,Bangladesh,175945.6893
Qazvin,Iran,345309.3488
Chortoq,Uzbekistan,99151.52674
خان آباد,Afghanistan,83975.43732
Peshawar,Pakistan,3497358.945
Doda,India,89009.63467
Sariakandi,Bangladesh,151047.9422
Dorud,Iran,94497.70939
Oltiariq,Uzbekistan,190399.3693
Shikarpur,Pakistan,284436.2748
Amritsar,India,1303219.344
Kushtia,Bangladesh,407149.1009
Alvand,Iran,73101.123
Yazyavan,Uzbekistan,57499.77042
Chaman,Afghanistan,77694.06872
Inam Kalay,Pakistan,51616.82487
Thangadh,India,87451.36242
Mollar Char,Bangladesh,235719.5622
Fergana,Uzbekistan,759422.5775
Chayab,Afghanistan,114078.7682
Thul,Pakistan,109291.7322
Radhanpur,India,63356.40825
Dhunat,Bangladesh,106637.4773
Khorramshahr,Iran,102762.2781
Chimyon,Uzbekistan,63863.95697
Nahrin,Afghanistan,65297.56899
Wari,Pakistan,86316.98448
Abohar,India,130002.0961
Pabna,Bangladesh,424847.1908
Abadan,Iran,192286.7875
Taloqan,Afghanistan,307493.3176
Sharixon,Uzbekistan,164542.5431
Tangi,Pakistan,83719.77527
Kodinar,India,54343.33026
Mahmudpur,Bangladesh,92795.31523
Shushtar,Iran,123134.8513
Ishkamish,Afghanistan,60077.18077
Maygyr,Uzbekistan,70644.15027
Khall,Pakistan,104434.1605
Firozpur,India,232977.5175
Kazipur,Bangladesh,280793.7671
Ahwaz,Iran,1907837.453
Rustaq,Afghanistan,117503.8183
Quva,Uzbekistan,104547.2704
Gambat,Pakistan,61951.23004
Bikaner,India,880322.1349
Bhangura,Bangladesh,77368.2555
Arak,Iran,357631.7618
Andijon,Uzbekistan,792858.2557
Mehrabpur,Pakistan,57782.01672
Bhaderwah,India,96832.12429
Kumarkhali,Bangladesh,61796.09782
شهرک صنعتی اشتهارد,Iran,50356.93717
Asaka,Uzbekistan,247403.9529
Siyahgird,Afghanistan,68737.51853
Pir jo Goth,Pakistan,70854.80662
Tarn Taran Sahib,India,100503.083
Benapole,Bangladesh,62088.81487
Mollasani,Iran,253986.8822
Pakhtaobod,Uzbekistan,85275.52216
Sherpao,Pakistan,66492.97233
Suratgarh,India,95624.45909
Madarganj,Bangladesh,82951.90605
Tonekabon,Iran,53603.0433
Marhamat,Uzbekistan,56090.32685
Kishim,Afghanistan,106400.3197
Karak,Pakistan,60236.99388
Dhrangadhra,India,81594.51304
Salanga,Bangladesh,169721.8928
Shadegan,Iran,83141.78265
Buloqboshi,Uzbekistan,63056.69005
Charikar,Afghanistan,218321.1021
Batkhela,Pakistan,194103.6781
Gunnowal,India,119107.3905
Khoksha,Bangladesh,51727.13333
Nazarabad,Iran,79090.40172
Ghazni,Afghanistan,89125.40869
Jalaquduq,Uzbekistan,54813.62293
Mera Umarzai,Pakistan,151144.5941
Jasdan,India,59027.2901
Jhenaidah,Bangladesh,210528.7259
Aligudarz,Iran,89632.19258
Jabal us Saraj,Afghanistan,77226.76098
Qurghontepa,Uzbekistan,59144.6541
Sri Muktsar Sahib,India,166501.7233
Faridpur,Bangladesh,77245.59584
Istalef,Afghanistan,55685.21501
Sakhakot,Pakistan,176118.6226
Batala,India,256970.3987
Melandaha,Bangladesh,171797.9852
Saveh,Iran,124513.5413
Kabul,Afghanistan,6254679.472
Kohat,Pakistan,465454.7408
Kathua,India,106663.2365
Sirajganj,Bangladesh,504500.7045
Abbasabad,Iran,107976.596
Golbahar,Afghanistan,132600.4033
Lakki Marwat,Pakistan,90552.85058
Bhinmal,India,78617.26294
Kaliganj,Bangladesh,69185.62467
Mahdasht,Iran,77072.02821
Qarabagh,Afghanistan,134534.3956
Ameer Abad Kalay,Pakistan,56874.60721
Gurdaspur,India,143649.6904
Ullapara,Bangladesh,91763.80953
Safadasht,Iran,293981.3462
Mir Bachah Kot,Afghanistan,56045.66742
Akhorwal,Pakistan,58453.17689
Danewala,India,100931.5178
Sujanagar,Bangladesh,84197.90694
Karaj,Iran,3585417.421
Bagram,Afghanistan,116037.1983
Takht Bhai,Pakistan,333438.813
Faridkot,India,135314.3148
Bhatara,Bangladesh,64181.69947
Mohammad Shahr,Iran,167672.0645
Mahmud-e Raqi,Afghanistan,74654.4733
Charsadda,Pakistan,383635.4284
Amreli,India,160834.9605
Kayempur,Bangladesh,117919.0469
Khomein,Iran,59920.64255
Fayzabad,Afghanistan,231687.4392
Sukkur,Pakistan,825956.671
Diu,India,70677.49348
Dhulauri,Bangladesh,50178.78597
Qebchaq,Iran,93978.91291
Baraki Rijan,Afghanistan,67807.60224
Khairpur,Pakistan,239124.4287
Hanumanangarh Junction,India,169150.3425
Pangsha,Bangladesh,117143.9664
Bandar-e Mahshahr,Iran,86769.29695
Pol-E-Charkhi,Afghanistan,85026.57816
Chakdara,Pakistan,91140.20266
Surendranagar,India,310315.3566
Shahajadpur,Bangladesh,977836.3752
Haftkel,Iran,82069.11066
Sui,Pakistan,52222.94016
Pathankot,India,292355.5144
Sarishabari,Bangladesh,87099.86932
Tehran,Iran,9363123.748
Sakrand,Pakistan,77809.90842
Una,India,95225.59859
Tarakandi,Bangladesh,64200.01646
Ramhormoz,Iran,56377.39326
Khand Khil,Afghanistan,67066.0229
Thana,Pakistan,117275.3038
Hanumangarh,India,80848.8406
Jamalpur,Bangladesh,328316.8047
Qom,Iran,844097.9715
Mihtarlam,Afghanistan,166648.4372
Wardaga,Pakistan,64470.94856
Deesa,India,158275.4216
Jashore,Bangladesh,552980.9707
District 8,Iran,68930.38712
Kaza,Afghanistan,54464.76064
Pabbi,Pakistan,128496.4431
Kotkapura,India,96049.95675
Sathiya,Bangladesh,51466.223
Izeh,Iran,149442.4107
Jalalabad,Afghanistan,618390.6793
Nawabshah,Pakistan,298009.2562
Nokha,India,98637.82059
Sherpur,Bangladesh,331320.3815
Qarchak,Iran,353862.5189
Khost,Afghanistan,338539.8116
Mardan,Pakistan,1291182.873
Jodhpur,India,1540835.007
Bera,Bangladesh,98518.44785
Pakdasht,Iran,126581.8164
Trilyee Family,Afghanistan,95253.55269
Kandhkot,Pakistan,156866.7648
Jalore,India,87706.21819
Satkhira,Bangladesh,242084.2428
Pardis,Iran,267233.2593
Khaki,Afghanistan,60297.04757
Thatta,Pakistan,124679.6971
Patan,India,208427.6343
Kashinathpur,Bangladesh,61886.48243
Pishva,Iran,368028.9806
Asadabad,Afghanistan,52491.69199
Mingora,Pakistan,972558.9675
Kundla,India,97476.0107
Magura,Bangladesh,172146.6645
Amol,Iran,182000.5744
Katlang,Pakistan,58708.84535
Botad,India,137833.3296
Buhapur,Bangladesh,62859.2704
Fereydunkenar,Iran,63346.54684
Matta,Pakistan,190057.5841
Kapurthala,India,131133.8125
Dhanbari,Bangladesh,87686.40278
Kashan,Iran,226194.9491
Amangarh,Pakistan,72912.34291
Mandi Dabwali,India,68190.27437
Nalitabari,Bangladesh,62454.12548
Behbahan,Iran,105944.3156
Dera Ismail Khan,Pakistan,381589.8698
Limbdi,India,62422.60759
Rajbari,Bangladesh,192471.0422
Shahr-e Kord,Iran,97136.22345
Pano Akil,Pakistan,97953.5509
Moga,India,188037.6876
Madhupur,Bangladesh,81792.45497
Khwazakhela,Pakistan,87295.61378
Viramgam,India,87822.14174
Ghatail,Bangladesh,86344.6849
Babol,Iran,230106.157
Nowshera,Pakistan,772117.4887
Palanpur,India,210965.8911
Elenga,Bangladesh,65517.14359
Dehdasht,Iran,54457.71365
Haleji Sharif,Pakistan,79868.13445
Bathinda,India,394005.3314
Kalihati,Bangladesh,325704.8817
Najafabad,Iran,159482.8572
Charbagh,Pakistan,127389.7841
Siddhpur,India,74626.45865
Tangail,Bangladesh,403295.7296
Qaem Shahr,Iran,169800.1844
Jamshoro,Pakistan,112368.0865
Rajula,India,61930.8427
Noapara,Bangladesh,143173.0009
Charam,Iran,96760.6004
Hala,Pakistan,84586.99148
Jalandhar,India,1170866.618
Gazipur,Bangladesh,84943.16788
Fuladshahr,Iran,52803.32696
Hyderabad,Pakistan,2956488.276
Unjha,India,105246.7926
Daulatpur,Bangladesh,70277.16667
Shahin Shahr,Iran,117804.3789
Ismaila,Pakistan,134558.3848
Mahesana,India,376009.9653
Haluaghat,Bangladesh,66132.24753
Isfahan,Iran,1817590.201
Garhi Kapoora,Pakistan,70252.20856
Nagaur,India,190919.5133
Delduar,Bangladesh,154695.2849
Sari,Iran,259509.397
Ghotki,Pakistan,157580.7822
Rattangarh Kanakwal,India,59159.37721
Goalanda,Bangladesh,54218.06909
Bandar Ganaveh,Iran,72433.68251
Bhit Shah,Pakistan,59059.74394
Sirohi,India,57589.37875
Narail,Bangladesh,59156.43776
Dogonbadan,Iran,64064.32663
Anghapur,Pakistan,61714.02527
Kadi,India,136712.4122
Barogram,Bangladesh,57096.81868
Dolatabad,Iran,179270.1046
Rustam,Pakistan,61629.5464
Abu Road,India,92584.1536
Koyra,Bangladesh,109714.3127
Surak,Iran,212993.9859
Pacha Kalay,Pakistan,68734.83798
Visnagar,India,143161.1402
Muktagacha,Bangladesh,191483.2652
Baharestan,Iran,65571.17244
Yar Hussain,Pakistan,328268.7651
Jagraon,India,93838.13304
Paikgacha,Bangladesh,66441.7074
Behshahr,Iran,58671.07682
Kashmore,Pakistan,75841.25105
Palitana,India,109201.689
Phulpur,Bangladesh,68239.38147
Shahdadpur,Pakistan,131864.6819
Rampura Phul,India,55418.96279
Phulbaria,Bangladesh,123041.2592
ساحلی,Iran,115169.0779
Dherai,Pakistan,89636.29274
Pali,India,251607.6082
Khulna,Bangladesh,1081072.111
Jalali,Iran,86716.13137
Shewa,Pakistan,50847.71503
Sumerpur,India,79386.19147
দক্ষিণ বেদকাশী,Bangladesh,62162.60508
Shahreza,Iran,88204.0601
Darya Khan,Pakistan,103506.4157
Hoshiarpur,India,238483.6544
Faridpur,Bangladesh,326742.7679
Mahdishahr,Iran,117814.9445
Piplan,Pakistan,74173.03539
Nohar,India,69703.58908
Mymensingh,Bangladesh,677659.9388
Yasuj,Iran,152459.5919
Mianwali,Pakistan,214081.5095
Mahuva,India,155956.1008
Manikganj,Bangladesh,228342.5496
Semnan,Iran,95937.86114
Bhakkar,Pakistan,147098.7397
Phagwara,India,159802.2551
Savar,Bangladesh,3695796.577
Bandar-e Torkaman,Iran,81592.94137
Sakhi Sarwar,Pakistan,60495.70738
Sihor,India,77990.78761
Trishal,Bangladesh,203612.4893
Taunsa Sharif,Pakistan,86943.82273
Sardarshahar,India,79782.46197
Gouripur,Bangladesh,118927.6155
Borazjan,Iran,86994.75055
Guddu,Pakistan,72294.2296
Ambaji,India,63034.58487
Louhajang,Bangladesh,681603.0739
Kazerun,Iran,80750.30902
Kalpani,Pakistan,53715.96085
Kalol,India,147906.2594
Bhaluka,Bangladesh,73084.79389
Gorgan,Iran,299525.6823
Tando Adam,Pakistan,199888.4649
Dharamshala,India,82359.10611
Dhaka,Bangladesh,37307159.73
Gonbad-e Qabus,Iran,158050.3362
Swabi,Pakistan,523908.7519
Chharodi,India,50928.1254
Bhanga,Bangladesh,54080.22134
Shahrud,Iran,108308.2338
Jand,Pakistan,64231.9949
Sirsa,India,280986.9065
Gopalganj,Bangladesh,175791.6061
Shiraz,Iran,707097.8471
Mirpur Mathelo,Pakistan,130877.2015
Ahmedabad,India,7898649.803
Balipara,Bangladesh,82620.92264
Galikash,Iran,61097.67587
Totalai,Pakistan,71204.4597
Changodar,India,59313.48555
Bokainagar,Bangladesh,67043.18474
Bisham,Pakistan,61003.45045
Bhavnagar,India,732065.6633
Netrokona,Bangladesh,217670.5919
Marvdasht,Iran,116169.0028
Tando Muhammad Khan,Pakistan,132322.1399
Mansa,India,79016.86286
Gafargaon,Bangladesh,123784.8156
Pattan,Pakistan,97978.89505
Dholka,India,115565.6488
Bagerhat,Bangladesh,120337.2417
Firuzabad,Iran,62504.16476
Layyah,Pakistan,146019.947
Ludhiana,India,2323217.464
Rajoir,Bangladesh,120043.0009
Tasouj,Iran,197778.2361
Daharki,Pakistan,118935.1703
Barnala,India,163593.012
Mathbarer Char,Bangladesh,173418.5515
Kavar,Iran,846499.6758
Tando Allahyar,Pakistan,193412.9794
Vijapur,India,50774.21023
Rajendrapur,Bangladesh,55163.43639
Attock,Pakistan,229788.4059
Gandhinagar,India,207147.2778
Kotalipara,Bangladesh,54634.11773
Talaja,India,52783.95097
Kishoreganj,Bangladesh,1511954.047
Hazro,Pakistan,281180.8159
Mansa,India,75470.17117
Nandail,Bangladesh,186040.87
Sanghar,Pakistan,80719.33055
Ladnu,India,67182.75319
Shibchar,Bangladesh,53728.418
Ratangarh,India,90937.14117
Sreenagar,Bangladesh,116351.4208
Topi,Pakistan,153671.3171
Sujangarh,India,118894.3683
Kapashia,Bangladesh,128424.1232
Dera Ghazi Khan,Pakistan,507821.4611
Merta City,India,56036.04952
Madaripur,Bangladesh,190801.8946
Matli,Pakistan,86121.96235
Idar,India,64516.25293
Zajira,Bangladesh,61522.5126
Allai,Pakistan,56301.29861
Himatnagar,India,185780.8841
Agailjhara,Bangladesh,217263.5266
Ardakan,Iran,55676.30223
Gadoon,Pakistan,56120.93576
Nawanshahr,India,71104.96145
Pirojpur,Bangladesh,94928.23921
Battagram,Pakistan,144387.1131
Bhadra,India,58045.32628
Swarupkathi,Bangladesh,119641.5259
Meybod,Iran,54291.97607
Ghazi,Pakistan,54448.45522
Malerkotla,India,143933.4052
Mohanganj,Bangladesh,87917.02832
Rajanpur,Pakistan,91357.68028
Doraha,India,50539.91213
Puler Ghat,Bangladesh,95344.60047
Pindi Gheb,Pakistan,65934.05144
Khambhat,India,166132.8772
Tarail,Bangladesh,61076.57213
Jampur,Pakistan,131788.1316
Dhuri,India,82174.75719
Shariatpur,Bangladesh,301047.3821
Kot Addu,Pakistan,151630.3393
Fatehabad,India,95828.06857
Banaripara,Bangladesh,70338.47822
Sarvestan,Iran,1018457.832
Oghi,Pakistan,151485.8268
Sangrur,India,135135.7086
Katiadi,Bangladesh,154095.2941
Kharameh,Iran,968040.1342
Chowk Azam,Pakistan,79561.21718
Didwana,India,77569.90393
Mathbaria,Bangladesh,61675.68204
Mirpur Khas,Pakistan,348228.7899
Ratia,India,51134.3891
Bhandaria,Bangladesh,55706.75971
Taxila,Pakistan,692754.301
Churu,India,120970.1761
Nikli,Bangladesh,136348.3408
Yazd,Iran,487689.5279
Sadiqabad,Pakistan,432622.2424
Sunam,India,90660.55717
Jamalganj,Bangladesh,87092.54805
Fasa,Iran,72888.73461
Qasba Gujrat,Pakistan,52683.91942
Nadiad,India,367174.8561
Bhedarganj,Bangladesh,93325.07687
Jahrom County,Iran,129970.3959
Fateh Jang,Pakistan,77316.01807
Petlad,India,94789.26849
Afamolla,Bangladesh,192492.3764
Bojnurd,Iran,241023.0459
Badin,Pakistan,136818.4718
Fatehpur Shekhawati,India,113948.2096
Jhalokathi,Bangladesh,113315.815
Rahim Yar Khan,Pakistan,653186.7616
Khanna,India,126045.2021
Bajitpur,Bangladesh,524086.6893
Haripur,Pakistan,432405.0292
Anand,India,639521.8157
Brahmanbaria,Bangladesh,1945179.109
Talagang,Pakistan,151282.6542
Kapadvanj,India,104157.6193
Sanjaypur,Bangladesh,58827.16608
Esfarayen,Iran,66690.03504
Baffa,Pakistan,138512.8604
Udaipur,India,774958.5242
Chengarchar,Bangladesh,184749.8944
Neqab,Iran,178288.0359
Mansehra,Pakistan,474268.3721
Borsad,India,162113.7889
Shirvan,Iran,91530.99676
Digri,Pakistan,50237.70438
Jambusar,India,51495.8341
Barishal,Bangladesh,432531.7585
Anar,Iran,109187.2336
Jatoi,Pakistan,58148.24609
Mandi Gobindgarh,India,150631.1474
Barguna,Bangladesh,102243.4719
Darab,Iran,85089.84241
Havelian Cantonment,Pakistan,195088.3434
Nabha,India,131468.6925
Sunamganj,Bangladesh,248062.3813
Sabzevar,Iran,118232.8482
Islamabad,Pakistan,4913527.805
Nathdwara,India,60798.90567
Char Madhua,Bangladesh,58157.38963
Balakot,Pakistan,88853.02785
Rajsamand,India,122023.7894
Austagram,Bangladesh,98811.62458
Quchan,Iran,102986.8224
Garhi Habibullah,Pakistan,143290.365
Modasa,India,114957.2556
Chandpur,Bangladesh,422658.4833
Rafsanjan,Iran,129380.1574
Abbottabad,Pakistan,801284.3212
Makrana,India,161476.3459
Matlab,Bangladesh,59509.63911
Sirjan,Iran,164400.5951
Muzaffargarh,Pakistan,335837.8707
Beawar,India,215771.9223
Dirai,Bangladesh,84640.10592
Firuzeh,Iran,101571.9546
Joharabad,Pakistan,375821.915
Rajgarh,India,82105.79104
Patuakhali,Bangladesh,145802.12
Neyshabur,Iran,236479.9229
Alipur,Pakistan,111653.4003
Laxmangarh,India,56035.14704
Satmura,Bangladesh,199513.01
Zarand,Iran,52186.09981
Khanpur,Pakistan,264308.581
Tohana,India,85240.80358
Narayanpur,Bangladesh,111324.1711
Kashmar,Iran,85398.85918
Gilgit,Pakistan,78191.35255
Umreth,India,53739.4785
Shibpur,Bangladesh,156225.4056
Mashhad,Iran,5377005.35
Muzaffarabad,Pakistan,237174.5498
Rupnagar,India,77923.28498
Baniachong,Bangladesh,173413.8655
Kerman,Iran,514220.1726
Multan,Pakistan,2970059.131
Surat,India,7100723.104
Nasirnagar,Bangladesh,79513.58537
Arzuiyeh,Iran,79921.23623
Shujaabad,Pakistan,171999.8932
Gokarna,Bangladesh,65948.5385
Torbat-e Heydarieh,Iran,143794.5784
Bani Gala,Pakistan,154614.1539
Patran,India,52942.18942
Shahbazpur,Bangladesh,88647.55037
Rabor,Iran,104697.4577
Uch Sharif,Pakistan,75501.20768
Hisar,India,518588.2021
Lakhai,Bangladesh,119885.62
Bandar Abbas,Iran,374709.0936
Chakwal,Pakistan,236263.2056
Majri,India,94563.83549
Comilla,Bangladesh,74332.32586
Minab,Iran,59500.08153
Sahiwal,Pakistan,51630.13668
Kuchaman,India,87792.68584
Mehari,Bangladesh,55197.57379
Roudan,Iran,52856.76143
Liaquatpur,Pakistan,85916.40666
Sundarnagar,India,51020.20644
Bhola,Bangladesh,397537.8253
Birjand,Iran,157216.4127
Jalalpur Pirwala,Pakistan,77391.13414
Ajmer,India,619479.2802
Chhatak,Bangladesh,140520.3912
جیرفت,Iran,275349.7468
Kunri,Pakistan,56124.45022
Vadodara,India,2269389.884
Shaistaganj,Bangladesh,293717.2916
Birote,Pakistan,58535.63912
Padra,India,61420.47128
Companyganj,Bangladesh,141137.0921
Seerik,Iran,80106.09064
Umerkot,Pakistan,174794.4608
Patiala,India,694312.3265
Habiganj,Bangladesh,220508.0518
Kahnuj,Iran,59844.39369
Kahuta,Pakistan,107514.8935
Balasinor,India,58493.99782
Bijoynagar,Bangladesh,79612.38288
Torbat-e Jam,Iran,95546.32691
Ahmedpur East,Pakistan,201521.9886
Nalagarh,India,52044.9988
Shahrasti,Bangladesh,181224.8787
Bam,Iran,98011.94085
Sargodha,Pakistan,1127650.941
Sikar,India,294150.3617
Madhabpur,Bangladesh,82809.2579
Rudbar,Iran,79281.00286
Sillanwali,Pakistan,89321.67747
Bharuch,India,398028.7289
Akhaura,Bangladesh,162070.6951
Narmashir,Iran,318495.4534
Kabirwala,Pakistan,87154.60731
Jhunjhunu,India,185763.6884
Kasba,Bangladesh,76945.38686
Fahraj,Iran,208078.9174
Shorkot,Pakistan,55740.67344
Nawalgarh,India,84520.46515
Bahubal,Bangladesh,197619.4331
MohammadAbad-e Rigan,Iran,219224.3035
Gujar Khan,Pakistan,150401.5985
Dungarpur,India,57234.14896
Munshir Hat,Bangladesh,222868.0028
Golmorti,Iran,172240.7791
Bhera,Pakistan,66852.38584
Chandigarh,India,2417872.088
বিশ্বনাথ - Biswanath,Bangladesh,77307.11977
Zahedan,Iran,541632.7259
Jhang,Pakistan,485195.1177
Ankleshwar,India,284472.2798
Haria Hossainpur,Bangladesh,78443.14262
Zabol,Iran,113871.6659
Khewra,Pakistan,79895.56808
Cheeka,India,57943.07108
Sylhet,Bangladesh,1206965.478
Khanewal,Pakistan,275346.7371
Kosamba,India,63381.39778
Chunarughat,Bangladesh,78922.2998
Iranshahr,Iran,94701.77177
Jahanian,Pakistan,70196.77012
Narwana,India,93176.77633
Routhkhai,Bangladesh,71180.82085
Khash,Iran,85545.94783
Bhalwal,Pakistan,178540.3879
Kamrej,India,134669.4222
Lalmohan,Bangladesh,64180.78675
Chabahar,Iran,157731.026
Dunyapur,Pakistan,51354.52028
Pilani,India,86663.52278
Char Alexander,Bangladesh,107725.1786
Suran,Iran,91932.90807
Lodhran,Pakistan,147820.4476
RICCO Industrial Area,India,261718.1761
Tazumoddin,Bangladesh,121933.1812
Rawalakot,Pakistan,74948.26983
Rajpura,India,170474.6519
Charfasson,Bangladesh,66806.54639
Bahawalpur,Pakistan,738885.3445
Hansi,India,121648.865
Moulvibazar,Bangladesh,279666.0305
Lalian,Pakistan,74124.7312
Lunavada,India,70367.91452
Golapganj,Bangladesh,344135.2209
Malakwal,Pakistan,78133.51669
Navsari,India,392174.2346
Sreemangal,Bangladesh,239253.8146
Toba Tek Singh,Pakistan,206202.3347
Kalol,India,67051.07499
Fenchuganj,Bangladesh,168552.581
Kahror Pacca,Pakistan,111140.4448
Halol,India,143067.8936
Darbasta,Bangladesh,68006.2551
Rabwah,Pakistan,184819.0569
Chirawa,India,85250.70371
Charkhai,Bangladesh,83090.83962
Pir Mahal,Pakistan,102583.2318
Kaithal,India,253733.7787
Beanibazar,Bangladesh,163066.8068
Dina,Pakistan,171753.491
Valsad,India,282644.7726
Gojra,Pakistan,332920.3828
Daman,India,76386.62673
Kulaura,Bangladesh,197980.8068
Mian Channu,Pakistan,179902.0468
Umbergaon Road,India,61441.609
Feni,Bangladesh,396625.7074
Kotli,Pakistan,150582.4089
Dahanu,India,86774.37301
Shahbazpur,Bangladesh,55928.33065
Chiniot,Pakistan,314460.9266
Kalka,India,136632.5324
Hatiya,Bangladesh,94690.65382
Mirpur,Pakistan,94666.05562
Godhra,India,339726.6739
Barlekha,Bangladesh,108018.4783
Mandi Bahauddin,Pakistan,303835.576
Bilimora,India,100109.5797
Baraiyarhat,Bangladesh,207890.7982
Mailsi,Pakistan,135676.1832
Dabhoi,India,62698.73153
Chagalnaiya,Bangladesh,60478.97541
Jhelum,Pakistan,433354.1031
Bardoli,India,94223.70346
Mirsharai,Bangladesh,77221.68957
Faisalabad,Pakistan,5676792.888
Vapi,India,683366.1874
Sandwip,Bangladesh,306497.8514
Kamalia,Pakistan,177323.3503
Boisar,India,259992.8418
Chattogram,Bangladesh,5175717.307
Vehari,Pakistan,241126.8282
Ambala,India,612643.1876
Matiranga,Bangladesh,58312.05677
Sarai Alamgir,Pakistan,143040.9605
Pehowa,India,72342.75013
Nazirhat,Bangladesh,319323.503
Pindi Bhattian,Pakistan,77026.38871
Bhilwara,India,421062.1906
Khagrachhari,Bangladesh,71235.51123
Phalia,Pakistan,101795.4538
Shimla,India,209366.0832
Raozan,Bangladesh,125761.6204
Mamunkanjan,Pakistan,57409.57852
Jind,India,255464.6788
Rangunia,Bangladesh,237115.2507
Chichawatni,Pakistan,194881.6674
Palghar,India,135693.1933
Chandanaish,Bangladesh,365775.1079
Samundri,Pakistan,227963.5488
Sagwara,India,68280.2109
Saral,Bangladesh,122323.4458
Dinga,Pakistan,96851.69358
Solan,India,71504.87989
Rangamati,Bangladesh,98867.12844
Chak Jhumra,Pakistan,68855.84687
Kharadpada,India,61241.2036
Banshkhali,Bangladesh,116902.6793
Kharian,Pakistan,243761.3821
Pundri,India,54130.91027
Kutubdia,Bangladesh,885710.9374
Sangla Hill,Pakistan,135158.5933
Bhiwani,India,278241.9195
Satkania,Bangladesh,528737.5892
Shahkot,Pakistan,504053.3473
Silvassa,India,389208.9288
Moheshkhali,Bangladesh,112901.945
Lalamusa,Pakistan,217264.3619
Rajpipla,India,66792.9548
Malumghat Bazar,Bangladesh,62248.31294
Burewala,Pakistan,313815.1146
Vasai-Virar,India,1551310.96
Ramu,Bangladesh,456508.7492
Tandlianwala,Pakistan,107248.3373
Chittorgarh,India,180414.6672
Eidgaon,Bangladesh,111296.7916
Hasilpur,Pakistan,212054.0574
Neem Ka Thana,India,104830.4722
Hakimpara,Bangladesh,177943.2508
Hafizabad,Pakistan,416718.1802
Kurukshetra,India,334539.6854
Teknaf,Bangladesh,79948.95905
Kotla Arab Ali Khan,Pakistan,54482.41891
Mumbai,India,20453270.03
Ali Pur Chatha,Pakistan,96954.49446
Vyara,India,94845.67162
Gaggoo,Pakistan,56094.30617
Charkhi Dadri,India,99418.86609
Kunjah,Pakistan,52755.41033
Kekri,India,60288.08677
Safdarabad,Pakistan,50372.32201
Barara,India,61476.59238
Sahiwal,Pakistan,693877.0397
Safidon,India,56103.5321
Gujrat,Pakistan,801913.7828
Mahendragarh,India,55558.40373
Jaranwala,Pakistan,317975.4075
Nimbahera,India,68350.1107
Skardu,Pakistan,92501.8574
Chomu,India,97656.17921
Wazirabad,Pakistan,317490.2004
Narnaul,India,116292.9902
Arifwala,Pakistan,194057.0124
Malpura,India,57634.62064
Jalalpur Jattan,Pakistan,132286.6841
Jaipur,India,4229049.673
Mananwala,Pakistan,71236.96089
Uran,India,82223.95864
Chishtian Sharif,Pakistan,169552.1718
Alibag,India,112122.8816
Farooqabad,Pakistan,136174.702
Rohtak,India,512459.8911
Okara Cantonment,Pakistan,81852.28259
Gohana,India,135298.6376
Qila Didar Singh,Pakistan,75009.15023
Karnal,India,467881.2779
Nankana Sahib,Pakistan,163011.2584
Banswara,India,170989.7886
Gujranwala,Pakistan,3108698.023
Kalyan-Dombivli,India,3214860.965
Ghakhar Mandi,Pakistan,122996.3029
Sithana,India,82724.91703
Nowshera Virkan,Pakistan,75054.93051
Shahpur,India,54918.96818
Feroze Wattwan,Pakistan,115215.1849
Dahod,India,302248.0279
Bucheki,Pakistan,57242.15731
Panvel,India,665079.5354
Okara,Pakistan,679270.452
Yamunanagar,India,660062.2933
Warburton,Pakistan,73688.92235
Neemuch,India,128925.3456
Sambrial,Pakistan,209996.3747
Panipat,India,696044.9367
Lahore,Pakistan,14305060.03
Amber,India,57066.07785
More Khunda,Pakistan,67600.309
Dolvi,India,95339.8788
Tatlay Aali,Pakistan,54840.90209
Kotputli,India,114361.4493
Renala Khurd,Pakistan,166096.0701
Deoli,India,52325.26287
Pakpattan,Pakistan,338403.3891
Navapur,India,60015.52385
Sialkot,Pakistan,1830743.69
Behror,India,66076.67634
Daska,Pakistan,408492.7549
Pen,India,61254.15553
Fort Abbas,Pakistan,151293.1611
Kanauta,India,198008.3709
Jamke Cheema,Pakistan,69057.48208
Pratapgarh,India,75413.30208
Kamoke,Pakistan,397021.7425
Ahwa,India,52360.66129
Bahawalnagar,Pakistan,205682.6147
Shahapur,India,124571.2395
Faqirwali,Pakistan,64148.98992
Jhajjar,India,56659.11498
Haroonabad,Pakistan,150025.7235
Neemrana,India,70572.64122
منڈی فیض آباد,Pakistan,74734.19574
Gangoh,India,56422.15821
Phool Nagar,Pakistan,141234.6137
Samalkha,India,84791.95078
Depalpur,Pakistan,190980.5383
Roha,India,62840.72908
Pattoki,Pakistan,230537.0909
Paonta Sahib,India,52009.82157
Khanke Mod,Pakistan,90871.71205
Neral,India,51037.50031
Muridke,Pakistan,328331.6096
Gannaur,India,59741.288
Nathe Khalsa,Pakistan,108621.3374
Murbad,India,83776.11401
Sharaqpur,Pakistan,54374.23025
Rewari,India,199634.243
Manga,Pakistan,67730.34652
Karjat,India,54336.30577
Haveli Lakha,Pakistan,149384.4212
Sonipat,India,384320.2679
Hujra Shah Muqeem,Pakistan,70538.2985
Bawal,India,58507.61162
Minchinabad,Pakistan,66054.49933
New Delhi,India,31422507.92
Chunian,Pakistan,119180.4067
Tonk,India,216164.9549
Raiwind,Pakistan,379367.6414
Kairana,India,128438.2681
Pasrur,Pakistan,181461.0104
Khopoli,India,76033.52944
Kot Radha Kishan,Pakistan,81055.32443
Saharanpur,India,1252966.89
Chawinda,Pakistan,56082.0005
Niwai,India,72417.90602
Basirpur,Pakistan,65331.9828
Mandsaur,India,167402.7462
Allahabad,Pakistan,115761.3581
Nashik,India,1970969.903
Zafarwal,Pakistan,86609.2598
Shamli,India,204540.3778
Narowal,Pakistan,320887.6081
Bahalgarh,India,86139.05217
Mustafabad,Pakistan,69459.65644
Lonavala,India,104777.7537
Kasur,Pakistan,552723.0383
Kandhla,India,73301.05614
Pangalah,Pakistan,54520.87016
Rasoi,India,698923.968
Shakar Garh,Pakistan,230588.2878
Bhiwadi,India,373371.0844
Bundi,India,140892.0278
Sela Kui,India,53400.59075
Khairthal,India,88105.51587
Khushkhera,India,51693.88006
Nandurbar,India,207514.829
Baraut,India,209207.7001
Baghpat,India,141126.2
Alwar,India,541266.2219
Dausa,India,222260.1942
Chutmalpur,India,55908.05947
Dehradun,India,1191308.313
Baghpat Road,India,68874.64874
Pimpalgaon Basvant,India,51279.16115
Rawatbhata,India,58409.69145
Jaora,India,67093.47047
Bhagwānpur,India,96065.50805
Ratlam,India,347986.4042
Deoband,India,167825.9309
Budhana,India,86013.96183
Goondpur,India,57714.01698
Bhondsi,India,50008.30371
Shahada,India,195718.9444
Talegaon Dabhade,India,103587.641
Sinnar,India,102480.2739
Rajgarh,India,74671.8444
Lalsot,India,75590.92849
Sohna,India,78123.72129
Nuh,India,60468.23274
Bandikui,India,164881.8625
Kota,India,1220154.188
Roorkee,India,480051.8107
Ratnagiri,India,222401.9099
Muzaffarnagar,India,828957.5906
Pune,India,6674000.048
Sikandra,India,81188.13334
Chakan,India,209283.6505
Sardhana,India,81521.01188
Dondaicha,India,86683.15732
Chiplun,India,107808.2694
Haridwar,India,684947.3873
Khatauli,India,149029.334
Meerut,India,2169152.405
Sawai Madhopur,India,232746.2788
Barwani,India,99572.08237
Laksar,India,56203.75733
Daurala,India,58337.08036
Nagda,India,144203.3004
Sangamner,India,106275.2464
Greater Noida,India,324832.0042
Palwal,India,251603.1365
Rishikesh,India,309382.0766
Malegaon,India,552385.4682
Bhawani Mandi,India,64977.22139
Manmad,India,71011.13443
Ramganj Mandi,India,130228.9697
Manawar,India,75553.82078
Miranpur,India,59195.00874
Mahwa,India,51724.84702
Gangapur City,India,234247.8145
Kherli,India,60530.58663
Hapur,India,486371.6091
Shirpur,India,149415.9797
Mawana,India,85067.70357
Hodal,India,101385.2402
Dhar,India,110193.8543
Dhule,India,605325.0796
Shikrapur,India,52816.74901
Kaman,India,64294.23962
Sikandarabad,India,239081.9938
Kopargaon,India,72597.99996
Mehidpur,India,51490.22226
Sainagar,India,68819.85072
Bijnor,India,250236.3839
Kiratpur,India,89397.84997
Sendhwa,India,148616.7015
Gulavthi,India,84965.59479
Kosi Kalan,India,115352.85
Jhalawar,India,115273.8337
Satara,India,345256.2182
Deeg,India,85605.75186
Hindaun,India,244144.6278
Najibabad,India,260039.4157
Kotdwar,India,149539.977
Bulandshahr,India,510256.122
Karauli,India,204924.1809
Sheopur,India,114379.5167
Sagorkuti,India,150554.3424
Amalner,India,163165.8921
Govardhan,India,198853.4575
Ujjain,India,573699.2138
Shrirampur,India,107346.9571
Srinagar,India,83806.20588
Baran,India,139426.9336
Garhmuktesar,India,80028.32352
Khurja,India,331037.0377
Chandpur,India,141601.6405
Agar,India,68534.09403
Nagina,India,68776.67654
Bayana,India,106315.6888
Nahtaur,India,93752.07578
Siyana,India,60980.5555
Pithampur,India,125021.5867
Dhanaura,India,70527.26599
Chalisgaon,India,184159.2716
Bharatpur,India,394354.9633
Khair,India,79552.26217
Vrindavan,India,225522.7077
Gajraula,India,141106.5842
Mathura,India,554183.6576
Karad,India,223669.6313
Arpora,India,62206.93901
Indore,India,3598874.472
Chopda,India,154895.9703
Noorpur,India,69917.90536
Kedgaon,India,455978.7761
Shikarpur,India,62701.09623
Dhampur,India,208950.7589
Panaji,India,182796.9524
Jahangirabad,India,80300.72631
Vasco da Gama,India,119385.416
Phaltan,India,81718.49248
Hasanpur,India,74986.94618
Sherkot,India,121684.4491
Daund,India,61258.07968
Khargone,India,102174.1137
Bhadgaon,India,57500.5616
Islampur,India,178181.2618
Kannad,India,76845.38187
Seohara,India,130829.5298
Dewas,India,357534.1447
Kolhapur,India,807275.9814
Amroha,India,292364.8858
Aklera,India,68222.22391
Baramati,India,156830.4094
Fatehpur Sikri,India,62266.58448
Aligarh,India,1694356.57
Iglas,India,50573.43861
Margao,India,146227.2418
Anupshahr,India,59500.70664
Pachora,India,130498.965
Shiroli,India,87131.15964
Shajapur,India,78661.80966
Kanth,India,94329.73327
Dibai,India,101630.2907
Ponda,India,68338.67565
Sabalgarh,India,103537.4539
Jalgaon,India,747454.4459
Kiraoli,India,53057.30822
Hathras,India,394120.4729
Bari,India,114279.9905
Jaspur,India,80316.51169
Sasni,India,54216.54868
Agra,India,2790455.796
Waladgaon,India,198092.5035
Atrauli,India,89254.88176
Moradabad,India,1446662.201
Kheragarh,India,56805.7942
Sarangpur,India,54518.35154
Chhatrapati Sambhajinagar,India,1542902.341
Sambhal,India,420976.2843
Sadabad,India,79678.86239
Barwaha,India,52896.4457
Ichalkaranji,India,458644.9552
Nippani,India,68665.59049
Gadahinglaj,India,53141.65367
Thakurdwara,India,316378.8295
Yawal,India,52435.83936
Kailaras,India,56428.93538
Sanawad,India,62090.1506
Sangli,India,727119.4742
Shevgaon,India,54584.14893
Jaysingpur,India,117816.877
Karwar,India,119838.7145
Dhaulpur,India,260031.5869
Bhusawal,India,300786.5961
Bahjoi,India,78102.28362
Dhakia Jumma,India,78783.74192
Faizpur,India,51713.68967
Tanda,India,84755.15467
Sahaspur,India,139700.1435
Jamner,India,92824.65247
Kher Khata,India,58692.58615
Sikandra Rao,India,97517.19362
Joura,India,99684.42496
Paithan,India,54353.16533
Sillod,India,87603.30001
Belagavi,India,789453.9769
Jalesar,India,77939.3041
Chandausi,India,326599.6357
Shamsabad,India,61737.04115
Tundla,India,264782.3758
Biaora,India,96507.45741
Shujalpur,India,80419.46776
Suar,India,54407.55891
Islamnagar,India,62002.26045
Akluj,India,81622.37951
Saifni,India,53802.22826
Chachaura-Binaganj,India,56698.40697
Bajpur,India,59684.58339
Morena,India,369896.7709
Raver,India,81842.09173
Rampur,India,533448.1479
Guna,India,257693.2046
Kasganj,India,191587.354
Sahaswan,India,97955.44305
Firozabad,India,859858.6446
Fatehabad,India,59794.91736
Ashta,India,75744.04484
Gadarpur,India,52250.7326
Shivpuri,India,246608.4471
Khandwa,India,369061.2341
Sahabad,India,54300.62161
Burhanpur,India,330992.3966
Kumta,India,63445.5811
Bisauli,India,74954.08736
Soron,India,57371.77518
Ambah,India,107169.3956
Bamaur,India,55386.03629
Gokak,India,97511.14031
Etah,India,314492.9126
Bilaspur,India,71337.46551
Honnavar,India,51240.12179
Milak,India,68955.62684
Jalna,India,383638.3076
Gwalior,India,1529322.651
Ambad,India,60684.22352
Almora,India,75102.25021
Haldwani,India,445612.41
Rudrapur,India,314250.3492
Malkapur,India,121428.9292
Porsa,India,109007.8819
Athani,India,51729.53017
Pandharpur,India,120312.449
Bailhongal,India,86246.6877
Shikohabad,India,237255.8571
Georai,India,57669.18902
Ujhani,India,113442.2481
Malanpur,India,58722.01658
Buldhana,India,195495.8864
Lalkuan,India,93001.37402
Aonla,India,121374.6452
Bhatkal,India,108615.5443
Sehore,India,161580.3612
Beed,India,291383.2797
Ganj Dundwara,India,86924.29108
Rabakavi Banahatti,India,68973.56918
Bah,India,64836.52034
Badaun,India,369269.7909
Sirsaganj,India,73445.30574
Baheri,India,110838.9875
Gohad,India,56717.74925
Bareilly,India,1609406.002
Chikhli,India,117670.0663
Ashoknagar,India,73222.39044
Dharwad,India,948072.4896
Barshi,India,132865.0211
Sirsi,India,94184.62786
Jalgaon Jamod,India,63075.50075
Nandura,India,87169.4995
Jamakhandi,India,72405.36792
Berasia,India,54170.46049
Saundatti,India,57898.04285
Dabra,India,161342.6765
Kakrala,India,52751.55257
Bhopal,India,2599311.123
Mudhol,India,58780.44868
Kundapura,India,114637.2395
Sitarganj,India,60217.83741
Mahgawan,India,62940.12393
Sironj,India,85206.54091
Khamgaon,India,210378.0977
Hubli,India,115698.3462
Udupi,India,303721.8539
Mainpuri,India,322006.7993
Harda,India,79044.22875
Partur,India,54011.28616
Nawabganj,India,98035.61472
Karhal,India,55461.29219
Ramdurg,India,51385.86503
Aliganj,India,57323.53497
Jaswantnagar,India,68924.58877
Bhind,India,396783.5741
Faridpur,India,132531.4735
Majalgaon,India,112242.4804
Pithoragarh,India,112794.3215
Datia,India,218285.841
Shegaon,India,95887.53923
Sagara,India,69799.32424
Mangaluru,India,967000.1682
Pilibhit,India,332779.3007
Mandideep,India,148574.2794
Khatīma,India,96702.77062
Kaimganj,India,148193.6358
Chanderi,India,55903.43923
Etawah,India,458608.6735
Mehkar,India,94880.63373
Vijayapura,India,418496.9333
Dharashiv,India,231152.7243
Solapur,India,1109881.787
Balapur,India,62736.19327
Mungaoli,India,73637.47462
Selu,India,75974.74359
Jhansi,India,678723.3721
Basoda,India,139051.762
Vidisha,India,247130.06
Manjeshwar,India,59458.81826
Bisalpur,India,136141.8703
Pathri,India,52117.10119
Raisen,India,69332.22273
Gaddanakeri Tanda,India,145334.9171
Manwat,India,55127.20609
Akot,India,124952.4426
Lakhna,India,50905.08003
Lahar,India,57563.919
Bagalkote,India,53622.3161
Tilhar,India,120495.2588
Ambajogai,India,189369.5221
Lakshmeshvara,India,53052.70475
Haveri,India,100139.861
Bantwal Cross Road,India,73100.27375
Jalalabad,India,89551.849
Bharthana,India,81358.21694
Akola,India,671544.3052
Lalitpur,India,246324.0422
Bina Etawa,India,68495.73179
Kasaragod,India,191007.2712
Farrukhabad,India,576426.1302
Risod,India,73531.97528
Jintur,India,82645.47653
Shikaripura,India,64049.62043
Narmadapuram,India,135811.2002
Gadag-Betageri,India,243721.1803
Chhibramau,India,147419.8461
Parli,India,172261.7529
Puranpur,India,147315.4857
Shahjahanpur,India,652809.8921
Kanhangad,India,100444.2399
Akkalkot,India,70200.42924
Itarsi,India,126826.3907
Puttur,India,91234.17006
Anjangaon,India,73455.76426
Khurai,India,64975.61906
Parbhani,India,432999.1361
Latur,India,493858.6818
Konch,India,74187.76023
Bidhuna,India,63269.24007
Ausa,India,51133.27146
Ranebennur,India,120929.4719
Payyanur,India,194800.1383
Daryapur,India,67309.65031
Gangakhed,India,80821.81515
Shahabad,India,139987.4156
Mamrezpur Al,India,65459.24413
Shivamogga,India,404348.597
Sindagi,India,71342.88513
Gursahaiganj,India,88562.37419
Washim,India,155854.2104
Achalpur,India,181520.4051
Dibiyapur,India,102191.1771
Jalaun,India,82465.8501
Murtijapur,India,86548.79645
Muddebihala,India,53560.76459
Auraiya,India,214712.2923
Begamganj,India,72225.62647
Tikamgarh,India,142467.9319
Gursarai,India,60073.69112
Ilkal,India,113544.9156
Mohmadi,India,78391.70711
Harihara,India,135257.2255
Tirwaganj,India,82145.56791
Hingoli,India,170386.8748
Bhadravathi,India,160132.153
Mangrul Pir,India,68243.02968
Umarga,India,57150.00568
Taliparamba,India,163413.4422
Kannur,India,503269.2982
Alanda,India,52533.80902
Anthoor,India,68723.94616
Betul,India,177043.9655
Purna,India,50247.98055
Orai,India,297191.9548
Mauranipur,India,108438.3586
Kannauj,India,216663.3366
Nilanga,India,68675.3675
Palia Kalan,India,70284.9153
Rasulabad,India,50186.23395
Ahmadpur,India,94864.81532
Davanagere,India,536080.1924
Karanja,India,118218.1995
Jhinjhak,India,69445.39214
Harapanahalli,India,59216.06957
Hardoi,India,455292.5251
Chandur Bazar,India,50765.01772
Basmat,India,116926.0567
Gola Gokarannath,India,184198.942
Koppala,India,137563.0087
Thalassery,India,538156.3829
Sagar,India,571736.7743
Salaiya,India,52514.3405
Chikkamagaluru,India,131880.9716
Pipariya,India,109987.7313
Amravati,India,765252.4211
Sarni,India,86994.04194
Hagaribommanahalli,India,52482.58065
Kandhar,India,60661.76814
Vadakara,India,392079.6646
Mallanwan,India,81793.91077
Kalpi,India,108910.7169
Nanded,India,759900.0352
Pukhrayan,India,113319.5371
Rath,India,111991.6996
Udgir,India,203504.527
Basavakalyana,India,81684.83317
Kalaburagi,India,736424.4655
Lingasugur,India,72874.98568
Banda,India,63155.8634
Morshi,India,78823.41436
Pusad,India,194265.7586
Hosapete,India,258006.9486
Akbarpur,India,63480.20757
Kaduru,India,56851.71109
Mariyammanahalli,India,60746.71811
Bangarmau,India,97312.99691
Lalpur,India,66769.83994
Nowgaon,India,66222.12905
Darwha,India,67451.59943
Koyilandy,India,136908.0787
Multai,India,57486.09189
Digras,India,79654.21453
Raniyan,India,113209.5144
Lakhimpur,India,457169.2629
Shorapur,India,103729.9026
Gangavathi,India,146072.553
Shahabad,India,53411.36911
Shahapura,India,86773.41226
Mudkhed,India,72448.024
Kozhikode,India,7612130.31
Humanabad,India,62333.47405
Bhalki,India,61582.80584
Sitapur,India,433445.6038
Gadarwara,India,111502.0562
Warud,India,65511.94107
Hassan,India,245503.9375
Kanpur,India,4413624.598
Umarkhed,India,80965.07778
Wadi,India,65099.06083
Chhatarpur,India,259803.6995
Hosadurga,India,56235.27541
Sandila,India,117785.4252
Safipur,India,64807.84315
Chitradurga,India,239751.6213
Deori Khas,India,54515.92604
Sindhanur,India,117680.6312
Bhokar,India,51371.85664
Arvi,India,53897.40728
Devadurga,India,51919.41369
Vaddu,India,160262.2899
Arasikere,India,71308.53944
Ghatampur,India,82767.59524
Tanur,India,257451.3609
Laharpur,India,110881.246
Mahoba,India,174407.0883
Yavatmal,India,358165.3337
Hamirpur,India,104157.0192
Degloor,India,79968.90201
Kalpetta,India,204377.3105
Pandhurna,India,76430.64894
Parasia,India,111392.7764
Yadgir,India,126730.5755
Ponnani,India,2751608.997
Bharuwa Sumerpur,India,85891.69855
Maudaha,India,61515.39856
Kabrai,India,51389.66945
Siruguppa,India,97083.29626
Sidhauli,India,81824.67439
Bidar,India,303955.7606
Pulgaon,India,50957.66642
Damoh,India,299746.7536
Challakere,India,92035.23065
Manvi,India,71712.17474
Tipaturu,India,66597.68371
Hunsur,India,71004.92869
Biswan,India,110639.3911
Hiriyur,India,67224.69446
Katol,India,85395.97509
Ballari,India,574841.6476
Narsinghpur,India,141368.5981
Ogipur,India,67071.4159
Sultan Bathery,India,186778.1375
Krishnarajanagara,India,74525.9227
Chhindwara,India,285973.7638
Bhainsa,India,69204.8332
Rayadurg,India,63985.79215
Lucknow,India,5214964.391
Sausar,India,50554.08732
Nilambur,India,85614.84822
Thrissur,India,1644796.45
Zaheerabad,India,113660.2612
Bodhan,India,108878.6103
Perinthalmanna,India,177950.4454
Pattambi,India,108964.2936
Kinwat,India,71501.76777
Mahmudabad,India,62111.48674
Banda,India,281391.7497
Banswada,India,59316.61259
Wardha,India,289743.7626
Tanduru,India,106577.7084
Bindki,India,81554.31931
Raichur,India,314663.3516
Purwa,India,50440.7814
Irinjalakuda,India,135033.9353
Shoranur,India,64667.76216
Narayanpet,India,71586.35771
Kochi,India,5069022.409
Nizamabad,India,429514.33
Mysuru,India,1297639.195
Adoni,India,220406.6928
Nanpara,India,78964.62984
Ottapalam,India,151912.5627
Sira,India,76344.65417
Gudalur,India,76261.54164
Panna,India,102081.9871
Mannarkkad,India,100762.1534
Pandharkawada,India,56922.23599
Nanjanagudu,India,119862.9912
Nagpur,India,3399891.104
Nirmal,India,114354.6436
Fatehpur,India,472253.9387
Adilabad,India,171170.9281
Emmiganuru,India,131017.3706
Alappuzha,India,515493.4544
Takalghat,India,57644.224
Armoor,India,93732.07458
Vadakkenchery,India,60299.32786
Hinganghat,India,147439.2015
Vikarabad,India,59340.64776
Guntakal,India,148230.4049
Baberu,India,81554.42155
Atarra Buzurg,India,71116.5703
Maraucha,India,87238.93102
Lalganj,India,148883.4529
Vaikom,India,90045.96042
Bahraich,India,517749.706
Kapri Kheda,India,52713.39556
Mandya,India,209511.4531
Udhagamandalam,India,91250.55975
Palakkad,India,368312.2491
Nenmara,India,53584.40683
Sangareddy,India,105674.9187
Duihawa Sher Bahadur Si,India,71269.37997
Tumakuru,India,371850.9262
Kollam,India,3463935.416
Jabalpur,India,1621134.785
Kaisarganj,India,55004.31294
Muvattupuzha,India,221915.3596
Kottayam,India,942500.0429
Kamareddy,India,112510.4956
Coonoor,India,128518.0514
Madhugiri,India,54707.14145
Kothamangalam,India,106015.8972
Medak,India,71449.29888
Gadwal,India,85889.01705
Ramtek,India,60615.15715
Seoni,India,164969.4837
Chamarajanagara,India,113233.4893
Mavelikkara,India,196315.9632
Mahbubnagar,India,226079.9679
Sihora,India,56384.67212
Nimkhera,India,58605.66173
Raebareli,India,434557.5863
Warora,India,83953.69413
Wani,India,105929.2421
Bhinga,India,60414.10599
Coimbatore,India,2360321.836
Thodupuzha,India,136686.5892
Anantapur,India,420001.4441
Pala,India,51105.69676
Chengannur,India,58423.88562
Colonelganj,India,133368.0378
Khaga,India,106989.2276
Hyderabad,India,9455229.882
Odanthurai,India,82988.26712
Chitrakoot Dham,India,156473.8447
Chitrakoot,India,64839.36111
Channapattana,India,108387.1045
Kollegal,India,64123.2523
Katni,India,306751.5342
Shadnagar,India,58747.66997
Umred,India,71009.27358
Jadcherla,India,77007.36774
Korutla,India,83844.28653
Kozhencherry,India,59515.53506
Wanaparthy,India,90138.53031
Hindupur,India,157719.5938
Bhadravati,India,68157.35449
Ramanagara,India,96975.93867
Adoor,India,93417.34755
Bengaluru,India,15178532.9
Jagdishpur,India,141787.2581
Dhone,India,58599.68303
Unchahar,India,89019.6877
Kurnool,India,442141.7448
Gowribidanur,India,56170.05084
Pollachi,India,241017.0113
Pathanamthitta,India,53228.70609
Kottarakkara,India,103212.9353
Satna,India,504983.5846
Kymore,India,62985.34473
Dharmavaram,India,131250.9417
Rudauli,India,84469.46435
Jais,India,65273.69013
Attingal,India,277675.0129
Gonda,India,436901.4684
Salon,India,61272.88504
Doddaballapura,India,136909.0135
Maihar,India,109359.5257
Bhandara,India,173161.5985
Kanakapura,India,55305.19477
Balrampur,India,230212.1137
Chandrapur,India,421688.2195
Jagtial,India,128549.8472
Sircilla,India,110664.3366
Tumsar,India,68571.61708
Punalur,India,103713.1194
Thiruvananthapuram,India,3166824.705
Anchal,India,65279.59382
Venjaramoodu,India,188134.2596
Tadipatri,India,118575.4065
Tiruppur,India,1156669.218
Gauriganj,India,58339.48228
Palladam,India,89481.7025
Ballarpur,India,102138.4493
Siddipet,India,127661.2079
Ghatkesar,India,168849.869
Chikkaballapura,India,76905.74124
Kunda,India,123647.0705
Nandikotkur,India,54084.61462
Kattappana,India,54424.98426
Rajura,India,50834.69884
Udumalaipettai,India,130776.7341
Bharwari,India,74527.08174
Gobichettipalayam,India,114065.5212
Tirora,India,69781.64033
Mandla,India,133892.164
Tulsipur,India,75605.07357
Amethi,India,79861.84531
Mankapur,India,66167.64552
Faizabad,India,871743.8146
Sarai Aquil,India,64701.31567
Hoskote,India,56196.6782
Hosur,India,388677.6191
Karimnagar,India,342883.3782
Neyyatinkara,India,58569.46135
Utraula,India,74557.96172
Balaghat,India,130940.6773
Cumbum,India,110491.8978
Colachel,India,1001954.461
Umaria,India,60885.77445
Bhongir,India,60207.43556
Bodinayakkanur,India,99072.28099
Rewa,India,361737.3442
Brahmapuri,India,86347.72818
Mul,India,50295.10462
Sultanpur,India,507163.2889
Shencottai,India,75201.71107
Kaghaznagar,India,78010.78202
Maluru,India,75463.54463
Dharapuram,India,58623.93827
Chinnamanur,India,53474.38856
Nandyal,India,244974.6815
Pulivendula,India,62391.28377
Kadiri,India,101636.945
Gondia,India,272963.8403
Tenkasi,India,104610.4764
Prayagraj,India,2358994.904
Erode,India,828689.291
Kodaikanal,India,69863.13847
Theni,India,211330.4041
Atmakur,India,54164.79816
Palani,India,107354.9986
Chintamani,India,106688.1175
Pratapgarh,India,354236.0352
Kadayanallur,India,82987.73057
Phaphamau,India,177602.4715
Bellampalli,India,67513.41944
Mancherial,India,179447.1376
Jammalamadugu,India,53362.06211
Mettur,India,136421.9678
Puliyangudi,India,77036.95527
Haidarganj,India,152836.277
Peddapalli,India,58676.17376
Periyakulam,India,86838.32619
Thippanampatti,India,57023.59382
Ramagundam,India,218368.0228
Jangaon,India,68329.45151
Villukuri,India,124536.5644
Domariaganj,India,264393.1894
Ambasamudram,India,125349.0986
Itwa,India,57287.92174
Devarakonda,India,52625.36614
Edappadi,India,50856.75719
Muhavoor,India,52012.57255
Kolar,India,156057.6
Andipatti Jakkampatty,India,52351.03023
Jhusi,India,777994.6231
Gadchiroli,India,100783.3824
Rajapalayam,India,232776.0316
Nagercoil,India,450234.4639
Amgaon,India,63829.37538
Tiruchengodu,India,155978.4257
Sankarankovil,India,83507.24875
Alangulam,India,58362.16082
Proddatur,India,235589.0349
Bangarapete,India,99002.34132
Srivilliputtur,India,97435.46945
Kolar Gold Fields,India,136852.2162
Salem,India,1299777.365
Iltifatganj,India,136777.2671
Krishnagiri,India,158925.6229
Tirunelveli,India,371086.5969
Akbarpur,India,174686.2235
Dharmapuri,India,192688.6823
Usilampatti,India,60308.83509
Warangal,India,788503.6611
Mungra Badshahpur,India,75019.28678
Nalgonda,India,174420.9748
Basti,India,415745.2435
Tanda,India,227307.8233
Mulabagilu,India,61837.73123
Bansi,India,151099.6504
Sivakasi,India,287419.5285
Chinnalapatti,India,54988.72696
Meja Road,India,263740.3668
Madanapalle,India,192677.5245
Karur,India,281321.9318
Thalaiyuthu,India,106896.461
Dindigul,India,406543.6341
Giddalur,India,54858.92788
Shahdol,India,118077.5267
Naugarh,India,234591.2748
Rasipuram,India,70197.06474
Namakkal,India,192578.5373
Kovilpatti,India,197968.4856
Punganuru,India,56300.03337
Banethu,India,78264.48438
Machhlishahr,India,54105.3196
Gyanpur,India,1324131.508
Sidhi,India,50304.43634
Kadapa,India,376918.6265
Sattur,India,74473.96034
Rayachoti,India,107181.6613
Tirumangalam,India,69251.72143
Virudhunagar,India,148395.3512
Makhdumnagar,India,65897.21449
Jalalpur,India,113816.4006
Gaipura,India,129808.5661
Madurai,India,2184066.155
Makrahi,India,66183.11461
Dongargarh,India,66944.76935
Mehdawal,India,137557.1441
Shahganj,India,164443.5818
Lehra,India,100451.5343
Tirupattur,India,167206.9784
Suryapet,India,139838.4214
Khalilabad,India,245099.1236
Macherla,India,74266.93617
Miryalaguda,India,145705.3229
Markapur,India,71721.72546
Vaniyambadi,India,179323.6776
Aruppukkottai,India,141777.8933
Jaunpur,India,539054.8269
Campierganj,India,89164.14739
Narsampet,India,53814.46848
Anand Nagar,India,150717.6185
Pernampattu,India,101396.4986
Ambur,India,248615.2745
Nautanwa,India,101487.6946
Mohnapur,India,74864.82664
Phulpur,India,139926.5329
Bhadohi,India,292494.3775
Kawardha,India,93559.27601
Thoothukudi,India,335211.6093
Baragashi,India,60189.81943
Mirzapur,India,703502.0978
Sahjanwa,India,206155.8332
Kayalpattinam,India,71299.98699
Peppeganj,India,87468.20578
Attur,India,80084.79591
Manapparai,India,71542.7067
Khajni,India,57657.1221
Sarai Mir,India,92825.04617
Melur,India,56344.71705
Rajnandgaon,India,220032.0995
Gudiyatham,India,214364.4325
Panyara,India,66366.20817
Dachepalli,India,52759.13604
Rajampet,India,64115.63397
Mahabubabad,India,83606.96096
Chengam,India,51222.557
Thuraiyur,India,62042.65708
Gorakhpur,India,1484200.68
Kerakat,India,115115.3056
Maharajganj,India,206633.9598
Kachhwa,India,66131.83485
Kodada,India,80310.02591
Tiruchirappalli,India,1378490.407
Sivaganga,India,85673.74067
Nichlaul,India,81650.82198
Azamgarh,India,517725.3431
Chittoor,India,163841.6863
Bansgaon,India,51525.32803
Jianpur,India,274267.2547
Bishunpur Khurd,India,55317.94646
Vinukonda,India,82536.15098
Durg,India,1433492.745
Kauriram,India,57778.11008
Gola Bazar,India,88104.41715
Baliya,India,54650.87438
Piduguralla,India,71770.98025
Vellore,India,765930.3664
Varanasi,India,3812495.5
Khammam,India,339172.4965
Paramakkudi,India,114780.1762
Chauri Chaura,India,160494.0187
Bemetara,India,56082.57707
Balod,India,58665.11479
Siswa Bazar,India,86773.21975
Mubarakpur,India,163941.013
Kallakurichi,India,84980.78138
Perambalur,India,83206.36564
Chunar,India,115098.4211
Mungeli,India,57707.99066
Dohrighat,India,228955.3818
Tiruvannamalai,India,322068.8962
Captainganj,India,65899.72673
Jaggayyapeta,India,60625.1169
Polur,India,62762.75771
Khadda,India,73811.19191
Yellandu,India,77204.71574
Tirupati,India,482025.2292
Hata,India,166629.4543
Pudukkottai,India,192842.2811
Karaikudi,India,181456.603
Mathia Alam,India,64075.09533
Muhammadabad Gohna,India,173771.6099
Manendragarh,India,55476.93068
Ranipet,India,305836.5848
Patharhat,India,78211.89044
Narasaraopet,India,168194.0346
Rudrapur,India,66325.47714
Waidhan,India,354935.883
Arani,India,178013.7545
Devakottai,India,73565.01521
Raipur,India,1528592.487
Singrauli,India,55672.82139
Tirukkovilur,India,106672.601
Siltara,India,102966.3594
Sattenapalle,India,73077.82413
Jakhania,India,75307.76067
Venkatagiri,India,61427.91542
Ghosi,India,91629.38231
Nandigama,India,56642.17062
Ariyalur,India,65307.82585
Kandukur,India,65762.96875
Chirimiri,India,57331.4685
Ramanathapuram,India,151510.4486
Bagaha,India,143454.4391
Deoria,India,553936.0921
Ongole,India,244577.7045
Padrauna,India,358500.9629
Kushinagar,India,142862.5428
Mau,India,472584.7236
Anpara,India,121080.9269
Chilakaluripet,India,148375.9702
Kopaganj,India,55496.15444
Tilda Neora,India,65594.32741
Nagari,India,82989.25248
Aranthangi,India,78927.99188
Chandauli,India,58385.16676
Thiruvaiyaru,India,65100.423
Barhaj,India,50536.10502
Dhamtari,India,144194.8908
Thanjavur,India,437548.5485
Kothagudem,India,133324.2342
Ulundurpettai,India,51558.23367
Robertsganj,India,151224.5923
Sri Kalahasti,India,93728.03894
Chakia,India,55188.26371
Bhatapara,India,110892.7846
Dalla,India,243813.8446
Tiruttani,India,86832.71897
Giingee,India,75729.94281
Ayyampettai,India,90144.8198
Kavali,India,105576.9774
Bajar Keraia,India,75628.03835
Dudahi,India,215125.5795
Bilaspur,India,789908.6022
Palwancha,India,113484.3012
Ghazipur,India,489731.4234
Virudhachalam,India,111566.2292
Gudur,India,82851.99565
Tiruvetipuram,India,103115.6512
Papanasam,India,66131.10313
Shankarpur,India,55970.35939
Guntur,India,835293.2104
Nellore,India,692502.124
Arakkonam,India,149921.2903
Moradih,India,57322.32225
Patherwa,India,168216.9932
Barwa Rajapakar,India,53181.27052
Salempur,India,126841.5531
Viluppuram,India,360141.1706
Zamania,India,55493.08229
Chirala,India,221774.8223
Vandavasi,India,71882.74289
Ramnagar,India,76284.04182
Belthara Road,India,65903.42505
Renukoot,India,115429.3366
Kumbakonam,India,390431.4505
Rajim,India,121885.6162
Kanchipuram,India,378595.3328
Neyveli Township,India,80813.49363
Tamkuhi Raj,India,352899.473
Rank,India,71867.82006
Arang,India,66424.40319
Lauiyah Nandangarh,India,68121.60092
Panruti,India,118433.8929
Pattukkottai,India,112434.3653
Vijayawada,India,1240028.94
Lar,India,59381.86438
Mangalagiri,India,99641.2372
Lauiyah Nandangarh,India,54166.33566
Bhore,India,531927.7017
Tindivanam,India,137732.9515
Rasra,India,96089.05443
Mohammadabad,India,112033.6934
Lauria Nandangarh,India,128995.8185
Bapatla,India,119020.5493
Vadalur,India,262633.5735
Fatehpur,India,78441.94948
Sathupally,India,51346.0485
Kalitheerthalkuppam,India,65177.18415
Mannargudi,India,168807.1436
Adirampattinam,India,51570.19783
Narkatiaganj,India,159423.1655
Ponnur,India,86122.88847
Mohania,India,113756.8502
Kattumannarkoil,India,97282.87239
Tariasujan,India,79349.03807
Tiruvallur,India,231244.9081
Tenali,India,219129.5752
Mahasamund,India,83194.04846
Kuthalam,India,58476.28739
Jogapatti,India,74175.50923
Bhabua,India,195139.4718
Patiirwa,India,59884.69736
Mairwa,India,162962.9761
Sikandarpur,India,71482.85299
Rameswaram,India,52201.31333
Bettiah,India,589702.616
Nuzvid,India,76180.2442
Puducherry,India,1058587.104
Cuddalore,India,435628.843
Darauli,India,220519.1926
Mayiladuthurai,India,217399.7246
Kondagaon,India,74588.56205
Chennai,India,11466400.34
Chidambaram,India,254211.8329
Chanpatia,India,62739.2196
Maharajganj,India,2840918.672
Gummidipundi,India,107297.1913
Thiruvarur,India,129977.9202
Parangipettai,India,60122.70115
Chengalpattu,India,68272.31539
Nautan,India,319626.4968
Maniar,India,109591.43
Buxar,India,221018.4919
Sirkazhi,India,105383.0476
Thawe,India,84897.75776
Korba,India,339900.2141
Janjgir,India,53219.55939
Vuyyuru,India,53282.79005
Gopalganj,India,137652.4483
Ballia,India,529417.1873
Kudra,India,81948.20101
Siwan,India,292601.8859
Raghunathpur,India,167743.2789
Kochas,India,92135.94964
Chenari,India,53038.96905
Champa,India,78619.0132
Repalle,India,82805.03946
Bansdih,India,74624.48232
Jawkatia,India,58231.91656
Mamarkha,India,93965.73088
Gudivada,India,150562.7883
Karaikal,India,132277.9943
Hasanpura,India,50462.62548
Nagapattinam,India,205373.2045
Dumraon,India,64782.1516
Ambikapur,India,213440.41
Eluru,India,378262.9454
Raxaul,India,158827.504
Sagauli,India,130492.3861
Sahatwar,India,63369.47573
Ramgarhwa,India,70144.60716
Areraj,India,256325.5431
Kuransarae,India,146325.8279
Harsidhi,India,146895.2427
Sasaram,India,325821.8456
Belhari,India,107096.7565
Jangareddygudem,India,65109.11641
Barhampur,India,67476.26289
Nawanagar,India,123330.9622
Mahuar,India,53922.43107
Turkaulia,India,371023.7545
Ekma,India,311654.2696
Machilipatnam,India,184084.796
Suraimanpur,India,96992.98498
Barharwa Khurd,India,68382.58573
Basantpur,India,133924.1567
Garhwa,India,128537.9818
Sakti,India,53935.48543
Banjari,India,145699.1515
Lahladpur,India,54880.75885
Bikramganj,India,110060.8587
Jagdalpur,India,138046.666
Pakaria,India,142888.8097
Bahuara,India,83486.56988
Dongam,India,72827.38346
Mahuawa,India,58268.36615
Motihari,India,377721.6724
Tilouthu,India,66944.32525
Umerkote,India,55119.14643
Bhopatpur,India,117282.1064
Sahebganj,India,388650.3763
Husainabad,India,75870.50893
Marhaura,India,1559314.679
Dehri,India,364118.4867
Behea,India,60957.44321
Manjhi,India,79844.21407
Jagdispur,India,81226.11489
Masrakh,India,240831.2723
Piro,India,84598.29122
Malakanagiri,India,69805.89765
Nasriganj,India,96937.48733
Chhapra,India,552694.2799
Tadepallegudem,India,138500.1793
Bhimavaram,India,246577.065
Dhanauji,India,79179.3581
Arrah,India,503400.9317
Dhaka,India,151576.6219
Chakia,India,153283.084
Daudnagar,India,179653.7668
Pipra,India,66757.69129
Mahwal,India,109698.8394
Medininagar,India,262681.0954
Patahi,India,59276.42709
Madhuban,India,241654.7822
Aurangabad,India,157593.6038
Nidadavolu,India,60108.11298
Bairgania,India,150618.814
Sahar,India,112088.8456
Pach Pakri,India,83190.28031
Vishunpur,India,109190.6823
Dighwara,India,740255.029
Koliwar,India,198235.8393
Phenhara,India,217736.159
Paroo,India,247202.741
Chirand,India,167444.4175
Mehsi,India,1453663.627
Tanuku,India,129302.928
Haspura,India,97553.61559
Akhgaon,India,52212.18415
Sandesh,India,69880.32833
Arwal,India,63536.49509
Rajamahendravaram,India,585458.0378
Kirodimal Nagar,India,87428.39057
Piprarhi,India,97278.45314
Jakhim,India,66711.09629
Baligawan,India,143915.5415
Narasapuram,India,131260.7494
Sheohar,India,77462.77034
Dumri Katsari,India,59446.82413
Maner,India,223530.1195
Raigarh,India,151048.332
Palakollu,India,142287.4272
Kalyanpur,India,512310.2977
Bihta,India,113921.2513
Bikram,India,57809.10068
Dadhapi,India,79184.99057
Kadiyam,India,62601.11201
Goh,India,89254.90233
Paliganj,India,90863.82188
Nabarangapur,India,59905.07018
Ravulapalem,India,51367.19218
Rafiganj,India,187075.2417
Madanpur,India,105114.1141
Parsauni,India,88121.22596
Naubatpur,India,154147.285
Pakri,India,74757.64148
Satbarwa,India,78207.24982
Hajipur,India,9755302.728
Mandapeta,India,65429.31698
Sitamarhi,India,916646.3918
Belsand,India,99072.59406
Kothapeta,India,55936.01952
Patna,India,3434078.365
Yeleswaram,India,54194.61012
Jeypore,India,119477.4503
Runisaidpur,India,688756.59
Sikandar Pur,India,52208.71541
Ramachandrapuram,India,76707.48392
Balua,India,111047.5999
Tekari,India,119907.7422
Junagarh,India,52163.93833
Masaurhi,India,266646.6285
Jehanabad,India,187696.3515
Peddapuram,India,59877.06079
Amalapuram,India,139608.4736
Pariharpur,India,93237.92616
Samarlakota,India,107644.9344
Bajpatti,India,91069.18081
Makhdumpur,India,114844.9874
Titlagarh,India,69317.22703
Humayupur,India,73915.29609
Berai,India,63636.89748
Sherghati,India,91923.2349
Pupri,India,155689.9975
Bhutan,India,73732.0046
Belaganj,India,80280.37992
Pithapuram,India,93731.24619
Kakinada,India,496994.1322
Modanganj,India,231080.0575
Nanpur,India,130041.7118
Gaya,India,969994.6722
Bargarh,India,173112.9234
Yanam,India,75313.92843
Fatwah,India,164468.0644
Bhawanipatna,India,162351.2059
Salha,India,77860.88515
Raghopur,India,133803.2992
Gaighat,India,86004.10918
Khirz Sarai,India,74039.01835
Islampur,India,172040.2539
Balangir,India,195339.9271
Sunabeda,India,53774.47861
Ekangar Sarai,India,71999.15418
Katasa,India,226688.374
Hilsa,India,80778.54597
Bakhtiyarpur,India,825155.307
Sundargarh,India,73498.03443
Brajarajnagar,India,89994.82557
Atri,India,89910.55374
Chatra,India,99729.65721
Parbalpur,India,80168.15988
Narsipatnam,India,78773.97943
Chahuta,India,67221.03847
Simri,India,126770.1988
Shankardih,India,58681.9559
Chandi,India,109308.0802
Tuni,India,142510.4162
Rahika,India,559692.3736
Jharsuguda,India,66389.16074
Hirakud,India,57352.94888
Darbhanga,India,991525.4534
Wazirganj,India,89504.51429
Lohardaga,India,109195.6378
Bahadurpur,India,106208.9914
Gumla,India,130090.9856
Sambalpur,India,248582.4262
Bhagwanpur,India,60947.60056
Fatehpur,India,89376.71253
Kenar Fatehpur,India,55120.03345
Rajgir,India,62303.72134
Rahui,India,90675.99277
Jainagar,India,101170.5283
Bihar Sharif,India,599180.3255
Khajauli,India,265685.1655
Ratanpur,India,82840.19739
Madhubani,India,331636.3283
Rasulpur,India,58291.46245
Simdega,India,56892.20905
Hwanpura,India,58571.07088
Pawapuri,India,58829.77555
Hisua,India,65984.1292
Narhat,India,60885.6703
Chodavaram,India,53156.03638
Pandaul,India,242013.4664
Dahura,India,52211.44458
Nawada,India,290372.3835
Rayagada,India,142946.3825
Manigachhi,India,153393.9426
Mansurchak,India,409679.6344
Katrisarai,India,67761.0147
Anakapalle,India,129971.8283
Bibhutpur,India,1869763.479
Barbigha,India,97142.56423
Warisaliganj,India,93738.93453
Akbarpur,India,102713.0482
Benipur,India,298080.2282
Rajauli,India,80835.38621
Rajgangpur,India,100447.1299
Tardih,India,93262.13949
Laxminia,India,55643.15385
Jhanjharpur,India,193094.001
Banwaripur,India,56422.68546
Bobbili,India,73830.37355
Thanam,India,87416.31151
Parvathipuram,India,88019.63389
Visakhapatnam,India,1634439.651
Roh,India,63717.87629
Mokama,India,178337.1764
Thengha,India,87265.24129
Pakribarawan,India,65154.89591
Ukkunagaram Township,India,146223.0788
Lakhnaur,India,220014.1992
Gobindpur,India,87783.11092
Kodarma,India,301019.8763
Hazaribagh,India,293350.3175
Begusarai,India,1193507.773
Sheikhpura,India,132713.7377
Supaul,India,101076.5278
Cheria Bariarpur,India,50801.71022
Devada,India,87439.05704
Birpur,India,315618.4946
Nawada,India,139343.2818
Bhurkunda,India,118244.0408
Ranchi,India,1817833.171
Vizianagaram,India,299739.529
Phulparas,India,77235.80903
Barhiya,India,98514.0106
Rourkela,India,749807.4102
Pontinamallayyapalem,India,65698.07349
Bakhri,India,138837.5016
Parkonch,India,91429.9584
Nirmali,India,61567.22021
Phulbani,India,56738.04113
Matihani,India,180681.4127
Sohma,India,52542.31594
Lakhisarai,India,222871.3157
Rajam,India,80222.82866
Alauli,India,197534.1079
Ramgarh,India,220884.9018
Supaul,India,252650.6743
Sonbarsa Kacheri,India,186823.8755
Balia,India,161404.174
Chandanpur,India,57243.61873
Khunti,India,75943.50501
Dandari,India,84802.0474
Bhaptiyahi,India,139287.0661
Saharsa,India,461246.6969
Sahebpur Kamal,India,155992.8802
Modnipur,India,61237.24325
Gamharia,India,180150.3713
Sirinagar,India,105868.9756
Danwar,India,59341.53034
Khagaria,India,366292.738
Abhaipur,India,69670.1186
Barki Saria,India,55415.9555
Simri Bakhtiarpur,India,323232.3474
Raghopur,India,62827.7213
Jamui,India,143421.7022
Munger,India,811521.8455
Srikakulam,India,200889.3518
Ganpatganj,India,81733.13243
Tribeniganj,India,72756.94698
Madhepura,India,298106.3791
Banma Itahri,India,50534.94166
Jhundo,India,53372.41797
Bundu,India,50655.84765
Manori,India,68806.21933
Kathara,India,85185.4047
Paralakhemundi,India,65893.5225
Maheshkhunt,India,284453.6738
Dumri,India,51212.95414
Bariarpur,India,61217.29784
Mansa Nagar,India,56093.64404
Jhajha,India,90210.88212
Phusro,India,111311.0577
Kharagpur,India,85807.20718
Sher Chakla,India,58663.36062
Bhanjanagar,India,57833.26891
Parbatta,India,83115.11785
Muri,India,52298.78384
Barbil,India,50509.5491
Murliganj,India,56225.42535
Chakradharpur,India,108233.2046
Giridih,India,416552.103
Tekkali,India,57884.1973
Bhargama,India,104715.0525
Sultanganj,India,140110.4703
Gopalpur,India,67427.11223
Alamnagar,India,60337.51764
Tarapur,India,149524.6518
Jogbani,India,66126.17239
Bokaro,India,863889.2693
Chandrapura,India,113666.5806
Forbesganj,India,209516.0408
Bihpur,India,265648.6862
Pakariya,India,57472.73559
Puraini,India,59620.39078
Asika,India,60448.55082
Angul,India,149782.665
Palasa-Kasibugga,India,64710.7733
Raniganj,India,54797.60699
Banmankhi,India,89885.73767
Talcher,India,87059.96915
Phulidumar,India,107375.4503
Chausa,India,225874.9148
Dhanbad,India,2078657.505
Amarpur,India,276109.3875
Chaibasa,India,124116.302
Polasara,India,57729.4028
Dhamdaha,India,63568.45229
Bhagalpur,India,343274.3744
Kharik,India,51394.79311
Deoghar,India,403639.2006
Naugachia,India,216152.4223
Araria,India,401544.1183
Brahmapur,India,603330.081
Bhushan Steel City,India,70806.00638
Madhupur,India,111297.7743
Kendujhargarh,India,76584.04482
Kotwali,India,827016.7152
Banka,India,96773.5881
Simla,India,131334.9625
Jamshedpur,India,2007932.496
Nayagarh,India,71201.54726
Balarampur,India,53005.93731
Satar Halt,India,100559.9136
Purulia,India,343719.6644
Jokihat,India,101712.4962
Purnia,India,461747.3069
Barari,India,94657.68639
Kahalgaon,India,215218.09
Chhatrapur,India,85498.4105
Baghua,India,231787.2866
Dhuraia,India,57775.97648
Darjeeling,India,602611.8105
Semapur,India,178035.2751
Mehrma,India,63618.55085
Balugaon,India,52132.90034
Nirsa,India,61201.49266
Nuapatna,India,61098.5625
Bahadurganj,India,52705.6979
Murgia Chak,India,58885.02616
Sundarpur,India,60563.62295
Godda,India,164155.0872
Katihar,India,431007.6141
Asansol,India,2886897.019
Dhenkanal,India,151859.5003
Mahagama,India,115247.5611
Pauakhali,India,64032.93246
Baisi,India,99829.84027
Chittaranjan,India,139693.534
Dalkola,India,101532.3212
Manihari,India,109785.3398
Kishanganj,India,203188.1332
Thakurganj,India,55278.45911
Ghatsila,India,61671.03722
Khusalpur,India,95126.4301
Khordha,India,93566.84174
Gangtok,India,132115.5892
Sahibganj,India,191144.5461
Siliguri,India,579971.8799
Dumka,India,205474.3087
Jatani,India,75155.25973
Azamnagar,India,92785.12325
Cuttack,India,808650.2736
Islampur,India,124055.6482
Bhubaneshwar,India,1173697.418
Amdabad,India,72200.04502
Jamuria,India,68671.00289
Mejia,India,235398.4278
Jagatpur,India,94542.59338
Byasanagar,India,103670.6384
Julābditola,India,82973.28116
Durlovpur,India,55143.06245
Bankura,India,300433.7474
Rajmahal,India,608593.6045
Pandaveswar,India,92241.39897
Hiranpur,India,58107.10074
Puri,India,327337.3752
Raiganj,India,415606.9088
Chanchal,India,60630.17738
Barharwa,India,55791.75973
Bijali,India,75201.59087
Manikchak,India,272487.6263
Naksimal,India,65751.75553
Mal Bazaar,India,68606.15199
Waria,India,166959.261
Salepur,India,81440.56284
Kalaspur,India,87780.66584
Barjora,India,61635.96773
Jalpaiguri,India,591119.1719
Uttar Chandipur,India,259747.6648
Durgapur,India,223703.7314
Balachandrapur,India,77809.96568
Siuri,India,470065.2232
Jajpur,India,134866.0974
Dhulian,India,1566770.357
Pakaur,India,194966.9093
Baripada,India,154432.8162
Jagatsinghpur,India,119224.5793
Khagmarihatpara,India,177409.9786
Chamagram,India,154352.656
Kaliyaganj,India,81388.08312
Jhargram,India,91051.75878
Rajgan,India,65688.22332
Bhadrak,India,277331.8007
Malda,India,185761.5111
Buhalpur,India,56307.49612
Gazole,India,70610.78843
Maynaguri,India,63719.12992
Sujapur,India,61167.12523
Chari Anantapur,India,96825.11614
Sainthia,India,82692.07298
Bishnupur,India,77499.95501
Chauhaddi,India,73255.75581
Nalhati,India,62851.08286
Rampurhat,India,105862.0947
Haldibari,India,51886.37245
Paikar,India,59971.66259
Tirtol,India,54992.46996
Betnoti,India,52591.68134
Soro,India,60779.56881
Maharakul,India,76985.05262
Kendrapara,India,183177.2355
Dhupguri,India,222177.2956
Margram,India,56590.26028
Bulbulchandi,India,53829.48019
Bolpur,India,149470.279
Chandrakona Road,India,68795.03232
Pattamundai,India,54754.88541
Gangarampur,India,71273.20001
Balasore,India,203377.9761
Panchgram,India,62985.26505
Bhatapada,India,57159.8865
Kharagpur,India,760856.5568
Medinipur,India,168062.8726
Lalgola,India,200988.3253
Kandi,India,111650.9786
Chandrakona,India,50464.54964
Falakata,India,118726.8991
Paradip,India,167101.6526
Jaigaon,India,103975.456
Matabhanga,India,90934.95868
Berhampore,India,1072422.488
Jiaganj Azimganj,India,71974.69131
Bardhaman,India,216947.6144
Kalchini,India,60218.29756
Salar,India,72267.30966
Balurghat,India,305391.1542
Balichak,India,62501.23818
Beldanga,India,251511.3599
Arambagh,India,110542.6693
Ghatal,India,83315.1662
Saktipur,India,118197.9997
Tamluk,India,2451036.828
Katwa,India,181654.0123
Pundibari,India,95253.87942
Kanchra,India,56711.7142
Cooch Behar,India,427670.7924
Khanakul,India,137494.996
Panskura,India,71554.54014
Alipurduar,India,166107.4625
Trimohini,India,52985.38484
Amarshi,India,219371.115
Egra,India,54637.81912
Panchananpur,India,93509.77952
Parhati,India,151638.8234
Pagla Chandi,India,59765.6975
Digha,India,179209.5439
Tarkeshwar,India,139095.1056
Udaynarayanpur,India,179539.8678
Nawada,India,74319.09761
Nutanbilkumari,India,112795.9697
Dinhata,India,161712.9779
Domkal,India,71619.83952
Nadanghat,India,70854.38915
Debandi,India,374234.0385
Bethuadahari,India,103796.6887
Muragacha,India,53583.50468
Kolkata,India,23314585.33
Nabadwip,India,94246.4691
Tufanganj,India,111959.3649
Haripal,India,78339.70614
Chandipur,India,76526.66943
Kalna,India,191315.3469
Contai,India,218333.5155
Mahishadal,India,306590.6697
Karimpur,India,88655.03634
Bishnupur,India,74293.1829
Pandua,India,104041.8213
Krishnanagar,India,937585.9168
Kamarda,India,242214.8647
Shantipur,India,115524.3786
Chapra,India,50177.18149
Badkulla,India,125393.6295
Balagarh,India,63502.23759
Gossaigaon,India,61360.68424
Durgachak,India,168414.2376
Aranghata,India,89530.90947
Ranaghat,India,155879.1778
Chakdaha,India,99594.85757
Diamond Harbour,India,229927.515
Haringhata,India,96117.78967
Duttapulia,India,84619.69728
Dhubri,India,327344.0704
Kakdwip,India,88905.61688
Mallikpratap,India,75353.32736
Purba Rameshwarpur,India,91446.25752
Habra,India,263124.1904
Hatsinigmari,India,140595.5206
Bilasipara,India,219007.8314
Bazarati,India,478273.636
Mousani,India,85600.48141
Jaynagar Majilpur,India,417408.1747
Sondalia,India,67141.70605
Rajgara,India,64541.74282
Singrimari,India,71275.25634
Mankachar,India,102401.5524
Baduria,India,268846.8999
Chandpara,India,96456.2112
Dakshin Gopalnagar,India,154689.8297
Bangaon,India,210925.8299
Chibinang,India,59632.8445
Haroa,India,65909.04071
Minakhan,India,377100.3922
Canning,India,437213.8803
Swarupnagar,India,98535.44012
Basirhat,India,264207.3662
Bongaigaon,India,196133.1288
Buran Gabarda,India,63004.52958
Charanikhali,India,73121.16221
Taki,India,60937.27045
Tura,India,91137.242
Bijni,India,74673.36577
Sonagar,India,107160.5871
Abhayapuri,India,101222.5282
Goalpara,India,165813.2574
Parghumti,India,88171.85385
Kalgachia,India,174762.222
Krishnai,India,76706.11499
Barpeta Road,India,87928.6969
Baniarapara,India,59060.19897
Barpeta,India,154040.4918
Nagarbera,India,71059.63337
Bohori,India,184172.8518
Kharua,India,66611.97175
Goroimari,India,161940.8936
Nalbari,India,152240.6011
Kamarkuchi,India,189769.7423
Rangia,India,78615.76388
Azara,India,96626.99005
Baihata,India,66487.46971
Tangla,India,90701.20671
Guwahati,India,1375936.954
Udalguri,India,80658.27709
Mangaldoi,India,128695.1741
Kharupetia,India,181463.874
Shillong,India,552377.9929
Nakhola,India,79999.81083
Dhekiajuli,India,133099.0624
Moirabari,India,497226.8028
Marigaon,India,112670.9817
Agartala,India,721130.3222
Tezpur,India,323643.3589
Jowai,India,77204.14995
Nagaon,India,320704.0401
Samaguri,India,145397.8816
Puranigudam,India,92191.98894
Udaipur,India,161945.1788
Kaliabor,India,56300.6312
Bishwanath Charaili,India,115308.9044
Kailashahar,India,119830.5237
Hojai,India,209741.2384
Zakiganj,India,275232.7004
Kumarghat,India,51049.37559
Dharmanagar,India,93462.40478
Lanka,India,92491.87428
Itanagar,India,53883.38489
Badarpur,India,154926.0838
Hailakandi,India,130716.8824
Bokakhat,India,58988.10252
Silchar,India,528261.4157
Lumding,India,144185.0354
Lala,India,57135.50927
Haflong,India,55536.39468
Udharbond,India,59796.00444
North Lakhimpur,India,147556.9753
Pailapool,India,85010.39913
Diphu,India,66479.63697
Kolasib,India,50743.43083
Lakhipur,India,71687.73813
Golaghat,India,151132.4581
Dimapur,India,461213.3796
Aizawl,India,365805.9844
Jorhat,India,227895.149
Dhemaji,India,62172.1523
Titabor,India,74057.92273
Silapathar,India,79597.50547
Sivasagar,India,104170.3976
Dibrugarh,India,245388.8004
Lunglei,India,58521.21661
Wokha,India,57138.5564
Nazira,India,67879.15245
Moranhat,India,66236.73605
Mokokchung,India,55839.24485
Senapati,India,99582.65617
Imphal,India,829903.9651
Churachandpur,India,170099.2968
Tinsukia,India,187518.7712
Thoubal,India,117402.4128
Duliajan,India,111654.3747
Wangjing,India,54188.09126
Kakching,India,52174.13196
Ukhrul,India,85049.22731
Digboi,India,92479.87367
Margherita,India,57101.07825
Port Blair,India,193287.0303
Mandurah,Australia,85037.86382
Dunedin,New Zealand,84080.12969
Rockingham,Australia,89000.57491
Christchurch,New Zealand,278356.3117
Perth,Australia,1357381.728
Wellington,New Zealand,154120.3008
Butler,Australia,106620.6769
Lower Hutt,New Zealand,70637.03516
Hobart,Australia,69906.07557
Palmerston North,New Zealand,75159.12366
Huntfield Heights,Australia,103947.9228
Napier,New Zealand,54957.13922
Adelaide,Australia,938328.4515
Hamilton,New Zealand,176223.1159
Elizabeth North,Australia,59117.73802
Auckland,New Zealand,1623897.767
Geelong,Australia,165824.5736
Tauranga,New Zealand,122546.4076
Ballarat,Australia,67879.96728
Point Cook,Australia,501407.641
Langwarrin,Australia,122179.4094
Melton,Australia,88673.35304
Melbourne,Australia,4010658.252
Pakenham,Australia,67998.43518
North Canberra [Canberra],Australia,55457.69694
Wollongong,Australia,149057.1476
Mount Annan,Australia,57356.26283
Campbelltown,Australia,104043.8411
Penrith,Australia,93483.56208
Sydney,Australia,4375394.497
Newcastle,Australia,205366.156
Toowoomba,Australia,92940.7309
Thuringowa Central,Australia,107618.9172
Ipswich,Australia,55989.72469
Cairns,Australia,57591.28545
Brisbane,Australia,1359104.504
Gold Coast,Australia,279191.0015
Helensvale,Australia,65844.92827
Upper Coomera,Australia,67293.17263
North Lakes,Australia,179797.4181
Cleveland,Australia,70540.89069
Redcliffe,Australia,53687.04747
Caloundra,Australia,60065.42507
Sunshine Coast,Australia,96778.28991