Name,Native,Status,12/01/1989,09/10/2002,14/10/2010,01/10/2021,Oblast
Abadzechskaja [Abadzekhskaya],Абадзехская,Stanitsa,Majkopskij Rajon,"4,008","3,623","3,521",adygeja
Adygejsk [Adygeysk],Адыгейск,City,Adygejsk,"12,209","12,237","13,175",adygeja
Blečepsin [Blechepsin],Блечепсин,Aul,Košechabl'skij Rajon,"3,029","3,148","3,165",adygeja
Chakurinochabl' [Khakurinokhabl],Хакуринохабль,Aul,Šovgenovskij Rajon,"3,828","4,038","3,865",adygeja
Chanskaja [Khanskaya],Ханская,Stanitsa,Majkop,"11,290","11,245","11,319",adygeja
Chatukaj [Khatukay],Хатукай,Aul,Krasnogvardejskij Rajon,"4,535","4,911","5,144",adygeja
Dondukovskaja [Dondukovskaya],Дондуковская,Stanitsa,Giaginskij Rajon,"6,605","6,603","6,463",adygeja
Ènem [Enem],Энем,Urban Settlement,Tachtamukajskij Rajon,"17,654","17,890","27,717",adygeja
Gaverdovskij [Gaverdovsky],Гавердовский,Khutor,Majkop,"2,905","3,625","4,732",adygeja
Giaginskaja [Giaginskaya],Гиагинская,Stanitsa,Giaginskij Rajon,"15,160","14,121","14,445",adygeja
Jablonovskij [Yablonovsky],Яблоновский,Urban Settlement,Tachtamukajskij Rajon,"25,063","26,171","54,291",adygeja
Kamennomostskij [Kamennomostsky],Каменномостский,Rural Settlement,Majkopskij Rajon,"7,580","7,213","7,057",adygeja
Kelermesskaja [Kelermesskaya],Келермесская,Stanitsa,Giaginskij Rajon,"2,726","2,749","3,121",adygeja
Košechabl' [Koshekhabl],Кошехабль,Aul,Košechabl'skij Rajon,"7,309","7,239","7,308",adygeja
Krasnogvardejskoje [Krasnogvardeyskoye],Красногвардейское,Village,Krasnogvardejskij Rajon,"9,065","9,459","9,516",adygeja
Krasnooktjabr'skij [Krasnooktyabrsky],Краснооктябрьский,Rural Settlement,Majkopskij Rajon,"5,488","5,875","6,000",adygeja
Kužorskaja [Kuzhorskaya],Кужорская,Stanitsa,Majkopskij Rajon,"3,554","3,531","3,525",adygeja
Majkop [Maykop],Майкоп,City,Majkop,"156,931","144,249","143,385",adygeja
Natyrbovo,Натырбово,Village,Košechabl'skij Rajon,"3,375","3,027","3,203",adygeja
Novaja Adygeja [Novaya Adygeya],Новая Адыгея,Rural Settlement,Tachtamukajskij Rajon,764,"2,051","13,058",adygeja
Ponežukaj [Ponezhukay],Понежукай,Aul,Teučežskij Rajon,"3,388","3,456","3,372",adygeja
Severo-Vostočnyje Sady [Severo-Vostochnye Sady],Северо-Восточные Сады,Khutor,Majkopskij Rajon,"3,325","3,393","3,404",adygeja
Tachtamukaj [Takhtamukay],Тахтамукай,Aul,Tachtamukajskij Rajon,"5,117","5,214","6,075",adygeja
Tljustenchabl' [Tlyustenkhabl],Тлюстенхабль,Urban Settlement,Teučežskij Rajon,"4,961","5,403","7,130",adygeja
Tul'skij [Tulsky],Тульский,Rural Settlement,Majkopskij Rajon,"10,502","10,732","11,114",adygeja
Vol'noje [Volnoye],Вольное,Village,Košechabl'skij Rajon,"3,668","3,679","3,689",adygeja
Zapadnyj [Zapadny],Западный,Rural Settlement,Majkop,450,"3,163","3,916",adygeja
Čemal [Chemal],Чемал,Village,Čemal'skij Rajon,"3,266","3,602","4,260",altaj
Gorno-Altajsk [Gorno-Altaysk],Горно-Алтайск,City,Gorno-Altajsk,"53,538","56,933","65,342",altaj
Koš-Agač [Kosh-Agach],Кош-Агач,Village,Koš-Agačskij Rajon,"5,701","7,900","8,334",altaj
Kyzyl-Ozëk [Kyzyl-Ozyok],Кызыл-Озёк,Village,Majminskij Rajon,"3,199","4,052","4,513",altaj
Majma [Mayma],Майма,Village,Majminskij Rajon,"15,344","16,174","16,890",altaj
Ongudaj [Onguday],Онгудай,Village,Ongudajskij Rajon,"5,376","5,655","5,786",altaj
Šebalino [Shebalino],Шебалино,Village,Šebalinskij Rajon,"4,912","4,924","4,685",altaj
Turočak [Turochak],Турочак,Village,Turočakskij Rajon,"5,484","5,582","5,250",altaj
Ulagan,Улаган,Village,Ulaganskij Rajon,"2,609","3,222","4,203",altaj
Ust'-Kan [Ust-Kan],Усть-Кан,Village,Ust'-Kanskij Rajon,"3,528","4,123","4,892",altaj
Ust'-Koksa [Ust-Koksa],Усть-Кокса,Village,Ust'-Koksinskij Rajon,"3,986","4,373","4,810",altaj
Alejsk [Aleysk],Алейск,City,Alejsk,"28,551","29,510","25,380",altajkrai
Altajskoje [Altayskoye],Алтайское,Village,Altajskij Rajon,"13,962","13,713","14,068",altajkrai
Bajevo [Bayevo],Баево,Village,Bajevskij Rajon,"5,175","4,707","3,957",altajkrai
Barnaul,Барнаул,City,Barnaul,"600,749","612,401","630,877",altajkrai
Bel'mesëvo [Belmesyovo],Бельмесёво,Rural Settlement,Barnaul,843,"1,459","4,341",altajkrai
Belokuricha [Belokurikha],Белокуриха,City,Belokuricha,"14,533","14,661","14,735",altajkrai
Berëzovka [Beryozovka],Берёзовка,Village,Pervomajskij Rajon,"3,916","4,588","4,973",altajkrai
Bijsk [Biysk],Бийск,City,Bijsk,"232,932","210,115","183,852",altajkrai
Blagoveščenka [Blagoveshchenka],Благовещенка,Urban Settlement,Blagoveščenskij Rajon,"12,416","11,626","10,558",altajkrai
Bobrovka,Бобровка,Village,Pervomajskij Rajon,"2,851","3,079","3,587",altajkrai
Borovicha [Borovikha],Боровиха,Village,Pervomajskij Rajon,"6,765","7,037","6,357",altajkrai
Burla,Бурла,Village,Burlinskij Rajon,"4,719","4,304","3,275",altajkrai
Celinnoje [Tselinnoye],Целинное,Village,Celinnyj Rajon,"5,882","5,276","4,728",altajkrai
Central'nyj [Tsentralny],Центральный,Rural Settlement,Barnaul,"1,823","1,955","4,478",altajkrai
Čerëmnoje [Cheryomnoye],Черёмное,Village,Pavlovskij Rajon,"4,493","4,454","4,085",altajkrai
Chabary [Khabary],Хабары,Village,Chabarskij Rajon,"5,942","5,552","4,963",altajkrai
Gornjak [Gornyak],Горняк,City,Loktevskij Rajon,"15,779","13,918","10,112",altajkrai
Jarovoje [Yarovoye],Яровое,City,Jarovoje,"21,363","18,604","16,424",altajkrai
Južnyj [Yuzhny],Южный,Urban Settlement,Barnaul,"19,669","19,233","18,098",altajkrai
Kamen'-na-Obi [Kamen-na-Obi],Камень-на-Оби,City,Kamenskij Rajon,"44,375","43,888","32,385",altajkrai
Kazënnaja Zaimka [Kazyonnaya Zaimka],Казённая Заимка,Rural Settlement,Barnaul,"1,050","2,332","3,100",altajkrai
Ključi [Klyuchi],Ключи,Village,Ključevskij Rajon,"9,278","8,892","7,107",altajkrai
Kosicha [Kosikha],Косиха,Village,Kosichinskij Rajon,"5,656","5,229","4,673",altajkrai
Krasnogorskoje [Krasnogorskoye],Красногорское,Village,Krasnogorskij Rajon,"6,756","5,993","5,275",altajkrai
Krasnoščëkovo [Krasnoshchyokovo],Краснощёково,Village,Krasnoščëkovskij Rajon,"5,506","5,078","4,492",altajkrai
Kruticha [Krutikha],Крутиха,Village,Krutichinskij Rajon,"4,328","3,804","3,010",altajkrai
Kulunda,Кулунда,Village,Kulundinskij Rajon,"15,466","14,527","14,708",altajkrai
Kur'ja [Kurya],Курья,Village,Kur'inskij Rajon,"4,292","3,835","3,426",altajkrai
Kytmanovo,Кытманово,Village,Kytmanovskij Rajon,"4,216","3,873","3,298",altajkrai
Lebjažje [Lebyazhye],Лебяжье,Village,Barnaul,"4,595","5,199","4,568",altajkrai
Lesnoj [Lesnoy],Лесной,Rural Settlement,Barnaul,"1,093","1,514","3,278",altajkrai
Malinovoje Ozero [Malinovoye Ozero],Малиновое Озеро,Urban Settlement,Michajlovskij Rajon,"4,133","3,586","2,680",altajkrai
Mamontovo,Мамонтово,Village,Mamontovskij Rajon,"9,348","8,784","8,251",altajkrai
Michajlovskoje [Mikhaylovskoye],Михайловское,Village,Michajlovskij Rajon,"11,558","11,020","8,907",altajkrai
Nagornyj [Nagorny],Нагорный,Rural Settlement,Bijsk,"6,358","7,542","6,337",altajkrai
Nalobicha [Nalobikha],Налобиха,Village,Kosichinskij Rajon,"4,486","4,273","3,266",altajkrai
Novičicha [Novichikha],Новичиха,Village,Novičichinskij Rajon,"4,495","4,284","3,711",altajkrai
Novoaltajsk [Novoaltaysk],Новоалтайск,City,Novoaltajsk,"73,544","70,437","73,049",altajkrai
Novojegorjevskoje [Novoyegoryevskoye],Новоегорьевское,Village,Jegorjevskij Rajon,"6,217","5,794","5,020",altajkrai
Novyje Zori [Novye Zori],Новые Зори,Rural Settlement,Pavlovskij Rajon,"3,354","3,269","3,172",altajkrai
Ozërki [Ozyorki],Озёрки,Village,Tal'menskij Rajon,"4,361","5,082","4,527",altajkrai
Pankrušicha [Pankrushikha],Панкрушиха,Village,Pankrušichinskij Rajon,"5,201","4,916","4,108",altajkrai
Pavlovsk,Павловск,Village,Pavlovskij Rajon,"14,944","14,533","13,850",altajkrai
Pervomajskoje [Pervomayskoye],Первомайское,Village,Bijskij Rajon,"5,279","5,303","5,275",altajkrai
Pervomajskoje [Pervomayskoye],Первомайское,Village,Pervomajskij Rajon,"5,143","4,796","4,070",altajkrai
Pospelicha [Pospelikha],Поспелиха,Village,Pospelichinskij Rajon,"13,693","12,496","10,423",altajkrai
Rebricha [Rebrikha],Ребриха,Village,Rebrichinskij Rajon,"8,928","8,468","7,544",altajkrai
Rodino,Родино,Village,Rodinskij Rajon,"9,612","8,597","7,435",altajkrai
Romanovo,Романово,Village,Romanovskij Rajon,"6,104","5,624","5,109",altajkrai
Rubcovsk [Rubtsovsk],Рубцовск,City,Rubcovsk,"163,063","147,002","126,834",altajkrai
Sannikovo,Санниково,Village,Pervomajskij Rajon,"2,359","2,609","3,832",altajkrai
Šelabolicha [Shelabolikha],Шелаболиха,Village,Šelabolichinskij Rajon,"4,332","4,006","3,398",altajkrai
Sibirskij [Sibirsky],Сибирский,Urban Settlement,Sibirskij,"12,046","11,306","10,520",altajkrai
Šipunovo [Shipunovo],Шипуново,Village,Šipunovskij Rajon,"11,521","12,127","9,810",altajkrai
Slavgorod,Славгород,City,Slavgorod,"34,335","32,389","27,900",altajkrai
Slavgorodskoje [Slavgorodskoye],Славгородское,Village,Slavgorod,"3,712","3,524","3,633",altajkrai
Smolenskoje [Smolenskoye],Смоленское,Village,Smolenskij Rajon,"9,506","8,985","7,992",altajkrai
Solonešnoje [Soloneshnoye],Солонешное,Village,Solonešenskij Rajon,"4,753","4,441","3,626",altajkrai
Sovetskoje [Sovetskoye],Советское,Village,Sovetskij Rajon,"5,484","5,233","4,634",altajkrai
Staroalejskoje [Staroaleyskoye],Староалейское,Village,Tret'jakovskij Rajon,"5,077","4,769","4,195",altajkrai
Stepnoje Ozero [Stepnoye Ozero],Степное Озеро,Urban Settlement,Blagoveščenskij Rajon,"7,184","6,672","5,639",altajkrai
Tabuny,Табуны,Village,Tabunskij Rajon,"3,981","3,876","3,238",altajkrai
Tal'menka [Talmenka],Тальменка,Urban Settlement,Tal'menskij Rajon,"20,061","18,814","18,070",altajkrai
Tjumencevo [Tyumentsevo],Тюменцево,Village,Tjumencevskij Rajon,"5,805","5,576","4,446",altajkrai
Togul,Тогул,Village,Togul'skij Rajon,"4,976","4,349","3,494",altajkrai
Topčicha [Topchikha],Топчиха,Village,Topčichinskij Rajon,"9,375","8,815","7,812",altajkrai
Troickoje [Troitskoye],Троицкое,Village,Troickij Rajon,"10,973","10,033","9,006",altajkrai
Uglovskoje [Uglovskoye],Угловское,Village,Uglovskij Rajon,"4,781","4,368","3,878",altajkrai
Ust'-Čaryšskaja Pristan' [Ust-Charyshskaya Pristan],Усть-Чарышская Пристань,Village,Ust'-Pristanskij Rajon,"5,692","5,023","3,887",altajkrai
Ust'-Kalmanka [Ust-Kalmanka],Усть-Калманка,Village,Ust'-Kalmanskij Rajon,"6,712","6,371","5,223",altajkrai
Vesëlojarsk [Vesyoloyarsk],Весёлоярск,Village,Rubcovskij Rajon,"5,271","4,799","4,198",altajkrai
Vlasicha [Vlasikha],Власиха,Village,Barnaul,"4,724","9,160","12,973",altajkrai
Volčicha [Volchikha],Волчиха,Village,Volčichinskij Rajon,"11,301","10,396","8,470",altajkrai
Zalesovo,Залесово,Village,Zalesovskij Rajon,"7,999","7,290","6,538",altajkrai
Zarinsk,Заринск,City,Zarinsk,"50,368","48,461","41,272",altajkrai
Zav'jalovo [Zavyalovo],Завьялово,Village,Zav'jalovskij Rajon,"7,451","6,928","6,258",altajkrai
Zmeinogorsk,Змеиногорск,City,Zmeinogorskij Rajon,"11,625","10,955","9,410",altajkrai
Zonal'noje [Zonalnoye],Зональное,Village,Zonal'nyj Rajon,"3,528","3,402","3,013",altajkrai
Zudilovo,Зудилово,Village,Pervomajskij Rajon,"3,169","4,025","5,155",altajkrai
Archara [Arkhara],Архара,Urban Settlement,Archarinskij Rajon,"10,847","9,585","7,813",amur
Belogorje [Belogorye],Белогорье,Village,Blagoveščensk,"2,887","2,893","3,136",amur
Belogorsk,Белогорск,City,Belogorsk,"67,422","68,249","61,440",amur
Blagoveščensk [Blagoveshchensk],Благовещенск,City,Blagoveščensk,"219,221","214,390","241,437",amur
Bureja [Bureya],Бурея,Urban Settlement,Burejskij Rajon,"5,598","4,833","3,482",amur
Čigiri [Chigiri],Чигири,Village,Blagoveščenskij Rajon,"2,570","4,299","18,538",amur
"Ciolkovskij [Tsiolkovsky, Uglegorsk]",Циолковский,City,Ciolkovskij,"5,050","5,892","7,194",amur
Èkimčan [Ekimchan],Экимчан,Urban Settlement,Selemdžinskij Rajon,"1,224","1,212",779,amur
Fevral'sk [Fevralsk],Февральск,Urban Settlement,Selemdžinskij Rajon,"4,690","5,128","3,678",amur
Ivanovka,Ивановка,Village,Ivanovskij Rajon,"6,765","6,617","6,516",amur
Jekaterinoslavka [Yekaterinoslavka],Екатеринославка,Village,Oktjabr'skij Rajon,"10,584","9,723","9,291",amur
Jerofej Pavlovič [Yerofey Pavlovich],Ерофей Павлович,Urban Settlement,Skovorodinskij Rajon,"5,625","5,164","4,364",amur
Konstantinovka,Константиновка,Village,Konstantinovskij Rajon,"5,930","5,329","4,743",amur
Magdagači [Magdagachi],Магдагачи,Urban Settlement,Magdagačinskij Rajon,"12,208","10,897","9,295",amur
Novoburejskij [Novobureysky],Новобурейский,Urban Settlement,Burejskij Rajon,"8,892","8,344","6,827",amur
Novokijevskij Uval [Novokiyevsky Uval],Новокиевский Увал,Village,Mazanovskij Rajon,"4,730","4,315","3,476",amur
Novorajčichinsk [Novoraychikhinsk],Новорайчихинск,Urban Settlement,Progress,"2,948","2,143","1,214",amur
Pojarkovo [Poyarkovo],Поярково,Village,Michajlovskij Rajon,"7,283","6,952","6,726",amur
Progress,Прогресс,Urban Settlement,Progress,"13,080","11,156","9,918",amur
Rajčichinsk [Raychikhinsk],Райчихинск,City,Rajčichinsk,"24,498","20,534","15,797",amur
Seryševo [Seryshevo],Серышево,Urban Settlement,Seryševskij Rajon,"12,186","10,816","9,345",amur
Šimanovsk [Shimanovsk],Шимановск,City,Šimanovsk,"22,267","19,815","16,488",amur
Sivaki,Сиваки,Urban Settlement,Magdagačinskij Rajon,"2,578","2,056","1,322",amur
Skovorodino,Сковородино,City,Skovorodinskij Rajon,"10,566","9,564","7,057",amur
Srednebelaja [Srednebelaya],Среднебелая,Village,Ivanovskij Rajon,"6,394","4,027","3,221",amur
Svobodnyj [Svobodny],Свободный,City,Svobodnyj,"63,889","58,778","48,517",amur
Talakan,Талакан,Urban Settlement,Burejskij Rajon,"6,545","5,176","3,311",amur
Tambovka,Тамбовка,Village,Tambovskij Rajon,"8,147","7,613","7,394",amur
Tokur,Токур,Urban Settlement,Selemdžinskij Rajon,"1,171","1,091",595,amur
Tynda,Тында,City,Tynda,"40,094","36,275","28,625",amur
Uruša [Urusha],Уруша,Urban Settlement,Skovorodinskij Rajon,"4,422","3,777","2,959",amur
Ušumun [Ushumun],Ушумун,Urban Settlement,Magdagačinskij Rajon,"2,920","2,390","1,750",amur
Vozžajevka [Vozzhayevka],Возжаевка,Village,Belogorskij Rajon,"7,280","6,027","5,551",amur
Zavitinsk,Завитинск,City,Zavitinskij Rajon,"14,248","11,481","9,615",amur
Zeja [Zeya],Зея,City,Zeja,"27,795","24,986","19,414",amur
Amderma,Амдерма,Rural Settlement,Zapoljarnyj Rajon,650,541,451,archangelsk
Archangel'sk [Arkhangelsk],Архангельск,City,Archangel'sk,"356,051","348,783","301,199",archangelsk
Beluš'ja Guba [Belushya Guba],Белушья Губа,Urban Settlement,Novaja Zemlja,"2,622","1,972","1,972",archangelsk
Bereznik,Березник,Rural Settlement,Vinogradovskij Rajon,"6,464","6,018","5,624",archangelsk
Cholmogory [Kholmogory],Холмогоры,Village,Cholmogorskij Rajon,"4,592","4,150","3,394",archangelsk
Iskatelej [Iskateley],Искателей,Urban Settlement,Zapoljarnyj Rajon,"6,981","6,881","7,266",archangelsk
Jarensk [Yarensk],Яренск,Village,Lenskij Rajon,"4,085","3,660","3,126",archangelsk
Kargopol',Каргополь,City,Kargopol'skij Rajon,"11,192","10,214","8,849",archangelsk
Karpogory,Карпогоры,Village,Pinežskij Rajon,"4,617","4,443","3,404",archangelsk
Katunino,Катунино,Rural Settlement,Primorskij Rajon,"3,384","3,443","3,562",archangelsk
Konoša [Konosha],Коноша,Urban Settlement,Konošskij Rajon,"12,873","12,432","10,470",archangelsk
Korjažma [Koryazhma],Коряжма,City,Korjažma,"42,811","39,641","34,523",archangelsk
Kotlas,Котлас,City,Kotlas,"60,647","60,562","56,093",archangelsk
Krasnoborsk,Красноборск,Village,Krasnoborskij Rajon,"5,030","4,771","4,015",archangelsk
Kuloj [Kuloy],Кулой,Urban Settlement,Vel'skij Rajon,"6,817","5,946","4,806",archangelsk
Lešukonskoje [Leshukonskoye],Лешуконское,Village,Lešukonskij Rajon,"5,003","4,406","3,550",archangelsk
Malošujka [Maloshuyka],Малошуйка,Urban Settlement,Onežskij Rajon,"3,164","2,886","1,999",archangelsk
Mezen',Мезень,City,Mezenskij Rajon,"3,863","3,575","2,874",archangelsk
Mirnyj [Mirny],Мирный,City,Mirnyj,"30,502","30,280","27,262",archangelsk
Nar'jan-Mar [Naryan-Mar],Нарьян-Мар,City,Nar'jan-Mar,"18,611","21,658","23,399",archangelsk
Njandoma [Nyandoma],Няндома,City,Njandomskij Rajon,"22,619","22,356","18,473",archangelsk
Novodvinsk,Новодвинск,City,Novodvinsk,"43,383","40,615","33,294",archangelsk
Obozerskij [Obozersky],Обозерский,Urban Settlement,Pleseckij Rajon,"3,725","3,620","3,438",archangelsk
Oktjabr'skij [Oktyabrsky],Октябрьский,Urban Settlement,Ust'janskij Rajon,"10,081","9,307","9,137",archangelsk
Onega,Онега,City,Onežskij Rajon,"23,430","21,359","16,947",archangelsk
Pleseck [Plesetsk],Плесецк,Urban Settlement,Pleseckij Rajon,"11,300","11,037","9,097",archangelsk
Privodino,Приводино,Urban Settlement,Kotlasskij Rajon,"3,264","3,161","3,161",archangelsk
Savinskij [Savinsky],Савинский,Urban Settlement,Pleseckij Rajon,"7,887","7,661","5,843",archangelsk
Šenkursk [Shenkursk],Шенкурск,City,Šenkurskij Rajon,"6,151","5,702","4,600",archangelsk
Severodvinsk,Северодвинск,City,Severodvinsk,"201,551","192,353","157,213",archangelsk
Severoonežsk [Severoonezhsk],Североонежск,Urban Settlement,Pleseckij Rajon,"5,624","5,289","4,824",archangelsk
Šipicyno [Shipitsyno],Шипицыно,Urban Settlement,Kotlasskij Rajon,"3,930","3,452","3,380",archangelsk
Sol'vyčegodsk [Solvychegodsk],Сольвычегодск,City,Kotlasskij Rajon,"2,843","2,460","1,952",archangelsk
Ujemskij [Uyemsky],Уемский,Rural Settlement,Primorskij Rajon,"3,735","3,742","4,232",archangelsk
Urdoma,Урдома,Urban Settlement,Lenskij Rajon,"4,637","4,577","4,042",archangelsk
Vel'sk [Velsk],Вельск,City,Vel'skij Rajon,"26,241","23,885","21,613",archangelsk
Vyčegodskij [Vychegodsky],Вычегодский,Urban Settlement,Kotlas,"13,435","12,861","10,839",archangelsk
Achtubinsk [Akhtubinsk],Ахтубинск,City,Achtubinskij Rajon,"45,542","41,853","35,635",astrakhan
Astrachan' [Astrakhan],Астрахань,City,Astrachan',"504,501","520,339","475,629",astrakhan
Čërnyj Jar [Chyorny Yar],Чёрный Яр,Village,Černojarskij Rajon,"8,043","7,779","6,775",astrakhan
Charabali [Kharabali],Харабали,City,Charabalinskij Rajon,"18,296","18,117","18,514",astrakhan
Ikrjanoje [Ikryanoye],Икряное,Village,Ikrjaninskij Rajon,"9,925","10,036","10,452",astrakhan
Il'inka [Ilyinka],Ильинка,Urban Settlement,Ikrjaninskij Rajon,"4,633","4,650","6,411",astrakhan
Jaksatovo [Yaksatovo],Яксатово,Village,Privolžskij Rajon,"3,391","3,576","3,749",astrakhan
Jandyki [Yandyki],Яндыки,Village,Limanskij Rajon,"3,427","3,135","3,111",astrakhan
Jenotajevka [Yenotayevka],Енотаевка,Village,Jenotajevskij Rajon,"8,022","7,616","8,140",astrakhan
Kamyzjak [Kamyzyak],Камызяк,City,Kamyzjakskij Rajon,"16,052","16,314","16,154",astrakhan
Kapustin Jar [Kapustin Yar],Капустин Яр,Village,Achtubinskij Rajon,"6,506","5,724","4,098",astrakhan
Karagali,Карагали,Village,Privolžskij Rajon,"2,244","2,410","3,064",astrakhan
Kilinči [Kilinchi],Килинчи,Village,Privolžskij Rajon,"2,751","3,137","3,679",astrakhan
Kirovskij [Kirovsky],Кировский,Urban Settlement,Kamyzjakskij Rajon,"2,259","2,249","2,035",astrakhan
Kirpičnogo Zavoda № 1 [Kirpichnogo Zavoda № 1],Кирпичного завода № 1,Rural Settlement,Privolžskij Rajon,"2,526","3,041","4,437",astrakhan
Krasnyje Barrikady [Krasnye Barrikady],Красные Баррикады,Urban Settlement,Ikrjaninskij Rajon,"6,304","6,488","6,592",astrakhan
Krasnyj Jar [Krasny Yar],Красный Яр,Village,Krasnojarskij Rajon,"10,926","11,824","12,254",astrakhan
Liman,Лиман,Urban Settlement,Limanskij Rajon,"8,899","9,024","9,014",astrakhan
Načalovo [Nachalovo],Началово,Village,Privolžskij Rajon,"4,830","5,451","12,459",astrakhan
Narimanov,Нариманов,City,Narimanovskij Rajon,"11,202","11,521","11,104",astrakhan
Nikol'skoje [Nikolskoye],Никольское,Village,Jenotajevskij Rajon,"5,305","5,234","5,305",astrakhan
Nižnij Baskunčak [Nizhny Baskunchak],Нижний Баскунчак,Urban Settlement,Achtubinskij Rajon,"3,167","2,789","2,106",astrakhan
Obrazcovo-Travino [Obraztsovo-Travino],Образцово-Травино,Village,Kamyzjakskij Rajon,"2,951","2,730","3,012",astrakhan
Oranžerei [Oranzherei],Оранжереи,Village,Ikrjaninskij Rajon,"4,387","4,473","4,352",astrakhan
Osypnoj Bugor [Osypnoy Bugor],Осыпной Бугор,Village,Privolžskij Rajon,"2,889","3,381","4,462",astrakhan
Sasykoli,Сасыколи,Village,Charabalinskij Rajon,"4,988","5,224","4,933",astrakhan
Soljanka [Solyanka],Солянка,Village,Narimanovskij Rajon,"3,188","3,738","5,995",astrakhan
Starokučerganovka [Starokucherganovka],Старокучергановка,Village,Narimanovskij Rajon,"5,684","6,042","6,833",astrakhan
Tri Protoka,Три Протока,Village,Privolžskij Rajon,"1,998","2,569","4,418",astrakhan
Verchnij Baskunčak [Verkhny Baskunchak],Верхний Баскунчак,Urban Settlement,Achtubinskij Rajon,"8,785","8,411","7,295",astrakhan
Volgo-Kaspijskij [Volgo-Kaspysky],Волго-Каспийский,Urban Settlement,Kamyzjakskij Rajon,"2,674","2,581","2,757",astrakhan
Volodarskij [Volodarsky],Володарский,Rural Settlement,Volodarskij Rajon,"9,553","10,005","11,200",astrakhan
Volžskoje [Volzhskoye],Волжское,Village,Narimanovskij Rajon,"2,845","3,133","3,279",astrakhan
Znamensk,Знаменск,City,Znamensk,"32,068","29,401","24,628",astrakhan
Agidel',Агидель,City,Agidel',"18,721","16,370","14,219",bashkortostan
Akberdino,Акбердино,Village,Iglinskij Rajon,778,"1,009","5,239",bashkortostan
Ak''jar [Akayar],Акъяр,Village,Chajbullinskij Rajon,"5,549","6,941","8,760",bashkortostan
Aksakovo,Аксаково,Village,Belebejevskij Rajon,"3,173","3,131","3,040",bashkortostan
Aleksejevka [Alexeyevka],Алексеевка,Hamlet,Ufimskij Rajon,"3,958","4,611","5,469",bashkortostan
Alkino-2,Алкино-2,Village,Čišminskij Rajon,"5,020","4,996","3,648",bashkortostan
Amzja [Amzya],Амзя,Village,Neftekamsk,"4,834","4,993","4,214",bashkortostan
Archangel'skoje [Arkhangelskoye],Архангельское,Village,Archangel'skij Rajon,"5,641","5,819","5,763",bashkortostan
Askarovo,Аскарово,Village,Abzelilovskij Rajon,"7,067","7,634","9,208",bashkortostan
Askino,Аскино,Village,Askinskij Rajon,"6,853","6,918","7,704",bashkortostan
Avdon,Авдон,Village,Ufimskij Rajon,"4,970","5,201","5,672",bashkortostan
Bajmak [Baymak],Баймак,City,Bajmakskij Rajon,"17,223","17,710","17,833",bashkortostan
Bakaly,Бакалы,Village,Bakalinskij Rajon,"9,514","9,568","10,282",bashkortostan
Belebej [Belebey],Белебей,City,Belebejevskij Rajon,"60,928","60,188","59,195",bashkortostan
Beloreck [Beloretsk],Белорецк,City,Beloreckij Rajon,"71,093","68,806","64,525",bashkortostan
Birsk,Бирск,City,Birskij Rajon,"39,992","41,635","44,295",bashkortostan
Bižbuljak [Bizhbulyak],Бижбуляк,Village,Bižbuljakskij Rajon,"6,373","6,446","6,626",bashkortostan
Blagoveščensk [Blagoveshchensk],Благовещенск,City,Blagoveščenskij Rajon,"32,989","34,239","35,481",bashkortostan
Bol'šeust'ikinskoje [Bolsheustyikinskoye],Большеустьикинское,Village,Mečetlinskij Rajon,"7,557","7,839","8,591",bashkortostan
Bulgakovo,Булгаково,Village,Ufimskij Rajon,"2,801","3,591","6,717",bashkortostan
Burajevo [Burayevo],Бураево,Village,Burajevskij Rajon,"8,946","9,522","10,752",bashkortostan
Buribaj [Buribay],Бурибай,Village,Chajbullinskij Rajon,"4,452","4,553","4,342",bashkortostan
Buzdjak [Buzdyak],Буздяк,Village,Buzdjakskij Rajon,"9,733","10,323","9,915",bashkortostan
Čekmaguš [Chekmagush],Чекмагуш,Village,Čekmaguševskij Rajon,"11,204","11,382","13,024",bashkortostan
Česnokovka [Chesnokovka],Чесноковка,Village,Ufimskij Rajon,"2,196","3,333","7,815",bashkortostan
Čišmy [Chishmy],Чишмы,Urban Settlement,Čišminskij Rajon,"21,008","21,196","22,597",bashkortostan
Davlekanovo,Давлеканово,City,Davlekanovskij Rajon,"23,860","24,073","21,834",bashkortostan
Djurtjuli [Dyurtyuli],Дюртюли,City,Djurtjulinskij Rajon,"29,984","31,274","31,185",bashkortostan
Dmitrijevka [Dmitriyevka],Дмитриевка,Village,Ufimskij Rajon,"3,789","4,351","5,072",bashkortostan
Dorogino,Дорогино,Hamlet,Ufimskij Rajon,...,225,"3,113",bashkortostan
Duvan,Дуван,Village,Duvanskij Rajon,"3,703","3,669","3,397",bashkortostan
Ènergetik [Energetik],Энергетик,Village,Neftekamsk,...,"3,450","3,350",bashkortostan
Fëdorovka [Fyodorovka],Фёдоровка,Village,Fëdorovskij Rajon,"4,128","4,306","4,185",bashkortostan
Iglino,Иглино,Village,Iglinskij Rajon,"13,931","16,811","31,169",bashkortostan
Inzer,Инзер,Village,Beloreckij Rajon,"4,380","4,329","4,107",bashkortostan
Išimbaj [Ishimbay],Ишимбай,City,Išimbajskij Rajon,"70,195","66,259","64,041",bashkortostan
Isjangulovo [Isyangulovo],Исянгулово,Village,Ziančurinskij Rajon,"7,441","7,418","7,682",bashkortostan
Janaul [Yanaul],Янаул,City,Janaul'skij Rajon,"27,909","26,924","25,908",bashkortostan
Jazykovo [Yazykovo],Языково,Village,Blagovarskij Rajon,"5,918","6,368","7,004",bashkortostan
Jermekejevo [Yermekeyevo],Ермекеево,Village,Jermekejevskij Rajon,"4,206","3,937","4,107",bashkortostan
Jermolajevo [Yermolayevo],Ермолаево,Village,Kujurgazinskij Rajon,"6,342","6,397","5,974",bashkortostan
Jumaguzino [Yumaguzino],Юмагузино,Village,Kugarčinskij Rajon,"5,343","4,564","4,633",bashkortostan
Kabakovo,Кабаково,Hamlet,Karmaskalinskij Rajon,"3,072","3,141","4,049",bashkortostan
Kaltasy,Калтасы,Village,Kaltasinskij Rajon,"4,445","4,418","4,101",bashkortostan
Kandry,Кандры,Village,Tujmazinskij Rajon,"12,077","10,885","10,138",bashkortostan
Karaidel',Караидель,Village,Karaidel'skij Rajon,"5,174","5,980","6,170",bashkortostan
Karmaskaly,Кармаскалы,Village,Karmaskalinskij Rajon,"7,843","8,540","11,076",bashkortostan
Kirgiz-Mijaki [Kirgiz-Miyaki],Киргиз-Мияки,Village,Mijakinskij Rajon,"7,658","7,473","8,535",bashkortostan
Krasnaja Gorka [Krasnaya Gorka],Красная Горка,Village,Nurimanovskij Rajon,"4,071","4,280","4,776",bashkortostan
Krasnocholmskij [Krasnokholmsky],Краснохолмский,Village,Kaltasinskij Rajon,"8,101","8,021","7,767",bashkortostan
Krasnousol'skij [Krasnousolsky],Красноусольский,Village,Gafurijskij Rajon,"11,796","11,991","11,241",bashkortostan
Kudejevskij [Kudeyevsky],Кудеевский,Village,Iglinskij Rajon,"2,867","3,091","3,024",bashkortostan
Kujanovo [Kuyanovo],Куяново,Village,Krasnokamskij Rajon,"3,888","3,664","3,159",bashkortostan
Kumertau,Кумертау,City,Kumertau,"65,003","62,851","57,949",bashkortostan
Kušnarenkovo [Kushnarenkovo],Кушнаренково,Village,Kušnarenkovskij Rajon,"10,630","9,870","9,801",bashkortostan
Malojaz [Maloyaz],Малояз,Village,Salavatskij Rajon,"4,764","4,914","5,124",bashkortostan
Mariinskij [Mariinsky],Мариинский,Village,Sterlitamakskij Rajon,361,"1,896","8,356",bashkortostan
Meleuz,Мелеуз,City,Meleuzovskij Rajon,"62,949","61,390","56,505",bashkortostan
Mesjagutovo [Mesyagutovo],Месягутово,Village,Duvanskij Rajon,"9,761","10,883","12,019",bashkortostan
Mežgorje [Mezhgorye],Межгорье,City,Mežgorje,"19,082","17,352","15,697",bashkortostan
Michajlovka [Mikhaylovka],Михайловка,Village,Ufimskij Rajon,"4,336","5,384","11,389",bashkortostan
Milovka,Миловка,Village,Ufimskij Rajon,"2,496","2,767","6,017",bashkortostan
Miškino [Mishkino],Мишкино,Village,Miškinskij Rajon,"5,797","6,021","6,415",bashkortostan
Mrakovo,Мраково,Village,Kugarčinskij Rajon,"8,378","8,690","9,092",bashkortostan
Nagajevo [Nagayevo],Нагаево,Village,Ufa,766,"1,479","9,820",bashkortostan
Naumovka,Наумовка,Village,Sterlitamakskij Rajon,"2,867","2,935","3,048",bashkortostan
Neftekamsk,Нефтекамск,City,Neftekamsk,"122,290","121,733","131,942",bashkortostan
Nikolo-Berëzovka [Nikolo-Beryozovka],Николо-Берёзовка,Village,Krasnokamskij Rajon,"5,981","6,099","6,064",bashkortostan
Nižegorodka [Nizhegorodka],Нижегородка,Village,Ufimskij Rajon,"2,075","2,541","3,101",bashkortostan
Nižnetroickij [Nizhnetroitsky],Нижнетроицкий,Village,Tujmazinskij Rajon,"3,777","4,008","3,555",bashkortostan
Novobelokataj [Novobelokatay],Новобелокатай,Village,Belokatajskij Rajon,"5,912","5,961","5,830",bashkortostan
Oktjabr'skij [Oktyabrsky],Октябрьский,City,Oktjabr'skij,"108,647","109,474","115,557",bashkortostan
Pavlovka,Павловка,Village,Nurimanovskij Rajon,"4,269","4,143","3,924",bashkortostan
Pribel'skij [Pribelsky],Прибельский,Village,Karmaskalinskij Rajon,"4,959","4,859","4,241",bashkortostan
Prijutovo [Priyutovo],Приютово,Urban Settlement,Belebejevskij Rajon,"20,807","20,891","19,595",bashkortostan
Rajevskij [Rayevsky],Раевский,Village,Al'šejevskij Rajon,"20,022","19,557","18,698",bashkortostan
Salavat,Салават,City,Salavat,"158,600","156,095","148,575",bashkortostan
Šamonino [Shamonino],Шамонино,Hamlet,Ufimskij Rajon,25,258,"3,652",bashkortostan
Šaran [Sharan],Шаран,Village,Šaranskij Rajon,"5,544","5,929","6,022",bashkortostan
Semiletka,Семилетка,Village,Djurtjulinskij Rajon,"4,155","3,977","3,485",bashkortostan
Serafimovskij [Serafimovsky],Серафимовский,Village,Tujmazinskij Rajon,"10,340","9,813","8,954",bashkortostan
Sibaj [Sibay],Сибай,City,Sibaj,"59,082","62,763","56,514",bashkortostan
Šingak-Kul' [Shingak-Kul],Шингак-Куль,Village,Čišminskij Rajon,"2,553","2,975","3,010",bashkortostan
Starobaltačevo [Starobaltachevo],Старобалтачево,Village,Baltačevskij Rajon,"5,601","5,598","7,022",bashkortostan
Starosubchangulovo [Starosubkhangulovo],Старосубхангулово,Village,Burzjanskij Rajon,"4,343","4,609","5,245",bashkortostan
Staryj Sibaj [Stary Sibay],Старый Сибай,Village,Bajmakskij Rajon,"2,209","2,746","3,477",bashkortostan
Sterlibaševo [Sterlibashevo],Стерлибашево,Village,Sterlibaševskij Rajon,"5,775","5,930","6,159",bashkortostan
Sterlitamak,Стерлитамак,City,Sterlitamak,"264,362","273,486","277,410",bashkortostan
Subchankulovo [Subkhankulovo],Субханкулово,Village,Tujmazinskij Rajon,"5,663","5,598","5,595",bashkortostan
Temjasovo [Temyasovo],Темясово,Village,Bajmakskij Rajon,"3,517","3,529","3,465",bashkortostan
Tirljanskij [Tirlyansky],Тирлянский,Village,Beloreckij Rajon,"5,747","4,427","4,094",bashkortostan
Tolbazy,Толбазы,Village,Aurgazinskij Rajon,"10,164","10,114","9,946",bashkortostan
Tujmazy [Tuymazy],Туймазы,City,Tujmazinskij Rajon,"66,687","66,836","68,349",bashkortostan
Učaly [Uchaly],Учалы,City,Učalinskij Rajon,"37,196","37,788","36,175",bashkortostan
Učaly [Uchaly],Учалы,Village,Učalinskij Rajon,"6,102","6,049","6,834",bashkortostan
Ufa,Уфа,City,Ufa,"1,042,437","1,062,319","1,144,809",bashkortostan
Ulukulevo,Улукулево,Hamlet,Karmaskalinskij Rajon,"4,537","4,546","4,133",bashkortostan
Ulu-Teljak [Ulu-Telyak],Улу-Теляк,Village,Iglinskij Rajon,"3,281","3,408","3,172",bashkortostan
Verchnejarkejevo [Verkhneyarkeyevo],Верхнеяркеево,Village,Iliševskij Rajon,"9,339","9,710","9,317",bashkortostan
Verchnije Kigi [Verkhniye Kigi],Верхние Киги,Village,Kiginskij Rajon,"6,872","6,637","7,190",bashkortostan
Verchnije Tatyšly [Verkhniye Tatyshly],Верхние Татышлы,Village,Tatyšlinskij Rajon,"6,329","6,645","7,291",bashkortostan
Zilair,Зилаир,Village,Zilairskij Rajon,"5,861","5,585","5,761",bashkortostan
Zirgan,Зирган,Village,Meleuzovskij Rajon,"4,075","4,125","4,115",bashkortostan
Zubovo,Зубово,Village,Ufimskij Rajon,"1,375","2,042","8,691",bashkortostan
Žukovo [Zhukovo],Жуково,Village,Ufimskij Rajon,"1,374","1,685","4,270",bashkortostan
Aleksejevka [Alexeyevka],Алексеевка,City,Aleksejevka,"39,312","39,026","36,578",belgorod
Bechtejevka [Bekhteyevka],Бехтеевка,Village,Koročanskij Rajon,"3,290","3,290","3,259",belgorod
Belgorod,Белгород,City,Belgorod,"337,030","356,402","339,978",belgorod
Belovskoje [Belovskoye],Беловское,Village,Belgorodskij Rajon,"1,668","2,040","3,141",belgorod
Birjuč [Biryuch],Бирюч,City,Krasnogvardejskij Rajon,"8,079","7,846","7,114",belgorod
Bližnjaja Igumenka [Blizhnyaya Igumenka],Ближняя Игуменка,Village,Belgorodskij Rajon,907,"1,063","4,908",belgorod
Borisovka,Борисовка,Urban Settlement,Borisovskij Rajon,"14,072","13,896","12,553",belgorod
Černjanka [Chernyanka],Чернянка,Urban Settlement,Černjanskij Rajon,"15,067","15,217","14,896",belgorod
Dubovoje [Dubovoye],Дубовое,Rural Settlement,Belgorodskij Rajon,"5,201","8,627","16,101",belgorod
Golovčino [Golovchino],Головчино,Village,Grajvoron,"5,288","4,716","4,621",belgorod
Gorodišče [Gorodishche],Городище,Village,Staryj Oskol,"3,448","3,562","3,420",belgorod
Grajvoron [Grayvoron],Грайворон,City,Grajvoron,"6,196","6,234","6,179",belgorod
Gubkin,Губкин,City,Gubkinskij,"86,083","88,560","85,225",belgorod
Ivnja [Ivnya],Ивня,Urban Settlement,Ivnjanskij Rajon,"7,725","7,933","7,134",belgorod
Jakovlevo [Yakovlevo],Яковлево,Urban Settlement,Jakovlevo,"2,596","2,905","2,675",belgorod
Komsomol'skij [Komsomolsky],Комсомольский,Rural Settlement,Belgorodskij Rajon,"1,654","2,201","4,379",belgorod
Koroča [Korocha],Короча,City,Koročanskij Rajon,"6,046","5,877","5,623",belgorod
Krasnaja Jaruga [Krasnaya Yaruga],Красная Яруга,Urban Settlement,Krasnojaružskij Rajon,"7,823","8,028","7,957",belgorod
Livenka,Ливенка,Village,Krasnogvardejskij Rajon,"4,101","3,870","3,487",belgorod
Majskij [Maysky],Майский,Rural Settlement,Belgorodskij Rajon,"7,441","8,748","14,143",belgorod
Maslova Pristan',Маслова Пристань,Urban Settlement,Šebekino,"5,597","5,819","5,916",belgorod
Nikol'skoje [Nikolskoye],Никольское,Village,Belgorodskij Rajon,"2,205","2,778","7,443",belgorod
Novaja Tavolžanka [Novaya Tavolzhanka],Новая Таволжанка,Village,Šebekino,"4,989","5,324","5,268",belgorod
Novosadovyj [Novosadovy],Новосадовый,Rural Settlement,Belgorodskij Rajon,"1,564","1,994","7,833",belgorod
Novyj Oskol [Novy Oskol],Новый Оскол,City,Novyj Oskol,"20,892","19,530","18,359",belgorod
Oktjabr'skij [Oktyabrsky],Октябрьский,Urban Settlement,Belgorodskij Rajon,"6,899","7,456","8,785",belgorod
Pjatnickoje [Pyatnitskoye],Пятницкое,Urban Settlement,Volokonovskij Rajon,"4,793","4,536","4,160",belgorod
Prochorovka [Prokhorovka],Прохоровка,Urban Settlement,Prochorovskij Rajon,"10,007","9,761","9,790",belgorod
Proletarskij [Proletarsky],Пролетарский,Urban Settlement,Rakitjanskij Rajon,"8,675","8,654","9,040",belgorod
Puškarnoje [Pushkarnoye],Пушкарное,Village,Belgorodskij Rajon,"2,715","3,332","3,892",belgorod
Rakitnoje [Rakitnoye],Ракитное,Urban Settlement,Rakitjanskij Rajon,"10,462","10,286","10,048",belgorod
Razumnoje [Razumnoye],Разумное,Urban Settlement,Belgorodskij Rajon,"15,332","16,600","28,192",belgorod
Roven'ki [Rovenki],Ровеньки,Urban Settlement,Roven'skij Rajon,"9,742","10,264","10,939",belgorod
Šebekino [Shebekino],Шебекино,City,Šebekino,"45,119","44,279","39,680",belgorod
Severnyj [Severny],Северный,Urban Settlement,Belgorodskij Rajon,"7,654","9,847","24,070",belgorod
Skorodnoje [Skorodnoye],Скородное,Village,Gubkinskij,"3,630","3,707","3,416",belgorod
Staryj Oskol [Stary Oskol],Старый Оскол,City,Staryj Oskol,"215,898","221,085","221,676",belgorod
Streleckoje [Streletskoye],Стрелецкое,Village,Belgorodskij Rajon,"5,654","6,862","13,792",belgorod
Stroitel',Строитель,City,Jakovlevo,"18,400","23,933","23,780",belgorod
Tavrovo,Таврово,Village,Belgorodskij Rajon,"2,273","5,192","13,592",belgorod
Tomarovka,Томаровка,Urban Settlement,Jakovlevo,"7,816","8,094","7,394",belgorod
Troickij [Troitsky],Троицкий,Rural Settlement,Gubkinskij,"6,157","6,214","5,429",belgorod
Urazovo,Уразово,Urban Settlement,Valujki,"6,878","6,982","6,570",belgorod
Valujki [Valuyki],Валуйки,City,Valujki,"35,790","35,322","33,032",belgorod
Vejdelevka [Veydelevka],Вейделевка,Urban Settlement,Vejdelevskij Rajon,"7,188","7,008","7,347",belgorod
Volokonovka,Волоконовка,Urban Settlement,Volokonovskij Rajon,"12,256","11,552","10,426",belgorod
Zasosna,Засосна,Village,Krasnogvardejskij Rajon,"4,233","4,213","3,806",belgorod
Altuchovo [Altukhovo],Алтухово,Urban Settlement,Navlinskij Rajon,"1,947","1,784","1,679",bryansk
Belaja Berëzka [Belaya Berezka],Белая Берёзка,Urban Settlement,Trubčevskij Rajon,"7,154","6,283","5,886",bryansk
Belyje Berega [Belye Berega],Белые Берега,Urban Settlement,Brjansk,"10,637","9,642","7,412",bryansk
Bol'šoje Polpino [Bolshoye Polpino],Большое Полпино,Urban Settlement,Brjansk,"4,613","6,356","5,859",bryansk
Brjansk [Bryansk],Брянск,City,Brjansk,"431,526","415,721","379,152",bryansk
Bytoš' [Bytosh],Бытошь,Urban Settlement,Djat'kovskij Rajon,"4,515","4,255","3,990",bryansk
Černec [Chernets],Чернец,Rural Railway Station Settlement,Brjanskij Rajon,3,38,"3,440",bryansk
Djat'kovo [Dyatkovo],Дятьково,City,Djat'kovskij Rajon,"33,600","29,439","25,255",bryansk
Dobrun',Добрунь,Hamlet,Brjanskij Rajon,"4,207","4,482","4,957",bryansk
Dubrovka,Дубровка,Urban Settlement,Dubrovskij Rajon,"8,598","8,015","6,793",bryansk
Fokino,Фокино,City,Fokino,"15,504","13,876","12,538",bryansk
Gliniščevo [Glinishchevo],Глинищево,Village,Brjanskij Rajon,"4,241","4,367","4,348",bryansk
Ivot,Ивот,Urban Settlement,Djat'kovskij Rajon,"6,422","6,374","5,844",bryansk
Karačev [Karachev],Карачев,City,Karačevskij Rajon,"20,175","19,715","17,449",bryansk
Kletnja [Kletnya],Клетня,Urban Settlement,Kletnjanskij Rajon,"13,936","13,313","11,947",bryansk
Klimovo,Климово,Urban Settlement,Klimovskij Rajon,"14,776","13,892","13,554",bryansk
Klincy [Klintsy],Клинцы,City,Klincy,"67,325","62,510","63,059",bryansk
Kokino,Кокино,Village,Vygoničskij Rajon,"4,710","3,863","3,008",bryansk
Kokorevka,Кокоревка,Urban Settlement,Suzemskij Rajon,"2,452","1,962","1,768",bryansk
Komariči [Komarichi],Комаричи,Urban Settlement,Komaričskij Rajon,"7,234","7,686","7,325",bryansk
Krasnaja Gora [Krasnaya Gora],Красная Гора,Urban Settlement,Krasnogorskij Rajon,"6,599","5,906","5,504",bryansk
Ljubochna [Lyubokhna],Любохна,Urban Settlement,Djat'kovskij Rajon,"5,293","5,446","4,957",bryansk
Lokot',Локоть,Urban Settlement,Brasovskij Rajon,"12,094","10,028","8,469",bryansk
Mglin,Мглин,City,Mglinskij Rajon,"8,261","7,916","6,919",bryansk
Mičurinskij [Michurinsky],Мичуринский,Rural Settlement,Brjanskij Rajon,"2,703","2,576","4,525",bryansk
Navlja [Navlya],Навля,Urban Settlement,Navlinskij Rajon,"14,014","14,361","15,536",bryansk
Novozybkov,Новозыбков,City,Novozybkov,"43,038","40,553","38,680",bryansk
Počep [Pochep],Почеп,City,Počepskij Rajon,"17,064","17,161","14,991",bryansk
Pogar,Погар,Urban Settlement,Pogarskij Rajon,"11,471","9,990","9,484",bryansk
Putëvka [Putyovka],Путёвка,Rural Settlement,Brjanskij Rajon,"3,730","4,736","8,985",bryansk
Radica-Krylovka [Raditsa-Krylovka],Радица-Крыловка,Urban Settlement,Brjansk,"3,513","3,526","3,151",bryansk
Ramasucha [Ramasukha],Рамасуха,Urban Settlement,Počepskij Rajon,564,481,371,bryansk
Rognedino,Рогнедино,Urban Settlement,Rognedinskij Rajon,"3,354","3,158","2,775",bryansk
Ržanica [Rzhanitsa],Ржаница,Village,Žukovskij Rajon,"5,388","5,032","4,262",bryansk
Sel'co [Seltso],Сельцо,City,Sel'co,"19,140","17,934","15,906",bryansk
Sevsk,Севск,City,Sevskij Rajon,"7,660","7,282","6,732",bryansk
Star',Старь,Urban Settlement,Djat'kovskij Rajon,"5,096","5,003","4,182",bryansk
Starodub,Стародуб,City,Starodubskij Rajon,"18,643","19,010","17,687",bryansk
Suponevo,Супонево,Village,Brjanskij Rajon,"8,004","8,585","9,450",bryansk
Suraž [Surazh],Сураж,City,Suražskij Rajon,"12,046","11,640","11,176",bryansk
Suzemka,Суземка,Urban Settlement,Suzemskij Rajon,"9,712","9,125","8,672",bryansk
Trubčevsk [Trubchevsk],Трубчевск,City,Trubčevskij Rajon,"16,342","15,014","13,287",bryansk
Uneča [Unecha],Унеча,City,Unečskij Rajon,"29,039","26,197","24,274",bryansk
Vygoniči [Vygonichi],Выгоничи,Urban Settlement,Vygoničskij Rajon,"5,189","4,945","4,658",bryansk
Vyškov [Vyshkov],Вышков,Urban Settlement,Zlynkovskij Rajon,"2,940","2,700","2,497",bryansk
Zajmišče [Zaymishche],Займище,Village,Klincy,"5,042","5,297","5,026",bryansk
Zlynka,Злынка,City,Zlynkovskij Rajon,"5,372","5,507","5,270",bryansk
Žukovka [Zhukovka],Жуковка,City,Žukovskij Rajon,"19,731","18,269","17,628",bryansk
Babuškin [Babushkin],Бабушкин,City,Kabanskij Rajon,"4,953","4,831","4,368",buryatia
Bagdarin,Багдарин,Village,Bauntovskij Èvenkijskij Rajon,"4,763","4,735","4,525",buryatia
Barguzin,Баргузин,Village,Barguzinskij Rajon,"6,164","5,702","4,850",buryatia
Bičura [Bichura],Бичура,Village,Bičurskij Rajon,"9,737","9,145","8,728",buryatia
Chorinsk [Khorinsk],Хоринск,Village,Chorinskij Rajon,"8,134","8,138","8,650",buryatia
Èrchirik [Erkhirik],Эрхирик,Village,Zaigrajevskij Rajon,"1,553","2,260","5,234",buryatia
Gurul'ba [Gurulba],Гурульба,Village,Ivolginskij Rajon,"1,659","2,711","4,535",buryatia
Gusinoozërsk [Gusinoozyorsk],Гусиноозёрск,City,Selenginskij Rajon,"26,502","24,582","24,451",buryatia
Il'inka [Ilyinka],Ильинка,Village,Pribajkal'skij Rajon,"4,421","4,203","4,202",buryatia
Ivolginsk,Иволгинск,Village,Ivolginskij Rajon,"7,241","7,382","7,994",buryatia
Jančukan [Yanchukan],Янчукан,Urban Settlement,Severo-Bajkal'skij Rajon,539,392,252,buryatia
Kabansk,Кабанск,Village,Kabanskij Rajon,"6,373","6,038","5,653",buryatia
Kamensk,Каменск,Urban Settlement,Kabanskij Rajon,"8,113","7,160","6,334",buryatia
Kičera [Kichera],Кичера,Urban Settlement,Severo-Bajkal'skij Rajon,"1,623","1,375",922,buryatia
Kižinga [Kizhinga],Кижинга,Village,Kižinginskij Rajon,"6,579","6,373","6,376",buryatia
Kjachta [Kyakhta],Кяхта,City,Kjachtinskij Rajon,"18,391","20,024","17,877",buryatia
Kurumkan,Курумкан,Village,Kurumkanskij Rajon,"5,957","5,465","5,581",buryatia
Kyren,Кырен,Village,Tunkinskij Rajon,"5,433","5,406","5,953",buryatia
Muchoršibir' [Mukhorshibir],Мухоршибирь,Village,Muchoršibirskij Rajon,"5,474","5,207","4,891",buryatia
Nauški [Naushki],Наушки,Urban Settlement,Kjachtinskij Rajon,"3,575","3,409","2,379",buryatia
Nižneangarsk [Nizhneangarsk],Нижнеангарск,Urban Settlement,Severo-Bajkal'skij Rajon,"5,595","5,030","3,891",buryatia
Nižnije Tal'cy [Nizhniye Taltsy],Нижние Тальцы,Rural Settlement,Zaigrajevskij Rajon,"1,006","1,498","5,092",buryatia
Nižnij Sajantuj [Nizhny Sayantuy],Нижний Саянтуй,Village,Tarbagatajskij Rajon,"1,692","2,834","10,580",buryatia
Nižnjaja Ivolga [Nizhnyaya Ivolga],Нижняя Иволга,Village,Ivolginskij Rajon,993,"1,723","4,512",buryatia
Novaja Brjan' [Novaya Bryan],Новая Брянь,Village,Zaigrajevskij Rajon,"4,950","4,643","4,291",buryatia
Novoil'insk [Novoilyinsk],Новоильинск,Village,Zaigrajevskij Rajon,"5,139","4,700","4,032",buryatia
Novyj Uojan [Novy Uoyan],Новый Уоян,Urban Settlement,Severo-Bajkal'skij Rajon,"4,957","3,963","2,908",buryatia
Onochoj [Onokhoy],Онохой,Urban Settlement,Zaigrajevskij Rajon,"10,673","10,689","9,323",buryatia
Petropavlovka,Петропавловка,Village,Džidinskij Rajon,"7,723","7,451","7,438",buryatia
Poselje [Poselye],Поселье,Village,Ivolginskij Rajon,356,"3,797","15,603",buryatia
Sagan-Nur,Саган-Нур,Rural Settlement,Muchoršibirskij Rajon,"4,401","4,142","4,069",buryatia
Selenginsk,Селенгинск,Urban Settlement,Kabanskij Rajon,"16,326","14,546","13,261",buryatia
Severobajkal'sk [Severobaykalsk],Северобайкальск,City,Severobajkal'sk,"25,434","24,929","24,233",buryatia
Severomujsk [Severomuysk],Северомуйск,Urban Settlement,Mujskij Rajon,"4,036","2,198",923,buryatia
Sosnovo-Ozërskoje [Sosnovo-Ozyorskoye],Сосново-Озёрское,Village,Jeravninskij Rajon,"5,949","6,128","6,412",buryatia
Sotnikovo,Сотниково,Village,Ivolginskij Rajon,"4,478","6,274","10,871",buryatia
Suža [Suzha],Сужа,Village,Ivolginskij Rajon,428,"1,884","3,655",buryatia
Taksimo,Таксимо,Urban Settlement,Mujskij Rajon,"10,552","9,438","7,427",buryatia
Tarbagataj [Tarbagatay],Тарбагатай,Village,Tarbagatajskij Rajon,"4,253","4,308","4,250",buryatia
Turuntajevo [Turuntayevo],Турунтаево,Village,Pribajkal'skij Rajon,"6,376","5,901","5,628",buryatia
Ulan-Udè [Ulan-Ude],Улан-Удэ,City,Ulan-Udè,"359,391","404,426","437,565",buryatia
Ust'-Barguzin [Ust-Barguzin],Усть-Баргузин,Urban Settlement,Barguzinskij Rajon,"7,329","7,173","6,193",buryatia
Zaigrajevo [Zaigrayevo],Заиграево,Urban Settlement,Zaigrajevskij Rajon,"5,614","5,586","4,842",buryatia
Zakamensk,Закаменск,City,Zakamenskij Rajon,"12,709","11,524","11,365",buryatia
Ačchoj-Martan [Achkhoy-Martan],Ачхой-Мартан,City,Ačchoj-Martanovskij Rajon,"16,742","20,172","30,739",chechnya
Achmat-Jurt [Akhmat-Yurt],Ахмат-Юрт,Village,Kurčalojevskij Rajon,"5,658","7,115","8,778",chechnya
Alchan-Jurt [Alkhan-Yurt],Алхан-Юрт,Village,Urus-Martanovskij Rajon,"8,860","9,783","13,260",chechnya
Alchan-Kala [Alkhan-Kala],Алхан-Кала,Village,Groznenskij Rajon,"10,146","11,415","14,423",chechnya
Alchazurovo [Alkhazurovo],Алхазурово,Village,Urus-Martanovskij Rajon,"5,440","4,600","6,329",chechnya
Alleroj [Alleroy],Аллерой,Village,Kurčalojevskij Rajon,"10,225","11,132","11,436",chechnya
Alpatovo,Алпатово,Village,Naurskij Rajon,"5,181","4,861","5,279",chechnya
Argun,Аргун,City,Argun,"25,698","29,525","41,622",chechnya
Assinovskaja [Assinovskaya],Ассиновская,Stanitsa,Sunženskij Rajon,"10,248","10,184","9,809",chechnya
Avtury,Автуры,Village,Šalinskij Rajon,"18,330","14,988","18,446",chechnya
Bači-Jurt [Bachi-Yurt],Бачи-Юрт,Village,Kurčalojevskij Rajon,"14,756","16,485","17,173",chechnya
Bamut,Бамут,Village,Sunženskij Rajon,"5,137","6,025","5,838",chechnya
Belgatoj [Belgatoy],Белгатой,Village,Šalinskij Rajon,"3,247","4,551","5,508",chechnya
Beno-Jurt [Beno-Yurt],Бено-Юрт,Village,Nadterečnyj Rajon,"5,630","7,089","7,792",chechnya
Berdykel',Бердыкель,Village,Argun,"7,124","6,945","8,346",chechnya
Berkat-Jurt [Berkat-Yurt],Беркат-Юрт,Village,Groznenskij Rajon,"2,015","3,109","4,725",chechnya
Borzoj [Borzoy],Борзой,Village,Šatojskij Rajon,"4,209","4,063","3,667",chechnya
Braguny,Брагуны,Village,Gudermesskij Rajon,"2,896","3,304","3,882",chechnya
Bratskoje [Bratskoye],Братское,Village,Nadterečnyj Rajon,"5,042","5,000","5,911",chechnya
Čečen-Aul [Chechen-Aul],Чечен-Аул,Village,Argun,"7,118","8,233","9,208",chechnya
Centora-Jurt [Tsentora-Yurt],Центора-Юрт,Village,Groznenskij Rajon,"2,280","2,770","3,728",chechnya
Červlënnaja [Chervlyonnaya],Червлённая,Stanitsa,Šelkovskoj Rajon,"7,854","9,545","9,683",chechnya
Chambi-Irzi [Khambi-Irzi],Хамби-Ирзи,Village,Ačchoj-Martanovskij Rajon,"3,123","3,297","3,870",chechnya
Čiri-Jurt [Chiri-Yurt],Чири-Юрт,Rural Settlement,Šalinskij Rajon,"5,125","5,734","6,860",chechnya
Coci-Jurt [Tsotsi-Yurt],Цоци-Юрт,Village,Kurčalojevskij Rajon,"15,935","18,306","16,890",chechnya
Duba-Jurt [Duba-Yurt],Дуба-Юрт,Village,Šalinskij Rajon,"5,738","6,315","7,584",chechnya
Dyšne-Vedeno [Dyshne-Vedeno],Дышне-Ведено,Village,Vedenskij Rajon,"3,323","4,834","7,411",chechnya
Džalka [Dzhalka],Джалка,Village,Gudermesskij Rajon,"6,292","7,415","9,999",chechnya
Èngel'-Jurt [Engel-Yurt],Энгель-Юрт,Village,Gudermesskij Rajon,"5,496","4,458","7,219",chechnya
Gechi [Gekhi],Гехи,Village,Urus-Martanovskij Rajon,"9,693","11,744","15,352",chechnya
Geldagan,Гелдаган,Village,Kurčalojevskij Rajon,"11,875","12,350","11,021",chechnya
Germenčuk [Germenchuk],Герменчук,Village,Šalinskij Rajon,"9,265","10,736","12,456",chechnya
Gerzel'-Aul [Gerzel-Aul],Герзель-Аул,Village,Gudermesskij Rajon,"3,519","3,887","5,566",chechnya
Goj-Ču [Goy-Chu],Гой-Чу,Village,Urus-Martanovskij Rajon,"2,919","5,078","5,443",chechnya
Gojty [Goyty],Гойты,Village,Urus-Martanovskij Rajon,"13,221","16,177","19,198",chechnya
Goragorskij [Goragorsky],Горагорский,Rural Settlement,Nadterečnyj Rajon,"4,773","4,668","4,746",chechnya
Grebenskaja [Grebenskaya],Гребенская,Stanitsa,Šelkovskoj Rajon,"5,055","6,227","8,035",chechnya
Groznyj [Grozny],Грозный,City,Groznyj,"210,720","271,573","328,533",chechnya
Gudermes,Гудермес,City,Gudermesskij Rajon,"33,756","45,631","64,376",chechnya
Gvardejskoje [Gvardeyskoye],Гвардейское,Village,Nadterečnyj Rajon,"7,184","7,471","8,836",chechnya
Ilaschan-Jurt [Ilaskhan-Yurt],Иласхан-Юрт,Village,Kurčalojevskij Rajon,"4,486","5,041","5,862",chechnya
Iščërskaja [Ishchyorskaya],Ищёрская,Stanitsa,Naurskij Rajon,"4,930","4,808","4,764",chechnya
Išchoj-Jurt [Ishkhoy-Yurt],Ишхой-Юрт,Village,Gudermesskij Rajon,"3,044","3,800","5,269",chechnya
Jalchoj-Mochk [Yalkhoy-Mokhk],Ялхой-Мохк,Village,Kurčalojevskij Rajon,"4,049","4,452","3,822",chechnya
Kadi-Jurt [Kadi-Yurt],Кади-Юрт,Village,Gudermesskij Rajon,"2,626","4,355","5,828",chechnya
Kalinovskaja [Kalinovskaya],Калиновская,Stanitsa,Naurskij Rajon,"8,287","7,988","9,239",chechnya
Kargalinskaja [Kargalinskaya],Каргалинская,Stanitsa,Šelkovskoj Rajon,"5,359","4,181","5,234",chechnya
Katar-Jurt [Katar-Yurt],Катар-Юрт,Village,Ačchoj-Martanovskij Rajon,"9,182","12,806","15,199",chechnya
Komsomol'skoje [Komsomolskoye],Комсомольское,Village,Gudermesskij Rajon,"3,105","4,392","5,215",chechnya
Koškel'dy [Koshkeldy],Кошкельды,Village,Gudermesskij Rajon,"5,210","4,823","7,214",chechnya
Kulary,Кулары,Village,Ačchoj-Martanovskij Rajon,"4,663","5,358","5,918",chechnya
Kurčaloj [Kurchaloy],Курчалой,City,Kurčalojevskij Rajon,"20,857","22,723","23,425",chechnya
Machkety [Makhkety],Махкеты,Village,Vedenskij Rajon,"2,447","5,028","5,169",chechnya
Majrtup [Mayrtup],Майртуп,Village,Kurčalojevskij Rajon,"10,754","11,838","11,886",chechnya
Martan-Ču [Martan-Chu],Мартан-Чу,Village,Urus-Martanovskij Rajon,"5,373","5,983","7,571",chechnya
Mekenskaja [Mekenskaya],Мекенская,Stanitsa,Naurskij Rajon,"2,989","3,860","4,591",chechnya
Melčchi [Melchkhi],Мелчхи,Village,Gudermesskij Rajon,"2,234","2,859","4,070",chechnya
Mesker-Jurt [Mesker-Yurt],Мескер-Юрт,Village,Šalinskij Rajon,"11,123","10,368","12,623",chechnya
Meskety,Мескеты,Village,Nožaj-Jurtovskij Rajon,"2,860","3,447","4,507",chechnya
Nadterečnoje [Nadterechnoye],Надтеречное,Village,Nadterečnyj Rajon,"7,860","8,475","10,902",chechnya
Naurskaja [Naurskaya],Наурская,Stanitsa,Naurskij Rajon,"8,531","9,050","10,840",chechnya
Nižnij-Nojber [Nizhny-Noyber],Нижний-Нойбер,Village,Gudermesskij Rajon,"6,806","6,780","10,807",chechnya
Novoterskoje [Novoterskoye],Новотерское,Village,Naurskij Rajon,"2,651","3,764","4,147",chechnya
Novyj Benoj [Novy Benoy],Новый Беной,Village,Gudermesskij Rajon,...,...,"3,255",chechnya
Novyje-Atagi [Novye-Atagi],Новые-Атаги,Village,Šalinskij Rajon,"8,741","8,728","10,203",chechnya
Novyj Èngenoj [Novy Engenoy],Новый Энгеной,Village,Gudermesskij Rajon,"2,221","3,021","4,713",chechnya
Nožaj-Jurt [Nozhay-Yurt],Ножай-Юрт,Village,Nožaj-Jurtovskij Rajon,"5,062","6,744","8,330",chechnya
Ojschara [Oyskhara],Ойсхара,Rural Settlement,Gudermesskij Rajon,"12,767","9,489","19,415",chechnya
Oktjabr'skoje [Oktyabrskoye],Октябрьское,Village,Groznenskij Rajon,"2,576","2,971","4,475",chechnya
Pervomajskaja [Pervomayskaya],Первомайская,Stanitsa,Groznenskij Rajon,"5,015","5,245","6,812",chechnya
Petropavlovskaja [Petropavlovskaya],Петропавловская,Stanitsa,Groznenskij Rajon,"3,678","4,303","5,669",chechnya
Pobedinskoje [Pobedinskoye],Побединское,Village,Groznenskij Rajon,"3,551","3,540","4,278",chechnya
Rošni-Ču [Roshni-Chu],Рошни-Чу,Village,Urus-Martanovskij Rajon,"4,244","5,195","5,790",chechnya
Šaami-Jurt [Shaami-Yurt],Шаами-Юрт,Village,Ačchoj-Martanovskij Rajon,"3,202","4,018","5,213",chechnya
Sadovoje [Sadovoye],Садовое,Village,Groznenskij Rajon,"2,535","3,206","3,575",chechnya
Šalaži [Shalazhi],Шалажи,Village,Urus-Martanovskij Rajon,"5,307","4,998","5,178",chechnya
Šali [Shali],Шали,City,Šalinskij Rajon,"40,356","47,708","55,054",chechnya
Samaški [Samashki],Самашки,Village,Ačchoj-Martanovskij Rajon,"10,824","11,275","12,899",chechnya
Šelkovskaja [Shelkovskaya],Шелковская,Stanitsa,Šelkovskoj Rajon,"9,581","11,112","12,593",chechnya
Sernovodskoje [Sernovodskoye],Серноводское,Village,Sunženskij Rajon,"9,860","10,805","12,583",chechnya
Seržen'-Jurt [Serzhen-Yurt],Сержень-Юрт,Village,Šalinskij Rajon,"4,763","5,615","6,313",chechnya
Staryje-Atagi [Starye-Atagi],Старые-Атаги,Village,Urus-Martanovskij Rajon,"10,161","10,884","14,280",chechnya
Šuani [Shuani],Шуани,Village,Gudermesskij Rajon,"1,532","2,351","3,531",chechnya
Tangi-Ču [Tangi-Chu],Танги-Чу,Village,Urus-Martanovskij Rajon,"2,253","2,643","3,356",chechnya
Tevzana,Тевзана,Village,Vedenskij Rajon,"1,190","3,378","3,133",chechnya
Tolstoj-Jurt [Tolstoy-Yurt],Толстой-Юрт,Village,Groznenskij Rajon,"7,755","8,097","10,318",chechnya
Urus-Martan,Урус-Мартан,City,Urus-Martanovskij Rajon,"39,982","49,070","63,449",chechnya
Valerik,Валерик,Village,Ačchoj-Martanovskij Rajon,"6,012","8,023","9,626",chechnya
Vedeno,Ведено,Village,Vedenskij Rajon,"1,469","3,186","4,303",chechnya
Verchnij Naur [Verkhny Naur],Верхний Наур,Village,Nadterečnyj Rajon,"5,025","5,441","6,451",chechnya
Verchnij-Nojber [Verkhny-Noyber],Верхний-Нойбер,Village,Gudermesskij Rajon,"2,943","4,099","5,386",chechnya
Vinogradnoje [Vinogradnoye],Виноградное,Village,Groznenskij Rajon,"2,711","3,489","3,611",chechnya
Zakan-Jurt [Zakan-Yurt],Закан-Юрт,Village,Ačchoj-Martanovskij Rajon,"4,928","5,835","6,506",chechnya
Zandak,Зандак,Village,Nožaj-Jurtovskij Rajon,"3,541","5,006","5,910",chechnya
Znamenskoje [Znamenskoye],Знаменское,Village,Nadterečnyj Rajon,"9,620","10,286","13,379",chechnya
Agapovka,Агаповка,Village,Agapovskij Rajon,"6,408","6,561","6,913",chelyabinsk
Argajaš [Argayash],Аргаяш,Village,Argajašskij Rajon,"10,170","10,061","10,084",chelyabinsk
Aša [Asha],Аша,City,Ašinskij Rajon,"33,926","31,881","27,890",chelyabinsk
Bakal,Бакал,City,Satkinskij Rajon,"22,314","20,940","16,345",chelyabinsk
Berdjauš [Berdyaush],Бердяуш,Urban Settlement,Satkinskij Rajon,"5,672","5,304","3,909",chelyabinsk
Bredy,Бреды,Rural Settlement,Bredinskij Rajon,"10,526","9,468","8,792",chelyabinsk
Čebarkul' [Chebarkul],Чебаркуль,City,Čebarkul',"47,144","42,844","44,693",chelyabinsk
Čeljabinsk [Chelyabinsk],Челябинск,City,Čeljabinsk,"1,104,648","1,130,132","1,189,525",chelyabinsk
Česma [Chesma],Чесма,Village,Česmenskij Rajon,"5,831","6,517","6,067",chelyabinsk
Dolgoderevenskoje [Dolgoderevenskoye],Долгодеревенское,Village,Sosnovskij Rajon,"7,027","7,700","9,407",chelyabinsk
Feršampenuaz [Fershampenuaz],Фершампенуаз,Village,Nagajbakskij Rajon,"4,435","4,368","4,048",chelyabinsk
Jemanželinka [Yemanzhelinka],Еманжелинка,Village,Jetkul'skij Rajon,"4,147","4,453","4,128",chelyabinsk
Jemanželinsk [Yemanzhelinsk],Еманжелинск,City,Jemanželinskij Rajon,"30,202","30,216","27,632",chelyabinsk
Jetkul' [Yetkul],Еткуль,Village,Jetkul'skij Rajon,"6,208","6,760","6,343",chelyabinsk
Jurjuzan' [Yuryuzan],Юрюзань,City,Katav-Ivanovskij Rajon,"14,158","12,571","10,284",chelyabinsk
Južnoural'sk [Yuzhnouralsk],Южноуральск,City,Južnoural'skij,"39,275","37,877","37,478",chelyabinsk
Južnyj [Yuzhny],Южный,Urban Settlement,Nagajbakskij Rajon,"2,159","1,995","1,514",chelyabinsk
Kanaševo [Kanashevo],Канашево,Village,Krasnoarmejskij Rajon,"3,268","3,246","3,264",chelyabinsk
Karabaš [Karabash],Карабаш,City,Karabašskij,"15,942","13,152","10,514",chelyabinsk
Kartaly,Карталы,City,Kartalinskij Rajon,"29,908","29,131","27,103",chelyabinsk
Kasli,Касли,City,Kaslinskij Rajon,"19,091","16,969","15,383",chelyabinsk
Katav-Ivanovsk,Катав-Ивановск,City,Katav-Ivanovskij Rajon,"20,162","17,630","14,663",chelyabinsk
Kazancevo [Kazantsevo],Казанцево,Hamlet,Sosnovskij Rajon,691,666,"4,264",chelyabinsk
Kizil'skoje [Kizilskoye],Кизильское,Village,Kizil'skij Rajon,"6,496","6,651","5,949",chelyabinsk
Kojelga [Koyelga],Коелга,Village,Jetkul'skij Rajon,"4,083","3,993","4,048",chelyabinsk
Kopejsk [Kopeysk],Копейск,City,Kopejskij,"140,876","137,601","147,806",chelyabinsk
Korkino,Коркино,City,Korkinskij Rajon,"41,501","38,597","37,224",chelyabinsk
Krasnogorskij [Krasnogorsky],Красногорский,Urban Settlement,Jemanželinskij Rajon,"13,702","13,624","12,023",chelyabinsk
Krasnoje Pole [Krasnoye Pole],Красное Поле,Rural Settlement,Sosnovskij Rajon,"1,422","1,445","3,500",chelyabinsk
Kremenkul',Кременкуль,Village,Sosnovskij Rajon,"2,545","2,984","3,689",chelyabinsk
Kropačëvo [Kropachevo],Кропачёво,Urban Settlement,Ašinskij Rajon,"5,290","5,018","4,284",chelyabinsk
Kunašak [Kunashak],Кунашак,Village,Kunašakskij Rajon,"5,993","6,296","6,822",chelyabinsk
Kusa,Куса,City,Kusinskij Rajon,"20,316","18,792","17,136",chelyabinsk
Kyštym [Kyshtym],Кыштым,City,Kyštymskij,"41,929","38,942","36,045",chelyabinsk
Lokomotivnyj [Lokomotivny],Локомотивный,Urban Settlement,Lokomotivnyj,"10,741","8,498","8,559",chelyabinsk
Magnitka,Магнитка,Urban Settlement,Kusinskij Rajon,"5,826","5,170","3,893",chelyabinsk
Magnitogorsk,Магнитогорск,City,Magnitogorsk,"418,545","407,775","410,594",chelyabinsk
Metlino,Метлино,Rural Settlement,Ozërskij,...,"3,694","3,506",chelyabinsk
Meževoj [Mezhevoy],Межевой,Urban Settlement,Satkinskij Rajon,"5,578","5,649","5,128",chelyabinsk
Mežozërnyj [Mezhozerny],Межозёрный,Urban Settlement,Verchneural'skij Rajon,"8,282","7,357","6,666",chelyabinsk
Miass,Миасс,City,Miasskij,"158,420","151,751","147,995",chelyabinsk
Miasskoje [Miasskoye],Миасское,Village,Krasnoarmejskij Rajon,"9,593","9,755","11,296",chelyabinsk
Min'jar [Minyar],Миньяр,City,Ašinskij Rajon,"11,032","10,194","8,500",chelyabinsk
Njazepetrovsk [Nyazepetrovsk],Нязепетровск,City,Njazepetrovskij Rajon,"13,405","12,451","10,379",chelyabinsk
Novogornyj [Novogorny],Новогорный,Rural Settlement,Ozërskij,"8,191","6,733","6,294",chelyabinsk
Oktjabr'skoje [Oktyabrskoye],Октябрьское,Village,Oktjabr'skij Rajon,"7,562","6,780","6,462",chelyabinsk
Ozërsk [Ozyorsk],Озёрск,City,Ozërskij,"91,760","82,164","76,896",chelyabinsk
Pervomajskij [Pervomaysky],Первомайский,Urban Settlement,Korkinskij Rajon,"10,759","10,645","9,691",chelyabinsk
Plast,Пласт,City,Plastovskij Rajon,"17,422","17,342","18,379",chelyabinsk
Poletajevo [Poletayevo],Полетаево,Rural Settlement,Sosnovskij Rajon,"6,580","6,500","6,608",chelyabinsk
Roščino [Roshchino],Рощино,Rural Settlement,Sosnovskij Rajon,"5,269","5,710","7,394",chelyabinsk
Roza,Роза,Urban Settlement,Korkinskij Rajon,"14,597","13,099","8,780",chelyabinsk
Satka,Сатка,City,Satkinskij Rajon,"49,686","45,178","42,597",chelyabinsk
Sim,Сим,City,Ašinskij Rajon,"16,377","14,466","12,858",chelyabinsk
Snežinsk [Snezhinsk],Снежинск,City,Snežinskij,"50,451","48,810","50,619",chelyabinsk
Suleja [Suleya],Сулея,Urban Settlement,Satkinskij Rajon,"2,941","3,183","2,848",chelyabinsk
Timirjazevskij [Timiryazevsky],Тимирязевский,Rural Settlement,Čebarkul'skij Rajon,"3,176","3,559","3,440",chelyabinsk
Trëchgornyj [Tryokhgorny],Трёхгорный,City,Trëchgornyj,"34,290","33,670","32,463",chelyabinsk
Troick [Troitsk],Троицк,City,Troick,"83,862","78,372","70,301",chelyabinsk
Ujskoje [Uyskoye],Уйское,Village,Ujskij Rajon,"7,724","7,352","6,728",chelyabinsk
Ust'-Katav [Ust-Katav],Усть-Катав,City,Ust'-Katavskij,"25,898","23,580","21,439",chelyabinsk
Uvel'skij [Uvelsky],Увельский,Rural Settlement,Uvel'skij Rajon,"10,702","10,500","10,747",chelyabinsk
Varna,Варна,Village,Varnenskij Rajon,"9,978","9,869","10,365",chelyabinsk
Verchneural'sk [Verkhneuralsk],Верхнеуральск,City,Verchneural'skij Rajon,"10,054","9,457","8,929",chelyabinsk
Verchnij Ufalej [Verkhny Ufaley],Верхний Уфалей,City,Verchneufalejskij,"34,360","30,481","22,981",chelyabinsk
Višnevogorsk [Vishnevogorsk],Вишневогорск,Urban Settlement,Kaslinskij Rajon,"5,076","4,569","4,206",chelyabinsk
Zapadnyj [Zapadny],Западный,Rural Settlement,Sosnovskij Rajon,121,197,"7,916",chelyabinsk
Zaural'skij [Zauralsky],Зауральский,Urban Settlement,Jemanželinskij Rajon,"7,834","7,884","6,950",chelyabinsk
Zlatoust,Златоуст,City,Zlatoustovskij,"194,551","174,962","161,774",chelyabinsk
Amursk,Амурск,City,Amurskij Rajon,"47,759","42,970","38,606",khabarovsk
Berëzovyj [Beryozovy],Берёзовый,Rural Settlement,Solnečnyj Rajon,"5,803","5,498","4,442",khabarovsk
Bikin,Бикин,City,Bikinskij Rajon,"19,641","17,154","16,240",khabarovsk
Bogorodskoje [Bogorodskoye],Богородское,Village,Ul'čskij Rajon,"4,232","3,900","3,316",khabarovsk
Čegdomyn [Chegdomyn],Чегдомын,Urban Settlement,Verchnebureinskij Rajon,"15,303","13,048","11,895",khabarovsk
Chabarovsk [Khabarovsk],Хабаровск,City,Chabarovsk,"583,072","577,441","617,441",khabarovsk
Chor [Khor],Хор,Urban Settlement,Rajon Imeni Lazo,"11,850","10,346","9,952",khabarovsk
Churba [Khurba],Хурба,Village,Komsomol'skij Rajon,"5,704","5,957","5,046",khabarovsk
Èl'ban [Elban],Эльбан,Urban Settlement,Amurskij Rajon,"12,909","11,934","10,382",khabarovsk
Gorin,Горин,Rural Settlement,Solnečnyj Rajon,"3,807","4,152","3,209",khabarovsk
Il'inka [Ilyinka],Ильинка,Village,Chabarovskij Rajon,"2,738","2,729","3,228",khabarovsk
Knjaze-Volkonskoje [Knyaze-Volkonskoye],Князе-Волконское,Village,Chabarovskij Rajon,"9,206","9,155","6,758",khabarovsk
Komsomol'sk-na-Amure [Komsomolsk-on-Amur],Комсомольск-на-Амуре,City,Komsomol'sk-na-Amure,"281,035","263,906","238,505",khabarovsk
Korfovskij [Korfovsky],Корфовский,Urban Settlement,Chabarovskij Rajon,"5,823","5,733","4,890",khabarovsk
Lazarev,Лазарев,Urban Settlement,Nikolajevskij Rajon,"1,964","1,308",912,khabarovsk
Lososina,Лососина,Urban Settlement,Sovetsko-Gavanskij Rajon,"3,246","3,224","2,573",khabarovsk
Majskij [Maysky],Майский,Urban Settlement,Sovetsko-Gavanskij Rajon,"2,970","2,598","1,951",khabarovsk
Mirnoje [Mirnoye],Мирное,Village,Chabarovskij Rajon,"1,645","1,574","3,715",khabarovsk
Mnogoveršinnyj [Mnogovershinny],Многовершинный,Urban Settlement,Nikolajevskij Rajon,"2,801","2,324","1,599",khabarovsk
Mongochto [Mongokhto],Монгохто,Rural Settlement,Vaninskij Rajon,"4,372","4,120","3,118",khabarovsk
Muchen [Mukhen],Мухен,Urban Settlement,Rajon Imeni Lazo,"4,756","4,068","3,018",khabarovsk
Nekrasovka,Некрасовка,Village,Chabarovskij Rajon,"9,435","8,883","9,479",khabarovsk
Nikolajevsk-na-Amure [Nikolayevsk-on-Amur],Николаевск-на-Амуре,City,Nikolajevskij Rajon,"28,492","22,752","18,631",khabarovsk
Novyj Urgal [Novy Urgal],Новый Ургал,Urban Settlement,Verchnebureinskij Rajon,"7,274","6,803","7,231",khabarovsk
Ochotsk [Okhotsk],Охотск,Urban Settlement,Ochotskij Rajon,"5,738","4,215","3,332",khabarovsk
Oktjabr'skij [Oktyabrsky],Октябрьский,Urban Settlement,Vaninskij Rajon,"6,524","6,240","6,129",khabarovsk
Perejaslavka [Pereyaslavka],Переяславка,Urban Settlement,Rajon Imeni Lazo,"10,455","8,921","7,892",khabarovsk
Selichino [Selikhino],Селихино,Village,Komsomol'skij Rajon,"4,865","4,255","3,624",khabarovsk
Solnečnyj [Solnechny],Солнечный,Urban Settlement,Solnečnyj Rajon,"14,415","13,306","12,267",khabarovsk
Sovetskaja Gavan' [Sovetskaya Gavan],Советская Гавань,City,Sovetsko-Gavanskij Rajon,"30,480","27,712","24,231",khabarovsk
Topolevo,Тополево,Village,Chabarovskij Rajon,"4,241","4,384","6,022",khabarovsk
Troickoje [Troitskoye],Троицкое,Village,Nanajskij Rajon,"5,725","5,143","4,683",khabarovsk
Vanino,Ванино,Urban Settlement,Vaninskij Rajon,"19,180","17,001","17,326",khabarovsk
Vjazemskij [Vyazemsky],Вяземский,City,Vjazemskij Rajon,"15,760","14,555","12,775",khabarovsk
Vysokogornyj [Vysokogorny],Высокогорный,Urban Settlement,Vaninskij Rajon,"4,044","3,376","2,512",khabarovsk
Zavety Il'iča [Zavety Ilyicha],Заветы Ильича,Urban Settlement,Sovetsko-Gavanskij Rajon,"9,429","9,162","8,050",khabarovsk
Abakan,Абакан,City,Abakan,"165,197","165,214","184,769",khakassia
Abaza,Абаза,City,Abaza,"18,052","17,115","12,272",khakassia
Askiz,Аскиз,Urban Settlement,Askizskij Rajon,"5,050","5,208","5,356",khakassia
Askiz,Аскиз,Village,Askizskij Rajon,"7,030","7,267","7,722",khakassia
Beja [Beya],Бея,Village,Bejskij Rajon,"5,417","5,247","4,635",khakassia
Bel'tirskoje [Beltirskoye],Бельтирское,Village,Askizskij Rajon,"5,198","4,853","4,507",khakassia
Belyj Jar [Bely Yar],Белый Яр,Village,Altajskij Rajon,"9,083","10,014","10,107",khakassia
Biskamža [Biskamzha],Бискамжа,Urban Settlement,Askizskij Rajon,"1,990","1,267","1,182",khakassia
Bograd,Боград,Village,Bogradskij Rajon,"4,691","4,670","3,710",khakassia
Čapajevo [Chapayevo],Чапаево,Hamlet,Ust'-Abakanskij Rajon,"1,146","1,623","7,071",khakassia
Čerëmuški [Cheryomushki],Черёмушки,Urban Settlement,Sajanogorsk,"9,067","8,373","7,382",khakassia
Černogorsk [Chernogorsk],Черногорск,City,Černogorsk,"73,077","72,147","75,745",khakassia
Kalinino,Калинино,Village,Ust'-Abakanskij Rajon,"2,790","3,718","6,867",khakassia
Kop'ëvo [Kopyovo],Копьёво,Rural Settlement,Ordžonikidzevskij Rajon,"4,935","4,401","3,936",khakassia
Majna [Mayna],Майна,Urban Settlement,Sajanogorsk,"5,365","5,062","4,325",khakassia
Podsineje [Podsineye],Подсинее,Village,Altajskij Rajon,"3,297","3,549","3,599",khakassia
Prigorsk,Пригорск,Urban Settlement,Černogorsk,"3,351","2,626","2,366",khakassia
Sajanogorsk [Sayanogorsk],Саяногорск,City,Sajanogorsk,"50,255","49,887","44,872",khakassia
Šira [Shira],Шира,Village,Širinskij Rajon,"9,496","9,448","9,545",khakassia
Sorsk,Сорск,City,Sorsk,"13,313","12,143","10,124",khakassia
Taštyp [Tashtyp],Таштып,Village,Taštypskij Rajon,"6,473","6,423","6,834",khakassia
Tuim,Туим,Village,Širinskij Rajon,"4,738","4,211","3,785",khakassia
Ust'-Abakan [Ust-Abakan],Усть-Абакан,Urban Settlement,Ust'-Abakanskij Rajon,"14,913","14,578","14,210",khakassia
Veršina Tëi [Vershina Tyoi],Вершина Тёи,Urban Settlement,Askizskij Rajon,"4,482","3,756","3,109",khakassia
Anadyr',Анадырь,City,Anadyr',"11,038","13,045","13,202",chukotka
Beringovskij [Beringovsky],Беринговский,Urban Settlement,Anadyrskij Rajon,"1,998","1,401","1,104",chukotka
Bilibino,Билибино,City,Bilibinskij Rajon,"6,181","5,506","5,546",chukotka
Ègvekinot [Egvekinot],Эгвекинот,Urban Settlement,Ègvekinot,"2,413","2,790","3,113",chukotka
Mys Šmidta [Mys Shmidta],Мыс Шмидта,Urban Settlement,Ègvekinot,705,492,37,chukotka
Pevek,Певек,City,Pevek,"5,206","4,162","4,015",chukotka
Providenija [Provideniya],Провидения,Urban Settlement,Providenija,"2,723","1,970","2,140",chukotka
Ugol'nyje Kopi [Ugolnye Kopi],Угольные Копи,Urban Settlement,Anadyrskij Rajon,"3,863","3,368","3,232",chukotka
Alatyr',Алатырь,City,Alatyr',"43,161","38,203","32,265",chuvashia
Batyrevo,Батырево,Village,Batyrevskij Rajon,"5,702","5,431","5,281",chuvashia
Čeboksary [Cheboksary],Чебоксары,City,Čeboksarskij,"440,621","453,721","497,807",chuvashia
Civil'sk [Tsivilsk],Цивильск,City,Civil'skij Rajon,"12,967","13,479","12,762",chuvashia
Išlei [Ishlei],Ишлеи,Village,Čeboksarskij Rajon,"3,190","3,092","3,155",chuvashia
Jadrin [Yadrin],Ядрин,City,Jadrinskij Rajon,"10,573","9,614","7,918",chuvashia
Kanaš [Kanash],Канаш,City,Kanaš,"50,593","45,607","44,354",chuvashia
Komsomol'skoje [Komsomolskoye],Комсомольское,Village,Komsomol'skij Rajon,"4,839","4,905","4,632",chuvashia
Kozlovka,Козловка,City,Kozlovskij Rajon,"13,054","10,359","7,781",chuvashia
Krasnoarmejskoje [Krasnoarmeyskoye],Красноармейское,Village,Krasnoarmejskij Rajon,"4,337","4,271","3,900",chuvashia
Mariinskij Posad [Mariinsky Posad],Мариинский Посад,City,Mariinsko-Posadskij Rajon,"10,273","9,088","7,851",chuvashia
Morgauši [Morgaushi],Моргауши,Village,Morgaušskij Rajon,"2,950","3,263","3,562",chuvashia
Novočeboksarsk [Novocheboksarsk],Новочебоксарск,City,Novočeboksarskij,"125,857","124,097","120,375",chuvashia
Poreckoje [Poretskoye],Порецкое,Village,Poreckij Rajon,"6,482","5,825","5,081",chuvashia
Šemurša [Shemursha],Шемурша,Village,Šemuršinskij Rajon,"3,726","3,759","3,375",chuvashia
Šumerlja [Shumerlya],Шумерля,City,Šumerlja,"36,239","31,722","26,873",chuvashia
Šygyrdan [Shygyrdan],Шыгырдан,Village,Batyrevskij Rajon,"5,059","5,418","5,282",chuvashia
Achty [Akhty],Ахты,Village,Achtynskij Rajon,"13,152","13,405","15,285",dagestan
Ači-Su [Achisu],Ачи-Су,Urban Settlement,Karabudachkentskij Rajon,"1,622","1,679","1,915",dagestan
Adil'-Jangijurt [Adil-Yangiyurt],Адиль-Янгиюрт,Village,Babajurtovskij Rajon,"3,752","3,864","4,630",dagestan
Agačaul [Agachaul],Агачаул,Village,Karabudachkentskij Rajon,"1,417","1,811","5,133",dagestan
Agvali,Агвали,Village,Cumadinskij Rajon,"2,016","2,455","3,030",dagestan
Aknada,Акнада,Village,Kiziljurtovskij Rajon,"3,802","4,014","3,865",dagestan
Aksaj [Aksay],Аксай,Village,Chasavjurtovskij Rajon,"8,336","9,000","11,380",dagestan
Akuša [Akusha],Акуша,Village,Akušinskij Rajon,"4,493","4,697","3,599",dagestan
Al'burikent [Alburikent],Альбурикент,Urban Settlement,Machačkala,"6,851","12,413","10,600",dagestan
Andi,Анди,Village,Botlichskij Rajon,"4,967","5,591","7,120",dagestan
Ansalta,Ансалта,Village,Botlichskij Rajon,"5,281","4,598","5,277",dagestan
Ašaga-Stal-Kazmaljar [Ashaga-Stal-Kazmalyar],Ашага-Стал-Казмаляр,Village,Sulejman-Stal'skij Rajon,"2,732","2,978","3,224",dagestan
Atlanaul,Атланаул,Village,Bujnakskij Rajon,"2,529","2,375","3,084",dagestan
Aver'janovka [Averyanovka],Аверьяновка,Village,Kizljarskij Rajon,"2,710","3,532","4,032",dagestan
Babajurt [Babayurt],Бабаюрт,Village,Babajurtovskij Rajon,"12,943","15,227","18,039",dagestan
Bajramaul [Bayramaul],Байрамаул,Village,Chasavjurtovskij Rajon,"2,858","2,858","3,666",dagestan
Bammatjurt [Bammatyurt],Бамматюрт,Village,Chasavjurtovskij Rajon,"3,608","4,337","4,502",dagestan
Batajurt [Batayurt],Батаюрт,Village,Chasavjurtovskij Rajon,"3,823","4,069","6,484",dagestan
Batašjurt [Batashyurt],Баташюрт,Village,Chasavjurtovskij Rajon,"3,536","3,298","4,268",dagestan
Bavtugaj [Bavtugay],Бавтугай,Urban Settlement,Kiziljurt,"5,042","4,765","4,411",dagestan
Belidži [Belidzhi],Белиджи,Urban Settlement,Derbentskij Rajon,"11,584","12,236","11,957",dagestan
Belidži [Belidzhi],Белиджи,Village,Derbentskij Rajon,"3,434","4,282","4,763",dagestan
Berikej [Berikey],Берикей,Village,Derbentskij Rajon,"2,805","3,028","3,203",dagestan
Bogatyrëvka [Bogatyryovka],Богатырёвка,Village,Machačkala,"2,082","3,186","4,685",dagestan
Botlich [Botlikh],Ботлих,Village,Botlichskij Rajon,"10,397","12,159","11,944",dagestan
Bujnaksk [Buynaksk],Буйнакск,City,Bujnaksk,"61,437","62,623","68,121",dagestan
Burtunaj [Burtunay],Буртунай,Village,Kazbekovskij Rajon,"3,749","4,035","4,743",dagestan
Čapajevo [Chapayevo],Чапаево,Village,Novolakskij Rajon,"1,732","2,386","3,649",dagestan
Chadžalmachi [Khadzhalmakhi],Хаджалмахи,Village,Levašinskij Rajon,"5,687","6,187","7,429",dagestan
Chalimbekaul [Khalimbekaul],Халимбекаул,Village,Bujnakskij Rajon,"4,009","5,108","4,223",dagestan
Chamamatjurt [Khamamatyurt],Хамаматюрт,Village,Babajurtovskij Rajon,"4,610","4,682","5,456",dagestan
Chamavjurt [Khamavyurt],Хамавюрт,Village,Chasavjurtovskij Rajon,"2,783","3,178","3,644",dagestan
Chasavjurt [Khasavyurt],Хасавюрт,City,Chasavjurt,"121,817","131,187","155,144",dagestan
Chazar [Khazar],Хазар,Village,Derbentskij Rajon,"3,490","4,809","5,911",dagestan
Chučni [Khuchni],Хучни,Village,Tabasaranskij Rajon,"3,397","3,232","3,795",dagestan
Chunzach [Khunzakh],Хунзах,Village,Chunzachskij Rajon,"3,694","4,245","4,143",dagestan
Činar [Chinar],Чинар,Village,Derbentskij Rajon,"4,357","5,227","4,718",dagestan
Čirkej [Chirkey],Чиркей,Village,Bujnakskij Rajon,"7,434","8,676","10,098",dagestan
Čoch [Chokh],Чох,Village,Gunibskij Rajon,"2,746","3,223","3,332",dagestan
Čontaul [Chontaul],Чонтаул,Village,Kiziljurtovskij Rajon,"7,698","7,023","7,339",dagestan
Cvetkovka [Tsvetkovka],Цветковка,Village,Kizljarskij Rajon,"2,341","3,767","4,547",dagestan
Dagestanskije Ogni [Dagestanskiye Ogni],Дагестанские Огни,City,Dagestanskije Ogni,"26,346","27,923","31,412",dagestan
Derbent,Дербент,City,Derbent,"101,031","119,200","124,953",dagestan
Dorgeli,Доргели,Village,Karabudachkentskij Rajon,"4,843","5,783","8,375",dagestan
Družba [Druzhba],Дружба,Village,Kajakentskij Rajon,"3,382","3,675","4,006",dagestan
Dubki,Дубки,Urban Settlement,Kazbekovskij Rajon,"5,208","5,202","5,632",dagestan
Dylym,Дылым,Village,Kazbekovskij Rajon,"7,537","8,640","9,731",dagestan
Džemikent [Dzhemikent],Джемикент,Village,Derbentskij Rajon,"2,337","2,555","3,102",dagestan
Èminchjur [Eminkhyur],Эминхюр,Village,Sulejman-Stal'skij Rajon,"3,402","3,821","3,215",dagestan
Èndirej [Endirey],Эндирей,Village,Chasavjurtovskij Rajon,"6,470","7,437","9,373",dagestan
Èrpeli [Erpeli],Эрпели,Village,Bujnakskij Rajon,"3,380","3,412","4,358",dagestan
Gagatli,Гагатли,Village,Botlichskij Rajon,"3,215","3,539","3,720",dagestan
Gamijach [Gamiyakh],Гамиях,Village,Novolakskij Rajon,"2,106","2,528","4,150",dagestan
Gapcach [Gaptsakh],Гапцах,Village,Magaramkentskij Rajon,"3,270","3,554","3,381",dagestan
Gedžuch [Gedzhukh],Геджух,Village,Derbentskij Rajon,"6,367","6,829","6,758",dagestan
Geli,Гели,Village,Karabudachkentskij Rajon,"4,843","2,798","3,428",dagestan
Gerejchanovskoje [Gereykhanovskoye],Герейхановское,Village,Sulejman-Stal'skij Rajon,"3,193","3,490","3,337",dagestan
Gerga,Герга,Village,Kajakentskij Rajon,"3,529","3,913","4,064",dagestan
Gergebil',Гергебиль,Village,Gergebil'skij Rajon,"4,770","5,195","4,818",dagestan
Gimry,Гимры,Village,Uncukul'skij Rajon,"3,362","4,654","5,168",dagestan
Godoberi,Годобери,Village,Botlichskij Rajon,"2,683","3,049","3,420",dagestan
Gubden,Губден,Village,Karabudachkentskij Rajon,"7,470","8,627","10,135",dagestan
Guni,Гуни,Village,Kazbekovskij Rajon,"2,544","3,101","3,315",dagestan
Gurbuki,Гурбуки,Village,Karabudachkentskij Rajon,"4,289","5,322","7,022",dagestan
Izberbaš [Izberbash],Избербаш,City,Izberbaš,...,"55,646","55,996",dagestan
Južno-Suchokumsk [Yuzhno-Sukhokumsk],Южно-Сухокумск,City,Južno-Suchokumsk,"9,777","10,035","10,503",dagestan
Kafyr-Kumuch [Kafyr-Kumukh],Кафыр-Кумух,Village,Bujnakskij Rajon,"3,992","5,107","5,958",dagestan
Kajakent [Kayakent],Каякент,Village,Kajakentskij Rajon,"11,027","11,144","15,923",dagestan
Kakamachi [Kakamakhi],Какамахи,Village,Levašinskij Rajon,"2,474","2,647","3,234",dagestan
Kaka-Šura [Kaka-Shura],Кака-Шура,Village,Karabudachkentskij Rajon,"5,207","6,030","7,986",dagestan
Kalininaul,Калининаул,Village,Kazbekovskij Rajon,"4,439","4,531","5,753",dagestan
Karabudachkent [Karabudakhkent],Карабудахкент,Village,Karabudachkentskij Rajon,"12,336","15,356","20,710",dagestan
Karamachi [Karamakhi],Карамахи,Village,Bujnakskij Rajon,"3,647","4,537","3,916",dagestan
Karata,Карата,Village,Achvachskij Rajon,"4,519","4,153","5,093",dagestan
Karlanjurt [Karlanyurt],Карланюрт,Village,Chasavjurtovskij Rajon,"2,910","3,335","3,957",dagestan
Kaspijsk [Kaspiysk],Каспийск,City,Kaspijsk,"77,650","100,129","121,140",dagestan
Kasumkent,Касумкент,Village,Sulejman-Stal'skij Rajon,"11,419","13,232","12,502",dagestan
Kikuni,Кикуни,Village,Gergebil'skij Rajon,"2,897","3,224","4,053",dagestan
Kirovaul,Кироваул,Village,Kiziljurtovskij Rajon,"2,801","2,174","3,359",dagestan
Kiziljurt [Kizilyurt],Кизилюрт,City,Kiziljurt,"30,264","32,988","38,335",dagestan
Kizljar [Kizlyar],Кизляр,City,Kizljar,"48,457","48,984","49,999",dagestan
Kjachulaj [Kyakhulay],Кяхулай,Urban Settlement,Machačkala,"5,353","6,962","7,398",dagestan
Kočubej [Kochubey],Кочубей,Village,Tarumovskij Rajon,"6,366","7,272","8,265",dagestan
Kokrek,Кокрек,Village,Chasavjurtovskij Rajon,"3,905","4,807","5,168",dagestan
Komsomol'skij [Komsomolsky],Комсомольский,Urban Settlement,Kizljar,"2,567","2,723","2,503",dagestan
Komsomol'skoje [Komsomolskoye],Комсомольское,Village,Kiziljurtovskij Rajon,"8,136","6,983","8,613",dagestan
Korkmaskala,Коркмаскала,Village,Kumtorkalinskij Rajon,"5,980","7,722","10,805",dagestan
Kostek,Костек,Village,Chasavjurtovskij Rajon,"3,864","4,551","6,394",dagestan
Krasnoarmejskoje [Krasnoarmeyskoye],Красноармейское,Village,Machačkala,"2,923","3,961","5,770",dagestan
Kubači [Kubachi],Кубачи,Village,Dachadajevskij Rajon,"2,781","3,060","3,049",dagestan
Kurach [Kurakh],Курах,Village,Kurachskij Rajon,"3,142","3,235","3,444",dagestan
Kurkent,Куркент,Village,Sulejman-Stal'skij Rajon,"3,011","4,071","3,960",dagestan
Kuruš [Kurush],Куруш,Village,Chasavjurtovskij Rajon,"7,292","7,327","7,090",dagestan
Leninaul,Ленинаул,Village,Kazbekovskij Rajon,"7,008","8,340","10,494",dagestan
Leninkent,Ленинкент,Urban Settlement,Machačkala,"12,995","15,532","19,438",dagestan
Levaši [Levashi],Леваши,Village,Levašinskij Rajon,"7,302","10,011","11,128",dagestan
Maali,Маали,Village,Gergebil'skij Rajon,"2,296","2,923","3,454",dagestan
Machačkala [Makhachkala],Махачкала,City,Machačkala,"462,412","572,076","623,254",dagestan
Madžalis [Madzhalis],Маджалис,Village,Kajtagskij Rajon,"5,766","6,815","6,659",dagestan
Magaramkent,Магарамкент,Village,Magaramkentskij Rajon,"6,266","6,953","5,756",dagestan
Majdanskoje [Maydanskoye],Майданское,Village,Uncukul'skij Rajon,"1,872","2,641","3,065",dagestan
Mamedkala,Мамедкала,Urban Settlement,Derbentskij Rajon,"8,374","11,029","10,912",dagestan
Manas,Манас,Urban Settlement,Karabudachkentskij Rajon,"4,872","5,357","6,696",dagestan
Manaskent,Манаскент,Village,Karabudachkentskij Rajon,"4,275","4,994","6,583",dagestan
Miatli,Миатли,Village,Kiziljurtovskij Rajon,"4,132","4,022","4,937",dagestan
Miskindža [Miskindzha],Мискинджа,Village,Dokuzparinskij Rajon,"3,373","3,522","3,468",dagestan
Mjurego [Myurego],Мюрего,Village,Sergokalinskij Rajon,"4,248","4,228","3,877",dagestan
Mucalaul [Mutsalaul],Муцалаул,Village,Chasavjurtovskij Rajon,"5,809","6,760","8,530",dagestan
Mugi,Муги,Village,Akušinskij Rajon,"3,154","3,372","3,052",dagestan
Muni,Муни,Village,Botlichskij Rajon,"2,763","3,220","3,400",dagestan
Naskent,Наскент,Village,Levašinskij Rajon,"2,523","2,949","3,254",dagestan
Nečajevka [Nechayevka],Нечаевка,Village,Kiziljurtovskij Rajon,"6,396","4,779","6,327",dagestan
Nižneje Kazanišče [Nizhneye Kazanishche],Нижнее Казанище,Village,Bujnakskij Rajon,"10,989","12,871","16,984",dagestan
Nižnij Džalgan [Nizhny Dzhalgan],Нижний Джалган,Village,Derbentskij Rajon,"2,139","2,841","3,192",dagestan
Nižnij Džengutaj [Nizhny Dzhengutay],Нижний Дженгутай,Village,Bujnakskij Rajon,"6,959","7,519","6,911",dagestan
Novaja Maka [Novaya Maka],Новая Мака,Village,Sulejman-Stal'skij Rajon,"4,245","3,706","3,791",dagestan
Novogagatli,Новогагатли,Village,Chasavjurtovskij Rajon,"4,314","4,782","5,956",dagestan
Novokajakent [Novokayakent],Новокаякент,Village,Kajakentskij Rajon,"5,596","5,130","5,952",dagestan
Novolakskoje [Novolakskoye],Новолакское,Village,Novolakskij Rajon,"4,169","5,951","6,788",dagestan
Novomechel'ta [Novomekhelta],Новомехельта,Village,Novolakskij Rajon,"1,702","2,608","3,162",dagestan
Novosel'skoje [Novoselskoye],Новосельское,Village,Chasavjurtovskij Rajon,"2,919","2,941","3,280",dagestan
Novyj Chušet [Novy Khushet],Новый Хушет,Village,Machačkala,"7,390","11,371","14,180",dagestan
Novyj Čirkej [Novy Chirkey],Новый Чиркей,Village,Kiziljurtovskij Rajon,"7,058","5,922","7,708",dagestan
Novyje Vikri [Novye Vikri],Новые Викри,Village,Kajakentskij Rajon,"2,838","3,338","4,495",dagestan
Novyj Kjachulaj [Novy Kyakhulay],Новый Кяхулай,Urban Settlement,Machačkala,"6,983","9,875","8,002",dagestan
Novyj Kostek [Novy Kostek],Новый Костек,Village,Chasavjurtovskij Rajon,"3,736","4,524","5,502",dagestan
Novyj Sulak [Novy Sulak],Новый Сулак,Urban Settlement,Kiziljurt,"5,094","3,423","4,079",dagestan
Nuradilovo,Нурадилово,Village,Chasavjurtovskij Rajon,"3,149","3,963","5,247",dagestan
Paraul,Параул,Village,Karabudachkentskij Rajon,"3,996","4,949","9,151",dagestan
Pervomajskoje [Pervomayskoye],Первомайское,Village,Kajakentskij Rajon,"8,475","8,930","7,418",dagestan
Petrakovskoje [Petrakovskoye],Петраковское,Village,Chasavjurtovskij Rajon,"1,982","2,963","4,467",dagestan
Pokrovskoje [Pokrovskoye],Покровское,Village,Chasavjurtovskij Rajon,"3,575","4,122","5,053",dagestan
Rachata [Rakhata],Рахата,Village,Botlichskij Rajon,"2,540","2,909","3,375",dagestan
Rutul,Рутул,Village,Rutul'skij Rajon,"3,958","4,132","4,037",dagestan
Sabnova,Сабнова,Village,Derbentskij Rajon,"3,361","3,820","3,416",dagestan
Šamchal [Shamkhal],Шамхал,Urban Settlement,Machačkala,"7,823","11,855","11,057",dagestan
Šamchal-Termen [Shamkhal-Termen],Шамхал-Термен,Village,Machačkala,"5,393","10,260","8,719",dagestan
Šamil'kala [Shamilkala],Шамилькала,Urban Settlement,Uncukul'skij Rajon,"7,064","4,886","5,189",dagestan
Semender,Семендер,Urban Settlement,Machačkala,"7,558","13,677","15,565",dagestan
Sergokala,Сергокала,Village,Sergokalinskij Rajon,"7,627","8,143","8,803",dagestan
Sirtič [Sirtich],Сиртич,Village,Tabasaranskij Rajon,"3,909","3,976","3,871",dagestan
Siuch [Siukh],Сиух,Village,Chasavjurtovskij Rajon,"3,199","3,313","4,567",dagestan
Solnečnoje [Solnechnoye],Солнечное,Village,Chasavjurtovskij Rajon,"3,759","4,501","5,495",dagestan
Sovetskoje [Sovetskoye],Советское,Village,Magaramkentskij Rajon,"3,926","4,217","4,310",dagestan
Stal'skoje [Stalskoye],Стальское,Village,Kiziljurtovskij Rajon,"6,104","5,729","6,252",dagestan
Sulak,Сулак,Urban Settlement,Machačkala,"6,352","8,565","9,793",dagestan
Sultan-Jangi-Jurt [Sultan-Yangi-Yurt],Султан-Янги-Юрт,Village,Kiziljurtovskij Rajon,"10,562","8,579","10,043",dagestan
Šušanovka [Shushanovka],Шушановка,Village,Kiziljurtovskij Rajon,"1,600","1,854","3,442",dagestan
Tarki,Тарки,Urban Settlement,Machačkala,"9,858","15,356","18,233",dagestan
Tarumovka,Тарумовка,Village,Tarumovskij Rajon,"4,899","5,372","6,537",dagestan
Teletl',Телетль,Village,Šamil'skij Rajon,"2,860","3,551","3,313",dagestan
Temiraul,Темираул,Village,Chasavjurtovskij Rajon,"3,111","3,771","4,213",dagestan
Terekli-Mekteb,Терекли-Мектеб,Village,Nogajskij Rajon,"7,285","7,993","6,728",dagestan
Tjube [Tyube],Тюбе,Urban Settlement,Kumtorkalinskij Rajon,"6,040","6,496","6,403",dagestan
Tloch [Tlokh],Тлох,Village,Botlichskij Rajon,"2,818","2,739","3,774",dagestan
Toturbijkala [Toturbykala],Тотурбийкала,Village,Chasavjurtovskij Rajon,"2,305","2,843","3,724",dagestan
Tuchčar [Tukhchar],Тухчар,Village,Novolakskij Rajon,"2,814","3,567","3,745",dagestan
Učkent [Uchkent],Учкент,Village,Kumtorkalinskij Rajon,"3,157","3,702","4,996",dagestan
Ucmijurt [Utsmiyurt],Уцмиюрт,Village,Babajurtovskij Rajon,"3,236","3,541","4,730",dagestan
Ulluaja [Ulluaya],Уллуая,Village,Levašinskij Rajon,"5,516","5,962","7,127",dagestan
Ullubijaul [Ullubyaul],Уллубийаул,Village,Karabudachkentskij Rajon,"3,423","3,666","4,820",dagestan
Uncukul' [Untsukul],Унцукуль,Village,Uncukul'skij Rajon,"5,523","6,274","6,641",dagestan
Urkarach [Urkarakh],Уркарах,Village,Dachadajevskij Rajon,"5,182","4,394","4,673",dagestan
Urma,Урма,Village,Levašinskij Rajon,"3,283","3,863","4,488",dagestan
Usiša [Usisha],Усиша,Village,Akušinskij Rajon,"4,149","3,932","3,978",dagestan
Utamyš [Utamysh],Утамыш,Village,Kajakentskij Rajon,"3,469","3,634","3,027",dagestan
Velikent,Великент,Village,Derbentskij Rajon,"3,755","4,202","4,339",dagestan
Verchneje Kazanišče [Verkhneye Kazanishche],Верхнее Казанище,Village,Bujnakskij Rajon,"6,019","6,573","9,048",dagestan
Zubutli-Miatli,Зубутли-Миатли,Village,Kiziljurtovskij Rajon,"4,594","4,529","5,215",dagestan
Alchasty [Alkhasty],Алхасты,Village,Sunženskij Rajon,"3,651","4,021","4,787",ingushetia
Ali-Jurt [Ali-Yurt],Али-Юрт,Village,Nazranovskij Rajon,"6,882","5,596","6,366",ingushetia
Barsuki,Барсуки,Village,Nazranovskij Rajon,"10,189","10,333","7,601",ingushetia
Dolakovo,Долаково,Village,Nazranovskij Rajon,"9,058","6,450","6,813",ingushetia
Èkaževo [Ekazhevo],Экажево,Village,Nazranovskij Rajon,"23,156","15,658","27,224",ingushetia
Galaški [Galashki],Галашки,Village,Sunženskij Rajon,"6,279","6,662","7,285",ingushetia
Inarki,Инарки,Village,Malgobekskij Rajon,"7,152","5,885","7,383",ingushetia
Jandare [Yandare],Яндаре,Village,Nazranovskij Rajon,"10,631","7,980","9,999",ingushetia
Kantyševo [Kantyshevo],Кантышево,Village,Nazranovskij Rajon,"15,737","15,706","16,783",ingushetia
Karabulak,Карабулак,City,Karabulak,"31,279","30,961","43,037",ingushetia
Magas,Магас,City,Magas,275,"2,502","15,271",ingushetia
Malgobek,Малгобек,City,Malgobek,"41,876","31,018","36,480",ingushetia
Nazran',Назрань,City,Nazran',"125,066","93,335","122,350",ingushetia
Nesterovskaja [Nesterovskaya],Нестеровская,Stanitsa,Sunženskij Rajon,"17,389","21,937","17,981",ingushetia
Nižnije Ačaluki [Nizhniye Achaluki],Нижние Ачалуки,Village,Malgobekskij Rajon,"4,756","4,375","4,985",ingushetia
Novyj Redant [Novy Redant],Новый Редант,Village,Malgobekskij Rajon,"4,523","3,689","6,284",ingushetia
Plijevo [Pliyevo],Плиево,Village,Nazranovskij Rajon,"13,892","13,685","16,440",ingushetia
Psedach [Psedakh],Пседах,Village,Malgobekskij Rajon,"6,312","4,606","6,066",ingushetia
Sagopši [Sagopshi],Сагопши,Village,Malgobekskij Rajon,"10,738","10,048","12,663",ingushetia
Srednije Ačaluki [Sredniye Achaluki],Средние Ачалуки,Village,Malgobekskij Rajon,"5,114","2,949","4,840",ingushetia
Sunža [Sunzha],Сунжа,City,Sunža,"65,112","61,598","62,078",ingushetia
Surchachi [Surkhakhi],Сурхахи,Village,Nazranovskij Rajon,"14,696","10,628","13,153",ingushetia
Troickaja [Troitskaya],Троицкая,Stanitsa,Sunženskij Rajon,"21,521","16,225","23,078",ingushetia
Zjazikov-Jurt [Zyazikov-Yurt],Зязиков-Юрт,Village,Malgobekskij Rajon,"2,737","4,027","4,653",ingushetia
Aleksejevsk [Alexeyevsk],Алексеевск,Urban Settlement,Kirenskij Rajon,"3,164","2,529","1,852",irkustsk
Alzamaj [Alzamay],Алзамай,City,Nižneudinskij Rajon,"7,383","6,730","5,373",irkustsk
Angarsk,Ангарск,City,Angarsk,"251,176","233,567","221,296",irkustsk
Artëmovskij [Artyomovsky],Артёмовский,Urban Settlement,Bodajbinskij Rajon,"2,185","1,539",910,irkustsk
Atagaj [Atagay],Атагай,Urban Settlement,Nižneudinskij Rajon,"1,853","1,740","1,336",irkustsk
Bajkal'sk [Baykalsk],Байкальск,City,Sljudjanskij Rajon,"15,727","13,583","13,199",irkustsk
Baklaši [Baklashi],Баклаши,Village,Šelechovskij Rajon,"2,306","3,730","8,869",irkustsk
Balachninskij [Balakhninsky],Балахнинский,Urban Settlement,Bodajbinskij Rajon,"1,720","1,300",925,irkustsk
Balagansk,Балаганск,Rural Settlement,Balaganskij Rajon,"4,307","4,109","3,811",irkustsk
Belorečenskij [Belorechensky],Белореченский,Urban Settlement,Usol'skij Rajon,"8,458","7,984","7,598",irkustsk
Birjusinsk [Biryusinsk],Бирюсинск,City,Tajšetskij Rajon,"10,004","8,981","8,632",irkustsk
Bochan [Bokhan],Бохан,Rural Settlement,Bochanskij Rajon,"5,425","5,169","5,127",irkustsk
Bodajbo [Bodaybo],Бодайбо,City,Bodajbinskij Rajon,"16,504","15,340","8,921",irkustsk
Bol'šaja Rečka [Bolshaya Rechka],Большая Речка,Urban Settlement,Irkutskij Rajon,"2,431","2,627","2,715",irkustsk
Bol'šoj Lug [Bolshoy Lug],Большой Луг,Rural Settlement,Šelechovskij Rajon,"4,508","5,015","4,472",irkustsk
Bratsk,Братск,City,Bratsk,"259,335","246,319","224,071",irkustsk
Čeremchovo [Cheremkhovo],Черемхово,City,Čeremchovo,"60,107","52,647","53,958",irkustsk
Chomutovo [Khomutovo],Хомутово,Village,Irkutskij Rajon,"5,049","7,528","15,064",irkustsk
Chrebtovaja [Khrebtovaya],Хребтовая,Urban Settlement,Nižneilimskij Rajon,"2,071","1,502","1,037",irkustsk
Čunskij [Chunsky],Чунский,Urban Settlement,Čunskij Rajon,"16,630","14,996","13,554",irkustsk
Dzeržinsk [Dzerzhinsk],Дзержинск,Rural Settlement,Irkutskij Rajon,"1,510","2,277","4,749",irkustsk
Granovščina [Granovshchina],Грановщина,Hamlet,Irkutskij Rajon,635,"1,279","8,302",irkustsk
Irkutsk,Иркутск,City,Irkutsk,"593,604","587,891","617,264",irkustsk
Jangel' [Yangel],Янгель,Urban Settlement,Nižneilimskij Rajon,"1,000","1,042",878,irkustsk
Jantal' [Yantal],Янталь,Urban Settlement,Ust'-Kutskij Rajon,"2,446","1,792","1,453",irkustsk
Jelancy [Yelantsy],Еланцы,Village,Ol'chonskij Rajon,"3,762","4,009","4,488",irkustsk
Jurty [Yurty],Юрты,Urban Settlement,Tajšetskij Rajon,"6,059","5,301","5,090",irkustsk
Kačug [Kachug],Качуг,Urban Settlement,Kačugskij Rajon,"7,733","7,011","6,421",irkustsk
Karluk,Карлук,Hamlet,Irkutskij Rajon,"1,816","2,572","4,950",irkustsk
Kirensk,Киренск,City,Kirenskij Rajon,"13,712","12,640","10,998",irkustsk
Kropotkin,Кропоткин,Urban Settlement,Bodajbinskij Rajon,"1,812","1,335","1,036",irkustsk
Kujtun [Kuytun],Куйтун,Urban Settlement,Kujtunskij Rajon,"10,847","10,097","9,838",irkustsk
Kultuk,Култук,Urban Settlement,Sljudjanskij Rajon,"4,262","3,728","3,408",irkustsk
Kunerma,Кунерма,Rural Settlement,Kazačinsko-Lenskij Rajon,161,59,25,irkustsk
Kutulik,Кутулик,Rural Settlement,Alarskij Rajon,"5,429","4,884","5,101",irkustsk
Kvitok,Квиток,Urban Settlement,Tajšetskij Rajon,"3,239","2,877","2,656",irkustsk
Lesogorsk,Лесогорск,Urban Settlement,Čunskij Rajon,"5,964","5,511","4,260",irkustsk
Listvjanka [Listvyanka],Листвянка,Urban Settlement,Irkutskij Rajon,"1,745","1,882","1,936",irkustsk
Lugovskij [Lugovsky],Луговский,Urban Settlement,Mamsko-Čujskij Rajon,633,503,397,irkustsk
Magistral'nyj [Magistralny],Магистральный,Urban Settlement,Kazačinsko-Lenskij Rajon,"7,627","7,067","5,804",irkustsk
Maksimovščina [Maksimovshchina],Максимовщина,Village,Irkutskij Rajon,"1,125","1,682","4,232",irkustsk
Mama,Мама,Urban Settlement,Mamsko-Čujskij Rajon,"4,352","3,630","2,556",irkustsk
Mamakan,Мамакан,Urban Settlement,Bodajbinskij Rajon,"2,288","2,068","1,768",irkustsk
Mamony,Мамоны,Village,Irkutskij Rajon,"1,642","3,154","7,272",irkustsk
Markova,Маркова,Urban Settlement,Irkutskij Rajon,"6,509","9,894","36,971",irkustsk
Meget,Мегет,Rural Settlement,Angarsk,"8,593","8,828","8,605",irkustsk
Michajlovka [Mikhaylovka],Михайловка,Urban Settlement,Čeremchovskij Rajon,"8,148","7,827","7,489",irkustsk
Mišelëvka [Mishelevka],Мишелёвка,Urban Settlement,Usol'skij Rajon,"7,729","7,789","4,740",irkustsk
Molodëžnyj [Molodyozhny],Молодёжный,Rural Settlement,Irkutskij Rajon,"1,259","6,640","9,219",irkustsk
Nižneudinsk [Nizhneudinsk],Нижнеудинск,City,Nižneudinskij Rajon,"39,624","36,999","29,995",irkustsk
Novaja Igirma [Novaya Igirma],Новая Игирма,Urban Settlement,Nižneilimskij Rajon,"10,965","10,161","9,137",irkustsk
Novobirjusinskij [Novobiryusinsky],Новобирюсинский,Urban Settlement,Tajšetskij Rajon,"4,984","4,767","3,489",irkustsk
Novonukutskij [Novonukutsky],Новонукутский,Rural Settlement,Nukutskij Rajon,"3,143","3,434","3,505",irkustsk
Ojëk [Oyok],Оёк,Village,Irkutskij Rajon,"3,470","3,678","3,861",irkustsk
Oktjabr'skij [Oktyabrsky],Октябрьский,Urban Settlement,Čunskij Rajon,"5,865","5,415","3,197",irkustsk
Olcha [Olkha],Олха,Hamlet,Šelechovskij Rajon,"1,301","1,744","3,047",irkustsk
Osa,Оса,Village,Osinskij Rajon,"4,486","4,523","4,939",irkustsk
Pad' Mel'ničnaja [Pad Melnichnaya],Падь Мельничная,Rural Settlement,Irkutskij Rajon,308,"1,139","4,706",irkustsk
Pivovaricha [Pivovarikha],Пивовариха,Village,Irkutskij Rajon,"2,434","3,506","4,847",irkustsk
Radiščev [Radishchev],Радищев,Urban Settlement,Nižneilimskij Rajon,"1,310","1,140",893,irkustsk
Rudnogorsk,Рудногорск,Urban Settlement,Nižneilimskij Rajon,"4,559","3,620","2,634",irkustsk
Sajansk [Sayansk],Саянск,City,Sajansk,"43,468","40,800","35,561",irkustsk
Šelechov [Shelekhov],Шелехов,City,Šelechovskij Rajon,"47,520","47,943","41,998",irkustsk
Šestakovo [Shestakovo],Шестаково,Rural Settlement,Nižneilimskij Rajon,"1,113",772,463,irkustsk
Šitkino [Shitkino],Шиткино,Urban Settlement,Tajšetskij Rajon,"2,426","1,966","1,574",irkustsk
Sljudjanka [Slyudyanka],Слюдянка,City,Sljudjanskij Rajon,"19,118","18,574","18,058",irkustsk
Smolenščina [Smolenshchina],Смоленщина,Village,Irkutskij Rajon,"2,387","3,214","5,899",irkustsk
Srednij [Sredny],Средний,Urban Settlement,Usol'skij Rajon,"5,268","5,352","4,895",irkustsk
Šumskij [Shumsky],Шумский,Urban Settlement,Nižneudinskij Rajon,"3,177","2,767","1,451",irkustsk
Svirsk,Свирск,City,Svirsk,"15,500","13,650","15,485",irkustsk
Tajšet [Tayshet],Тайшет,City,Tajšetskij Rajon,"38,535","35,485","34,491",irkustsk
Tajturka [Tayturka],Тайтурка,Urban Settlement,Usol'skij Rajon,"5,236","4,892","5,045",irkustsk
Tel'ma [Telma],Тельма,Urban Settlement,Usol'skij Rajon,"4,129","4,576","4,869",irkustsk
Tulun,Тулун,City,Tulun,"51,848","44,611","38,440",irkustsk
Tyret' 1-ja [Tyret 1-Ya],Тыреть 1-я,Urban Settlement,Zalarinskij Rajon,"4,191","3,855","3,564",irkustsk
Uk,Ук,Urban Settlement,Nižneudinskij Rajon,"2,404","1,827","1,314",irkustsk
Ul'kan [Ulkan],Улькан,Urban Settlement,Kazačinsko-Lenskij Rajon,"5,853","5,412","4,073",irkustsk
Usolje-Sibirskoje [Usolye-Sibirskoye],Усолье-Сибирское,City,Usolje-Sibirskoje,"90,161","83,327","74,762",irkustsk
Ust'-Ilimsk [Ust-Ilimsk],Усть-Илимск,City,Ust'-Ilimsk,"100,592","86,610","79,570",irkustsk
Ust'-Kuda [Ust-Kuda],Усть-Куда,Hamlet,Irkutskij Rajon,"1,451","2,010","4,846",irkustsk
Ust'-Kut [Ust-Kut],Усть-Кут,City,Ust'-Kutskij Rajon,"49,951","45,375","36,918",irkustsk
Ust'-Ordynskij [Ust-Ordynsky],Усть-Ордынский,Rural Settlement,Èchirit-Bulagatskij Rajon,"14,335","14,891","15,364",irkustsk
Ust'-Uda [Ust-Uda],Усть-Уда,Rural Settlement,Ust'-Udinskij Rajon,"5,307","5,173","4,918",irkustsk
Vichorevka [Vikhorevka],Вихоревка,City,Bratskij Rajon,"24,763","22,520","21,719",irkustsk
Vidim,Видим,Urban Settlement,Nižneilimskij Rajon,"1,453","1,236",930,irkustsk
Vitimskij [Vitimsky],Витимский,Urban Settlement,Mamsko-Čujskij Rajon,909,457,245,irkustsk
Zalari,Залари,Urban Settlement,Zalarinskij Rajon,"10,041","9,600","9,879",irkustsk
Železnodorožnyj [Zheleznodorozhny],Железнодорожный,Urban Settlement,Ust'-Ilimskij Rajon,"7,832","7,032","5,956",irkustsk
Železnogorsk-Ilimskij [Zheleznogorsk-Ilimsky],Железногорск-Илимский,City,Nižneilimskij Rajon,"29,093","26,079","21,621",irkustsk
Žigalovo [Zhigalovo],Жигалово,Urban Settlement,Žigalovskij Rajon,"5,412","5,369","5,494",irkustsk
Zima,Зима,City,Zima,"34,899","32,508","30,640",irkustsk
Zvëzdnyj [Zvyozdny],Звёздный,Urban Settlement,Ust'-Kutskij Rajon,"1,228",957,775,irkustsk
Furmanov,Фурманов,City,Furmanovskij Rajon,"39,691","36,144","29,715",ivanovo
Gavrilov Posad,Гаврилов Посад,City,Gavrilovo-Posadskij Rajon,"7,193","6,434","5,429",ivanovo
Il'inskoje-Chovanskoje [Ilyinskoye-Khovanskoye],Ильинское-Хованское,Urban Settlement,Il'inskij Rajon,"3,768","3,426","3,092",ivanovo
Ivanovo,Иваново,City,Ivanovo,"431,721","408,330","361,644",ivanovo
Jurjevec [Yuryevets],Юрьевец,City,Jurjeveckij Rajon,"12,664","10,210","7,899",ivanovo
Juža [Yuzha],Южа,City,Južskij Rajon,"15,636","14,170","12,957",ivanovo
Kamenka,Каменка,Urban Settlement,Vičugskij Rajon,"4,269","3,981","3,689",ivanovo
Kinešma [Kineshma],Кинешма,City,Kinešma,"95,233","88,164","77,694",ivanovo
Kochma [Kokhma],Кохма,City,Kochma,"28,761","29,411","30,940",ivanovo
Kolobovo,Колобово,Urban Settlement,Šujskij Rajon,"3,013","2,451","2,387",ivanovo
Komsomol'sk [Komsomolsk],Комсомольск,City,Komsomol'skij Rajon,"9,595","8,693","8,364",ivanovo
Ležnevo [Lezhnevo],Лежнево,Urban Settlement,Ležnevskij Rajon,"8,314","8,034","7,297",ivanovo
Luch [Lukh],Лух,Urban Settlement,Luchskij Rajon,"3,268","3,024","2,572",ivanovo
Navoloki,Наволоки,City,Kinešemskij Rajon,"11,248","10,206","8,167",ivanovo
Nerl',Нерль,Urban Settlement,Tejkovskij Rajon,"2,373","2,052","2,016",ivanovo
Novopiscovo [Novopistsovo],Новописцово,Urban Settlement,Vičugskij Rajon,"3,172","2,748","2,322",ivanovo
Novo-Talicy [Novo-Talitsy],Ново-Талицы,Village,Ivanovskij Rajon,"8,844","8,563","7,955",ivanovo
Palech [Palekh],Палех,Urban Settlement,Palechskij Rajon,"5,814","5,337","4,633",ivanovo
Pestjaki [Pestyaki],Пестяки,Urban Settlement,Pestjakovskij Rajon,"4,319","4,028","3,097",ivanovo
Petrovskij [Petrovsky],Петровский,Urban Settlement,Gavrilovo-Posadskij Rajon,"3,047","2,558","1,883",ivanovo
Piscovo [Pistsovo],Писцово,Village,Komsomol'skij Rajon,"2,873","3,629","3,717",ivanovo
Plës [Plyos],Плёс,City,Privolžskij Rajon,"2,790","2,340","1,896",ivanovo
Privolžsk [Privolzhsk],Приволжск,City,Privolžskij Rajon,"18,385","16,747","14,332",ivanovo
Pučež [Puchezh],Пучеж,City,Pučežskij Rajon,"10,345","8,588","6,879",ivanovo
Rodniki,Родники,City,Rodnikovskij Rajon,"28,447","26,310","24,101",ivanovo
Savino,Савино,Urban Settlement,Savinskij Rajon,"6,349","5,507","4,722",ivanovo
Staraja Vičuga [Staraya Vichuga],Старая Вичуга,Urban Settlement,Vičugskij Rajon,"5,797","5,325","4,568",ivanovo
Šuja [Shuya],Шуя,City,Šuja,"62,449","58,486","55,225",ivanovo
Tejkovo [Teykovo],Тейково,City,Tejkovo,"36,686","34,976","31,305",ivanovo
Verchnij Landech [Verkhny Landekh],Верхний Ландех,Urban Settlement,Verchnelandechovskij Rajon,"2,080","2,027","1,633",ivanovo
Vičuga [Vichuga],Вичуга,City,Vičuga,"40,870","37,583","30,694",ivanovo
Zavolžsk [Zavolzhsk],Заволжск,City,Zavolžskij Rajon,"13,455","12,045","8,896",ivanovo
Bol'šoje Selo [Bolshoye Selo],Большое Село,Village,Bol'šesel'skij Rajon,"3,721","3,522","3,455",yaroslavl
Borisoglebskij [Borisoglebsky],Борисоглебский,Urban Settlement,Borisoglebskij Rajon,"5,957","5,646","5,453",yaroslavl
Burmakino,Бурмакино,Urban Settlement,Nekrasovskij Rajon,"3,389","2,945","2,610",yaroslavl
Danilov,Данилов,City,Danilovskij Rajon,"17,245","15,861","13,677",yaroslavl
Gavrilov-Jam [Gavrilov-Yam],Гаврилов-Ям,City,Gavrilov-Jamskij Rajon,"19,105","17,791","16,084",yaroslavl
Išnja [Ishnya],Ишня,Urban Settlement,Rostovskij Rajon,"3,368","3,127","2,733",yaroslavl
Ivnjaki [Ivnyaki],Ивняки,Rural Settlement,Jaroslavskij Rajon,"2,546","2,709","4,570",yaroslavl
Jaroslavl' [Yaroslavl],Ярославль,City,Jaroslavl',"613,088","591,486","577,279",yaroslavl
Konstantinovskij [Konstantinovsky],Константиновский,Urban Settlement,Tutajevskij Rajon,"5,840","5,613","5,054",yaroslavl
Krasnyj Bor [Krasny Bor],Красный Бор,Rural Settlement,Jaroslavskij Rajon,462,"1,023","6,618",yaroslavl
Krasnyj Profintern [Krasny Profintern],Красный Профинтерн,Urban Settlement,Nekrasovskij Rajon,"1,499","1,256","1,088",yaroslavl
Kuznečicha [Kuznechikha],Кузнечиха,Hamlet,Jaroslavskij Rajon,"3,296","3,156","4,209",yaroslavl
Lesnaja Poljana [Lesnaya Polyana],Лесная Поляна,Urban Settlement,Jaroslavskij Rajon,"3,158","2,974","2,492",yaroslavl
Ljubim [Lyubim],Любим,City,Ljubimskij Rajon,"6,254","5,555","5,037",yaroslavl
Myškin [Myshkin],Мышкин,City,Myškinskij Rajon,"6,076","5,932","5,621",yaroslavl
Nekrasovskoje [Nekrasovskoye],Некрасовское,Urban Settlement,Nekrasovskij Rajon,"6,489","6,154","6,079",yaroslavl
Novyj Nekouz [Novy Nekouz],Новый Некоуз,Village,Nekouzskij Rajon,"3,707","3,462","3,260",yaroslavl
Pereslavl'-Zalesskij [Pereslavl-Zalessky],Переславль-Залесский,City,Pereslavl'-Zalesskij,"43,379","41,925","37,738",yaroslavl
Petrovskoje [Petrovskoye],Петровское,Urban Settlement,Rostovskij Rajon,"5,438","4,875","4,478",yaroslavl
Porečje-Rybnoje [Porechye-Rybnoye],Поречье-Рыбное,Urban Settlement,Rostovskij Rajon,"1,875","1,727","1,447",yaroslavl
Pošechonje [Poshekhonye],Пошехонье,City,Pošechonskij Rajon,"6,973","6,084","5,150",yaroslavl
Prečistoje [Prechistoye],Пречистое,Urban Settlement,Pervomajskij Rajon,"5,092","4,846","4,486",yaroslavl
Rostov,Ростов,City,Rostovskij Rajon,"34,141","31,792","28,122",yaroslavl
Rybinsk,Рыбинск,City,Rybinsk,"222,653","200,771","177,295",yaroslavl
Semibratovo,Семибратово,Urban Settlement,Rostovskij Rajon,"7,672","7,096","6,511",yaroslavl
Tutajev [Tutayev],Тутаев,City,Tutajevskij Rajon,"42,644","41,005","39,643",yaroslavl
Uglič [Uglich],Углич,City,Ugličskij Rajon,"38,260","34,507","32,719",yaroslavl
Amurzet,Амурзет,Village,Oktjabr'skij Rajon,"5,382","5,051","3,953",jewish
Babstovo,Бабстово,Village,Leninskij Rajon,"3,804","4,465","4,024",jewish
Bira,Бира,Urban Settlement,Oblučenskij Rajon,"4,311","3,167","2,847",jewish
Birobidžan [Birobidzhan],Биробиджан,City,Birobidžan,"77,250","75,413","70,064",jewish
Chingansk [Khingansk],Хинганск,Urban Settlement,Oblučenskij Rajon,"2,161","1,459",909,jewish
Izvestkovyj [Izvestkovy],Известковый,Urban Settlement,Oblučenskij Rajon,"2,229","1,809","1,357",jewish
Kul'dur [Kuldur],Кульдур,Urban Settlement,Oblučenskij Rajon,"1,957","1,609","1,355",jewish
Leninskoje [Leninskoye],Ленинское,Village,Leninskij Rajon,"7,048","6,109","4,785",jewish
Londoko-zavod,Лондоко-завод,Urban Settlement,Oblučenskij Rajon,"1,340","1,067","1,031",jewish
Nikolajevka [Nikolayevka],Николаевка,Urban Settlement,Smidovičskij Rajon,"7,650","7,912","6,272",jewish
Oblučje [Obluchye],Облучье,City,Oblučenskij Rajon,"11,069","9,379","7,959",jewish
Priamurskij [Priamursky],Приамурский,Urban Settlement,Smidovičskij Rajon,"3,675","4,047","3,158",jewish
Ptičnik [Ptichnik],Птичник,Village,Birobidžanskij Rajon,"2,969","3,194","3,055",jewish
Smidovič [Smidovich],Смидович,Urban Settlement,Smidovičskij Rajon,"5,905","5,120","4,298",jewish
Teploozërsk,Теплоозёрск,Urban Settlement,Oblučenskij Rajon,"5,124","4,311","3,540",jewish
Voločajevka-2 [Volochayevka-2],Волочаевка-2,Urban Settlement,Smidovičskij Rajon,"2,035","1,937","1,943",jewish
Aleksandrovskaja [Alexandrovskaya],Александровская,Stanitsa,Majskij Rajon,"3,897","3,701","3,705",kabardino-balkaria
Altud,Алтуд,Village,Prochladnenskij Rajon,"5,416","5,326","6,091",kabardino-balkaria
Anzorej [Anzorey],Анзорей,Village,Leskenskij Rajon,"6,931","6,551","7,631",kabardino-balkaria
Argudan,Аргудан,Village,Leskenskij Rajon,"8,010","8,185","8,910",kabardino-balkaria
Atažukino [Atazhukino],Атажукино,Village,Baksanskij Rajon,"5,663","5,516","6,101",kabardino-balkaria
Aušiger [Aushiger],Аушигер,Village,Čerekskij Rajon,"4,811","4,807","5,105",kabardino-balkaria
Babugent,Бабугент,Village,Čerekskij Rajon,"2,893","3,408","3,897",kabardino-balkaria
Baksan,Баксан,City,Baksan,"35,805","36,860","39,593",kabardino-balkaria
Baksanënok [Baksanyonok],Баксанёнок,Village,Baksanskij Rajon,"6,853","7,220","8,531",kabardino-balkaria
Belaja Rečka [Belaya Rechka],Белая Речка,Village,Nal'čik,"3,324","3,430","3,776",kabardino-balkaria
Čegem [Chegem],Чегем,City,Čegemskij Rajon,"17,893","18,019","20,736",kabardino-balkaria
Čegem Vtoroj [Chegem Vtoroy],Чегем Второй,Village,Čegemskij Rajon,"10,632","10,769","10,689",kabardino-balkaria
Chasan'ja [Khasanya],Хасанья,Village,Nal'čik,"10,190","10,829","9,772",kabardino-balkaria
Chatujej [Khatuyey],Хатуей,Village,Leskenskij Rajon,"3,736","3,549","3,876",kabardino-balkaria
Dejskoje [Deyskoye],Дейское,Village,Terskij Rajon,"4,598","4,630","5,029",kabardino-balkaria
Dygulybgej [Dygulybgey],Дыгулыбгей,Village,Baksan,"20,355","20,228","20,852",kabardino-balkaria
Èl'brus [Elbrus],Эльбрус,Village,Èl'brusskij Rajon,"3,375","3,137","3,818",kabardino-balkaria
Germenčik [Germenchik],Герменчик,Village,Urvanskij Rajon,"4,009","3,838","4,058",kabardino-balkaria
Islamej [Islamey],Исламей,Village,Baksanskij Rajon,"10,582","11,261","11,760",kabardino-balkaria
Janikoj [Yanikoy],Яникой,Village,Čegemskij Rajon,"2,685","2,792","3,505",kabardino-balkaria
Jekaterinogradskaja [Yekaterinogradskaya],Екатериноградская,Stanitsa,Prochladnenskij Rajon,"3,729","3,675","3,632",kabardino-balkaria
Kachun [Kakhun],Кахун,Village,Urvanskij Rajon,"7,272","7,106","7,814",kabardino-balkaria
Kamennomostskoje [Kamennomostskoye],Каменномостское,Village,Zol'skij Rajon,"6,132","5,758","6,040",kabardino-balkaria
Karagač [Karagach],Карагач,Village,Prochladnenskij Rajon,"5,699","5,740","6,574",kabardino-balkaria
Këndelen [Kyondelen],Кёнделен,Village,Èl'brusskij Rajon,"5,855","6,338","6,837",kabardino-balkaria
Kenže [Kenzhe],Кенже,Village,Nal'čik,"10,326","9,669","9,969",kabardino-balkaria
Kišpek [Kishpek],Кишпек,Village,Baksanskij Rajon,"4,201","4,554","4,917",kabardino-balkaria
Kotljarevskaja [Kotlyarevskaya],Котляревская,Stanitsa,Majskij Rajon,"3,774","3,468","3,193",kabardino-balkaria
Kuba,Куба,Village,Baksanskij Rajon,"5,018","5,058","5,161",kabardino-balkaria
Kuba-Taba,Куба-Таба,Village,Baksanskij Rajon,"3,086","3,068","3,134",kabardino-balkaria
Lečinkaj [Lechinkay],Лечинкай,Village,Čegemskij Rajon,"4,208","4,206","5,309",kabardino-balkaria
Majskij [Maysky],Майский,City,Majskij Rajon,"27,037","26,755","26,632",kabardino-balkaria
Malka,Малка,Village,Zol'skij Rajon,"7,010","6,664","7,143",kabardino-balkaria
Nal'čik [Nalchik],Нальчик,City,Nal'čik,"274,974","240,203","247,054",kabardino-balkaria
Nartan,Нартан,Village,Čegemskij Rajon,"12,325","12,813","16,075",kabardino-balkaria
Nartkala,Нарткала,City,Urvanskij Rajon,"33,775","31,694","33,203",kabardino-balkaria
Nižnij Čerek [Nizhny Cherek],Нижний Черек,Village,Urvanskij Rajon,"3,008","2,999","3,064",kabardino-balkaria
Nižnij Kurkužin [Nizhny Kurkuzhin],Нижний Куркужин,Village,Baksanskij Rajon,"3,567","3,600","3,601",kabardino-balkaria
Planovskoje [Planovskoye],Плановское,Village,Terskij Rajon,"3,381","3,456","3,641",kabardino-balkaria
Primalkinskoje [Primalkinskoye],Прималкинское,Village,Prochladnenskij Rajon,"4,731","4,636","5,664",kabardino-balkaria
Prochladnyj [Prokhladny],Прохладный,City,Prochladnyj,"61,772","59,601","59,938",kabardino-balkaria
Psygansu,Псыгансу,Village,Urvanskij Rajon,"6,685","6,419","6,990",kabardino-balkaria
Šaluška [Shalushka],Шалушка,Village,Čegemskij Rajon,"11,240","11,158","13,660",kabardino-balkaria
Sarmakovo,Сармаково,Village,Zol'skij Rajon,"9,309","8,007","8,498",kabardino-balkaria
Soldatskaja [Soldatskaya],Солдатская,Stanitsa,Prochladnenskij Rajon,"4,516","4,344","4,622",kabardino-balkaria
Staryj Čerek [Stary Cherek],Старый Черек,Village,Urvanskij Rajon,"6,507","6,203","6,738",kabardino-balkaria
Terek,Терек,City,Terskij Rajon,"20,255","19,170","19,948",kabardino-balkaria
Tyrnyauz,Тырныауз,City,Èl'brusskij Rajon,"21,092","21,000","22,056",kabardino-balkaria
Uruch [Urukh],Урух,Village,Leskenskij Rajon,"4,233","4,122","4,519",kabardino-balkaria
Urvan',Урвань,Village,Urvanskij Rajon,"5,324","5,380","5,696",kabardino-balkaria
Verchnij Kurkužin [Verkhny Kurkuzhin],Верхний Куркужин,Village,Baksanskij Rajon,"3,038","3,060","3,056",kabardino-balkaria
Verchnjaja Balkarija [Verkhnyaya Balkariya],Верхняя Балкария,Village,Čerekskij Rajon,"3,957","4,177","5,066",kabardino-balkaria
Zajukovo [Zayukovo],Заюково,Village,Baksanskij Rajon,"10,252","11,229","11,976",kabardino-balkaria
Žemtala [Zhemtala],Жемтала,Village,Čerekskij Rajon,"3,171","3,260","3,126",kabardino-balkaria
Bagrationovsk,Багратионовск,City,Bagrationovsk,"7,216","6,400","6,417",kaliningrad
Baltijsk [Baltiysk],Балтийск,City,Baltijsk,"33,252","32,697","26,796",kaliningrad
Bol'šoje Isakovo [Bolshoye Isakovo],Большое Исаково,Rural Settlement,Gurjevskij,"2,499","3,187","6,877",kaliningrad
Černjachovsk [Chernyakhovsk],Черняховск,City,Černjachovsk,"44,323","40,449","36,128",kaliningrad
Golubevo,Голубево,Rural Settlement,Gurjevskij,244,351,"3,739",kaliningrad
Gurjevsk [Guryevsk],Гурьевск,City,Gurjevskij,"10,913","12,431","26,760",kaliningrad
Gusev,Гусев,City,Gusevskij,"28,467","28,260","29,234",kaliningrad
Gvardejsk [Gvardeysk],Гвардейск,City,Gvardejskij,"14,572","13,899","14,122",kaliningrad
Jantarnyj [Yantarny],Янтарный,Urban Settlement,Jantarnyj,"5,455","5,524","6,645",kaliningrad
Kaliningrad,Калининград,City,Kaliningrad,"430,003","431,902","490,449",kaliningrad
Krasnoznamensk,Краснознаменск,City,Krasnoznamenskij,"3,751","3,522","3,419",kaliningrad
Laduškin [Ladushkin],Ладушкин,City,Laduškin,"3,796","3,787","3,666",kaliningrad
Lugovoje [Lugovoye],Луговое,Rural Settlement,Gurjevskij,"1,233","1,716","3,319",kaliningrad
Maloje Isakovo [Maloye Isakovo],Малое Исаково,Rural Settlement,Gurjevskij,"1,697","2,543","5,467",kaliningrad
Mamonovo,Мамоново,City,Mamonovo,"7,393","7,761","8,314",kaliningrad
Neman,Неман,City,Neman,"12,714","11,798","9,255",kaliningrad
Nesterov,Нестеров,City,Nesterov,"5,049","4,595","3,336",kaliningrad
Ozërsk [Ozyorsk],Озёрск,City,Ozërskij,"5,801","4,740","4,152",kaliningrad
Pionerskij [Pionersky],Пионерский,City,Pionerskij,"11,816","11,016","12,794",kaliningrad
Polessk,Полесск,City,Polessk,"7,681","7,581","6,926",kaliningrad
Pravdinsk,Правдинск,City,Pravdinskij,"4,480","4,323","3,986",kaliningrad
Primorsk,Приморск,City,Baltijsk,"2,150","1,956","1,436",kaliningrad
Slavsk,Славск,City,Slavskij,"5,172","4,614","4,153",kaliningrad
Sovetsk,Советск,City,Sovetsk,"43,224","41,705","38,910",kaliningrad
Svetlogorsk,Светлогорск,City,Svetlogorsk,"10,950","10,772","16,207",kaliningrad
Svetlyj [Svetly],Светлый,City,Svetlovskij,"21,745","21,375","21,114",kaliningrad
Vasil'kovo [Vasilkovo],Васильково,Rural Settlement,Gurjevskij,"4,236","4,527","8,667",kaliningrad
Zelenogradsk,Зеленоградск,City,Zelenogradskij,"12,509","13,026","16,625",kaliningrad
Znamensk,Знаменск,Rural Settlement,Gvardejskij,"4,302","4,036","3,820",kaliningrad
Aršan [Arshan],Аршан,Rural Settlement,Èlista,"3,638","3,927","3,900",kalmykia
Bol'šoj Caryn [Bolshoy Tsaryn],Большой Царын,Rural Settlement,Oktjabr'skij Rajon,"5,070","5,497","4,447",kalmykia
Cagan Aman [Tsagan Aman],Цаган Аман,Rural Settlement,Justinskij Rajon,"5,926","6,027","5,578",kalmykia
Èlista [Elista],Элиста,City,Èlista,"104,254","103,749","102,583",kalmykia
Gorodovikovsk,Городовиковск,City,Gorodovikovskij Rajon,"10,940","9,565","8,285",kalmykia
Iki-Burul,Ики-Бурул,Rural Settlement,Iki-Burul'skij Rajon,"3,810","4,051","3,348",kalmykia
Jašalta [Yashalta],Яшалта,Village,Jašaltinskij Rajon,"4,851","4,716","4,457",kalmykia
Jaškul' [Yashkul],Яшкуль,Rural Settlement,Jaškul'skij Rajon,"7,399","7,861","7,763",kalmykia
Ketčenery [Ketchenery],Кетченеры,Rural Settlement,Ketčenerovskij Rajon,"3,938","3,908","3,242",kalmykia
Komsomol'skij [Komsomolsky],Комсомольский,Rural Settlement,Černozemel'skij Rajon,"3,983","4,525","4,261",kalmykia
Lagan',Лагань,City,Laganskij Rajon,"14,345","14,323","13,834",kalmykia
Malyje Derbety [Malye Derbety],Малые Дербеты,Village,Maloderbetovskij Rajon,"5,980","6,434","6,286",kalmykia
Prijutnoje [Priyutnoye],Приютное,Village,Prijutnenskij Rajon,"5,785","6,010","5,182",kalmykia
Sadovoje [Sadovoye],Садовое,Village,Sarpinskij Rajon,"6,505","6,530","5,775",kalmykia
Troickoje [Troitskoye],Троицкое,Village,Celinnyj Rajon,"10,298","11,943","12,964",kalmykia
Babynino,Бабынино,Rural Settlement,Babyninskij Rajon,"4,054","3,725","3,823",kaluga
Balabanovo,Балабаново,City,Borovskij Rajon,"23,312","26,337","29,029",kaluga
Belousovo,Белоусово,City,Žukovskij Rajon,"8,515","8,412","10,946",kaluga
Betlica [Betlitsa],Бетлица,Rural Settlement,Kujbyševskij Rajon,"3,868","3,589","3,959",kaluga
Borovsk,Боровск,City,Borovskij Rajon,"11,917","12,283","12,598",kaluga
Chvastoviči [Khvastovichi],Хвастовичи,Village,Chvastovičskij Rajon,"4,596","4,509","4,425",kaluga
Detčino [Detchino],Детчино,Village,Malojaroslaveckij Rajon,"4,892","5,010","4,881",kaluga
Duminiči [Duminichi],Думиничи,Urban Settlement,Duminičskij Rajon,"7,866","6,326","5,474",kaluga
Ferzikovo,Ферзиково,Rural Settlement,Ferzikovskij Rajon,"4,392","4,696","4,472",kaluga
Gorodok,Городок,Rural Settlement,Žukovskij Rajon,0,86,55,kaluga
Imeni L'va Tolstogo [Imeni Lva Tolstogo],Имени Льва Толстого,Village,Dzeržinskij Rajon,"3,594","3,681","3,590",kaluga
Jermolino [Yermolino],Ермолино,City,Borovskij Rajon,"9,454","10,409","10,809",kaluga
Juchnov [Yukhnov],Юхнов,City,Juchnovskij Rajon,"7,692","7,056","6,610",kaluga
Kabicyno [Kabitsyno],Кабицыно,Hamlet,Borovskij Rajon,50,270,"4,193",kaluga
Kaluga,Калуга,City,Kaluga,"334,751","324,698","337,058",kaluga
Kirov,Киров,City,Kirovskij Rajon,"38,893","31,882","28,097",kaluga
Kondrovo,Кондрово,City,Dzeržinskij Rajon,"17,177","16,672","15,734",kaluga
Kozel'sk [Kozelsk],Козельск,City,Kozel'skij Rajon,"19,907","18,245","16,759",kaluga
Kremënki [Kremyonki],Кремёнки,City,Žukovskij Rajon,"12,128","11,582","11,745",kaluga
Ljudinovo [Lyudinovo],Людиново,City,Ljudinovskij Rajon,"41,829","40,530","35,874",kaluga
Malojaroslavec [Maloyaroslavets],Малоярославец,City,Malojaroslaveckij Rajon,"31,606","30,392","41,836",kaluga
Marinki,Маринки,Hamlet,Žukovskij Rajon,232,"4,133","3,484",kaluga
Medyn',Медынь,City,Medynskij Rajon,"7,940","8,300","8,200",kaluga
Meščovsk [Meshchovsk],Мещовск,City,Meščovskij Rajon,"4,540","4,100","3,810",kaluga
Mosal'sk [Mosalsk],Мосальск,City,Mosal'skij Rajon,"4,380","4,288","4,234",kaluga
Mstichino [Mstikhino],Мстихино,Hamlet,Kaluga,"1,892","2,658","3,464",kaluga
Obninsk,Обнинск,City,Obninsk,"105,706","104,739","125,376",kaluga
Peremyšl' [Peremyshl],Перемышль,Village,Peremyšl'skij Rajon,"3,235","3,279","3,603",kaluga
Pjatovskij [Pyatovsky],Пятовский,Urban Settlement,Dzeržinskij Rajon,"3,019","2,984","2,649",kaluga
Polotnjanyj Zavod [Polotnyany Zavod],Полотняный Завод,Urban Settlement,Dzeržinskij Rajon,"5,742","5,224","4,976",kaluga
Seredejskij [Seredeysky],Середейский,Urban Settlement,Suchiničskij Rajon,"1,948","1,819","1,766",kaluga
Sosenskij [Sosensky],Сосенский,City,Kozel'skij Rajon,"12,623","12,392","11,413",kaluga
Spas-Demensk,Спас-Деменск,City,Spas-Demenskij Rajon,"5,296","4,896","4,569",kaluga
Suchiniči [Sukhinichi],Сухиничи,City,Suchiničskij Rajon,"16,387","16,273","14,806",kaluga
Tarusa,Таруса,City,Tarusskij Rajon,"9,893","9,660","9,918",kaluga
Tovarkovo,Товарково,Urban Settlement,Dzeržinskij Rajon,"14,454","14,496","15,606",kaluga
Ul'janovo [Ulyanovo],Ульяново,Village,Ul'janovskij Rajon,"3,085","3,022","3,078",kaluga
Vorotynsk,Воротынск,Urban Settlement,Babyninskij Rajon,"11,099","11,288","10,667",kaluga
Vypolzovo,Выползово,Hamlet,Kirovskij Rajon,252,"4,741","4,243",kaluga
Žiletovo [Zhiletovo],Жилетово,Hamlet,Dzeržinskij Rajon,"3,031","3,090","3,052",kaluga
Žizdra [Zhizdra],Жиздра,City,Žizdrinskij Rajon,"5,719","5,585","5,545",kaluga
Žukov [Zhukov],Жуков,City,Žukovskij Rajon,"12,306","12,131","16,224",kaluga
Jelizovo [Yelizovo],Елизово,City,Jelizovskij Rajon,"41,533","39,569","36,240",kamchatka
Ključi [Klyuchi],Ключи,Rural Settlement,Ust'-Kamčatskij Rajon,"7,073","5,726","4,283",kamchatka
Mil'kovo [Milkovo],Мильково,Village,Mil'kovskij Rajon,"9,243","8,251","7,352",kamchatka
Palana,Палана,Urban Settlement,Palana,"3,928","3,155","2,837",kamchatka
Petropavlovsk-Kamčatskij [Petropavlovsk-Kamchatsky],Петропавловск-Камчатский,City,Petropavlovsk-Kamčatskij,"198,028","179,780","164,900",kamchatka
Ust'-Kamčatsk [Ust-Kamchatsk],Усть-Камчатск,Rural Settlement,Ust'-Kamčatskij Rajon,"5,231","4,352","3,548",kamchatka
Viljučinsk [Vilyuchinsk],Вилючинск,City,Viljučinsk,"24,166","22,905","21,774",kamchatka
Vulkannyj [Vulkanny],Вулканный,Urban Settlement,Jelizovskij Rajon,"1,631","1,608","1,329",kamchatka
Adyge-Chabl' [Adyge-Khabl],Адыге-Хабль,Aul,Adyge-Chabl'skij Rajon,"3,650","3,946","4,476",karachay-cherkessia
Ali-Berdukovskij [Ali-Berdukovsky],Али-Бердуковский,Aul,Chabezskij Rajon,"5,071","5,354","5,447",karachay-cherkessia
Beslenej [Besleney],Бесленей,Aul,Chabezskij Rajon,"3,175","3,520","3,576",karachay-cherkessia
Čapajevskoje [Chapayevskoye],Чапаевское,Village,Prikubanskij Rajon,"4,552","5,154","5,458",karachay-cherkessia
Čerkessk [Cherkessk],Черкесск,City,Čerkessk,"116,244","129,069","113,226",karachay-cherkessia
Chabez [Khabez],Хабез,Aul,Chabezskij Rajon,"5,781","6,240","6,624",karachay-cherkessia
Dombaj [Dombay],Домбай,Urban Settlement,Karačajevskij,403,657,665,karachay-cherkessia
Družba [Druzhba],Дружба,Village,Prikubanskij Rajon,"3,139","3,401","3,112",karachay-cherkessia
Èl'brusskij [Elbrussky],Эльбрусский,Urban Settlement,Karačajevskij,242,320,291,karachay-cherkessia
Èrken-Šachar [Erken-Shakhar],Эркен-Шахар,Rural Settlement,Nogajskij Rajon,"4,152","4,184","4,466",karachay-cherkessia
Ikon-Chalk [Ikon-Khalk],Икон-Халк,Aul,Nogajskij Rajon,"4,202","4,353","4,575",karachay-cherkessia
Ispravnaja [Ispravnaya],Исправная,Stanitsa,Zelenčukskij Rajon,"4,586","4,286","4,429",karachay-cherkessia
Kamennomost,Каменномост,Aul,Karačajevskij Rajon,"1,601","3,174","3,274",karachay-cherkessia
Karačajevsk [Karachayevsk],Карачаевск,City,Karačajevskij,"22,113","21,483","23,867",karachay-cherkessia
Kardonikskaja [Kardonikskaya],Кардоникская,Stanitsa,Zelenčukskij Rajon,"7,796","7,091","7,582",karachay-cherkessia
Kavkazskij [Kavkazsky],Кавказский,Rural Settlement,Prikubanskij Rajon,"3,039","3,022","3,053",karachay-cherkessia
Krasnyj Kurgan [Krasny Kurgan],Красный Курган,Village,Malokaračajevskij Rajon,"3,229","3,761","4,029",karachay-cherkessia
Krasnyj Vostok [Krasny Vostok],Красный Восток,Village,Malokaračajevskij Rajon,"3,297","3,335","3,889",karachay-cherkessia
Kumyš [Kumysh],Кумыш,Aul,Karačajevskij Rajon,"4,287","4,896","5,123",karachay-cherkessia
Kurdžinovo [Kurdzhinovo],Курджиново,Village,Urupskij Rajon,"4,216","5,994","6,013",karachay-cherkessia
Kyzyl-Oktjabr' [Kyzyl-Oktyabr],Кызыл-Октябрь,Aul,Zelenčukskij Rajon,"3,587","3,515","3,791",karachay-cherkessia
Mara-Ajag''y [Mara-Ayagay],Мара-Аягъы,Rural Settlement,Karačajevskij,"3,576","3,980","3,422",karachay-cherkessia
Mednogorskij [Mednogorsky],Медногорский,Urban Settlement,Urupskij Rajon,"4,309","5,960","5,631",karachay-cherkessia
Novaja Džeguta [Novaya Dzheguta],Новая Джегута,Aul,Ust'-Džegutinskij Rajon,"3,718","4,008","4,084",karachay-cherkessia
Novyj Karačaj [Novy Karachay],Новый Карачай,Urban Settlement,Karačajevskij Rajon,"2,163","3,035","3,198",karachay-cherkessia
Ordžonikidzevskij [Ordzhonikidzevsky],Орджоникидзевский,Urban Settlement,Karačajevskij,"3,232","3,039","2,919",karachay-cherkessia
Pervomajskoje [Pervomayskoye],Первомайское,Village,Malokaračajevskij Rajon,"5,322","5,904","6,474",karachay-cherkessia
Pravokubanskij [Pravokubansky],Правокубанский,Urban Settlement,Karačajevskij Rajon,"2,958","3,187","3,300",karachay-cherkessia
Pregradnaja [Pregradnaya],Преградная,Stanitsa,Urupskij Rajon,"6,566","7,466","7,553",karachay-cherkessia
Psyž [Psyzh],Псыж,Aul,Abazinskij Rajon,"6,810","8,182","8,720",karachay-cherkessia
Sary-Tjuz [Sary-Tyuz],Сары-Тюз,Aul,Ust'-Džegutinskij Rajon,"3,174","4,297","4,186",karachay-cherkessia
Storoževaja [Storozhevaya],Сторожевая,Stanitsa,Zelenčukskij Rajon,"7,951","9,952","10,315",karachay-cherkessia
Teberda,Теберда,City,Karačajevskij,"7,827","9,058","9,020",karachay-cherkessia
Tereze,Терезе,Village,Malokaračajevskij Rajon,"6,307","7,059","6,610",karachay-cherkessia
Učkeken [Uchkeken],Учкекен,Village,Malokaračajevskij Rajon,"15,052","16,512","15,849",karachay-cherkessia
Udarnyj [Udarny],Ударный,Urban Settlement,Prikubanskij Rajon,"1,137","1,083","1,031",karachay-cherkessia
Ust'-Džeguta [Ust-Dzheguta],Усть-Джегута,City,Ust'-Džegutinskij Rajon,"32,903","30,566","31,137",karachay-cherkessia
Zejuko [Zeyuko],Зеюко,Aul,Chabezskij Rajon,"2,791","3,350","3,369",karachay-cherkessia
Zelenčukskaja [Zelenchukskaya],Зеленчукская,Stanitsa,Zelenčukskij Rajon,"21,025","19,449","20,009",karachay-cherkessia
Belomorsk,Беломорск,City,Belomorskij Rajon,"13,103","11,217","7,708",karelia
Cheljulja [Khelyulya],Хелюля,Urban Settlement,Sortaval'skij Rajon,"3,166","2,793","1,896",karelia
Čupa [Chupa],Чупа,Urban Settlement,Louchskij Rajon,"4,061","2,924","2,074",karelia
Kalevala,Калевала,Urban Settlement,Kaleval'skij Rajon,"5,578","4,529","3,526",karelia
Kem',Кемь,City,Kemskij Rajon,"14,620","13,051","10,018",karelia
Kondopoga,Кондопога,City,Kondopožskij Rajon,"34,863","32,987","25,851",karelia
Kostomukša [Kostomuksha],Костомукша,City,Kostomukša,"29,746","28,436","26,048",karelia
Lachdenpoch'ja [Lakhdenpokhya],Лахденпохья,City,Lachdenpochskij Rajon,"8,751","7,813","5,952",karelia
Louchi [Loukhi],Лоухи,Urban Settlement,Louchskij Rajon,"5,920","4,772","3,709",karelia
Medvežjegorsk [Medvezhyegorsk],Медвежьегорск,City,Medvežjegorskij Rajon,"17,283","15,533","11,962",karelia
Mujezerskij [Muyezersky],Муезерский,Urban Settlement,Mujezerskij Rajon,"4,007","3,328","2,604",karelia
Nadvoicy [Nadvoitsy],Надвоицы,Urban Settlement,Segežskij Rajon,"11,073","8,372","6,070",karelia
Olonec [Olonets],Олонец,City,Oloneckij Rajon,"10,240","9,056","7,663",karelia
Petrozavodsk,Петрозаводск,City,Petrozavodsk,"266,160","261,987","234,897",karelia
Pinduši [Pindushi],Пиндуши,Urban Settlement,Medvežjegorskij Rajon,"5,190","4,598","3,933",karelia
Pitkjaranta [Pitkyaranta],Питкяранта,City,Pitkjarantskij Rajon,"13,347","11,429","8,340",karelia
Pjaozerskij [Pyaozersky],Пяозерский,Urban Settlement,Louchskij Rajon,"2,603","2,098","1,578",karelia
Povenec [Povenets],Повенец,Urban Settlement,Medvežjegorskij Rajon,"2,608","2,209","1,812",karelia
Prjaža [Pryazha],Пряжа,Urban Settlement,Prjažinskij Rajon,"4,269","3,675","2,979",karelia
Pudož [Pudozh],Пудож,City,Pudožskij Rajon,"10,632","9,698","7,356",karelia
Segeža [Segezha],Сегежа,City,Segežskij Rajon,"34,214","29,631","23,543",karelia
Sortavala,Сортавала,City,Sortaval'skij Rajon,"21,131","19,235","14,867",karelia
Suojarvi [Suoyarvi],Суоярви,City,Suojarvskij Rajon,"11,600","9,766","7,190",karelia
Vjartsilja [Vyartsilya],Вяртсиля,Urban Settlement,Sortaval'skij Rajon,"3,230","3,080","2,104",karelia
Anžero-Sudžensk [Anzhero-Sudzhensk],Анжеро-Судженск,City,Anžero-Sudženskij,"86,480","76,646","66,583",kemerovo
Atamanovo,Атаманово,Village,Novokuzneckij Rajon,"2,575","2,954","3,011",kemerovo
Bačatskij [Bachatsky],Бачатский,Urban Settlement,Belovskij,"14,990","14,402","12,729",kemerovo
Belogorsk,Белогорск,Urban Settlement,Tisul'skij Rajon,"3,540","3,278","2,287",kemerovo
Belovo,Белово,City,Belovskij,"82,425","76,764","68,542",kemerovo
Berëzovskij [Beryozovsky],Берёзовский,City,Berëzovskij,"48,299","47,279","44,073",kemerovo
Čistogorskij [Chistogorsky],Чистогорский,Rural Settlement,Novokuzneckij Rajon,"4,348","4,607","4,379",kemerovo
Gramoteino,Грамотеино,Urban Settlement,Belovskij,"14,366","12,996","11,217",kemerovo
Gurjevsk [Guryevsk],Гурьевск,City,Gurjevskij Rajon,"27,381","24,817","22,134",kemerovo
Inskoj [Inskoy],Инской,Urban Settlement,Belovskij,"13,665","12,590","12,499",kemerovo
Itatskij [Itatsky],Итатский,Urban Settlement,Tjažinskij Rajon,"4,343","3,726","2,632",kemerovo
Ižmorskij [Izhmorsky],Ижморский,Urban Settlement,Ižmorskij Rajon,"6,101","5,615","4,789",kemerovo
Jaja [Yaya],Яя,Urban Settlement,Jajskij Rajon,"13,575","11,688","9,273",kemerovo
Jaškino [Yashkino],Яшкино,Urban Settlement,Jaškinskij Rajon,"15,583","14,719","12,957",kemerovo
Jurga [Yurga],Юрга,City,Jurga,"85,555","81,533","79,693",kemerovo
Kaltan,Калтан,City,Kaltanskij,"25,951","21,892","21,752",kemerovo
Karagajlinskij [Karagaylinsky],Карагайлинский,Rural Settlement,Kiselëvskij,"4,436","4,245","4,052",kemerovo
Kaz,Каз,Urban Settlement,Taštagol'skij Rajon,"4,977","4,623","4,254",kemerovo
Kemerovo,Кемерово,City,Kemerovo,"529,934","532,981","557,119",kemerovo
Kiselëvsk [Kiselyovsk],Киселёвск,City,Kiselëvskij,"106,341","98,365","83,431",kemerovo
Komsomol'sk [Komsomolsk],Комсомольск,Urban Settlement,Tisul'skij Rajon,"2,631","2,294","1,593",kemerovo
Krapivinskij [Krapivinsky],Крапивинский,Urban Settlement,Krapivinskij Rajon,"8,110","7,450","7,437",kemerovo
Krasnobrodskij [Krasnobrodsky],Краснобродский,Urban Settlement,Prokopjevskij Rajon,"11,859","11,919","11,406",kemerovo
Kuzedejevo [Kuzedeyevo],Кузедеево,Rural Settlement,Novokuzneckij Rajon,"3,536","3,609","3,314",kemerovo
Leninsk-Kuzneckij [Leninsk-Kuznetsky],Ленинск-Кузнецкий,City,Leninsk-Kuzneckij,"112,253","101,666","92,244",kemerovo
Malinovka,Малиновка,Rural Settlement,Kaltanskij,"10,235","8,835","7,299",kemerovo
Mariinsk,Мариинск,City,Mariinskij Rajon,"42,977","40,526","40,779",kemerovo
Metallploščadka [Metallploshchadka],Металлплощадка,Rural Settlement,Kemerovskij Rajon,"4,146","5,189","6,425",kemerovo
Metallurgov,Металлургов,Rural Settlement,Novokuzneckij Rajon,"3,191","3,317","3,204",kemerovo
Meždurečensk [Mezhdurechensk],Междуреченск,City,Meždurečenskij,"101,987","101,678","96,174",kemerovo
Mundybaš [Mundybash],Мундыбаш,Urban Settlement,Taštagol'skij Rajon,"6,019","5,097","4,188",kemerovo
Myski,Мыски,City,Myskovskij,"44,435","43,038","40,109",kemerovo
Novokuzneck [Novokuznetsk],Новокузнецк,City,Novokuzneck,"565,680","547,904","537,480",kemerovo
Novostrojka [Novostroyka],Новостройка,Rural Settlement,Kemerovskij Rajon,"2,442","2,967","3,241",kemerovo
Novyj Gorodok [Novy Gorodok],Новый Городок,Urban Settlement,Belovskij,"16,765","15,750","14,691",kemerovo
Osinniki,Осинники,City,Osinnikovskij,"51,057","46,001","40,367",kemerovo
Plotnikovo,Плотниково,Rural Settlement,Promyšlennovskij Rajon,"5,110","5,190","5,153",kemerovo
Polysajevo [Polysayevo],Полысаево,City,Polysajevskij,"28,151","27,624","25,631",kemerovo
Prokopjevsk [Prokopyevsk],Прокопьевск,City,Prokopjevsk,"224,597","210,130","177,819",kemerovo
Promyšlennaja [Promyshlennaya],Промышленная,Urban Settlement,Promyšlennovskij Rajon,"17,654","18,045","19,484",kemerovo
Rudničnyj [Rudnichny],Рудничный,Urban Settlement,Anžero-Sudženskij,"4,418","3,865","3,446",kemerovo
Salair,Салаир,City,Gurjevskij Rajon,"9,472","8,262","7,088",kemerovo
Šeregeš [Sheregesh],Шерегеш,Urban Settlement,Taštagol'skij Rajon,"10,371","10,173","9,911",kemerovo
Spassk,Спасск,Urban Settlement,Taštagol'skij Rajon,"1,596","1,703","1,569",kemerovo
Starobačaty [Starobachaty],Старобачаты,Rural Settlement,Belovskij Rajon,"4,725","4,382","3,870",kemerovo
Tajga [Tayga],Тайга,City,Tajginskij,"24,726","25,331","22,375",kemerovo
Tajžina [Tayzhina],Тайжина,Rural Settlement,Osinnikovskij,"5,192","5,011","4,489",kemerovo
Taštagol [Tashtagol],Таштагол,City,Taštagol'skij Rajon,"23,363","23,134","21,980",kemerovo
Temirtau,Темиртау,Urban Settlement,Taštagol'skij Rajon,"4,843","4,352","3,716",kemerovo
Tisul',Тисуль,Urban Settlement,Tisul'skij Rajon,"9,484","9,049","8,153",kemerovo
Tjažinskij [Tyazhinsky],Тяжинский,Urban Settlement,Tjažinskij Rajon,"14,065","11,120","9,658",kemerovo
Topki,Топки,City,Topkinskij Rajon,"31,004","28,641","27,158",kemerovo
Trudarmejskij [Trudarmeysky],Трудармейский,Rural Settlement,Prokopjevskij Rajon,"4,831","4,769","4,169",kemerovo
Verch-Čebula [Verkh-Chebula],Верх-Чебула,Urban Settlement,Čebulinskij Rajon,"5,357","5,060","5,309",kemerovo
Zelenogorskij [Zelenogorsky],Зеленогорский,Urban Settlement,Krapivinskij Rajon,"5,382","5,175","4,612",kemerovo
Afanasjevo [Afanasyevo],Афанасьево,Urban Settlement,Afanasjevskij Rajon,"3,474","3,435","3,433",kirov
Arbaž [Arbazh],Арбаж,Urban Settlement,Arbažskij Rajon,"4,067","3,563","2,840",kirov
Arkul',Аркуль,Urban Settlement,Nolinskij Rajon,"2,616","2,053","1,405",kirov
Belaja Cholunica [Belaya Kholunitsa],Белая Холуница,City,Belocholunickij Rajon,"11,975","11,232","9,659",kirov
Bogorodskoje [Bogorodskoye],Богородское,Urban Settlement,Bogorodskij Rajon,"3,221","2,875","2,278",kirov
Darovskoj [Darovskoy],Даровской,Urban Settlement,Darovskoj Rajon,"7,488","7,125","6,126",kirov
Dem'janovo [Demyanovo],Демьяново,Urban Settlement,Podosinovskij Rajon,"6,423","5,558","4,445",kirov
Doroniči [Doronichi],Дороничи,Rural Settlement,Kirov,"2,048","2,417","3,042",kirov
Falënki,Фалёнки,Urban Settlement,Falënskij Rajon,"5,990","5,256","4,261",kirov
Jaransk [Yaransk],Яранск,City,Jaranskij Rajon,"19,723","17,253","14,284",kirov
Jur'ja [Yurya],Юрья,Urban Settlement,Jur'janskij Rajon,"6,169","5,668","5,054",kirov
Kiknur,Кикнур,Urban Settlement,Kiknurskij Rajon,"5,410","4,970","4,151",kirov
Kil'mez' [Kilmez],Кильмезь,Urban Settlement,Kil'mezskij Rajon,"6,064","5,956","5,416",kirov
Kirov,Киров,City,Kirov,"457,578","473,695","468,212",kirov
Kirovo-Čepeck [Kirovo-Chepetsk],Кирово-Чепецк,City,Kirovo-Čepeck,"90,303","80,921","66,651",kirov
Kirs,Кирс,City,Verchnekamskij Rajon,"11,786","10,420","8,520",kirov
Kostino,Костино,Rural Settlement,Kirov,"3,575","3,831","3,362",kirov
Kotel'nič [Kotelnich],Котельнич,City,Kotel'nič,"28,245","24,979","20,144",kirov
Krasnaja Poljana [Krasnaya Polyana],Красная Поляна,Urban Settlement,Vjatskopoljanskij Rajon,"8,073","6,779","5,236",kirov
Kumëny,Кумёны,Urban Settlement,Kumënskij Rajon,"5,249","4,827","4,227",kirov
Lal'sk [Lalsk],Лальск,Urban Settlement,Luzskij Rajon,"4,551","3,705","2,452",kirov
Lebjažje [Lebyazhye],Лебяжье,Urban Settlement,Lebjažskij Rajon,"3,571","3,362","2,795",kirov
Leninskoje [Leninskoye],Ленинское,Urban Settlement,Šabalinskij Rajon,"5,490","5,054","4,136",kirov
Lesnoj [Lesnoy],Лесной,Urban Settlement,Verchnekamskij Rajon,"7,132","5,413","3,566",kirov
Lëvincy [Lyovintsy],Лёвинцы,Urban Settlement,Oričevskij Rajon,...,"2,145","1,858",kirov
Luza,Луза,City,Luzskij Rajon,"12,311","11,260","9,122",kirov
Malmyž [Malmyzh],Малмыж,City,Malmyžskij Rajon,"9,318","8,265","6,931",kirov
Mirnyj [Mirny],Мирный,Urban Settlement,Oričevskij Rajon,"3,618","3,912","3,257",kirov
Muraši [Murashi],Мураши,City,Murašinskij Rajon,"7,650","6,750","5,700",kirov
Murygino,Мурыгино,Urban Settlement,Jur'janskij Rajon,"8,246","7,665","6,279",kirov
Nagorsk,Нагорск,Urban Settlement,Nagorskij Rajon,"5,138","4,903","4,106",kirov
Nema,Нема,Urban Settlement,Nemskij Rajon,"3,916","3,650","3,057",kirov
Nižneivkino [Nizhneivkino],Нижнеивкино,Urban Settlement,Kumënskij Rajon,"2,304","2,079","1,671",kirov
Nolinsk,Нолинск,City,Nolinskij Rajon,"10,463","9,554","8,262",kirov
Omutninsk,Омутнинск,City,Omutninskij Rajon,"26,065","23,615","19,629",kirov
Oparino,Опарино,Urban Settlement,Oparinskij Rajon,"5,142","4,440","3,891",kirov
Oriči [Orichi],Оричи,Urban Settlement,Oričevskij Rajon,"8,050","7,962","7,437",kirov
Orlov,Орлов,City,Orlovskij Rajon,"8,596","6,959","5,508",kirov
Pervomajskij [Pervomaysky],Первомайский,Urban Settlement,Pervomajskij,"9,300","6,147","5,068",kirov
Peskovka,Песковка,Urban Settlement,Omutninskij Rajon,"6,957","4,724","3,526",kirov
Pinjug [Pinyug],Пинюг,Urban Settlement,Podosinovskij Rajon,"3,006","2,344","1,437",kirov
Pižanka [Pizhanka],Пижанка,Urban Settlement,Pižanskij Rajon,"4,022","3,875","3,634",kirov
Podosinovec [Podosinovets],Подосиновец,Urban Settlement,Podosinovskij Rajon,"4,235","4,029","3,354",kirov
Rudničnyj [Rudnichny],Рудничный,Urban Settlement,Verchnekamskij Rajon,"5,729","5,084","2,835",kirov
Sančursk [Sanchursk],Санчурск,Urban Settlement,Sančurskij Rajon,"5,718","4,727","3,865",kirov
Slobodskoj [Slobodskoy],Слободской,City,Slobodskoj,"33,477","33,981","29,148",kirov
Sosnovka,Сосновка,City,Vjatskopoljanskij Rajon,"12,840","11,960","8,428",kirov
Sovetsk,Советск,City,Sovetskij Rajon,"18,167","16,598","14,626",kirov
Striži [Strizhi],Стрижи,Urban Settlement,Oričevskij Rajon,"4,003","3,730","3,127",kirov
Stulovo,Стулово,Hamlet,Slobodskoj Rajon,"3,597","3,501","3,441",kirov
Suna,Суна,Urban Settlement,Sunskij Rajon,"2,475","2,199","1,969",kirov
Sveča [Svecha],Свеча,Urban Settlement,Svečinskij Rajon,"5,127","4,760","3,865",kirov
Svetlopoljansk [Svetlopolyansk],Светлополянск,Urban Settlement,Verchnekamskij Rajon,"3,275","2,923","2,323",kirov
Tuža [Tuzha],Тужа,Urban Settlement,Tužinskij Rajon,"5,159","4,568","3,966",kirov
Uni,Уни,Urban Settlement,Uninskij Rajon,"4,916","4,592","3,711",kirov
Uržum [Urzhum],Уржум,City,Uržumskij Rajon,"11,514","10,213","8,448",kirov
Vachruši [Vakhrushi],Вахруши,Urban Settlement,Slobodskoj Rajon,"10,654","9,715","9,024",kirov
Verchošižemje [Verkhoshizhemye],Верхошижемье,Urban Settlement,Verchošižemskij Rajon,"4,519","4,357","3,609",kirov
Vjatskije Poljany [Vyatskiye Polyany],Вятские Поляны,City,Vjatskije Poljany,"40,282","35,162","29,742",kirov
Vostočnyj [Vostochny],Восточный,Urban Settlement,Omutninskij Rajon,"7,861","7,237","5,776",kirov
Zujevka [Zuyevka],Зуевка,City,Zujevskij Rajon,"12,600","11,198","9,767",kirov
Ajkino [Aykino],Айкино,Village,Ust'-Vymskij Rajon,"3,532","3,367","3,192",komi
Blagojevo [Blagoyevo],Благоево,Urban Settlement,Udorskij Rajon,"2,640","2,221","1,918",komi
Borovoj [Borovoy],Боровой,Urban Settlement,Uchta,"1,916","1,560",760,komi
Inta,Инта,City,Inta,"41,217","32,080","20,271",komi
Iz''jaju [Izayayu],Изъяю,Urban Settlement,Rajon Pečora,"1,716","1,323",936,komi
Ižma [Izhma],Ижма,Village,Ižemskij Rajon,"3,786","3,753","3,917",komi
Jarega [Yarega],Ярега,Urban Settlement,Uchta,"8,512","7,806","6,256",komi
Jeleckij [Yeletsky],Елецкий,Urban Settlement,Vorkuta,780,631,307,komi
Jemva [Yemva],Емва,City,Knjažpogostskij Rajon,"16,739","14,570","10,994",komi
Komsomol'skij [Komsomolsky],Комсомольский,Urban Settlement,Vorkuta,"4,046","1,047",128,komi
Kortkeros,Корткерос,Village,Kortkerosskij Rajon,"4,659","4,624","4,710",komi
Kožva [Kozhva],Кожва,Urban Settlement,Rajon Pečora,"3,549","3,047","1,805",komi
Kožym [Kozhym],Кожым,Urban Settlement,Inta,56,10,0,komi
Krasnozatonskij [Krasnozatonsky],Краснозатонский,Urban Settlement,Syktyvkar,"8,497","8,603","7,436",komi
Meždurečensk [Mezhdurechensk],Междуреченск,Urban Settlement,Udorskij Rajon,"1,951","1,418","1,067",komi
Mikun',Микунь,City,Ust'-Vymskij Rajon,"11,680","10,730","8,527",komi
Mul'da [Mulda],Мульда,Urban Settlement,Vorkuta,183,0,12,komi
Nižnij Odes [Nizhny Odes],Нижний Одес,Urban Settlement,Rajon Sosnogorsk,"11,745","9,680","7,348",komi
Ob''jačevo [Obayachevo],Объячево,Village,Priluzskij Rajon,"5,835","5,699","5,617",komi
Oktjabr'skij [Oktyabrsky],Октябрьский,Urban Settlement,Vorkuta,660,0,0,komi
Parma,Парма,Urban Settlement,Usinsk,"1,387","1,248",713,komi
Pečora [Pechora],Печора,City,Rajon Pečora,"48,700","43,105","35,254",komi
Promyšlennyj [Promyshlenny],Промышленный,Urban Settlement,Vorkuta,"1,170",0,0,komi
Putejec [Puteyets],Путеец,Urban Settlement,Rajon Pečora,"1,286","1,116",769,komi
Sedkyrkešč [Sedkyrkeshch],Седкыркещ,Urban Settlement,Syktyvkar,"2,075","1,999","1,335",komi
Severnyj [Severny],Северный,Urban Settlement,Vorkuta,"12,028","9,023","3,660",komi
Sindor,Синдор,Urban Settlement,Knjažpogostskij Rajon,"3,030","2,478","2,073",komi
Sosnogorsk,Сосногорск,City,Rajon Sosnogorsk,"29,587","27,757","22,189",komi
Šudajag [Shudayag],Шудаяг,Urban Settlement,Uchta,"3,625","3,411","2,962",komi
Syktyvkar,Сыктывкар,City,Syktyvkar,"230,011","235,006","220,580",komi
Troicko-Pečorsk [Troitsko-Pechorsk],Троицко-Печорск,Urban Settlement,Troicko-Pečorskij Rajon,"8,851","7,276","6,052",komi
Uchta [Ukhta],Ухта,City,Uchta,"103,340","99,591","79,899",komi
Usinsk,Усинск,City,Usinsk,"45,358","40,827","32,182",komi
Usogorsk,Усогорск,Urban Settlement,Udorskij Rajon,"5,583","5,343","4,936",komi
Ust'-Cil'ma [Ust-Tsilma],Усть-Цильма,Village,Ust'-Cilemskij Rajon,"5,081","4,877","4,331",komi
Ust'-Kulom [Ust-Kulom],Усть-Кулом,Village,Ust'-Kulomskij Rajon,"5,475","5,141","5,077",komi
Verchnjaja Inta [Verkhnyaya Inta],Верхняя Инта,Urban Settlement,Inta,"2,077","1,106",438,komi
Verchnjaja Maksakovka [Verkhnyaya Maksakovka],Верхняя Максаковка,Urban Settlement,Syktyvkar,"4,026","4,198","3,777",komi
Vizinga,Визинга,Village,Sysol'skij Rajon,"7,140","6,810","6,353",komi
Vodnyj [Vodny],Водный,Urban Settlement,Uchta,"6,634","6,382","4,677",komi
Vojvož [Voyvozh],Войвож,Urban Settlement,Rajon Sosnogorsk,"3,920","3,387","1,845",komi
Vorgašor [Vorgashor],Воргашор,Urban Settlement,Vorkuta,"19,100","12,044","6,553",komi
Vorkuta,Воркута,City,Vorkuta,"84,917","70,548","56,985",komi
Vuktyl,Вуктыл,City,Vuktyl,"14,472","12,356","9,322",komi
Vyl'gort [Vylgort],Выльгорт,Village,Syktyvdinskij Rajon,"10,211","10,289","10,564",komi
Zapoljarnyj [Zapolyarny],Заполярный,Urban Settlement,Vorkuta,"4,708","1,948",483,komi
Žešart [Zheshart],Жешарт,Urban Settlement,Ust'-Vymskij Rajon,"10,029","8,561","7,129",komi
Buj [Buy],Буй,City,Buj,"27,392","25,763","20,564",kostroma
Čistyje Bory [Chistye Bory],Чистые Боры,Urban Settlement,Bujskij Rajon,"5,056","4,796","4,048",kostroma
Čuchloma [Chukhloma],Чухлома,City,Čuchlomskij Rajon,"5,464","5,411","4,252",kostroma
Galič [Galich],Галич,City,Galič,"19,151","17,346","12,856",kostroma
Kadyj [Kady],Кадый,Urban Settlement,Kadyjskij Rajon,"3,882","3,597","3,102",kostroma
Karavajevo [Karavayevo],Караваево,Rural Settlement,Kostromskoj Rajon,"7,668","7,517","6,857",kostroma
Kologriv,Кологрив,City,Kologrivskij Rajon,"3,700","3,314","2,468",kostroma
Kostroma,Кострома,City,Kostroma,"278,750","268,742","267,481",kostroma
Krasnoje-na-Volge [Krasnoye-na-Volge],Красное-на-Волге,Urban Settlement,Krasnosel'skij Rajon,"8,162","7,706","6,950",kostroma
Makarjev [Makaryev],Макарьев,City,Makarjevskij Rajon,"7,847","7,274","5,528",kostroma
Manturovo,Мантурово,City,Manturovo,"19,457","17,479","13,043",kostroma
Neja [Neya],Нея,City,Nejskij Rajon,"11,506","9,827","7,816",kostroma
Nerechta [Nerekhta],Нерехта,City,Nerechtskij Rajon,"26,002","22,828","19,977",kostroma
Nikol'skoje [Nikolskoye],Никольское,Rural Settlement,Kostromskoj Rajon,"5,019","4,952","4,013",kostroma
Ostrovskoje [Ostrovskoye],Островское,Rural Settlement,Ostrovskij Rajon,"5,273","5,042","4,218",kostroma
Ponazyrevo,Поназырево,Urban Settlement,Ponazyrevskij Rajon,"4,988","4,840","3,053",kostroma
Šar'ja [Sharya],Шарья,City,Šar'ja,"24,900","23,681","20,439",kostroma
Soligalič [Soligalich],Солигалич,City,Soligaličskij Rajon,"6,996","6,438","5,534",kostroma
Sudislavl',Судиславль,Urban Settlement,Sudislavskij Rajon,"5,373","4,913","4,158",kostroma
Susanino,Сусанино,Urban Settlement,Susaninskij Rajon,"4,065","3,406","3,008",kostroma
Vetlužskij [Vetluzhsky],Ветлужский,Urban Settlement,Šar'ja,"13,576","12,224","9,548",kostroma
Vochma [Vokhma],Вохма,Rural Settlement,Vochomskij Rajon,"4,785","4,386","3,928",kostroma
Volgorečensk [Volgorechensk],Волгореченск,City,Volgorečensk,"18,164","17,104","14,355",kostroma
Abinsk,Абинск,City,Abinskij Rajon,"33,734","34,928","39,511",krasnodar
Abrau-Djurso [Abrau-Dyurso],Абрау-Дюрсо,Village,Novorossijsk,"2,982","3,519","3,752",krasnodar
Achtanizovskaja [Akhtanizovskaya],Ахтанизовская,Stanitsa,Temrjukskij Rajon,"3,299","3,254","3,507",krasnodar
Achtyrskij [Akhtyrsky],Ахтырский,Urban Settlement,Abinskij Rajon,"19,219","20,100","21,515",krasnodar
Afipskij [Afipsky],Афипский,Urban Settlement,Severskij Rajon,"17,977","18,969","23,592",krasnodar
Agoj [Agoy],Агой,Village,Tuapsinskij Rajon,"2,147","2,662","3,257",krasnodar
Agronom,Агроном,Rural Settlement,Dinskoj Rajon,"3,771","3,800","4,348",krasnodar
Aleksejevskaja [Alexeyevskaya],Алексеевская,Stanitsa,Tichoreckij Rajon,"3,261","3,358","3,182",krasnodar
Anapa,Анапа,City,Anapa,"53,493","58,990","81,863",krasnodar
Anapskaja [Anapskaya],Анапская,Stanitsa,Anapa,"13,787","16,107","15,593",krasnodar
Anastasijevskaja [Anastasiyevskaya],Анастасиевская,Stanitsa,Slavjanskij Rajon,"11,061","10,569","10,664",krasnodar
Apšeronsk [Apsheronsk],Апшеронск,City,Apšeronskij Rajon,"39,608","40,225","40,289",krasnodar
Archangel'skaja [Arkhangelskaya],Архангельская,Stanitsa,Tichoreckij Rajon,"9,027","8,714","8,163",krasnodar
Archipo-Osipovka [Arkhipo-Osipovka],Архипо-Осиповка,Village,Gelendžik,"8,066","7,853","6,991",krasnodar
Armavir,Армавир,City,Armavir,"193,964","188,832","187,177",krasnodar
Atamanskaja [Atamanskaya],Атаманская,Stanitsa,Pavlovskij Rajon,"3,880","3,952","3,322",krasnodar
Azovskaja [Azovskaya],Азовская,Stanitsa,Severskij Rajon,"3,909","4,266","4,106",krasnodar
Baranikovskij [Baranikovsky],Бараниковский,Khutor,Slavjanskij Rajon,"2,707","2,925","3,015",krasnodar
Baranovka,Барановка,Village,Soči,"1,983","2,270","3,943",krasnodar
Belaja Glina [Belaya Glina],Белая Глина,Village,Beloglinskij Rajon,"17,767","17,320","17,470",krasnodar
Belorečensk [Belorechensk],Белореченск,City,Belorečenskij Rajon,"54,028","53,892","55,870",krasnodar
Belozërnyj [Belozyorny],Белозёрный,Rural Settlement,Krasnodar,"4,260","4,342","5,316",krasnodar
Berezanskaja [Berezanskaya],Березанская,Stanitsa,Vyselkovskij Rajon,"6,484","6,968","6,272",krasnodar
Berëzovyj [Beryozovy],Берёзовый,Rural Settlement,Krasnodar,"6,320","6,743","7,605",krasnodar
Besskorbnaja [Besskorbnaya],Бесскорбная,Stanitsa,Novokubanskij Rajon,"5,762","5,892","5,779",krasnodar
Blagoveščenskaja [Blagoveshchenskaya],Благовещенская,Stanitsa,Anapa,"2,430","2,780","3,946",krasnodar
Borisovka,Борисовка,Village,Novorossijsk,"2,270","3,188","5,040",krasnodar
Brin'kovskaja [Brinkovskaya],Бриньковская,Stanitsa,Primorsko-Achtarskij Rajon,"4,759","5,109","5,210",krasnodar
Brjuchoveckaja [Bryukhovetskaya],Брюховецкая,Stanitsa,Brjuchoveckij Rajon,"22,024","22,139","19,154",krasnodar
Čamlykskaja [Chamlykskaya],Чамлыкская,Stanitsa,Labinskij Rajon,"3,674","4,050","3,600",krasnodar
Čelbasskaja [Chelbasskaya],Челбасская,Stanitsa,Kanevskoj Rajon,"6,990","6,930","7,148",krasnodar
Čerešnja [Chereshnya],Черешня,Village,Soči,"2,187","2,426","3,752",krasnodar
Černojerkovskaja [Chernoyerkovskaya],Черноерковская,Stanitsa,Slavjanskij Rajon,"3,807","3,416","3,267",krasnodar
Černomorskij [Chernomorsky],Черноморский,Urban Settlement,Severskij Rajon,"8,346","8,626","8,574",krasnodar
Chadyžensk [Khadyzhensk],Хадыженск,City,Apšeronskij Rajon,"21,286","21,579","22,094",krasnodar
Cholmskaja [Kholmskaya],Холмская,Stanitsa,Abinskij Rajon,"17,271","17,585","18,699",krasnodar
Cibanobalka [Tsibanobalka],Цибанобалка,Village,Anapa,"4,490","5,370","7,923",krasnodar
Dinskaja [Dinskaya],Динская,Stanitsa,Dinskoj Rajon,"34,132","34,848","36,576",krasnodar
Divnomorskoje [Divnomorskoye],Дивноморское,Village,Gelendžik,"5,805","6,358","6,813",krasnodar
Djad'kovskaja [Dyadkovskaya],Дядьковская,Stanitsa,Korenovskij Rajon,"4,456","4,377","4,179",krasnodar
Dmitrijevskaja [Dmitriyevskaya],Дмитриевская,Stanitsa,Kavkazskij Rajon,"3,368","3,522","3,397",krasnodar
Dneprovskaja [Dneprovskaya],Днепровская,Stanitsa,Timašëvskij Rajon,"3,195","3,165","3,103",krasnodar
Dolžanskaja [Dolzhanskaya],Должанская,Stanitsa,Jejskij Rajon,"7,102","7,019","6,652",krasnodar
Dvubratskij [Dvubratsky],Двубратский,Rural Settlement,Ust'-Labinskij Rajon,"10,141","8,541","5,034",krasnodar
Džiginka [Dzhiginka],Джигинка,Village,Anapa,"4,027","4,361","5,516",krasnodar
Džubga [Dzhubga],Джубга,Urban Settlement,Tuapsinskij Rajon,"5,246","5,223","7,111",krasnodar
Fastoveckaja [Fastovetskaya],Фастовецкая,Stanitsa,Tichoreckij Rajon,"8,694","8,573","8,729",krasnodar
Gajduk [Gayduk],Гайдук,Village,Novorossijsk,"7,173","7,484","10,450",krasnodar
Gaj-Kodzor [Gay-Kodzor],Гай-Кодзор,Village,Anapa,"2,917","2,968","3,248",krasnodar
Gelendžik [Gelendzhik],Геленджик,City,Gelendžik,"50,012","54,980","80,204",krasnodar
Girej [Girey],Гирей,Urban Settlement,Gul'kevičskij Rajon,"6,626","6,586","6,269",krasnodar
Glebovskoje [Glebovskoye],Глебовское,Village,Novorossijsk,765,"1,027","3,177",krasnodar
Glubokij [Gluboky],Глубокий,Rural Settlement,Novokubanskij Rajon,"3,468","3,698","3,686",krasnodar
Golubickaja [Golubitskaya],Голубицкая,Stanitsa,Temrjukskij Rajon,"4,085","5,083","5,590",krasnodar
Gorjačij Ključ [Goryachy Klyuch],Горячий Ключ,City,Gorjačij Ključ,"27,693","30,126","40,903",krasnodar
Gornoje Loo [Gornoye Loo],Горное Лоо,Village,Soči,"3,116","3,322","3,018",krasnodar
Gostagajevskaja [Gostagayevskaya],Гостагаевская,Stanitsa,Anapa,"8,962","9,772","16,438",krasnodar
Grivenskaja [Grivenskaya],Гривенская,Stanitsa,Kalininskij Rajon,"5,142","4,723","4,310",krasnodar
Gubskaja [Gubskaya],Губская,Stanitsa,Mostovskij Rajon,"3,137","3,221","3,190",krasnodar
Gul'keviči [Gulkevichi],Гулькевичи,City,Gul'kevičskij Rajon,"35,141","35,244","33,357",krasnodar
Il'inskaja [Ilyinskaya],Ильинская,Stanitsa,Novopokrovskij Rajon,"4,848","4,193","3,945",krasnodar
Il'skij [Ilsky],Ильский,Urban Settlement,Severskij Rajon,"22,323","23,781","24,932",krasnodar
Industrial'nyj [Industrialny],Индустриальный,Rural Settlement,Krasnodar,"3,873","4,785","3,963",krasnodar
Ivanovskaja [Ivanovskaya],Ивановская,Stanitsa,Krasnoarmejskij Rajon,"9,295","9,473","9,669",krasnodar
Jaroslavskaja [Yaroslavskaya],Ярославская,Stanitsa,Mostovskij Rajon,"5,388","5,436","4,997",krasnodar
Jasenskaja [Yasenskaya],Ясенская,Stanitsa,Jejskij Rajon,"4,793","4,751","4,580",krasnodar
Jejsk [Yeysk],Ейск,City,Jejskij Rajon,"86,349","87,769","82,943",krasnodar
Jelizavetinskaja [Yelizavetinskaya],Елизаветинская,Stanitsa,Krasnodar,"19,060","24,755","23,841",krasnodar
Jurovka [Yurovka],Юровка,Village,Anapa,"3,465","3,537","4,430",krasnodar
Južnyj [Yuzhny],Южный,Rural Settlement,Belorečenskij Rajon,"3,278","3,430","3,574",krasnodar
Južnyj [Yuzhny],Южный,Rural Settlement,Dinskoj Rajon,"4,447","5,121","11,125",krasnodar
Kabardinka,Кабардинка,Village,Gelendžik,"7,301","7,550","8,690",krasnodar
Kalininskaja [Kalininskaya],Калининская,Stanitsa,Kalininskij Rajon,"13,192","13,391","14,121",krasnodar
Kalnibolotskaja [Kalnibolotskaya],Калниболотская,Stanitsa,Novopokrovskij Rajon,"6,494","5,722","5,422",krasnodar
Kamyševatskaja [Kamyshevatskaya],Камышеватская,Stanitsa,Jejskij Rajon,"5,135","5,029","4,508",krasnodar
Kanelovskaja [Kanelovskaya],Канеловская,Stanitsa,Starominskij Rajon,"4,277","4,305","3,842",krasnodar
Kanevskaja [Kanevskaya],Каневская,Stanitsa,Kanevskoj Rajon,"44,755","44,386","41,721",krasnodar
Kavkazskaja [Kavkazskaya],Кавказская,Stanitsa,Kavkazskij Rajon,"11,531","11,164","10,177",krasnodar
Kazanskaja [Kazanskaya],Казанская,Stanitsa,Kavkazskij Rajon,"10,656","10,991","11,234",krasnodar
Kijevskoje [Kiyevskoye],Киевское,Village,Krymskij Rajon,"4,667","5,543","5,765",krasnodar
Kirpil'skaja [Kirpilskaya],Кирпильская,Stanitsa,Ust'-Labinskij Rajon,"5,654","5,547","5,011",krasnodar
Kisljakovskaja [Kislyakovskaya],Кисляковская,Stanitsa,Kuščëvskij Rajon,"5,431","5,145","4,717",krasnodar
Konokovo,Коноково,Village,Uspenskij Rajon,"7,411","7,880","8,353",krasnodar
Konstantinovskaja [Konstantinovskaya],Константиновская,Stanitsa,Kurganinskij Rajon,"4,096","4,008","3,975",krasnodar
Kopanskaja [Kopanskaya],Копанская,Stanitsa,Jejskij Rajon,"3,957","3,965","3,610",krasnodar
Korenovsk,Кореновск,City,Korenovskij Rajon,"40,844","41,166","41,826",krasnodar
Korževskij [Korzhevsky],Коржевский,Khutor,Slavjanskij Rajon,"3,877","3,683","3,583",krasnodar
Krajevsko-Armjanskoje [Krayevsko-Armyanskoye],Краевско-Армянское,Village,Soči,"1,546","1,624","3,709",krasnodar
Krasnaja Poljana [Krasnaya Polyana],Красная Поляна,Khutor,Armavir,"3,051","3,523","3,254",krasnodar
Krasnaja Poljana [Krasnaya Polyana],Красная Поляна,Urban Settlement,Soči,"3,969","4,598","9,205",krasnodar
Krasnodar,Краснодар,City,Krasnodar,"723,404","744,995","1,099,344",krasnodar
Krasnosel'skij [Krasnoselsky],Красносельский,Urban Settlement,Gul'kevičskij Rajon,"7,462","7,792","7,400",krasnodar
Krasnosel'skoje [Krasnoselskoye],Красносельское,Village,Dinskoj Rajon,"2,842","3,060","4,734",krasnodar
Kropotkin,Кропоткин,City,Kavkazskij Rajon,"79,185","80,765","75,858",krasnodar
Krylovskaja [Krylovskaya],Крыловская,Stanitsa,Krylovskij Rajon,"14,419","13,621","12,797",krasnodar
Krylovskaja [Krylovskaya],Крыловская,Stanitsa,Leningradskij Rajon,"6,744","6,615","5,577",krasnodar
Krymsk,Крымск,City,Krymskij Rajon,"56,623","57,382","54,597",krasnodar
Kurčanskaja [Kurchanskaya],Курчанская,Stanitsa,Temrjukskij Rajon,"6,277","6,600","6,703",krasnodar
Kurganinsk,Курганинск,City,Kurganinskij Rajon,"46,618","47,970","47,305",krasnodar
Kuščëvskaja [Kushchyovskaya],Кущёвская,Stanitsa,Kuščëvskij Rajon,"29,533","28,362","30,375",krasnodar
Labinsk,Лабинск,City,Labinskij Rajon,"61,446","62,864","57,428",krasnodar
Ladožskaja [Ladozhskaya],Ладожская,Stanitsa,Ust'-Labinskij Rajon,"14,714","14,828","14,022",krasnodar
Lazurnyj [Lazurny],Лазурный,Rural Settlement,Krasnodar,"2,452","2,754","6,006",krasnodar
Lenina,Ленина,Khutor,Krasnodar,"5,192","7,395","10,644",krasnodar
Leningradskaja [Leningradskaya],Ленинградская,Stanitsa,Leningradskij Rajon,"38,218","36,940","35,561",krasnodar
Loris,Лорис,Rural Settlement,Krasnodar,"2,912","3,565","3,442",krasnodar
L'vovskoje [Lvovskoye],Львовское,Village,Severskij Rajon,"4,710","5,171","5,455",krasnodar
Majkopskoje [Maykopskoye],Майкопское,Village,Gul'kevičskij Rajon,"4,118","4,106","4,216",krasnodar
Mar'janskaja [Maryanskaya],Марьянская,Stanitsa,Krasnoarmejskij Rajon,"10,221","10,643","12,215",krasnodar
Medvedovskaja [Medvedovskaya],Медведовская,Stanitsa,Timašëvskij Rajon,"16,725","16,793","17,404",krasnodar
Michajlovskaja [Mikhaylovskaya],Михайловская,Stanitsa,Kurganinskij Rajon,"7,947","8,245","8,286",krasnodar
Mingrel'skaja [Mingrelskaya],Мингрельская,Stanitsa,Abinskij Rajon,"5,452","5,112","5,397",krasnodar
Moldavanskoje [Moldavanskoye],Молдаванское,Village,Krymskij Rajon,"2,197","3,277","3,216",krasnodar
Mostovskoj [Mostovskoy],Мостовской,Urban Settlement,Mostovskij Rajon,"24,866","25,075","25,548",krasnodar
Myschako [Myskhako],Мысхако,Village,Novorossijsk,"5,670","7,954","8,876",krasnodar
Natuchajevskaja [Natukhayevskaya],Натухаевская,Stanitsa,Novorossijsk,"6,346","6,922","12,442",krasnodar
Nebug,Небуг,Village,Tuapsinskij Rajon,"3,651","3,972","3,979",krasnodar
Neftegorsk,Нефтегорск,Urban Settlement,Apšeronskij Rajon,"4,724","5,306","4,807",krasnodar
Nekrasovskaja [Nekrasovskaya],Некрасовская,Stanitsa,Ust'-Labinskij Rajon,"4,753","4,838","4,726",krasnodar
Nižnebakanskaja [Nizhnebakanskaya],Нижнебаканская,Stanitsa,Krymskij Rajon,"8,538","8,277","8,590",krasnodar
Nižnjaja Šilovka [Nizhnyaya Shilovka],Нижняя Шиловка,Village,Soči,"5,025","5,432","5,073",krasnodar
Novoaleksejevskaja [Novoalexeyevskaya],Новоалексеевская,Stanitsa,Kurganinskij Rajon,"3,532","3,617","3,397",krasnodar
Novoderevjankovskaja [Novoderevyankovskaya],Новодеревянковская,Stanitsa,Kanevskoj Rajon,"6,626","6,795","6,899",krasnodar
Novodmitrijevskaja [Novodmitriyevskaya],Новодмитриевская,Stanitsa,Severskij Rajon,"5,163","5,244","5,862",krasnodar
Novodžerelijevskaja [Novodzhereliyevskaya],Новоджерелиевская,Stanitsa,Brjuchoveckij Rajon,"5,297","5,020","5,151",krasnodar
Novokorsunskaja [Novokorsunskaya],Новокорсунская,Stanitsa,Timašëvskij Rajon,"5,067","4,945","5,012",krasnodar
Novokubansk,Новокубанск,City,Novokubanskij Rajon,"35,400","34,880","34,000",krasnodar
Novolabinskaja [Novolabinskaya],Новолабинская,Stanitsa,Ust'-Labinskij Rajon,"3,685","3,327","3,066",krasnodar
Novoleuškovskaja [Novoleushkovskaya],Новолеушковская,Stanitsa,Pavlovskij Rajon,"6,766","6,462","5,998",krasnodar
Novomalorossijskaja [Novomalorossyskaya],Новомалороссийская,Stanitsa,Vyselkovskij Rajon,"5,792","5,778","5,038",krasnodar
Novomichajlovskij [Novomikhaylovsky],Новомихайловский,Urban Settlement,Tuapsinskij Rajon,"10,238","10,213","10,168",krasnodar
Novominskaja [Novominskaya],Новоминская,Stanitsa,Kanevskoj Rajon,"11,895","11,971","11,595",krasnodar
Novomyšastovskaja [Novomyshastovskaya],Новомышастовская,Stanitsa,Krasnoarmejskij Rajon,"9,789","10,032","11,218",krasnodar
Novonikolajevskaja [Novonikolayevskaya],Новониколаевская,Stanitsa,Kalininskij Rajon,"3,705","3,622","3,416",krasnodar
Novoplatnirovskaja [Novoplatnirovskaya],Новоплатнировская,Stanitsa,Leningradskij Rajon,"3,937","3,369","3,011",krasnodar
Novopokrovskaja [Novopokrovskaya],Новопокровская,Stanitsa,Novopokrovskij Rajon,"19,095","19,684","18,559",krasnodar
Novorossijsk [Novorossiysk],Новороссийск,City,Novorossijsk,"232,079","241,952","262,293",krasnodar
Novoroždestvenskaja [Novorozhdestvenskaya],Новорождественская,Stanitsa,Tichoreckij Rajon,"6,693","6,505","6,080",krasnodar
Novoščerbinovskaja [Novoshcherbinovskaya],Новощербиновская,Stanitsa,Ščerbinovskij Rajon,"6,333","6,190","5,356",krasnodar
Novotitarovskaja [Novotitarovskaya],Новотитаровская,Stanitsa,Dinskoj Rajon,"22,341","24,754","31,520",krasnodar
Novoukrainskij [Novoukrainsky],Новоукраинский,Khutor,Krymskij Rajon,"3,526","3,617","4,262",krasnodar
Novoukrainskoje [Novoukrainskoye],Новоукраинское,Village,Gul'kevičskij Rajon,"5,852","5,768","5,798",krasnodar
Novoveličkovskaja [Novovelichkovskaya],Нововеличковская,Stanitsa,Dinskoj Rajon,"8,662","9,169","10,654",krasnodar
Oktjabr'skaja [Oktyabrskaya],Октябрьская,Stanitsa,Krylovskij Rajon,"11,460","11,252","11,319",krasnodar
Ol'ginskaja [Olginskaya],Ольгинская,Stanitsa,Primorsko-Achtarskij Rajon,"4,384","4,934","4,892",krasnodar
Orel-Izumrud,Орел-Изумруд,Village,Soči,"4,555","5,726","7,874",krasnodar
Otradnaja [Otradnaya],Отрадная,Stanitsa,Otradnenskij Rajon,"22,692","23,204","23,041",krasnodar
Otrado-Kubanskoje [Otrado-Kubanskoye],Отрадо-Кубанское,Village,Gul'kevičskij Rajon,"3,650","3,789","3,527",krasnodar
Otrado-Ol'ginskoje [Otrado-Olginskoye],Отрадо-Ольгинское,Village,Gul'kevičskij Rajon,"3,322","3,554","3,648",krasnodar
Parkovyj [Parkovy],Парковый,Rural Settlement,Tichoreckij Rajon,"4,466","4,542","4,442",krasnodar
Pavlovskaja [Pavlovskaya],Павловская,Stanitsa,Pavlovskij Rajon,"30,736","31,327","29,514",krasnodar
Peredovaja [Peredovaya],Передовая,Stanitsa,Otradnenskij Rajon,"4,150","3,922","4,102",krasnodar
Perejaslovskaja [Pereyaslovskaya],Переясловская,Stanitsa,Brjuchoveckij Rajon,"8,433","8,424","7,620",krasnodar
Pervorečenskoje [Pervorechenskoye],Первореченское,Village,Dinskoj Rajon,"2,710","2,676","3,528",krasnodar
Petropavlovskaja [Petropavlovskaya],Петропавловская,Stanitsa,Kurganinskij Rajon,"6,547","6,683","6,096",krasnodar
Petrovskaja [Petrovskaya],Петровская,Stanitsa,Slavjanskij Rajon,"13,170","13,554","13,088",krasnodar
Plastunovskaja [Plastunovskaya],Пластуновская,Stanitsa,Dinskoj Rajon,"9,481","10,264","11,070",krasnodar
Platnirovskaja [Platnirovskaya],Платнировская,Stanitsa,Korenovskij Rajon,"11,561","12,004","12,193",krasnodar
Poltavskaja [Poltavskaya],Полтавская,Stanitsa,Krasnoarmejskij Rajon,"28,639","26,490","24,164",krasnodar
Poputnaja [Poputnaya],Попутная,Stanitsa,Otradnenskij Rajon,"6,199","5,809","5,843",krasnodar
Prigorodnyj [Prigorodny],Пригородный,Rural Settlement,Krasnodar,...,"2,226","3,302",krasnodar
Prikubanskij [Prikubansky],Прикубанский,Rural Settlement,Novokubanskij Rajon,"3,128","3,001","3,135",krasnodar
Primorsko-Achtarsk [Primorsko-Akhtarsk],Приморско-Ахтарск,City,Primorsko-Achtarskij Rajon,"32,677","32,257","31,087",krasnodar
Privol'naja [Privolnaya],Привольная,Stanitsa,Kanevskoj Rajon,"6,482","6,506","6,531",krasnodar
Pročnookopskaja [Prochnookopskaya],Прочноокопская,Stanitsa,Novokubanskij Rajon,"4,853","4,676","4,514",krasnodar
Psebaj [Psebay],Псебай,Urban Settlement,Mostovskij Rajon,"11,031","10,839","10,666",krasnodar
Pšechskaja [Pshekhskaya],Пшехская,Stanitsa,Belorečenskij Rajon,"4,915","5,064","4,907",krasnodar
Rajevskaja [Rayevskaya],Раевская,Stanitsa,Novorossijsk,"8,409","10,020","15,902",krasnodar
Razdol'naja [Razdolnaya],Раздольная,Stanitsa,Korenovskij Rajon,"3,149","3,181","3,025",krasnodar
Razdol'noje [Razdolnoye],Раздольное,Village,Soči,"1,988","2,243","5,460",krasnodar
Rjazanskaja [Ryazanskaya],Рязанская,Stanitsa,Belorečenskij Rajon,"5,091","5,412","5,112",krasnodar
Rodniki,Родники,Rural Settlement,Belorečenskij Rajon,"2,609","3,244","5,075",krasnodar
Rodnikovskaja [Rodnikovskaya],Родниковская,Stanitsa,Kurganinskij Rajon,"8,811","8,346","8,517",krasnodar
Rogovskaja [Rogovskaya],Роговская,Stanitsa,Timašëvskij Rajon,"8,327","7,864","8,233",krasnodar
Rossijskij [Rossysky],Российский,Rural Settlement,Krasnodar,426,707,"6,860",krasnodar
Saratovskaja [Saratovskaya],Саратовская,Stanitsa,Gorjačij Ključ,"6,039","6,567","7,083",krasnodar
Semigorskij [Semigorsky],Семигорский,Khutor,Novorossijsk,"1,553","1,589","3,304",krasnodar
Sennoj [Sennoy],Сенной,Rural Settlement,Temrjukskij Rajon,"4,131","3,735","4,000",krasnodar
Šepsi [Shepsi],Шепси,Village,Tuapsinskij Rajon,"3,111","3,196","3,123",krasnodar
Severskaja [Severskaya],Северская,Stanitsa,Severskij Rajon,"22,557","24,867","26,973",krasnodar
Sirius,Сириус,Urban Settlement,Sirius,...,...,"13,115",krasnodar
Širočanka [Shirochanka],Широчанка,Rural Settlement,Jejskij Rajon,"5,778","6,025","5,979",krasnodar
Škurinskaja [Shkurinskaya],Шкуринская,Stanitsa,Kuščëvskij Rajon,"4,941","4,597","4,382",krasnodar
Slavjansk-na-Kubani [Slavyansk-na-Kubani],Славянск-на-Кубани,City,Slavjanskij Rajon,"64,136","63,842","62,985",krasnodar
Smolenskaja [Smolenskaya],Смоленская,Stanitsa,Severskij Rajon,"8,026","7,591","8,327",krasnodar
Soči [Sochi],Сочи,City,Soči,"328,809","343,334","466,078",krasnodar
Sovchoznyj [Sovkhozny],Совхозный,Rural Settlement,Slavjanskij Rajon,"3,866","4,226","4,847",krasnodar
Sovetskaja [Sovetskaya],Советская,Stanitsa,Novokubanskij Rajon,"10,036","9,021","9,882",krasnodar
Spokojnaja [Spokoynaya],Спокойная,Stanitsa,Otradnenskij Rajon,"5,223","5,458","5,499",krasnodar
Staraja Stanica [Staraya Stanitsa],Старая Станица,Stanitsa,Armavir,"7,054","7,612","6,449",krasnodar
Staroderevjankovskaja [Staroderevyankovskaya],Стародеревянковская,Stanitsa,Kanevskoj Rajon,"12,753","12,998","13,482",krasnodar
Starodžerelijevskaja [Starodzhereliyevskaya],Староджерелиевская,Stanitsa,Krasnoarmejskij Rajon,"3,066","2,937","3,111",krasnodar
Starokorsunskaja [Starokorsunskaya],Старокорсунская,Stanitsa,Krasnodar,"10,776","12,238","11,889",krasnodar
Staroleuškovskaja [Staroleushkovskaya],Старолеушковская,Stanitsa,Pavlovskij Rajon,"5,660","5,251","5,301",krasnodar
Starominskaja [Starominskaya],Староминская,Stanitsa,Starominskij Rajon,"30,072","29,809","30,362",krasnodar
Staromyšastovskaja [Staromyshastovskaya],Старомышастовская,Stanitsa,Dinskoj Rajon,"10,489","10,610","11,250",krasnodar
Staronižesteblijevskaja [Staronizhestebliyevskaya],Старонижестеблиевская,Stanitsa,Krasnoarmejskij Rajon,"10,344","10,260","10,196",krasnodar
Staroščerbinovskaja [Staroshcherbinovskaya],Старощербиновская,Stanitsa,Ščerbinovskij Rajon,"18,545","18,010","17,251",krasnodar
Starotitarovskaja [Starotitarovskaya],Старотитаровская,Stanitsa,Temrjukskij Rajon,"12,193","12,164","13,223",krasnodar
Staroveličkovskaja [Starovelichkovskaya],Старовеличковская,Stanitsa,Kalininskij Rajon,"12,944","13,459","14,310",krasnodar
Strelka,Стрелка,Rural Settlement,Temrjukskij Rajon,"5,364","4,967","5,166",krasnodar
Sukko,Сукко,Village,Anapa,"2,278","3,156","3,939",krasnodar
Supsech [Supsekh],Супсех,Village,Anapa,"6,335","6,669","15,736",krasnodar
Taman',Тамань,Stanitsa,Temrjukskij Rajon,"9,297","10,027","10,827",krasnodar
Tbilisskaja [Tbilisskaya],Тбилисская,Stanitsa,Tbilisskij Rajon,"24,134","25,317","25,650",krasnodar
Temirgojevskaja [Temirgoyevskaya],Темиргоевская,Stanitsa,Kurganinskij Rajon,"8,478","7,529","8,084",krasnodar
Temižbekskaja [Temizhbekskaya],Темижбекская,Stanitsa,Kavkazskij Rajon,"6,033","5,778","5,179",krasnodar
Temrjuk [Temryuk],Темрюк,City,Temrjukskij Rajon,"36,118","38,046","41,608",krasnodar
Ternovskaja [Ternovskaya],Терновская,Stanitsa,Tichoreckij Rajon,"6,558","6,082","5,585",krasnodar
Tichoreck [Tikhoretsk],Тихорецк,City,Tichoreckij Rajon,"65,005","61,823","55,686",krasnodar
Timašëvsk [Timashyovsk],Тимашёвск,City,Timašëvskij Rajon,"54,116","53,924","51,858",krasnodar
Troickaja [Troitskaya],Троицкая,Stanitsa,Krymskij Rajon,"6,396","6,786","6,065",krasnodar
Trudobelikovskij [Trudobelikovsky],Трудобеликовский,Khutor,Krasnoarmejskij Rajon,"8,898","9,393","9,580",krasnodar
Tuapse,Туапсе,City,Tuapsinskij Rajon,"64,238","63,292","61,571",krasnodar
Tverskaja [Tverskaya],Тверская,Stanitsa,Apšeronskij Rajon,"2,882","3,208","3,158",krasnodar
Udobnaja [Udobnaya],Удобная,Stanitsa,Otradnenskij Rajon,"5,449","5,314","5,232",krasnodar
Uspenskaja [Uspenskaya],Успенская,Stanitsa,Beloglinskij Rajon,"4,622","4,185","4,100",krasnodar
Uspenskoje [Uspenskoye],Успенское,Village,Uspenskij Rajon,"11,692","12,409","11,286",krasnodar
Ust'-Labinsk [Ust-Labinsk],Усть-Лабинск,City,Ust'-Labinskij Rajon,"43,824","43,270","40,158",krasnodar
Varenikovskaja [Varenikovskaya],Варениковская,Stanitsa,Krymskij Rajon,"14,225","14,881","15,385",krasnodar
Vasjurinskaja [Vasyurinskaya],Васюринская,Stanitsa,Dinskoj Rajon,"12,666","13,339","14,829",krasnodar
Velikovečnoje [Velikovechnoye],Великовечное,Village,Belorečenskij Rajon,"5,688","5,812","5,547",krasnodar
Vency [Ventsy],Венцы,Rural Settlement,Gul'kevičskij Rajon,"4,139","3,891","3,349",krasnodar
Verchnebakanskij [Verkhnebakansky],Верхнебаканский,Rural Settlement,Novorossijsk,"6,660","6,773","7,207",krasnodar
Verchnij Jurt [Verkhny Yurt],Верхний Юрт,Village,Soči,"2,622","2,807","3,954",krasnodar
Vesëloje [Vesyoloye],Весёлое,Village,Soči,"4,134","4,140","5,620",krasnodar
Vinogradnyj [Vinogradny],Виноградный,Rural Settlement,Anapa,"3,209","3,354","4,040",krasnodar
Vitjazevo [Vityazevo],Витязево,Village,Anapa,"6,026","7,936","13,716",krasnodar
Vladimirskaja [Vladimirskaya],Владимирская,Stanitsa,Labinskij Rajon,"7,185","7,217","6,351",krasnodar
Volkovka,Волковка,Village,Soči,"2,572","2,351","3,117",krasnodar
Vol'noje [Volnoye],Вольное,Village,Uspenskij Rajon,"3,450","3,504","3,739",krasnodar
Voronežskaja [Voronezhskaya],Воронежская,Stanitsa,Ust'-Labinskij Rajon,"7,924","8,562","7,970",krasnodar
Voznesenskaja [Voznesenskaya],Вознесенская,Stanitsa,Labinskij Rajon,"6,920","6,546","5,765",krasnodar
Vyselki,Выселки,Stanitsa,Vyselkovskij Rajon,"18,507","19,426","19,955",krasnodar
Vyšesteblijevskaja [Vyshestebliyevskaya],Вышестеблиевская,Stanitsa,Temrjukskij Rajon,"4,257","3,779","4,562",krasnodar
Vysokoje [Vysokoye],Высокое,Village,Soči,"3,051","3,910","3,209",krasnodar
Zavetnyj [Zavetny],Заветный,Rural Settlement,Armavir,"4,429","4,854","5,996",krasnodar
Znamenskij [Znamensky],Знаменский,Rural Settlement,Krasnodar,"2,921","6,242","10,248",krasnodar
Aban,Абан,Rural Settlement,Abanskij Rajon,"9,823","9,187","8,207",krasnoyarsk
Ačinsk [Achinsk],Ачинск,City,Ačinsk,"118,744","109,155","100,621",krasnoyarsk
Aginskoje [Aginskoye],Агинское,Village,Sajanskij Rajon,"6,173","5,584","4,610",krasnoyarsk
Artëmovsk [Artyomovsk],Артёмовск,City,Kuraginskij Rajon,"2,929","2,179","1,510",krasnoyarsk
Balachta [Balakhta],Балахта,Urban Settlement,Balachtinskij Rajon,"7,843","7,410","6,998",krasnoyarsk
Berëzovka [Beryozovka],Берёзовка,Urban Settlement,Berëzovskij Rajon,"21,346","20,887","19,059",krasnoyarsk
Bogotol,Боготол,City,Bogotol,"24,369","21,051","18,206",krasnoyarsk
Bogučany [Boguchany],Богучаны,Village,Bogučanskij Rajon,"11,386","11,232","11,192",krasnoyarsk
Bol'šaja Irba [Bolshaya Irba],Большая Ирба,Urban Settlement,Kuraginskij Rajon,"5,027","4,464","3,545",krasnoyarsk
Bol'šaja Murta [Bolshaya Murta],Большая Мурта,Urban Settlement,Bol'šemurtinskij Rajon,"8,435","7,905","7,129",krasnoyarsk
Bol'šoj Uluj [Bolshoy Uluy],Большой Улуй,Village,Bol'šeulujskij Rajon,"3,417","3,340","3,253",krasnoyarsk
Borodino,Бородино,City,Borodino,"19,181","17,416","15,174",krasnoyarsk
Dikson,Диксон,Urban Settlement,Tajmyrskij Dolgano-Neneckij Rajon,"1,198",676,319,krasnoyarsk
Divnogorsk,Дивногорск,City,Divnogorsk,"30,137","28,272","27,477",krasnoyarsk
Dubinino,Дубинино,Urban Settlement,Šarypovo,"12,028","9,497","7,440",krasnoyarsk
Dudinka,Дудинка,City,Tajmyrskij Dolgano-Neneckij Rajon,"25,132","22,175","19,556",krasnoyarsk
Dzeržinskoje [Dzerzhinskoye],Дзержинское,Village,Dzeržinskij Rajon,"7,898","7,374","6,895",krasnoyarsk
Gorjačegorsk [Goryachegorsk],Горячегорск,Urban Settlement,Šarypovo,887,756,398,krasnoyarsk
Idrinskoje [Idrinskoye],Идринское,Village,Idrinskij Rajon,"5,585","5,135","4,949",krasnoyarsk
Igarka,Игарка,City,Turuchanskij Rajon,"8,627","6,183","3,634",krasnoyarsk
Ilanskij [Ilansky],Иланский,City,Ilanskij Rajon,"17,073","16,111","15,945",krasnoyarsk
Irbejskoje [Irbeyskoye],Ирбейское,Village,Irbejskij Rajon,"4,755","4,687","4,486",krasnoyarsk
Irša [Irsha],Ирша,Urban Settlement,Rybinskij Rajon,"1,459","1,236",957,krasnoyarsk
Jemel'janovo [Yemelyanovo],Емельяново,Urban Settlement,Jemel'janovskij Rajon,"11,919","12,055","15,649",krasnoyarsk
Jenisejsk [Yeniseysk],Енисейск,City,Jenisejsk,"20,394","18,766","17,537",krasnoyarsk
Jermakovskoje [Yermakovskoye],Ермаковское,Village,Jermakovskij Rajon,"9,051","8,557","8,030",krasnoyarsk
Kansk,Канск,City,Kansk,"103,000","94,226","86,816",krasnoyarsk
Karatuzskoje [Karatuzskoye],Каратузское,Village,Karatuzskij Rajon,"8,025","7,456","6,701",krasnoyarsk
Kazačinskoje [Kazachinskoye],Казачинское,Village,Kazačinskij Rajon,"4,050","3,864","3,689",krasnoyarsk
Kedrovyj [Kedrovy],Кедровый,Urban Settlement,Kedrovyj,"5,223","4,692","3,835",krasnoyarsk
Kodinsk,Кодинск,City,Kežemskij Rajon,"14,746","14,830","13,324",krasnoyarsk
Košurnikovo [Koshurnikovo],Кошурниково,Urban Settlement,Kuraginskij Rajon,"3,802","3,492","2,781",krasnoyarsk
Kozul'ka [Kozulka],Козулька,Urban Settlement,Kozul'skij Rajon,"8,800","7,998","6,402",krasnoyarsk
Krasnojarsk [Krasnoyarsk],Красноярск,City,Krasnojarsk,"909,341","973,826","1,187,771",krasnoyarsk
Krasnokamensk,Краснокаменск,Urban Settlement,Kuraginskij Rajon,"4,848","4,667","3,249",krasnoyarsk
Krasnoturansk,Краснотуранск,Village,Krasnoturanskij Rajon,"5,937","5,790","5,290",krasnoyarsk
Kuragino,Курагино,Urban Settlement,Kuraginskij Rajon,"14,298","13,743","11,908",krasnoyarsk
Lesosibirsk,Лесосибирск,City,Lesosibirsk,"65,374","61,139","55,730",krasnoyarsk
Mazul'skij [Mazulsky],Мазульский,Urban Settlement,Ačinsk,"1,326","1,293","1,451",krasnoyarsk
Minino,Минино,Rural Settlement,Jemel'janovskij Rajon,"1,750","1,975","3,126",krasnoyarsk
Minusinsk,Минусинск,City,Minusinsk,"72,561","71,170","70,089",krasnoyarsk
Motygino,Мотыгино,Urban Settlement,Motyginskij Rajon,"6,730","5,902","4,550",krasnoyarsk
Nazarovo,Назарово,City,Nazarovo,"56,539","52,817","45,333",krasnoyarsk
Nižnij Ingaš [Nizhny Ingash],Нижний Ингаш,Urban Settlement,Nižneingašskij Rajon,"8,592","7,583","7,051",krasnoyarsk
Nižnjaja Pojma [Nizhnyaya Poyma],Нижняя Пойма,Urban Settlement,Nižneingašskij Rajon,"9,711","9,000","6,815",krasnoyarsk
Noril'sk [Norilsk],Норильск,City,Noril'sk,"220,602","175,365","174,453",krasnoyarsk
Novobiriljussy [Novobirilyussy],Новобирилюссы,Village,Biriljusskij Rajon,"4,342","4,141","3,770",krasnoyarsk
Novočernorečenskij [Novochernorechensky],Новочернореченский,Rural Settlement,Kozul'skij Rajon,"3,781","3,802","3,037",krasnoyarsk
Novoselovo,Новоселово,Village,Novosëlovskij Rajon,"6,350","5,980","5,197",krasnoyarsk
Oktjabr'skij [Oktyabrsky],Октябрьский,Rural Settlement,Bogučanskij Rajon,"6,207","5,879","4,169",krasnoyarsk
Partizanskoje [Partizanskoye],Партизанское,Village,Partizanskij Rajon,"3,977","3,525","3,232",krasnoyarsk
Podgornyj [Podgorny],Подгорный,Urban Settlement,Železnogorsk,"6,164","6,760","5,492",krasnoyarsk
Podtësovo,Подтёсово,Urban Settlement,Jenisejskij Rajon,"5,658","4,718","3,668",krasnoyarsk
Razdolinsk,Раздолинск,Urban Settlement,Motyginskij Rajon,"2,806","2,502","2,324",krasnoyarsk
Sajanskij [Sayansky],Саянский,Urban Settlement,Rybinskij Rajon,"4,025","4,047","4,143",krasnoyarsk
Šalinskoje [Shalinskoye],Шалинское,Village,Manskij Rajon,"4,264","3,932","3,952",krasnoyarsk
Šarypovo [Sharypovo],Шарыпово,City,Šarypovo,"41,532","38,561","33,961",krasnoyarsk
Severo-Jenisejskij [Severo-Yeniseysky],Северо-Енисейский,Urban Settlement,Severo-Jenisejskij Rajon,"6,668","6,950","6,167",krasnoyarsk
Snežnogorsk [Snezhnogorsk],Снежногорск,Urban Settlement,Noril'sk,"1,306",887,784,krasnoyarsk
Solnečnyj [Solnechny],Солнечный,Urban Settlement,Solnečnyj,"10,809","10,384","8,428",krasnoyarsk
Soloncy [Solontsy],Солонцы,Rural Settlement,Jemel'janovskij Rajon,"2,684","3,786","6,712",krasnoyarsk
Sosnovoborsk,Сосновоборск,City,Sosnovoborsk,"30,586","33,091","40,442",krasnoyarsk
Strelka,Стрелка,Urban Settlement,Lesosibirsk,"5,767","5,040","4,089",krasnoyarsk
Suchobuzimskoje [Sukhobuzimskoye],Сухобузимское,Village,Suchobuzimskij Rajon,"4,622","4,361","4,241",krasnoyarsk
Šušenskoje [Shushenskoye],Шушенское,Urban Settlement,Šušenskij Rajon,"19,067","17,513","16,573",krasnoyarsk
Tajëžnyj [Tayozhny],Таёжный,Rural Settlement,Bogučanskij Rajon,"5,693","6,048","6,717",krasnoyarsk
Tasejevo [Taseyevo],Тасеево,Village,Tasejevskij Rajon,"8,613","8,038","6,664",krasnoyarsk
Tjuchtet [Tyukhtet],Тюхтет,Village,Tjuchtetskij Rajon,"5,219","4,791","4,727",krasnoyarsk
Tura,Тура,Rural Settlement,Èvenkijskij Rajon,"5,836","5,535","4,440",krasnoyarsk
Turuchansk [Turukhansk],Туруханск,Village,Turuchanskij Rajon,"4,849","4,662","3,178",krasnoyarsk
Ujar [Uyar],Уяр,City,Ujarskij Rajon,"13,807","12,665","12,036",krasnoyarsk
Užur [Uzhur],Ужур,City,Užurskij Rajon,"17,252","16,093","14,134",krasnoyarsk
Zaozërnyj [Zaozyorny],Заозёрный,City,Rybinskij Rajon,"12,476","10,681","10,573",krasnoyarsk
Zelenogorsk,Зеленогорск,City,Zelenogorsk,"69,355","66,056","54,279",krasnoyarsk
Zelënyj Bor [Zeleny Bor],Зелёный Бор,Urban Settlement,Minusinsk,"2,645","2,778","2,738",krasnoyarsk
Železnogorsk [Zheleznogorsk],Железногорск,City,Železnogorsk,"93,875","84,795","82,723",krasnoyarsk
Zykovo,Зыково,Village,Berëzovskij Rajon,"5,450","5,924","6,068",krasnoyarsk
Al'menevo [Almenevo],Альменево,Village,Al'menevskij Rajon,"4,559","4,310","3,664",kurgan
Belozerskoje [Belozerskoye],Белозерское,Village,Belozerskij Rajon,"4,465","4,141","3,769",kurgan
Celinnoje [Tselinnoye],Целинное,Village,Celinnyj Rajon,"5,843","5,076","4,619",kurgan
Dalmatovo,Далматово,City,Dalmatovskij Rajon,"14,972","13,911","11,584",kurgan
Gljadjanskoje [Glyadyanskoye],Глядянское,Village,Pritobol'nyj Rajon,"4,335","3,964","3,091",kurgan
Ikovka,Иковка,Village,Ketovskij Rajon,"5,364","4,672","3,461",kurgan
Jurgamyš [Yurgamysh],Юргамыш,Urban Settlement,Jurgamyšskij Rajon,"8,070","7,616","6,465",kurgan
Kargapolje [Kargapolye],Каргаполье,Urban Settlement,Kargapol'skij Rajon,"8,745","8,433","8,265",kurgan
Katajsk [Kataysk],Катайск,City,Katajskij Rajon,"15,836","14,003","11,881",kurgan
Ketovo,Кетово,Village,Ketovskij Rajon,"7,127","7,251","8,447",kurgan
Krasnyj Oktjabr' [Krasny Oktyabr],Красный Октябрь,Urban Settlement,Kargapol'skij Rajon,"4,178","4,234","3,460",kurgan
Kurgan,Курган,City,Kurgan,"345,515","333,606","310,911",kurgan
Kurtamyš [Kurtamysh],Куртамыш,City,Kurtamyšskij Rajon,"18,154","17,099","14,806",kurgan
Lebjažje [Lebyazhye],Лебяжье,Urban Settlement,Lebjažjevskij Rajon,"6,891","6,452","5,412",kurgan
Lesnikovo,Лесниково,Village,Ketovskij Rajon,"6,000","5,056","3,766",kurgan
Makušino [Makushino],Макушино,City,Makušinskij Rajon,"9,942","8,338","6,827",kurgan
Miškino [Mishkino],Мишкино,Urban Settlement,Miškinskij Rajon,"8,914","8,034","6,614",kurgan
Mokrousovo,Мокроусово,Village,Mokrousovskij Rajon,"4,963","4,849","4,464",kurgan
Petuchovo [Petukhovo],Петухово,City,Petuchovskij Rajon,"12,661","11,292","8,502",kurgan
Polovinnoje [Polovinnoye],Половинное,Village,Polovinskij Rajon,"5,221","4,645","3,791",kurgan
Šadrinsk [Shadrinsk],Шадринск,City,Šadrinsk,"80,865","77,756","68,609",kurgan
Safakulevo,Сафакулево,Village,Safakulevskij Rajon,"4,286","3,629","3,453",kurgan
Šatrovo [Shatrovo],Шатрово,Village,Šatrovskij Rajon,"6,441","5,688","4,907",kurgan
Ščučje [Shchuchye],Щучье,City,Ščučanskij Rajon,"10,602","10,973","8,252",kurgan
Šumicha [Shumikha],Шумиха,City,Šumichinskij Rajon,"19,083","17,819","16,264",kurgan
Vargaši [Vargashi],Варгаши,Urban Settlement,Vargašinskij Rajon,"9,953","9,254","8,435",kurgan
Vvedenskoje [Vvedenskoye],Введенское,Village,Ketovskij Rajon,"3,985","4,537","5,619",kurgan
Zverinogolovskoje [Zverinogolovskoye],Звериноголовское,Village,Zverinogolovskij Rajon,"4,502","4,060","3,194",kurgan
Čeremisinovo [Cheremisinovo],Черемисиново,Urban Settlement,Čeremisinovskij Rajon,"4,075","3,812","3,367",kursk
Chomutovka [Khomutovka],Хомутовка,Urban Settlement,Chomutovskij Rajon,"5,050","4,230","3,750",kursk
D'jakonovo [Dyakonovo],Дьяконово,Village,Oktjabr'skij Rajon,"4,125","3,906","4,322",kursk
Dmitrijev-L'govskij [Dmitriyev-Lgovsky],Дмитриев-Льговский,City,Dmitrijevskij Rajon,"8,838","7,728","6,317",kursk
Fatež [Fatezh],Фатеж,City,Fatežskij Rajon,"5,710","5,404","4,691",kursk
Gluškovo [Glushkovo],Глушково,Urban Settlement,Gluškovskij Rajon,"5,748","5,349","4,785",kursk
Goršečnoje [Gorshechnoye],Горшечное,Urban Settlement,Goršečenskij Rajon,"6,915","6,137","5,106",kursk
Imeni Karla Libknechta [Imeni Karla Libknekhta],имени Карла Либкнехта,Urban Settlement,Kurčatovskij Rajon,"8,216","7,682","7,969",kursk
Ivanino,Иванино,Urban Settlement,Kurčatovskij Rajon,"2,387","2,427","2,268",kursk
Kastornoje [Kastornoye],Касторное,Urban Settlement,Kastorenskij Rajon,"4,492","3,848","3,461",kursk
Kirovskij [Kirovsky],Кировский,Urban Settlement,Pristenskij Rajon,"3,114","2,776","2,447",kursk
Konyšëvka [Konyshevka],Конышёвка,Urban Settlement,Konyšëvskij Rajon,"4,132","3,748","3,599",kursk
Korenevo,Коренево,Urban Settlement,Korenevskij Rajon,"6,630","6,119","5,555",kursk
Kšenskij [Kshensky],Кшенский,Urban Settlement,Sovetskij Rajon,"6,655","6,128","5,586",kursk
Kurčatov [Kurchatov],Курчатов,City,Kurčatov,"45,556","42,706","40,318",kursk
Kursk,Курск,City,Kursk,"412,442","415,159","440,052",kursk
L'gov [Lgov],Льгов,City,L'gov,"23,783","21,453","17,557",kursk
Magnitnyj [Magnitny],Магнитный,Urban Settlement,Železnogorskij Rajon,"2,359","1,964","1,516",kursk
Maršala Žukova [Marshala Zhukova],Маршала Жукова,Rural Settlement,Kurskij Rajon,"4,723","4,715","4,190",kursk
Medvenka,Медвенка,Urban Settlement,Medvenskij Rajon,"4,595","4,398","4,498",kursk
Michajlovka [Mikhaylovka],Михайловка,Sloboda,Železnogorskij Rajon,"2,513","2,554","3,043",kursk
Novokastornoje [Novokastornoye],Новокасторное,Urban Settlement,Kastorenskij Rajon,"2,508","2,014","1,594",kursk
Obojan' [Oboyan],Обоянь,City,Obojanskij Rajon,"14,618","13,565","11,844",kursk
Olymskij [Olymsky],Олымский,Urban Settlement,Kastorenskij Rajon,"3,201","2,618","2,256",kursk
Ponyri,Поныри,Urban Settlement,Ponyrovskij Rajon,"4,697","4,791","4,916",kursk
Pristen',Пристень,Urban Settlement,Pristenskij Rajon,"5,590","5,297","4,912",kursk
Prjamicyno [Pryamitsyno],Прямицыно,Urban Settlement,Oktjabr'skij Rajon,"5,239","5,094","5,179",kursk
Ryl'sk [Rylsk],Рыльск,City,Ryl'skij Rajon,"17,603","15,671","15,069",kursk
Ščigry [Shchigry],Щигры,City,Ščigry,"19,582","17,040","14,927",kursk
Solncevo [Solntsevo],Солнцево,Urban Settlement,Solncevskij Rajon,"4,475","4,295","3,622",kursk
Sudža [Sudzha],Суджа,City,Sudžanskij Rajon,"7,045","6,036","5,127",kursk
Tëtkino,Тёткино,Urban Settlement,Gluškovskij Rajon,"5,224","4,223","3,852",kursk
Tim,Тим,Urban Settlement,Timskij Rajon,"3,758","3,186","3,070",kursk
Vorošnevo [Voroshnevo],Ворошнево,Hamlet,Kurskij Rajon,"3,319","3,261","3,275",kursk
Železnogorsk [Zheleznogorsk],Железногорск,City,Železnogorsk,"95,528","95,049","97,038",kursk
Zolotuchino [Zolotukhino],Золотухино,Urban Settlement,Zolotuchinskij Rajon,"4,999","4,702","4,487",kursk
Agalatovo,Агалатово,Hamlet,Vsevoložskij Rajon,"5,053","5,261","6,249",leningrad
Annino,Аннино,Rural Settlement,Lomonosovskij Rajon,"3,332","3,558","4,033",leningrad
Begunicy [Begunitsy],Бегуницы,Hamlet,Volosovskij Rajon,"3,576","3,702","3,546",leningrad
Boksitogorsk,Бокситогорск,City,Boksitogorskij Rajon,"18,128","16,585","16,185",leningrad
Bol'šaja Ižora [Bolshaya Izhora],Большая Ижора,Urban Settlement,Lomonosovskij Rajon,"3,831","3,314","2,435",leningrad
Bol'šije Kolpany [Bolshiye Kolpany],Большие Колпаны,Hamlet,Gatčinskij Rajon,"4,235","4,174","3,572",leningrad
Budogošč' [Budogoshch],Будогощь,Urban Settlement,Kirišskij Rajon,"3,885","3,871","2,656",leningrad
Bugry,Бугры,Rural Settlement,Vsevoložskij Rajon,"4,739","6,154","22,428",leningrad
Družnaja Gorka [Druzhnaya Gorka],Дружная Горка,Urban Settlement,Gatčinskij Rajon,"3,696","3,463","3,444",leningrad
Dubrovka,Дубровка,Urban Settlement,Vsevoložskij Rajon,"5,432","6,693","7,544",leningrad
Fëdorovskoje [Fyodorovskoye],Фёдоровское,Urban Settlement,Tosnenskij Rajon,"3,028","2,906","4,763",leningrad
Fornosovo,Форносово,Urban Settlement,Tosnenskij Rajon,"4,866","6,408","4,721",leningrad
Garbolovo,Гарболово,Hamlet,Vsevoložskij Rajon,"3,849","4,030","4,548",leningrad
Gatčina [Gatchina],Гатчина,City,Gatčinskij Rajon,"88,420","92,937","94,377",leningrad
Gorbunki,Горбунки,Hamlet,Lomonosovskij Rajon,"7,604","7,478","6,557",leningrad
Gostilicy [Gostilitsy],Гостилицы,Hamlet,Lomonosovskij Rajon,"3,581","3,728","4,015",leningrad
Imeni Morozova,имени Морозова,Urban Settlement,Vsevoložskij Rajon,"10,677","10,873","10,573",leningrad
Imeni Sverdlova,имени Свердлова,Urban Settlement,Vsevoložskij Rajon,"9,197","9,260","12,644",leningrad
Ivangorod,Ивангород,City,Kingiseppskij Rajon,"11,206","9,854","9,861",leningrad
Janino-1 [Yanino-1],Янино-1,Urban Settlement,Vsevoložskij Rajon,"4,285","4,452","16,886",leningrad
Jefimovskij [Yefimovsky],Ефимовский,Urban Settlement,Boksitogorskij Rajon,"3,937","3,611","3,469",leningrad
Kamenka,Каменка,Rural Settlement,Vyborgskij Rajon,"8,112","8,212","7,542",leningrad
Kamennogorsk,Каменногорск,City,Vyborgskij Rajon,"6,084","6,739","7,160",leningrad
Kingisepp,Кингисепп,City,Kingiseppskij Rajon,"50,295","48,488","49,716",leningrad
Kingiseppskij [Kingiseppsky],Кингисеппский,Rural Settlement,Kingiseppskij Rajon,"2,092","2,076","5,179",leningrad
Kipen',Кипень,Hamlet,Lomonosovskij Rajon,"3,114","3,076","3,477",leningrad
Kiriši [Kirishi],Кириши,City,Kirišskij Rajon,"55,634","52,309","51,028",leningrad
Kirovsk,Кировск,City,Kirovskij Rajon,"24,361","25,650","27,238",leningrad
Kommunar,Коммунар,City,Gatčinskij Rajon,"17,164","20,211","25,793",leningrad
Krasnyj Bor [Krasny Bor],Красный Бор,Urban Settlement,Tosnenskij Rajon,"4,877","5,033","4,649",leningrad
Kudrovo,Кудрово,City,Vsevoložskij Rajon,85,137,"60,791",leningrad
Kuz'molovskij [Kuzmolovsky],Кузьмоловский,Urban Settlement,Vsevoložskij Rajon,"9,725","9,689","12,820",leningrad
Kuznečnoje [Kuznechnoye],Кузнечное,Urban Settlement,Priozerskij Rajon,"4,738","4,458","4,011",leningrad
Lagolovo,Лаголово,Hamlet,Lomonosovskij Rajon,"3,592","3,569","3,118",leningrad
Lebjažje [Lebyazhye],Лебяжье,Urban Settlement,Lomonosovskij Rajon,"5,600","4,729","5,068",leningrad
Leskolovo,Лесколово,Hamlet,Vsevoložskij Rajon,"4,059","4,279","4,638",leningrad
Lesogorskij [Lesogorsky],Лесогорский,Urban Settlement,Vyborgskij Rajon,"3,004","3,273","3,074",leningrad
Ljuban' [Lyuban],Любань,City,Tosnenskij Rajon,"4,616","4,188","4,565",leningrad
Lodejnoje Pole [Lodeynoye Pole],Лодейное Поле,City,Lodejnopol'skij Rajon,"22,830","20,674","18,905",leningrad
Luga,Луга,City,Lužskij Rajon,"40,434","38,593","38,407",leningrad
Maloje Verevo [Maloye Verevo],Малое Верево,Hamlet,Gatčinskij Rajon,"4,109","4,246","5,205",leningrad
Mga,Мга,Urban Settlement,Kirovskij Rajon,"9,613","10,212","11,150",leningrad
Murino,Мурино,City,Vsevoložskij Rajon,"5,002","7,023","89,083",leningrad
Nazija [Naziya],Назия,Urban Settlement,Kirovskij Rajon,"5,755","4,858","6,313",leningrad
Nikol'skij [Nikolsky],Никольский,Urban Settlement,Podporožskij Rajon,"2,931","2,989","2,505",leningrad
Nikol'skoje [Nikolskoye],Никольское,City,Tosnenskij Rajon,"17,306","19,280","22,355",leningrad
Novaja Ladoga [Novaya Ladoga],Новая Ладога,City,Volchovskij Rajon,"9,920","8,838","7,432",leningrad
Novogorelovo,Новогорелово,Rural Settlement,Lomonosovskij Rajon,...,...,"3,658",leningrad
Novoje Devjatkino [Novoye Devyatkino],Новое Девяткино,Hamlet,Vsevoložskij Rajon,"8,847","10,978","23,988",leningrad
Novoselje [Novoselye],Новоселье,Urban Settlement,Lomonosovskij Rajon,"2,360","2,810","7,643",leningrad
Novyj Svet [Novy Svet],Новый Свет,Rural Settlement,Gatčinskij Rajon,"5,553","5,648","7,000",leningrad
Nurma,Нурма,Hamlet,Tosnenskij Rajon,"3,272","3,146","3,188",leningrad
Otradnoje [Otradnoye],Отрадное,City,Kirovskij Rajon,"21,570","23,866","25,706",leningrad
Paša [Pasha],Паша,Village,Volchovskij Rajon,"2,660","3,701","3,442",leningrad
Pavlovo,Павлово,Urban Settlement,Kirovskij Rajon,"3,365","3,250","3,328",leningrad
Pervomajskoje [Pervomayskoye],Первомайское,Rural Settlement,Vyborgskij Rajon,"4,496","4,469","5,092",leningrad
Pikalëvo [Pikalyovo],Пикалёво,City,Boksitogorskij Rajon,"23,325","21,562","20,388",leningrad
Podporožje [Podporozhye],Подпорожье,City,Podporožskij Rajon,"20,312","18,733","16,123",leningrad
Priladožskij [Priladozhsky],Приладожский,Urban Settlement,Kirovskij Rajon,"5,185","5,757","5,767",leningrad
Primorsk,Приморск,City,Vyborgskij Rajon,"5,332","6,119","6,537",leningrad
Priozersk,Приозерск,City,Priozerskij Rajon,"20,506","18,933","18,777",leningrad
Pudost',Пудость,Rural Settlement,Gatčinskij Rajon,"2,505","2,500","4,079",leningrad
Rach'ja [Rakhya],Рахья,Urban Settlement,Vsevoložskij Rajon,"3,156","3,188","3,910",leningrad
Rjabovo [Ryabovo],Рябово,Urban Settlement,Tosnenskij Rajon,"3,309","3,251","3,163",leningrad
Romanovka,Романовка,Rural Settlement,Vsevoložskij Rajon,"5,676","6,129","8,370",leningrad
Roščino [Roshchino],Рощино,Urban Settlement,Vyborgskij Rajon,"9,393","13,439","16,162",leningrad
Russko-Vysockoje [Russko-Vysotskoye],Русско-Высоцкое,Village,Lomonosovskij Rajon,"4,735","5,356","4,937",leningrad
Ščeglovo [Shcheglovo],Щеглово,Rural Settlement,Vsevoložskij Rajon,"3,111","2,943","5,576",leningrad
Sertolovo,Сертолово,City,Vsevoložskij Rajon,"38,444","47,457","68,241",leningrad
Sinjavino [Sinyavino],Синявино,Urban Settlement,Kirovskij Rajon,"3,611","3,784","4,205",leningrad
Siverskij [Siversky],Сиверский,Urban Settlement,Gatčinskij Rajon,"12,137","12,216","13,496",leningrad
Sjas'kelevo [Syaskelevo],Сяськелево,Hamlet,Gatčinskij Rajon,"2,051","2,135","3,062",leningrad
Sjas'stroj [Syasstroy],Сясьстрой,City,Volchovskij Rajon,"13,969","13,745","12,566",leningrad
Slancy [Slantsy],Сланцы,City,Slancevskij Rajon,"37,371","33,485","34,628",leningrad
Šlissel'burg [Shlisselburg],Шлиссельбург,City,Kirovskij Rajon,"12,401","13,170","14,131",leningrad
Sosnovo,Сосново,Rural Settlement,Priozerskij Rajon,"5,953","7,209","5,391",leningrad
Sosnovyj Bor [Sosnovy Bor],Сосновый Бор,City,Sosnovyj Bor,"66,132","65,788","65,367",leningrad
Sovetskij [Sovetsky],Советский,Urban Settlement,Vyborgskij Rajon,"6,607","7,131","7,197",leningrad
Staraja [Staraya],Старая,Hamlet,Vsevoložskij Rajon,"4,466","8,868","13,836",leningrad
Susanino,Сусанино,Rural Settlement,Gatčinskij Rajon,"2,195","2,326","3,994",leningrad
Svetogorsk,Светогорск,City,Vyborgskij Rajon,"15,698","15,981","13,784",leningrad
Svir'stroj [Svirstroy],Свирьстрой,Urban Settlement,Lodejnopol'skij Rajon,"1,044",927,841,leningrad
Tajcy [Taytsy],Тайцы,Urban Settlement,Gatčinskij Rajon,"2,644","2,853","4,790",leningrad
Tel'mana [Telmana],Тельмана,Rural Settlement,Tosnenskij Rajon,"5,807","8,757","23,986",leningrad
Tichvin [Tikhvin],Тихвин,City,Tichvinskij Rajon,"63,338","58,459","55,415",leningrad
Toksovo,Токсово,Urban Settlement,Vsevoložskij Rajon,"5,893","6,127","7,869",leningrad
Tolmačëvo [Tolmachyovo],Толмачёво,Urban Settlement,Lužskij Rajon,"3,378","3,232","2,898",leningrad
Tosno,Тосно,City,Tosnenskij Rajon,"38,683","39,101","34,066",leningrad
Ul'janovka [Ulyanovka],Ульяновка,Urban Settlement,Tosnenskij Rajon,"9,244","11,601","11,676",leningrad
Važiny [Vazhiny],Важины,Urban Settlement,Podporožskij Rajon,"2,941","2,754","2,483",leningrad
Villozi,Виллози,Urban Settlement,Lomonosovskij Rajon,"3,064","3,895","3,113",leningrad
Vojskovicy [Voyskovitsy],Войсковицы,Rural Settlement,Gatčinskij Rajon,"3,916","4,187","4,514",leningrad
Volchov [Volkhov],Волхов,City,Volchovskij Rajon,"46,596","47,182","38,511",leningrad
Volosovo,Волосово,City,Volosovskij Rajon,"11,660","12,161","11,931",leningrad
Voznesenje [Voznesenye],Вознесенье,Urban Settlement,Podporožskij Rajon,"2,817","2,425","2,217",leningrad
Vsevoložsk [Vsevolozhsk],Всеволожск,City,Vsevoložskij Rajon,"45,310","59,704","79,038",leningrad
Vyborg,Выборг,City,Vyborgskij Rajon,"79,224","79,962","72,530",leningrad
Vyrica [Vyritsa],Вырица,Urban Settlement,Gatčinskij Rajon,"11,163","11,884","15,086",leningrad
Vysock [Vysotsk],Высоцк,City,Vyborgskij Rajon,"1,673","1,244","1,129",leningrad
Borinskoje [Borinskoye],Боринское,Village,Lipeckij Rajon,"6,052","6,556","7,220",lipetsk
Čaplygin [Chaplygin],Чаплыгин,City,Čaplyginskij Rajon,"13,656","12,656","11,579",lipetsk
Chlevnoje [Khlevnoye],Хлевное,Village,Chlevenskij Rajon,"6,205","5,969","6,012",lipetsk
Dankov,Данков,City,Dankovskij Rajon,"23,249","21,064","19,726",lipetsk
Dobrinka,Добринка,Rural Settlement,Dobrinskij Rajon,"10,153","9,572","8,965",lipetsk
Dobroje [Dobroye],Доброе,Village,Dobrovskij Rajon,"5,600","5,445","6,482",lipetsk
Dolgorukovo,Долгоруково,Village,Dolgorukovskij Rajon,"5,649","5,343","5,237",lipetsk
Donskoje [Donskoye],Донское,Village,Zadonskij Rajon,"3,894","3,807","3,953",lipetsk
Faščëvka [Fashchyovka],Фащёвка,Village,Grjazinskij Rajon,"1,260","1,723","3,245",lipetsk
Grjazi [Gryazi],Грязи,City,Grjazinskij Rajon,"47,478","46,807","43,908",lipetsk
Izmalkovo,Измалково,Village,Izmalkovskij Rajon,"4,108","4,015","3,644",lipetsk
Jelec [Yelets],Елец,City,Jelec,"116,726","108,404","99,875",lipetsk
Kalikino,Каликино,Village,Dobrovskij Rajon,"3,382","2,959","3,239",lipetsk
Kazaki,Казаки,Village,Jeleckij Rajon,"3,256","3,395","3,233",lipetsk
Kazinka,Казинка,Village,Grjazinskij Rajon,"2,351","2,730","3,144",lipetsk
Kosyrëvka [Kosyryovka],Косырёвка,Village,Lipeckij Rajon,848,"1,681","3,270",lipetsk
Krasnoje [Krasnoye],Красное,Village,Krasninskij Rajon,"4,057","3,832","3,634",lipetsk
Krivopoljanje [Krivopolyanye],Кривополянье,Village,Čaplyginskij Rajon,"5,125","5,059","5,220",lipetsk
Lebedjan' [Lebedyan],Лебедянь,City,Lebedjanskij Rajon,"22,966","21,012","20,049",lipetsk
Lev Tolstoj [Lev Tolstoy],Лев Толстой,Rural Settlement,Lev-Tolstovskij Rajon,"9,035","8,650","8,875",lipetsk
Lipeck [Lipetsk],Липецк,City,Lipeck,"506,114","508,887","496,403",lipetsk
Podgornoje [Podgornoye],Подгорное,Village,Lipeckij Rajon,"2,486","2,509","3,098",lipetsk
Stanovoje [Stanovoye],Становое,Village,Stanovljanskij Rajon,"5,258","5,252","5,046",lipetsk
Syrskoje [Syrskoye],Сырское,Village,Lipeckij Rajon,"3,485","3,457","3,548",lipetsk
Terbuny,Тербуны,Village,Terbunskij Rajon,"6,998","7,312","7,760",lipetsk
Usman',Усмань,City,Usmanskij Rajon,"20,133","18,685","19,662",lipetsk
Volovo,Волово,Village,Volovskij Rajon,"4,072","3,734","3,373",lipetsk
Zadonsk,Задонск,City,Zadonskij Rajon,"10,473","9,698","9,887",lipetsk
Atka,Атка,Urban Settlement,Chasynskij,604,485,20,magadan
Beličan [Belichan],Беличан,Urban Settlement,Susumanskij,32,0,0,magadan
Bol'ševik [Bolshevik],Большевик,Urban Settlement,Susumanskij,371,96,8,magadan
Burchala [Burkhala],Бурхала,Urban Settlement,Jagodninskij,571,272,150,magadan
Cholodnyj [Kholodny],Холодный,Urban Settlement,Susumanskij,"1,344","1,062",651,magadan
Debin,Дебин,Urban Settlement,Jagodninskij,921,721,460,magadan
Dukat,Дукат,Urban Settlement,Omsukčanskij,"1,287","1,351","1,044",magadan
Èvensk [Evensk],Эвенск,Urban Settlement,Severo-Èvenskij,"2,182","1,793","1,300",magadan
Galimyj [Galimy],Галимый,Urban Settlement,Omsukčanskij,188,5,3,magadan
Jagodnoje [Yagodnoye],Ягодное,Urban Settlement,Jagodninskij,"5,050","4,210","2,846",magadan
Kadykčan [Kadykchan],Кадыкчан,Urban Settlement,Susumanskij,875,0,1,magadan
Magadan,Магадан,City,Magadan,"99,399","95,982","90,757",magadan
Mjaundža [Myaundzha],Мяунджа,Urban Settlement,Susumanskij,"2,131","1,663","1,069",magadan
Ola,Ола,Urban Settlement,Ol'skij,"6,842","6,215","5,704",magadan
Omsukčan [Omsukchan],Омсукчан,Urban Settlement,Omsukčanskij,"4,529","4,157","3,493",magadan
Orotukan,Оротукан,Urban Settlement,Jagodninskij,"2,760","1,531",880,magadan
Palatka,Палатка,Urban Settlement,Chasynskij,"4,888","4,244","3,965",magadan
Sejmčan [Seymchan],Сеймчан,Urban Settlement,Srednekanskij,"3,725","2,818","2,153",magadan
Sinegorje [Sinegorye],Синегорье,Urban Settlement,Jagodninskij,"4,071","2,821","1,891",magadan
Sokol,Сокол,Urban Settlement,Magadan,"4,715","4,685","3,892",magadan
Stekol'nyj [Stekolny],Стекольный,Urban Settlement,Chasynskij,"2,260","2,023","2,125",magadan
Susuman,Сусуман,City,Susumanskij,"7,833","5,855","4,439",magadan
Uptar,Уптар,Urban Settlement,Magadan,"2,311","1,991","1,701",magadan
Ust'-Omčug [Ust-Omchug],Усть-Омчуг,Urban Settlement,Ten'kinskij,"4,867","3,914","2,572",magadan
Verchnij At-Urjach [Verkhny At-Uryakh],Верхний Ат-Урях,Urban Settlement,Jagodninskij,61,0,0,magadan
Joškar-Ola [Yoshkar-Ola],Йошкар-Ола,City,Joškar-Ola,"256,719","248,782","281,248",mari-el
Jurino [Yurino],Юрино,Urban Settlement,Jurinskij Rajon,"4,251","3,465","2,646",mari-el
Kilemary,Килемары,Urban Settlement,Kilemarskij Rajon,"3,951","4,073","3,938",mari-el
Koz'modem'jansk [Kozmodemyansk],Козьмодемьянск,City,Koz'modem'jansk,"22,771","21,257","19,731",mari-el
Krasnogorskij [Krasnogorsky],Красногорский,Urban Settlement,Zvenigovskij Rajon,"7,152","6,699","6,140",mari-el
Krasnooktjabr'skij [Krasnooktyabrsky],Краснооктябрьский,Urban Settlement,Medvedevskij Rajon,"4,307","4,559","3,592",mari-el
Kužener [Kuzhener],Куженер,Urban Settlement,Kuženerskij Rajon,"5,869","5,384","4,832",mari-el
Mari-Turek,Мари-Турек,Urban Settlement,Mari-Turekskij Rajon,"5,973","5,164","4,518",mari-el
Medvedevo,Медведево,Urban Settlement,Medvedevskij Rajon,"16,610","16,841","21,752",mari-el
Morki,Морки,Urban Settlement,Morkinskij Rajon,"9,686","9,914","8,667",mari-el
Novyj Tor''jal [Novy Torayal],Новый Торъял,Urban Settlement,Novotor''jal'skij Rajon,"7,266","6,635","5,619",mari-el
Oršanka [Orshanka],Оршанка,Urban Settlement,Oršanskij Rajon,"6,834","6,589","5,605",mari-el
Paran'ga [Paranga],Параньга,Urban Settlement,Paran'ginskij Rajon,"6,716","5,985","5,375",mari-el
Privolžskij [Privolzhsky],Приволжский,Urban Settlement,Volžskij Rajon,"4,161","4,159","3,789",mari-el
Ruèm [Ruem],Руэм,Rural Settlement,Medvedevskij Rajon,"3,577","3,319","4,922",mari-el
Semënovka [Semyonovka],Семёновка,Village,Joškar-Ola,"6,982","6,495","7,039",mari-el
Sernur,Сернур,Urban Settlement,Sernurskij Rajon,"9,031","8,686","8,183",mari-el
Sovetskij [Sovetsky],Советский,Urban Settlement,Sovetskij Rajon,"10,806","10,664","10,564",mari-el
Suslonger,Суслонгер,Urban Settlement,Zvenigovskij Rajon,"3,642","3,161","2,693",mari-el
Volžsk [Volzhsk],Волжск,City,Volžsk,"58,967","55,659","53,013",mari-el
Znamenskij [Znamensky],Знаменский,Rural Settlement,Medvedevskij Rajon,"2,293","2,444","3,219",mari-el
Zvenigovo,Звенигово,City,Zvenigovskij Rajon,"12,722","11,946","10,994",mari-el
Ardatov,Ардатов,City,Ardatovskij Rajon,"9,587","9,400","8,857",mordovia
Atemar,Атемар,Village,Ljambirskij Rajon,"4,146","4,078","4,245",mordovia
Atjaševo [Atyashevo],Атяшево,Urban Settlement,Atjaševskij Rajon,"6,073","6,246","6,046",mordovia
Atjurjevo [Atyuryevo],Атюрьево,Village,Atjurjevskij Rajon,"4,736","4,429","3,920",mordovia
Belozerje [Belozerye],Белозерье,Village,Romodanovskij Rajon,"2,792","2,949","3,078",mordovia
Bol'šaja Jelchovka [Bolshaya Yelkhovka],Большая Елховка,Village,Ljambirskij Rajon,"4,114","4,171","4,009",mordovia
Bol'šije Berezniki [Bolshiye Berezniki],Большие Березники,Village,Bol'šebereznikovskij Rajon,"6,398","6,393","6,077",mordovia
Čamzinka [Chamzinka],Чамзинка,Urban Settlement,Čamzinskij Rajon,"9,906","9,463","9,464",mordovia
Dubënki [Dubyonki],Дубёнки,Village,Dubënskij Rajon,"3,581","3,325","3,307",mordovia
Insar,Инсар,City,Insarskij Rajon,"8,951","8,687","7,920",mordovia
Jalga [Yalga],Ялга,Urban Settlement,Saransk,"5,088","5,672","6,442",mordovia
Javas [Yavas],Явас,Urban Settlement,Zubovo-Poljanskij Rajon,"7,964","7,941","5,849",mordovia
Jel'niki [Yelniki],Ельники,Village,Jel'nikovskij Rajon,"5,678","5,905","5,247",mordovia
Kadoškino [Kadoshkino],Кадошкино,Urban Settlement,Kadoškinskij Rajon,"4,874","4,704","3,960",mordovia
Kemlja [Kemlya],Кемля,Village,Ičalkovskij Rajon,"4,872","4,826","4,358",mordovia
Kočkurovo [Kochkurovo],Кочкурово,Village,Kočkurovskij Rajon,"3,259","3,198","3,004",mordovia
Komsomol'skij [Komsomolsky],Комсомольский,Urban Settlement,Čamzinskij Rajon,"14,230","13,513","11,255",mordovia
Kovylkino,Ковылкино,City,Kovylkinskij Rajon,"21,873","21,307","19,793",mordovia
Krasnoslobodsk,Краснослободск,City,Krasnoslobodskij Rajon,"10,843","10,151","8,910",mordovia
Ljambir' [Lyambir],Лямбирь,Village,Ljambirskij Rajon,"8,467","8,457","8,346",mordovia
Luchovka [Lukhovka],Луховка,Urban Settlement,Saransk,"9,099","8,639","9,036",mordovia
Nikolajevka [Nikolayevka],Николаевка,Urban Settlement,Saransk,"5,199","5,058","3,725",mordovia
Pot'ma [Potma],Потьма,Urban Settlement,Zubovo-Poljanskij Rajon,"4,396","4,171","3,681",mordovia
Romodanovo,Ромоданово,Rural Settlement,Romodanovskij Rajon,"9,871","9,410","9,139",mordovia
Ruzajevka [Ruzayevka],Рузаевка,City,Ruzajevskij Rajon,"49,790","47,523","42,989",mordovia
Saransk,Саранск,City,Saransk,"304,866","297,415","314,871",mordovia
Staroje Šajgovo [Staroye Shaygovo],Старое Шайгово,Village,Starošajgovskij Rajon,"5,205","5,185","4,818",mordovia
Tatarskaja Pišlja [Tatarskaya Pishlya],Татарская Пишля,Village,Ruzajevskij Rajon,"3,223","3,271","3,326",mordovia
Temnikov,Темников,City,Temnikovskij Rajon,"8,375","7,243","6,451",mordovia
Ten'guševo [Tengushevo],Теньгушево,Village,Ten'guševskij Rajon,"4,103","4,230","3,731",mordovia
Torbejevo [Torbeyevo],Торбеево,Urban Settlement,Torbejevskij Rajon,"9,351","9,373","8,970",mordovia
Turgenevo,Тургенево,Urban Settlement,Ardatovskij Rajon,"5,288","5,260","4,453",mordovia
Umët,Умёт,Urban Settlement,Zubovo-Poljanskij Rajon,"3,005","2,822","2,461",mordovia
Zubova Poljana [Zubova Polyana],Зубова Поляна,Urban Settlement,Zubovo-Poljanskij Rajon,"10,355","10,338","10,996",mordovia
Alabuševo [Alabushevo],Алабушево,Village,Solnečnogorsk,"2,756","2,994","3,170",moscow
Andrejevka [Andreyevka],Андреевка,Urban Settlement,Solnečnogorsk,"8,465","10,008","10,397",moscow
Aničkovo [Anichkovo],Аничково,Rural Settlement,Losino-Petrovskij,...,...,"4,741",moscow
Aprelevka,Апрелевка,City,Naro-Fominskij,"18,357","18,349","35,514",moscow
Archangel'skoje [Arkhangelskoye],Архангельское,Rural Settlement,Krasnogorsk,"3,612","4,443","3,656",moscow
Ašukino [Ashukino],Ашукино,Urban Settlement,Puškinskij,"6,362","9,942","8,855",moscow
Atepcevo [Ateptsevo],Атепцево,Village,Naro-Fominskij,"3,452","3,259","3,628",moscow
Avsjunino [Avsyunino],Авсюнино,Rural Settlement,Orechovo-Zujevo,"5,191","4,947","5,529",moscow
Balašicha [Balashikha; incl. Zheleznodorozhny],Балашиха,City,Balašicha,...,"346,751","520,962",moscow
Beloomut,Белоомут,Urban Settlement,Luchovicy,"7,029","6,558","5,931",moscow
Beloozërskij [Beloozyorsky],Белоозёрский,City,Voskresenskij,"14,494","17,842","13,737",moscow
Biokombinata,Биокомбината,Rural Settlement,Losino-Petrovskij,"4,677","4,604","4,085",moscow
Bobrovo,Боброво,Urban Settlement,Leninskij,52,130,"13,259",moscow
Bogorodskoje [Bogorodskoye],Богородское,Urban Settlement,Sergijevo-Posadskij,"9,352","9,108","9,860",moscow
Bol'ševik [Bolshevik],Большевик,Rural Settlement,Serpuchov,"5,272","5,691","7,679",moscow
Bol'šije Dvory [Bolshiye Dvory],Большие Дворы,Urban Settlement,Pavlovskij Posad,"4,841","4,952","5,798",moscow
Bol'šije Vjazëmy [Bolshiye Vyazyomy],Большие Вязёмы,Urban Settlement,Odincovskij,"5,667","12,650","15,060",moscow
Bol'šoje Bun'kovo [Bolshoye Bunkovo],Большое Буньково,Hamlet,Bogorodskij,"3,440","4,084","4,266",moscow
Brëchovo [Bryokhovo],Брёхово,Hamlet,Chimki,810,887,"5,901",moscow
Bronnicy [Bronnitsy],Бронницы,City,Bronnicy,"18,232","21,102","21,831",moscow
Butovo,Бутово,Urban Settlement,Leninskij,52,81,"12,267",moscow
Bykovo,Быково,Urban Settlement,Ramenskij,"9,235","10,391","8,594",moscow
Čascy [Chastsy],Часцы,Rural Settlement,Odincovskij,"1,499","4,251","6,264",moscow
Čechov [Chekhov],Чехов,City,Čechov,"72,917","60,720","89,025",moscow
Central'noj Usad'by Sovchoza «Mir» [Tsentralnoy Usadby Sovkhoza »Mir«],Центральной усадьбы совхоза «Мир»,Rural Settlement,Šatura,"3,031","2,955","3,131",moscow
Čerkizovo [Cherkizovo],Черкизово,Urban Settlement,Puškinskij,"3,468","3,559","4,400",moscow
Čërnaja [Chyornaya],Чёрная,Hamlet,Istra,59,56,"4,712",moscow
Černogolovka [Chernogolovka],Черноголовка,City,Černogolovka,"20,284","20,983","19,530",moscow
Čërnoje [Chyornoye],Чёрное,Hamlet,Balašicha,"5,803","4,047","5,600",moscow
Čerusti [Cherusti],Черусти,Urban Settlement,Šatura,"2,891","2,862","3,600",moscow
Chimki [Khimki],Химки,City,Chimki,...,"207,425","257,128",moscow
Chorlovo [Khorlovo],Хорлово,Urban Settlement,Voskresenskij,"3,884","4,468","3,714",moscow
Chot'kovo [Khotkovo],Хотьково,City,Sergijevo-Posadskij,"20,957","21,505","20,466",moscow
Davydovo,Давыдово,Hamlet,Orechovo-Zujevo,"10,694","10,918","10,601",moscow
Dedenevo,Деденёво,Urban Settlement,Dmitrov,"6,509","6,319","5,878",moscow
Dedovsk,Дедовск,City,Istra,"27,662","29,108","30,731",moscow
Demichovo [Demikhovo],Демихово,Hamlet,Orechovo-Zujevo,"5,519","5,563","6,760",moscow
Dmitrov,Дмитров,City,Dmitrov,"62,219","61,305","65,574",moscow
Dolgoprudnyj [Dolgoprudny],Долгопрудный,City,Dolgoprudnyj,"75,256","90,956","120,907",moscow
Doma Otdycha «Gorki» [Rest House »Gorki«],Дома отдыха «Горки»,Rural Settlement,Dmitrov,"3,556","3,778","3,729",moscow
Domodedovo,Домодедово,City,Domodedovo,"80,362","96,145","152,404",moscow
Domodedovo,Домодедово,Village,Domodedovo,320,229,"7,848",moscow
Dorochovo [Dorokhovo],Дорохово,Rural Settlement,Ruzskij,"4,349","3,688","4,497",moscow
Drezna,Дрезна,City,Orechovo-Zujevo,"11,665","11,820","12,295",moscow
Drožžino [Drozhzhino],Дрожжино,Urban Settlement,Leninskij,48,69,"29,072",moscow
Družba [Druzhba],Дружба,Rural Settlement,Ramenskij,"4,092","4,215","3,817",moscow
Dubna,Дубна,City,Dubna,"60,951","70,663","74,183",moscow
Dubovaja Rošča [Dubovaya Roshcha],Дубовая Роща,Rural Settlement,Ramenskij,"4,109","4,365","4,120",moscow
Dzeržinskij [Dzerzhinsky],Дзержинский,City,Dzeržinskij,"41,488","47,163","57,918",moscow
Èlektrogorsk [Elektrogorsk],Электрогорск,City,Pavlovskij Posad,"20,353","22,480","29,982",moscow
Èlektroizoljator [Elektroizolyator],Электроизолятор,Rural Settlement,Ramenskij,"4,247","4,540","4,141",moscow
Èlektrostal' [Elektrostal],Электросталь,City,Èlektrostal',"146,294","155,196","146,403",moscow
Èlektrougli [Elektrougli],Электроугли,City,Bogorodskij,"16,717","20,136","17,944",moscow
Fedjukovo [Fedyukovo],Федюково,Hamlet,Podol'sk,"2,145","2,785","3,117",moscow
Fedurnovo,Федурново,Hamlet,Balašicha,231,"1,814","4,107",moscow
Fosforitnyj,Фосфоритный,Urban Settlement,Voskresenskij,"4,193","4,495","3,883",moscow
Frjanovo [Fryanovo],Фряново,Urban Settlement,Ščëlkoso,"11,180","11,243","12,682",moscow
Frjazino [Fryazino],Фрязино,City,Frjazino,"52,436","55,369","60,580",moscow
Gal'čino [Galchino],Гальчино,Hamlet,Domodedovo,"3,005","3,060","3,607",moscow
Glebovskij [Glebovsky],Глебовский,Rural Settlement,Istra,"8,599","9,316","11,678",moscow
Golicyno [Golitsyno],Голицыно,City,Odincovskij,"16,189","17,593","22,733",moscow
Goluboje [Goluboye],Голубое,Hamlet,Solnečnogorsk,"1,075","2,142","8,039",moscow
Gorki,Горки,Hamlet,Leninskij,"1,806",533,"3,526",moscow
Gorki-10,Горки-10,Rural Settlement,Odincovskij,"6,291","6,459","8,911",moscow
Gorki-2,Горки-2,Rural Settlement,Odincovskij,"2,831","2,948","3,631",moscow
Gorki Leninskije [Gorki Leninskiye],Горки Ленинские,Urban Settlement,Leninskij,"1,729","3,586","3,169",moscow
Gubino,Губино,Hamlet,Orechovo-Zujevo,"2,643","2,575","3,426",moscow
Ikša [Iksha],Икша,Urban Settlement,Dmitrov,"3,738","3,721","3,916",moscow
Il'inskij [Ilyinsky],Ильинский,Urban Settlement,Ramenskij,"7,995","10,279","14,645",moscow
Il'inskoje [Ilyinskoye],Ильинское,Village,Domodedovo,"5,648","5,276","4,909",moscow
Il'inskoje-Usovo [Ilyinskoye-Usovo],Ильинское-Усово,Rural Settlement,Krasnogorsk,"1,556","1,504","3,656",moscow
Imeni Cjurupy [Imeni Tsyurupy],имени Цюрупы,Urban Settlement,Voskresenskij,"3,959","4,352","5,926",moscow
Imeni Tel'mana [Imeni Telmana],имени Тельмана,Rural Settlement,Ramenskij,"4,017","3,673","4,140",moscow
Imeni Vorovskogo,имени Воровского,Urban Settlement,Bogorodskij,"5,347","5,120","16,127",moscow
Istra,Истра,City,Istra,"33,652","35,111","37,474",moscow
Ivantejevka [Ivanteyevka],Ивантеевка,City,Puškinskij,"51,454","58,626","82,827",moscow
Izmajlovo [Izmaylovo],Измайлово,Urban Settlement,Leninskij,"1,685","1,593","1,505",moscow
Jachroma [Yakhroma],Яхрома,City,Dmitrov,"13,361","13,214","14,011",moscow
Jam [Yam],Ям,Village,Domodedovo,"3,271","2,994","3,649",moscow
Jegorjevsk [Yegoryevsk],Егорьевск,City,Jegorjevsk,"68,303","70,081","71,686",moscow
Jeršovo [Yershovo],Ершово,Village,Odincovskij,"2,412","2,366","3,323",moscow
Kalininec [Kalininets],Калининец,Urban Settlement,Naro-Fominskij,"23,873","21,774","25,082",moscow
Kašira [Kashira; incl. Ozherelye],Кашира,City,Kašira,"52,011","52,339","45,922",moscow
Klin,Клин,City,Klin,"83,178","80,585","88,511",moscow
Kolomna,Коломна,City,Kolomna,"150,129","144,589","134,850",moscow
Konobejevo [Konobeyevo],Конобеево,Village,Voskresenskij,"2,996","3,201","3,854",moscow
Konstantinovo,Константиново,Village,Ramenskij,"3,595","3,974","3,399",moscow
Korolëv [Korolyov; incl. Yubileyny],Королёв,City,Korolëv,"201,395","216,639","228,095",moscow
Kotel'niki [Kotelniki],Котельники,City,Kotel'niki,"17,747","32,338","63,728",moscow
Kraskovo,Красково,Urban Settlement,Ljubercy,"11,930","21,250","27,306",moscow
Krasnaja Pojma [Krasnaya Poyma],Красная Пойма,Rural Settlement,Luchovicy,"3,139","3,051","3,510",moscow
Krasnoarmejsk [Krasnoarmeysk],Красноармейск,City,Puškinskij,"26,051","26,294","26,492",moscow
Krasnogorsk,Красногорск,City,Krasnogorsk,...,"116,896","187,634",moscow
Krasnozavodsk,Краснозаводск,City,Sergijevo-Posadskij,"13,549","13,392","14,639",moscow
Krasnoznamensk,Краснознаменск,City,Krasnoznamensk,"28,044","36,103","43,868",moscow
Krasnyj Posëlok [Krasny Posyolok],Красный посёлок,Hamlet,Istra,76,77,"3,235",moscow
Krasnyj Put' [Krasny Put],Красный Путь,Village,Domodedovo,"1,492","1,432","3,803",moscow
Kratovo,Кратово,Urban Settlement,Ramenskij,"6,855","8,277","15,565",moscow
Krjukovo [Kryukovo],Крюково,Hamlet,Čechov,"2,798","2,688","4,063",moscow
Kubinka,Кубинка,City,Odincovskij,"26,158","22,964","23,146",moscow
Kudinovo,Кудиново,Village,Bogorodskij,481,"3,170","5,368",moscow
Kurovskoje [Kurovskoye],Куровское,City,Orechovo-Zujevo,"19,507","21,819","19,857",moscow
Kuznečiki [Kuznechiki],Кузнечики,Rural Settlement,Podol'sk,"2,484","3,298","3,532",moscow
Lesnoj [Lesnoy],Лесной,Urban Settlement,Puškinskij,"8,761","8,569","10,082",moscow
Lesnyje Poljany [Lesnye Polyany],Лесные Поляны,Rural Settlement,Puškinskij,"3,726","4,053","4,848",moscow
Letnij Otdych [Letny Otdykh],Летний Отдых,Rural Settlement,Odincovskij,"2,545","2,743","3,276",moscow
Likino-Dulëvo [Likino-Dulyovo],Ликино-Дулёво,City,Orechovo-Zujevo,"31,440","31,321","34,191",moscow
Lipicy [Lipitsy],Липицы,Village,Serpuchov,"2,635","2,514","3,491",moscow
Litvinovo,Литвиново,Rural Settlement,Ščëlkoso,"2,525","2,464","3,256",moscow
Ljubercy [Lyubertsy],Люберцы,City,Ljubercy,"156,691","172,525","224,195",moscow
Ljubučany [Lyubuchany],Любучаны,Rural Settlement,Čechov,"3,566","3,378","4,748",moscow
Lobnja [Lobnya],Лобня,City,Lobnja,"61,567","74,252","82,764",moscow
Lopatino,Лопатино,Urban Settlement,Leninskij,108,222,"9,814",moscow
Losino-Petrovskij [Losino-Petrovsky],Лосино-Петровский,City,Losino-Petrovskij,"22,324","22,550","29,000",moscow
Lotošino [Lotoshino],Лотошино,Urban Settlement,Lotošino,"5,670","5,558","6,277",moscow
Loza,Лоза,Rural Settlement,Sergijevo-Posadskij,"2,960","2,775","3,138",moscow
Luchovicy [Lukhovitsy],Луховицы,City,Luchovicy,"32,403","29,850","29,889",moscow
Lunëvo [Lunyovo],Лунёво,Rural Settlement,Chimki,"4,092","3,961","3,412",moscow
Lytkarino,Лыткарино,City,Lytkarino,"50,798","55,237","65,212",moscow
Malachovka [Malakhovka],Малаховка,Urban Settlement,Ljubercy,"18,552","24,004","25,989",moscow
Malino,Малино,Urban Settlement,Stupino,"4,363","4,108","3,392",moscow
Malyje Vjazëmy [Malye Vyazyomy],Малые Вязёмы,Hamlet,Odincovskij,"1,053","1,728","4,778",moscow
Marfino,Марфино,Village,Mytišči,"3,718","4,234","3,396",moscow
Marusino,Марусино,Hamlet,Ljubercy,"1,490",490,"9,206",moscow
Mebel'noj Fabriki [Mebelnoy Fabriki],Мебельной фабрики,Rural Settlement,Mytišči,493,0,"3,777",moscow
Medvež'i Ozëra [Medvezhyi Ozyora],Медвежьи Озёра,Hamlet,Ščëlkoso,"2,326","4,154","5,425",moscow
Mendelejevo [Mendeleyevo],Менделеево,Urban Settlement,Solnečnogorsk,"8,030","7,927","6,317",moscow
Michnevo [Mikhnevo],Михнево,Urban Settlement,Stupino,"10,831","11,267","11,425",moscow
Mirnyj [Mirny],Мирный,Rural Settlement,Ljubercy,302,99,"3,094",moscow
Misajlovo [Misaylovo],Мисайлово,Hamlet,Leninskij,344,370,"27,093",moscow
Mišeronskij [Misheronsky],Мишеронский,Urban Settlement,Šatura,"3,821","3,857","4,697",moscow
Molodëžnyj [Molodyozhny],Молодёжный,Urban Settlement,Molodëžnyj,"2,599","2,920","2,966",moscow
Molokovo,Молоково,Village,Leninskij,"1,888","1,938","12,361",moscow
Monino,Монино,Urban Settlement,Ščëlkoso,"20,017","22,821","20,313",moscow
Možajsk [Mozhaysk],Можайск,City,Možajsk,"31,459","31,363","33,880",moscow
Mytišči [Mytishchi; incl. Pirogovsky],Мытищи,City,Mytišči,"166,160","179,834","255,429",moscow
Nachabino [Nakhabino],Нахабино,Urban Settlement,Krasnogorsk,"28,217","36,456","50,916",moscow
Naro-Fominsk,Наро-Фоминск,City,Naro-Fominskij,"70,475","64,665","71,121",moscow
Nekrasovskij [Nekrasovsky],Некрасовский,Urban Settlement,Dmitrov,"9,693","10,292","11,574",moscow
Nemčinovka [Nemchinovka],Немчиновка,Village,Odincovskij,"1,749","2,542","12,648",moscow
Noginsk,Ногинск,City,Bogorodskij,"117,555","100,072","103,891",moscow
Novodrožžino [Novodrozhzhino],Новодрожжино,Urban Settlement,Leninskij,"2,737","2,781","3,200",moscow
Novoivanovskoje [Novoivanovskoye],Новоивановское,Urban Settlement,Odincovskij,712,"6,003","12,338",moscow
Novoje [Novoye],Новое,Hamlet,Orechovo-Zujevo,"2,436","2,458","3,242",moscow
Novopetrovskoje [Novopetrovskoye],Новопетровское,Village,Istra,"5,227","4,883","6,369",moscow
Novosin'kovo [Novosinkovo],Новосиньково,Rural Settlement,Dmitrov,"6,438","8,073","7,844",moscow
Novyj Byt [Novy Byt],Новый Быт,Village,Čechov,"2,930","2,922","3,076",moscow
Novyj Gorodok [Novy Gorodok],Новый Городок,Rural Settlement,Odincovskij,2,"9,154","5,734",moscow
Novyj Gorodok [Novy Gorodok],Новый Городок,Rural Settlement,Ščëlkoso,"1,638","2,718","5,594",moscow
Obolensk,Оболенск,Rural Settlement,Serpuchov,"5,458","4,937","4,167",moscow
Obuchovo [Obukhovo],Обухово,Urban Settlement,Bogorodskij,"10,746","9,630","8,689",moscow
Odincovo [Odintsovo],Одинцово,City,Odincovskij,...,"138,930","180,530",moscow
Oktjabr'skij [Oktyabrsky],Октябрьский,Urban Settlement,Ljubercy,"10,135","13,165","24,704",moscow
Orechovo-Zujevo [Orekhovo-Zuyevo],Орехово-Зуево,City,Orechovo-Zujevo,"122,248","120,670","105,745",moscow
Ostašëvo [Ostashyovo],Осташёво,Village,Volokolamskij,"2,539","2,743","3,264",moscow
Ostrovcy [Ostrovtsy],Островцы,Hamlet,Ramenskij,"3,714","5,515","15,752",moscow
Otradnoje [Otradnoye],Отрадное,Rural Settlement,Krasnogorsk,"1,281","1,233","9,445",moscow
Ozereckoje [Ozeretskoye],Озерецкое,Village,Dmitrov,159,243,"3,067",moscow
Ozëry [Ozyory],Озёры,City,Kolomna,"25,704","25,800","24,359",moscow
Pavlino,Павлино,Hamlet,Balašicha,66,96,"3,619",moscow
Pavlovskaja Sloboda [Pavlovskaya Sloboda],Павловская Слобода,Village,Istra,"5,986","6,327","8,668",moscow
Pavlovskij Posad [Pavlovsky Posad],Павловский Посад,City,Pavlovskij Posad,"61,982","63,711","65,098",moscow
Peresvet,Пересвет,City,Sergijevo-Posadskij,"14,719","14,147","11,752",moscow
Peski,Пески,Rural Settlement,Kolomna,"3,736","3,845","3,277",moscow
Podolino,Подолино,Hamlet,Chimki,106,206,"3,410",moscow
"Podol'sk [Podolsk; incl. Klimovsk, Lvovsky]",Подольск,City,Podol'sk,"248,513","255,002","314,934",moscow
Povarovo,Поварово,Urban Settlement,Solnečnogorsk,"7,602","7,985","8,445",moscow
Pravdinskij [Pravdinsky],Правдинский,Urban Settlement,Puškinskij,"10,458","10,587","10,046",moscow
Proletarskij [Proletarsky],Пролетарский,Rural Settlement,Serpuchov,"4,103","4,156","4,280",moscow
Protvino,Протвино,City,Protvino,"36,175","37,308","37,735",moscow
Purševo [Purshevo],Пуршево,Hamlet,Balašicha,"2,163","2,055","3,075",moscow
Puščino [Pushchino],Пущино,City,Puščino,"19,964","20,332","19,578",moscow
Puškino [Pushkino],Пушкино,City,Puškinskij,...,"102,874","110,868",moscow
Putilkovo,Путилково,Hamlet,Krasnogorsk,"1,650","2,464","27,081",moscow
Radumlja [Radumlya],Радумля,Hamlet,Solnečnogorsk,"2,503","2,250","3,153",moscow
Ramenskoje [Ramenskoye],Раменское,City,Ramenskij,"82,074","96,317","114,537",moscow
Rastunovo,Растуново,Village,Domodedovo,59,"4,046","5,219",moscow
Razvilka,Развилка,Rural Settlement,Leninskij,"8,773","9,778","14,788",moscow
Rečicy [Rechitsy],Речицы,Village,Ramenskij,"3,465","3,478","4,865",moscow
Remmaš [Remmash],Реммаш,Rural Settlement,Sergijevo-Posadskij,"7,623","7,317","5,941",moscow
Rešetnikovo [Reshetnikovo],Решетниково,Urban Settlement,Klin,"3,219","3,118","4,617",moscow
Reutov,Реутов,City,Reutov,"76,805","87,314","113,871",moscow
Rjazanovskij [Ryazanovsky],Рязановский,Urban Settlement,Jegorjevsk,"2,324","2,079","2,781",moscow
Rodniki,Родники,Urban Settlement,Ramenskij,"3,741","5,227","5,132",moscow
Rošal' [Roshal],Рошаль,City,Šatura,"22,407","21,272","21,401",moscow
Roždestveno [Rozhdestveno],Рождествено,Village,Istra,"3,087","3,335","7,747",moscow
Ruza,Руза,City,Ruzskij,"13,516","13,495","16,014",moscow
Ržavki [Rzhavki],Ржавки,Urban Settlement,Solnečnogorsk,"4,118","4,038","4,842",moscow
Saburovo,Сабурово,Hamlet,Krasnogorsk,95,145,"7,794",moscow
Šachovskaja [Shakhovskaya],Шаховская,Urban Settlement,Šachovskaja,"10,439","10,728","12,862",moscow
Sanatorija «Podmoskovje» [Sanatorium »Podmoskovye«],Санатория «Подмосковье»,Rural Settlement,Domodedovo,"2,623","2,446","3,952",moscow
Sapronovo,Сапроново,Hamlet,Leninskij,27,66,"16,817",moscow
Šatura [Shatura],Шатура,City,Šatura,"30,393","32,885","38,230",moscow
Šaturtorf [Shaturtorf],Шатурторф,Rural Settlement,Šatura,"3,340","3,572","4,228",moscow
Ščëlkovo [Shchyolkovo],Щёлково,City,Ščëlkoso,"112,865","110,411","134,211",moscow
Seljatino [Selyatino],Селятино,Urban Settlement,Naro-Fominskij,"13,062","12,629","14,523",moscow
Šemetovo [Shemetovo],Шеметово,Village,Sergijevo-Posadskij,20,"4,362","4,024",moscow
Serebrjanyje Prudy [Serebryanye Prudy],Серебряные Пруды,Urban Settlement,Serebrjanyje Prudy,"8,969","9,705","8,960",moscow
Sergijev Posad [Sergiyev Posad],Сергиев Посад,City,Sergijevo-Posadskij,"113,581","111,179","101,756",moscow
Sergijevskij [Sergiyevsky],Сергиевский,Rural Settlement,Kolomna,"3,570","3,397","3,197",moscow
Serpuchov [Serpukhov],Серпухов,City,Serpuchov,"131,097","127,041","133,793",moscow
Severnyj [Severny],Северный,Urban Settlement,Taldom,"3,828","4,076","3,911",moscow
Sitne-Ščelkanovo [Sitne-Shchelkanovo],Ситне-Щелканово,Village,Stupino,"2,902","2,901","3,154",moscow
Skoropuskovskij [Skoropuskovsky],Скоропусковский,Urban Settlement,Sergijevo-Posadskij,"5,479","6,685","6,569",moscow
Snegiri,Снегири,Urban Settlement,Istra,"3,494","3,177","5,558",moscow
Sof'ino [Sofyino],Софьино,Village,Ramenskij,"2,020","2,260","4,115",moscow
Sofrino,Софрино,Urban Settlement,Puškinskij,"15,481","15,771","15,136",moscow
Solnečnogorsk [Solnechnogorsk],Солнечногорск,City,Solnečnogorsk,"58,374","52,944","48,413",moscow
Sovchoza Imeni Lenina [Sovkhoza Imeni Lenina],Совхоза имени Ленина,Rural Settlement,Leninskij,"3,437","3,964","7,234",moscow
Sovchoza «Ramenskoje» [Sovkhoza »Ramenskoye«],Совхоза «Раменское»,Rural Settlement,Ramenskij,"3,862","3,997","4,003",moscow
Staraja Kupavna [Staraya Kupavna],Старая Купавна,City,Bogorodskij,"21,433","21,811","22,898",moscow
Staryj Gorodok [Stary Gorodok],Старый Городок,Rural Settlement,Odincovskij,"6,425","6,116","8,313",moscow
Stolbovaja [Stolbovaya],Столбовая,Urban Settlement,Čechov,"5,185","5,082","5,403",moscow
Stromyn',Стромынь,Village,Bogorodskij,342,"6,593","5,430",moscow
Stupino,Ступино,City,Stupino,"63,124","66,816","64,412",moscow
Šuvoje [Shuvoye],Шувое,Rural Settlement,Jegorjevsk,"2,942","2,591","3,016",moscow
Sverdlovskij [Sverdlovsky],Свердловский,Urban Settlement,Losino-Petrovskij,"5,683","6,763","23,058",moscow
Syčëvo [Sychyovo],Сычёво,Urban Settlement,Volokolamskij,"3,195","3,105","3,131",moscow
Taldom,Талдом,City,Taldom,"13,334","13,819","17,317",moscow
Tarasovka,Тарасовка,Village,Puškinskij,"2,492","2,807","3,053",moscow
Tomilino,Томилино,Urban Settlement,Ljubercy,"28,545","30,605","30,306",moscow
Troickoje [Troitskoye],Троицкое,Village,Čechov,"4,586","4,873","5,349",moscow
Tučkovo [Tuchkovo],Тучково,Urban Settlement,Ruzskij,"16,966","17,381","22,657",moscow
Udel'naja [Udelnaya],Удельная,Urban Settlement,Ramenskij,"13,309","15,021","17,846",moscow
Uvarovka,Уваровка,Urban Settlement,Možajsk,"3,162","3,354","3,841",moscow
Vaulovo,Ваулово,Hamlet,Čechov,6,"4,190","3,462",moscow
Verbilki,Вербилки,Urban Settlement,Taldom,"6,764","7,022","10,089",moscow
Vereja [Vereya],Верея,City,Naro-Fominskij,"4,957","5,368","4,906",moscow
Verzilovo,Верзилово,Village,Stupino,23,43,"5,982",moscow
Vidnoje [Vidnoye],Видное,City,Leninskij,"52,198","56,752","101,490",moscow
Vlasicha [Vlasikha],Власиха,Urban Settlement,Vlasicha,...,"26,359","28,240",moscow
Vniissok,ВНИИССОК,Rural Settlement,Odincovskij,"1,543","7,867","17,597",moscow
Volodarskogo,Володарского,Rural Settlement,Leninskij,"3,466","4,533","9,306",moscow
Volokolamsk,Волоколамск,City,Volokolamskij,"16,656","23,433","26,389",moscow
Voschod [Voskhod],Восход,Urban Settlement,Voschod,"1,785","2,007","2,065",moscow
Voskresensk,Воскресенск,City,Voskresenskij,...,"91,464","95,495",moscow
Vsevolodovo,Всеволодово,Hamlet,Èlektrostal',74,"2,959","3,456",moscow
Vysokovsk,Высоковск,City,Klin,"10,950","10,635","13,081",moscow
Zagorjanskij [Zagoryansky],Загорянский,Urban Settlement,Ščëlkoso,"7,576","7,997","10,358",moscow
Zaprudnja [Zaprudnya],Запрудня,Urban Settlement,Taldom,"12,621","12,855","15,189",moscow
Zarajsk [Zaraysk],Зарайск,City,Zarajsk,"25,093","24,645","20,736",moscow
Zarečje [Zarechye],Заречье,Urban Settlement,Odincovskij,"5,110","6,270","10,649",moscow
Žavoronki [Zhavoronki],Жаворонки,Village,Odincovskij,"2,923","3,407","5,979",moscow
Zelenogradskij [Zelenogradsky],Зеленоградский,Urban Settlement,Puškinskij,"2,173","2,548","5,521",moscow
Žilëvo [Zhilyovo],Жилёво,Urban Settlement,Stupino,"2,468","2,472","1,932",moscow
Žukovskij [Zhukovsky],Жуковский,City,Žukovskij,"101,328","104,736","111,222",moscow
Zvenigorod,Звенигород,City,Odincovskij,"12,155","16,395","35,842",moscow
Zvëzdnyj Gorodok [Zvyozdny Gorodok],Звёздный городок,Urban Settlement,Zvëzdnyj Gorodok,...,"6,332","7,738",moscow
Alakurtti,Алакуртти,Village,Kandalakšskij Rajon,"6,671","3,424","5,533",murmansk
Apatity,Апатиты,City,Apatity,"64,405","59,672","49,647",murmansk
Gadžijevo [Gadzhiyevo],Гаджиево,City,Aleksandrovsk,"12,180","11,068","9,297",murmansk
Kandalakša [Kandalaksha],Кандалакша,City,Kandalakšskij Rajon,"40,564","35,654","29,138",murmansk
Kil'dinstroj [Kildinstroy],Кильдинстрой,Urban Settlement,Kol'skij Rajon,"2,861","2,063","2,244",murmansk
Kirovsk,Кировск,City,Kirovsk,"31,593","28,625","24,857",murmansk
Kola,Кола,City,Kol'skij Rajon,"11,060","10,437","9,016",murmansk
Kovdor,Ковдор,City,Kovdorskij Rajon,"20,867","18,820","15,770",murmansk
Moločnyj [Molochny],Молочный,Urban Settlement,Kol'skij Rajon,"5,627","5,208","4,194",murmansk
Mončegorsk [Monchegorsk],Мончегорск,City,Mončegorsk,"52,242","45,361","39,962",murmansk
Murmansk,Мурманск,City,Murmansk,"345,595","315,953","270,384",murmansk
Murmaši [Murmashi],Мурмаши,Urban Settlement,Kol'skij Rajon,"16,343","14,152","9,568",murmansk
Nikel',Никель,Urban Settlement,Pečengskij Rajon,"16,534","12,756","9,858",murmansk
Olenegorsk,Оленегорск,City,Olenegorsk,"25,166","23,072","21,438",murmansk
Ostrovnoj [Ostrovnoy],Островной,City,Ostrovnoj,"5,032","2,171","1,487",murmansk
Pečenga [Pechenga],Печенга,Urban Settlement,Pečengskij Rajon,"2,959","3,188","2,206",murmansk
Poljarnyj [Polyarny],Полярный,City,Aleksandrovsk,"18,552","17,293","12,293",murmansk
Poljarnyje Zori [Polyarnye Zori],Полярные Зори,City,Poljarnyje Zori,"15,910","15,096","14,146",murmansk
Revda,Ревда,Urban Settlement,Lovozerskij Rajon,"10,368","8,414","6,394",murmansk
Safonovo,Сафоново,Urban Settlement,Severomorsk,"4,853","5,255","4,305",murmansk
Severomorsk,Североморск,City,Severomorsk,"55,102","50,060","43,327",murmansk
Snežnogorsk [Snezhnogorsk],Снежногорск,City,Aleksandrovsk,"12,737","12,683","9,942",murmansk
Tumannyj [Tumanny],Туманный,Urban Settlement,Kol'skij Rajon,950,685,404,murmansk
Umba,Умба,Urban Settlement,Terskij Rajon,"6,497","5,532","4,121",murmansk
Verchnetulomskij [Verkhnetulomsky],Верхнетуломский,Urban Settlement,Kol'skij Rajon,"2,003","1,580","1,320",murmansk
Zaozërsk [Zaozyorsk],Заозёрск,City,Zaozërsk,"12,687","11,199","7,762",murmansk
Zapoljarnyj [Zapolyarny],Заполярный,City,Pečengskij Rajon,"18,640","15,825","14,791",murmansk
Zelenoborskij [Zelenoborsky],Зеленоборский,Urban Settlement,Kandalakšskij Rajon,"7,640","6,560","3,768",murmansk
Afonino,Афонино,Hamlet,Kstovskij Rajon,"3,237","3,360","6,020",nizhny novgorod
Ankudinovka,Анкудиновка,Hamlet,Kstovskij Rajon,136,145,"5,226",nizhny novgorod
Ardatov,Ардатов,Urban Settlement,Ardatovskij Rajon,"10,117","9,566","9,188",nizhny novgorod
Ar'ja [Arya],Арья,Urban Settlement,Urenskij Rajon,"5,016","5,015","4,884",nizhny novgorod
Arzamas,Арзамас,City,Arzamas,"109,432","106,362","104,908",nizhny novgorod
Balachna [Balakhna],Балахна,City,Balachninskij Rajon,"57,338","51,519","48,569",nizhny novgorod
Berëzovka [Beryozovka],Берёзовка,Hamlet,Arzamas,"1,997","2,444","4,394",nizhny novgorod
Bližne-Pesočnoje [Blizhne-Pesochnoye],Ближне-Песочное,Urban Settlement,Vyksa,"2,679","2,917","2,893",nizhny novgorod
Bogorodsk,Богородск,City,Bogorodskij Rajon,"37,095","35,499","35,068",nizhny novgorod
Bol'šoje Boldino [Bolshoye Boldino],Большое Болдино,Village,Bol'šeboldinskij Rajon,"4,919","5,074","5,111",nizhny novgorod
Bol'šoje Kozino [Bolshoye Kozino],Большое Козино,Urban Settlement,Balachninskij Rajon,"5,664","5,902","6,704",nizhny novgorod
Bol'šoje Muraškino [Bolshoye Murashkino],Большое Мурашкино,Urban Settlement,Bol'šemuraškinskij Rajon,"6,377","5,554","5,577",nizhny novgorod
Bor,Бор,City,Bor,"61,525","78,058","78,372",nizhny novgorod
Buturlino,Бутурлино,Urban Settlement,Buturlinskij Rajon,"6,975","6,412","6,906",nizhny novgorod
Central'nyj [Tsentralny],Центральный,Urban Settlement,Volodarskij Rajon,"3,870","2,957","1,567",nizhny novgorod
Čkalovsk [Chkalovsk],Чкаловск,City,Čkalovsk,"13,856","12,368","11,535",nizhny novgorod
Dal'neje Konstantinovo [Dalneye Konstantinovo],Дальнее Константиново,Urban Settlement,Dal'nekonstantinovskij Rajon,"4,986","4,777","4,846",nizhny novgorod
Divejevo [Diveyevo],Дивеево,Village,Divejevskij Rajon,"6,500","6,408","6,945",nizhny novgorod
Dosčatoje [Doschatoye],Досчатое,Urban Settlement,Vyksa,"5,090","5,217","4,630",nizhny novgorod
Družba [Druzhba],Дружба,Rural Settlement,Vyksa,"4,349","3,904","3,286",nizhny novgorod
Dzeržinsk [Dzerzhinsk],Дзержинск,City,Dzeržinsk,"261,334","240,742","218,630",nizhny novgorod
Frolišči [Frolishchi],Фролищи,Urban Settlement,Volodarskij Rajon,"1,687","1,644","1,215",nizhny novgorod
Gagino,Гагино,Village,Gaginskij Rajon,"4,001","3,891","3,607",nizhny novgorod
Gidrotorf,Гидроторф,Urban Settlement,Balachninskij Rajon,"7,670","7,557","6,626",nizhny novgorod
Gorbatov,Горбатов,City,Pavlovskij Rajon,"2,662","2,278","2,009",nizhny novgorod
Gorbatovka,Горбатовка,Urban Settlement,Dzeržinsk,"3,321","3,378","3,211",nizhny novgorod
Gorodec [Gorodets],Городец,City,Gorodeckij Rajon,"32,442","30,658","28,660",nizhny novgorod
Gremjačevo [Gremyachevo],Гремячево,Urban Settlement,Kulebaki,"5,303","5,262","4,459",nizhny novgorod
Il'inogorsk [Ilyinogorsk],Ильиногорск,Urban Settlement,Volodarskij Rajon,"8,433","7,963","6,160",nizhny novgorod
Imeni Kalinina,имени М. И. Калинина,Urban Settlement,Vetlužskij Rajon,"2,796","2,332","1,763",nizhny novgorod
Imeni Stepana Razina,имени Степана Разина,Urban Settlement,Lukojanovskij Rajon,"3,177","2,760","2,140",nizhny novgorod
Juganec [Yuganets],Юганец,Urban Settlement,Volodarskij Rajon,"3,042","2,923","2,655",nizhny novgorod
Knjaginino [Knyaginino],Княгинино,City,Knjagininskij Rajon,"6,838","6,708","6,447",nizhny novgorod
Kovernino,Ковернино,Urban Settlement,Koverninskij Rajon,"6,875","6,892","6,994",nizhny novgorod
Krasnyje Baki [Krasnye Baki],Красные Баки,Urban Settlement,Krasnobakovskij Rajon,"7,944","7,295","7,348",nizhny novgorod
Kstovo,Кстово,City,Kstovskij Rajon,"66,944","66,657","63,646",nizhny novgorod
Kulebaki,Кулебаки,City,Kulebaki,"39,072","35,759","32,184",nizhny novgorod
Lesogorsk,Лесогорск,Urban Settlement,Šatkovskij Rajon,"1,079","1,015",904,nizhny novgorod
Linda,Линда,Village,Bor,"5,583","5,383","4,783",nizhny novgorod
Lukino,Лукино,Urban Settlement,Balachninskij Rajon,"3,681","3,515","3,484",nizhny novgorod
Lukojanov [Lukoyanov],Лукоянов,City,Lukojanovskij Rajon,"12,856","14,951","12,652",nizhny novgorod
Lyskovo,Лысково,City,Lyskovskij Rajon,"23,901","21,880","21,657",nizhny novgorod
Maloje Kozino [Maloye Kozino],Малое Козино,Urban Settlement,Balachninskij Rajon,837,777,932,nizhny novgorod
Muchtolovo [Mukhtolovo],Мухтолово,Urban Settlement,Ardatovskij Rajon,"5,711","5,005","4,293",nizhny novgorod
Mulino,Мулино,Rural Settlement,Volodarskij Rajon,"11,711","13,008","8,446",nizhny novgorod
Navašino [Navashino],Навашино,City,Navašinskij,"17,810","16,416","14,664",nizhny novgorod
Nižnij Novgorod [Nizhny Novgorod],Нижний Новгород,City,Nižnij Novgorod,"1,311,252","1,250,619","1,226,076",nizhny novgorod
Novinki,Новинки,Rural Settlement,Nižnij Novgorod,"1,923","1,940","9,606",nizhny novgorod
Novosmolinskij [Novosmolinsky],Новосмолинский,Rural Settlement,Volodarskij Rajon,"5,216","5,587","4,933",nizhny novgorod
Pamjat' Parižskoj Kommuny [Pamyat Parizhskoy Kommuny],Память Парижской Коммуны,Rural Settlement,Bor,"4,072","3,761","3,519",nizhny novgorod
Pavlovo,Павлово,City,Pavlovskij Rajon,"64,814","60,698","57,116",nizhny novgorod
Perevoz,Перевоз,City,Perevozskij,"9,386","9,201","8,999",nizhny novgorod
Pervoje Maja [1 Maya],Первое Мая,Urban Settlement,Balachninskij Rajon,"2,210","2,135","1,909",nizhny novgorod
Pervomajsk [Pervomaysk],Первомайск,City,Pervomajsk,"15,094","14,568","13,223",nizhny novgorod
Pervomajskij [Pervomaysky],Первомайский,Urban Settlement,Gorodeckij Rajon,"1,105","1,470","1,348",nizhny novgorod
Pil'na [Pilna],Пильна,Urban Settlement,Pil'ninskij Rajon,"7,866","7,333","6,466",nizhny novgorod
Pižma [Pizhma],Пижма,Urban Settlement,Tonšajevskij Rajon,"4,339","4,309","3,597",nizhny novgorod
Počinki [Pochinki],Починки,Village,Počinkovskij Rajon,"11,925","11,891","11,761",nizhny novgorod
Rešeticha [Reshetikha],Решетиха,Urban Settlement,Volodarskij Rajon,"7,482","6,775","6,513",nizhny novgorod
Šachun'ja [Shakhunya],Шахунья,City,Šachun'ja,"21,724","20,921","17,626",nizhny novgorod
Šajgino [Shaygino],Шайгино,Urban Settlement,Tonšajevskij Rajon,"1,114","1,012",844,nizhny novgorod
Šaranga [Sharanga],Шаранга,Urban Settlement,Šarangskij Rajon,"6,381","6,557","6,697",nizhny novgorod
Sarov,Саров,City,Sarov,"87,652","92,047","93,357",nizhny novgorod
Satis,Сатис,Urban Settlement,Pervomajsk,"1,899","1,640","1,257",nizhny novgorod
Šatki [Shatki],Шатки,Urban Settlement,Šatkovskij Rajon,"9,879","9,652","8,893",nizhny novgorod
Sečenovo [Sechenovo],Сеченово,Village,Sečenovskij Rajon,"5,239","5,263","5,428",nizhny novgorod
Semënov [Semyonov],Семёнов,City,Semënovskij,"25,298","24,473","25,075",nizhny novgorod
Sergač [Sergach],Сергач,City,Sergačskij Rajon,"22,887","21,386","20,256",nizhny novgorod
Šimorskoje [Shimorskoye],Шиморское,Urban Settlement,Vyksa,"3,791","3,887","3,876",nizhny novgorod
Sjava [Syava],Сява,Urban Settlement,Šachun'ja,"5,431","4,729","2,531",nizhny novgorod
Smolino,Смолино,Urban Settlement,Volodarskij Rajon,"2,911","2,742","2,387",nizhny novgorod
Sokol'skoje [Sokolskoye],Сокольское,Urban Settlement,Sokol'skij,"6,683","6,344","5,923",nizhny novgorod
Sosnovskoje [Sosnovskoye],Сосновское,Urban Settlement,Sosnovskij Rajon,"9,207","8,746","8,456",nizhny novgorod
Spasskoje [Spasskoye],Спасское,Village,Spasskij Rajon,"4,092","3,947","4,001",nizhny novgorod
Suchobezvodnoje [Sukhobezvodnoye],Сухобезводное,Urban Settlement,Semënovskij,"6,748","6,376","4,688",nizhny novgorod
Surovaticha [Surovatikha],Суроватиха,Rural Railway Settlement,Dal'nekonstantinovskij Rajon,"4,724","4,231","3,569",nizhny novgorod
Tonkino,Тонкино,Urban Settlement,Tonkinskij Rajon,"5,499","5,103","4,496",nizhny novgorod
Tonšajevo [Tonshayevo],Тоншаево,Urban Settlement,Tonšajevskij Rajon,"4,432","4,570","4,397",nizhny novgorod
Tumbotino,Тумботино,Urban Settlement,Pavlovskij Rajon,"7,676","7,300","7,095",nizhny novgorod
Uren',Урень,City,Urenskij Rajon,"12,558","12,304","12,450",nizhny novgorod
Vača [Vacha],Вача,Urban Settlement,Vačskij Rajon,"6,732","5,987","5,182",nizhny novgorod
Vachtan [Vakhtan],Вахтан,Urban Settlement,Šachun'ja,"6,641","5,769","3,778",nizhny novgorod
Vad,Вад,Village,Vadskij Rajon,"6,759","6,698","6,676",nizhny novgorod
Varnavino,Варнавино,Urban Settlement,Varnavinskij Rajon,"3,718","3,475","3,205",nizhny novgorod
Vasil'sursk [Vasilsursk],Васильсурск,Urban Settlement,Vorotynskij,"1,329","1,068",676,nizhny novgorod
Vetluga,Ветлуга,City,Vetlužskij Rajon,"9,641","8,954","7,681",nizhny novgorod
Vetlužskij [Vetluzhsky],Ветлужский,Urban Settlement,Krasnobakovskij Rajon,"5,674","5,250","4,639",nizhny novgorod
Vilja [Vilya],Виля,Urban Settlement,Vyksa,"3,395","3,344","3,669",nizhny novgorod
Volodarsk,Володарск,City,Volodarskij Rajon,"10,989","9,928","9,705",nizhny novgorod
Vorotynec [Vorotynets],Воротынец,Urban Settlement,Vorotynskij,"6,719","6,451","5,849",nizhny novgorod
Vorsma,Ворсма,City,Pavlovskij Rajon,"12,629","11,620","10,162",nizhny novgorod
Voskresenskoje [Voskresenskoye],Воскресенское,Urban Settlement,Voskresenskij Rajon,"6,362","6,185","5,555",nizhny novgorod
Voznesenskoje [Voznesenskoye],Вознесенское,Urban Settlement,Voznesenskij Rajon,"7,328","6,777","6,061",nizhny novgorod
Vyjezdnoje [Vyezdnoye],Выездное,Urban Settlement,Arzamas,"7,992","8,089","7,846",nizhny novgorod
Vyksa,Выкса,City,Vyksa,"61,657","56,201","45,240",nizhny novgorod
Zavolžje [Zavolzhye],Заволжье,City,Gorodeckij Rajon,"43,971","40,460","36,763",nizhny novgorod
Ždanovskij [Zhdanovsky],Ждановский,Rural Settlement,Kstovskij Rajon,"5,499","5,336","7,701",nizhny novgorod
Zelënyj Gorod [Zeleny Gorod],Зелёный Город,Urban Settlement,Nižnij Novgorod,"2,437","2,716","2,123",nizhny novgorod
Želnino [Zhelnino],Желнино,Rural Settlement,Dzeržinsk,696,896,"1,024",nizhny novgorod
Boroviči [Borovichi],Боровичи,City,Borovičskij Rajon,"57,755","53,690","47,883",novgorod
Cholm [Kholm],Холм,City,Cholmskij Rajon,"4,325","3,830","3,214",novgorod
Chvojnaja [Khvoynaya],Хвойная,Urban Settlement,Chvojninskij Rajon,"6,791","6,394","6,090",novgorod
Čudovo [Chudovo],Чудово,City,Čudovskij Rajon,"17,434","15,397","14,302",novgorod
Demjansk [Demyansk],Демянск,Urban Settlement,Demjanskij Rajon,"5,825","5,365","4,501",novgorod
Grigorovo,Григорово,Hamlet,Novgorodskij Rajon,"2,394","3,330","4,881",novgorod
Krestcy [Kresttsy],Крестцы,Urban Settlement,Kresteckij Rajon,"9,963","8,717","8,221",novgorod
Kulotino,Кулотино,Urban Settlement,Okulovskij Rajon,"3,430","2,942","2,094",novgorod
Ljubytino [Lyubytino],Любытино,Urban Settlement,Ljubytinskij Rajon,"3,300","2,807","2,471",novgorod
Malaja Višera [Malaya Vishera],Малая Вишера,City,Malovišerskij Rajon,"14,182","12,461","9,996",novgorod
Nebolči [Nebolchi],Неболчи,Urban Settlement,Ljubytinskij Rajon,"2,249","2,030","1,792",novgorod
Okulovka,Окуловка,City,Okulovskij Rajon,"14,470","12,464","9,949",novgorod
Pankovka,Панковка,Urban Settlement,Novgorodskij Rajon,"10,057","9,603","10,109",novgorod
Parfino,Парфино,Urban Settlement,Parfinskij Rajon,"8,446","7,492","6,481",novgorod
Pestovo,Пестово,City,Pestovskij Rajon,"15,990","15,903","14,032",novgorod
Proletarij [Proletary],Пролетарий,Urban Settlement,Novgorodskij Rajon,"5,362","5,145","4,630",novgorod
Šimsk [Shimsk],Шимск,Urban Settlement,Šimskij Rajon,"3,842","3,895","3,349",novgorod
Sol'cy [Soltsy],Сольцы,City,Soleckij Rajon,"11,264","10,086","8,449",novgorod
Staraja Russa [Staraya Russa],Старая Русса,City,Starorusskij Rajon,"35,511","31,809","27,487",novgorod
Trubičino [Trubichino],Трубичино,Hamlet,Novgorodskij Rajon,"2,575","3,009","3,589",novgorod
Uglovka,Угловка,Urban Settlement,Okulovskij Rajon,"3,553","3,064","2,319",novgorod
Valdaj [Valday],Валдай,City,Valdajskij Rajon,"18,703","16,098","14,074",novgorod
Velikij Novgorod [Veliky Novgorod],Великий Новгород,City,Velikij Novgorod,"223,263","218,717","224,286",novgorod
Bagan,Баган,Village,Baganskij Rajon,"5,878","5,510","5,482",novosibirsk
Barabinsk,Барабинск,City,Barabinskij Rajon,"32,501","30,394","27,648",novosibirsk
Baryševo [Baryshevo],Барышево,Village,Novosibirskij Rajon,"5,089","5,195","5,547",novosibirsk
Berdsk,Бердск,City,Berdsk,"88,445","97,296","102,850",novosibirsk
Bolotnoje [Bolotnoye],Болотное,City,Bolotninskij Rajon,"18,170","16,570","15,644",novosibirsk
Čany [Chany],Чаны,Urban Settlement,Čanovskij Rajon,"9,039","8,473","8,000",novosibirsk
Čerepanovo [Cherepanovo],Черепаново,City,Čerepanovskij Rajon,"20,496","19,803","19,900",novosibirsk
Čik [Chik],Чик,Urban Settlement,Kočenëvskij Rajon,"5,056","5,009","5,078",novosibirsk
Čistoozërnoje [Chistoozernoye],Чистоозёрное,Urban Settlement,Čistoozërnyj Rajon,"6,791","6,429","5,371",novosibirsk
Čulym [Chulym],Чулым,City,Čulymskij Rajon,"12,275","11,568","11,034",novosibirsk
Dorogino,Дорогино,Urban Settlement,Čerepanovskij Rajon,"3,811","3,829","4,163",novosibirsk
Dovol'noje [Dovolnoye],Довольное,Village,Dovolenskij Rajon,"7,314","6,774","6,155",novosibirsk
Èlitnyj [Elitny],Элитный,Rural Settlement,Novosibirskij Rajon,827,"1,572","6,232",novosibirsk
Gornyj [Gorny],Горный,Urban Settlement,Togučinskij Rajon,"9,935","9,403","8,967",novosibirsk
Iskitim,Искитим,City,Iskitim,"62,756","60,078","57,147",novosibirsk
Jarkovo [Yarkovo],Ярково,Village,Novosibirskij Rajon,"5,216","5,379","3,482",novosibirsk
Kamenka,Каменка,Village,Novosibirskij Rajon,"1,860","2,153","6,545",novosibirsk
Karasuk,Карасук,City,Karasukskij Rajon,"28,734","28,586","24,890",novosibirsk
Kargat,Каргат,City,Kargatskij Rajon,"11,184","10,042","8,316",novosibirsk
Kočenëvo [Kochenyovo],Коченёво,Urban Settlement,Kočenëvskij Rajon,"16,510","16,374","17,053",novosibirsk
Kočki [Kochki],Кочки,Village,Kočkovskij Rajon,"4,154","4,055","3,670",novosibirsk
Kol'covo [Koltsovo],Кольцово,Urban Settlement,Kol'covo,"9,570","12,319","20,862",novosibirsk
Kolyvan',Колывань,Urban Settlement,Kolyvanskij Rajon,"10,947","11,842","12,585",novosibirsk
Krasnoobsk,Краснообск,Urban Settlement,Novosibirskij Rajon,"17,114","18,448","29,086",novosibirsk
Krasnozërskoje [Krasnozerskoye],Краснозёрское,Urban Settlement,Krasnozërskij Rajon,"10,473","9,524","8,955",novosibirsk
Krivodanovka,Криводановка,Village,Novosibirskij Rajon,"9,123","10,051","11,874",novosibirsk
Kudrjašovskij [Kudryashovsky],Кудряшовский,Resort,Novosibirskij Rajon,"3,986","4,559","5,656",novosibirsk
Kujbyšev [Kuybyshev],Куйбышев,City,Kujbyševskij Rajon,"48,848","45,299","41,946",novosibirsk
Kupino,Купино,City,Kupinskij Rajon,"16,878","14,893","15,065",novosibirsk
Kyštovka [Kyshtovka],Кыштовка,Village,Kyštovskij Rajon,"5,798","5,282","4,974",novosibirsk
Lebedëvka [Lebedyovka],Лебедёвка,Village,Iskitimskij Rajon,"2,248","2,435","3,356",novosibirsk
Leninskoje [Leninskoye],Ленинское,Village,Novosibirskij Rajon,"2,379","2,453","3,480",novosibirsk
Linëvo [Linyovo],Линёво,Urban Settlement,Iskitimskij Rajon,"21,816","20,707","17,779",novosibirsk
Marusino,Марусино,Village,Novosibirskij Rajon,"1,721","1,933","3,690",novosibirsk
Masljanino [Maslyanino],Маслянино,Urban Settlement,Masljaninskij Rajon,"13,565","13,102","13,147",novosibirsk
Močišče [Mochishche],Мочище,Resort,Novosibirskij Rajon,"2,932","3,036","3,346",novosibirsk
Moškovo [Moshkovo],Мошково,Urban Settlement,Moškovskij Rajon,"10,678","10,224","9,691",novosibirsk
Novolugovoje [Novolugovoye],Новолуговое,Village,Novosibirskij Rajon,"3,351","4,104","6,949",novosibirsk
Novosibirsk,Новосибирск,City,Novosibirsk,"1,425,508","1,473,754","1,633,595",novosibirsk
Ob',Обь,City,Ob',"24,473","25,382","30,369",novosibirsk
Oktjabr'skij [Oktyabrsky],Октябрьский,Rural Settlement,Moškovskij Rajon,"1,564","1,760","7,448",novosibirsk
Ordynskoje [Ordynskoye],Ордынское,Urban Settlement,Ordynskij Rajon,"10,448","10,256","9,455",novosibirsk
Posevnaja [Posevnaya],Посевная,Urban Settlement,Čerepanovskij Rajon,"4,323","4,254","4,657",novosibirsk
Prokudskoje [Prokudskoye],Прокудское,Village,Kočenëvskij Rajon,"6,122","5,991","5,961",novosibirsk
Razdol'noje [Razdolnoye],Раздольное,Village,Novosibirskij Rajon,"2,752","4,861","4,220",novosibirsk
Sadovyj [Sadovy],Садовый,Rural Settlement,Novosibirskij Rajon,"2,073","2,486","4,599",novosibirsk
Severnoje [Severnoye],Северное,Village,Severnyj Rajon,"5,443","5,309","4,700",novosibirsk
Sokur,Сокур,Village,Moškovskij Rajon,"5,828","5,770","5,696",novosibirsk
Stancionno-Ojašinskij [Stantsionno-Oyashinsky],Станционно-Ояшинский,Urban Settlement,Moškovskij Rajon,"4,750","4,575","4,178",novosibirsk
Suzun,Сузун,Urban Settlement,Suzunskij Rajon,"15,565","15,364","15,482",novosibirsk
Tatarsk,Татарск,City,Tatarskij Rajon,"26,051","24,217","23,711",novosibirsk
Togučin [Toguchin],Тогучин,City,Togučinskij Rajon,"22,179","21,900","20,766",novosibirsk
Tolmačëvo [Tolmachyovo],Толмачёво,Village,Novosibirskij Rajon,"3,972","4,608","9,242",novosibirsk
Ubinskoje [Ubinskoye],Убинское,Village,Ubinskij Rajon,"5,958","5,841","5,047",novosibirsk
Ust'-Tarka [Ust-Tarka],Усть-Тарка,Village,Ust'-Tarkskij Rajon,"4,381","3,819","4,054",novosibirsk
Vengerovo,Венгерово,Village,Vengerovskij Rajon,"7,165","7,035","6,090",novosibirsk
Verch-Tula [Verkh-Tula],Верх-Тула,Village,Novosibirskij Rajon,"5,698","6,020","8,324",novosibirsk
Zdvinsk,Здвинск,Village,Zdvinskij Rajon,"5,611","5,602","4,961",novosibirsk
Azovo,Азово,Village,Azovskij Nemeckij Nacional'nyj Rajon,"5,376","5,997","7,545",omsk
Bol'šegrivskoje [Bolshegrivskoye],Большегривское,Urban Settlement,Novovaršavskij Rajon,"3,809","3,637","3,044",omsk
Bol'šerečje [Bolsherechye],Большеречье,Urban Settlement,Bol'šerečenskij Rajon,"12,361","11,271","9,731",omsk
Bol'šije Uki [Bolshiye Uki],Большие Уки,Village,Bol'šeukovskij Rajon,"4,384","4,157","3,590",omsk
Čerlak [Cherlak],Черлак,Urban Settlement,Čerlakskij Rajon,"12,269","10,980","10,098",omsk
Černolučinskij [Chernoluchinsky],Чернолучинский,Urban Settlement,Omskij Rajon,"2,724","1,681","1,549",omsk
Družino [Druzhino],Дружино,Village,Omskij Rajon,"2,475","2,838","4,746",omsk
Gor'kovskoje [Gorkovskoye],Горьковское,Urban Settlement,Gor'kovskij Rajon,"5,713","5,369","4,838",omsk
Irtyšskij [Irtyshsky],Иртышский,Rural Settlement,Omskij Rajon,"3,324","3,527","3,537",omsk
Isil'kul' [Isilkul],Исилькуль,City,Isil'kul'skij Rajon,"26,549","24,482","20,515",omsk
Kalačinsk [Kalachinsk],Калачинск,City,Kalačinskij Rajon,"24,247","23,556","21,378",omsk
Ključi [Klyuchi],Ключи,Rural Settlement,Omskij Rajon,"4,013","3,688","3,312",omsk
Kolosovka,Колосовка,Village,Kolosovskij Rajon,"5,829","5,313","4,836",omsk
Kormilovka,Кормиловка,Urban Settlement,Kormilovskij Rajon,"10,290","9,616","9,108",omsk
Krasnojarka [Krasnoyarka],Красноярка,Village,Omskij Rajon,"4,055","4,902","4,431",omsk
Krasnyj Jar [Krasny Yar],Красный Яр,Urban Settlement,Ljubinskij Rajon,"5,387","5,133","5,429",omsk
Krutinka,Крутинка,Urban Settlement,Krutinskij Rajon,"7,846","7,333","6,652",omsk
Ljubinskij [Lyubinsky],Любинский,Urban Settlement,Ljubinskij Rajon,"10,588","10,231","10,803",omsk
Luzino,Лузино,Village,Omskij Rajon,"10,017","8,964","7,973",omsk
Mar'janovka [Maryanovka],Марьяновка,Urban Settlement,Mar'janovskij Rajon,"8,403","8,630","8,515",omsk
Moskalenki,Москалёнки,Urban Settlement,Moskalenskij Rajon,"9,872","9,306","8,927",omsk
Muromcevo [Muromtsevo],Муромцево,Urban Settlement,Muromcevskij Rajon,"11,283","10,776","9,373",omsk
Nazyvajevsk [Nazyvayevsk],Называевск,City,Nazyvajevskij Rajon,"13,012","11,615","10,434",omsk
Nižnjaja Omka [Nizhnyaya Omka],Нижняя Омка,Village,Nižneomskij Rajon,"5,310","4,821","4,592",omsk
Novoomskij [Novoomsky],Новоомский,Rural Settlement,Omskij Rajon,"4,521","4,946","5,218",omsk
Novovaršavka [Novovarshavka],Нововаршавка,Urban Settlement,Novovaršavskij Rajon,"6,566","5,890","5,869",omsk
Odesskoje [Odesskoye],Одесское,Village,Odesskij Rajon,"6,098","6,148","6,040",omsk
Okonešnikovo [Okoneshnikovo],Оконешниково,Urban Settlement,Okonešnikovskij Rajon,"5,568","5,205","4,731",omsk
Omsk,Омск,City,Omsk,"1,156,849","1,154,116","1,125,695",omsk
Omskij [Omsky],Омский,Rural Settlement,Omskij Rajon,"1,524","1,628","4,338",omsk
Pavlogradka,Павлоградка,Urban Settlement,Pavlogradskij Rajon,"6,223","7,582","7,218",omsk
Poltavka,Полтавка,Urban Settlement,Poltavskij Rajon,"7,189","7,042","6,412",omsk
Rostovka,Ростовка,Rural Settlement,Omskij Rajon,"5,489","5,468","5,587",omsk
Russkaja Poljana [Russkaya Polyana],Русская Поляна,Urban Settlement,Russko-Poljanskij Rajon,"6,532","5,922","6,060",omsk
Sargatskoje [Sargatskoye],Саргатское,Urban Settlement,Sargatskij Rajon,"8,386","8,157","7,579",omsk
Sedel'nikovo [Sedelnikovo],Седельниково,Village,Sedel'nikovskij Rajon,"5,055","5,316","5,033",omsk
Šerbakul' [Sherbakul],Шербакуль,Urban Settlement,Šerbakul'skij Rajon,"7,339","6,976","6,540",omsk
Sosnovskoje [Sosnovskoye],Сосновское,Village,Tavričeskij Rajon,"3,380","3,443","3,554",omsk
Tara,Тара,City,Tarskij Rajon,"26,888","27,318","26,878",omsk
Tavričeskoje [Tavricheskoye],Таврическое,Urban Settlement,Tavričeskij Rajon,"13,222","13,141","11,960",omsk
Tevriz,Тевриз,Urban Settlement,Tevrizskij Rajon,"7,358","6,986","6,769",omsk
Tjukalinsk [Tyukalinsk],Тюкалинск,City,Tjukalinskij Rajon,"12,007","11,275","9,894",omsk
Troickoje [Troitskoye],Троицкое,Village,Omskij Rajon,"3,959","3,793","7,729",omsk
Ust'-Išim [Ust-Ishim],Усть-Ишим,Village,Ust'-Išimskij Rajon,"5,060","4,802","4,294",omsk
Znamenskoje [Znamenskoye],Знаменское,Village,Znamenskij Rajon,"5,457","5,294","5,223",omsk
Bolchov [Bolkhov],Болхов,City,Bolchovskij Rajon,"12,148","11,421","9,495",oryol
Chomutovo [Khomutovo],Хомутово,Urban Settlement,Novodereven'kovskij Rajon,"4,710","4,231","3,913",oryol
Chotynec [Khotynets],Хотынец,Urban Settlement,Chotyneckij Rajon,"4,238","3,866","3,526",oryol
Dmitrovsk,Дмитровск,City,Dmitrovskij Rajon,"6,492","5,648","5,202",oryol
Dolgoje [Dolgoye],Долгое,Urban Settlement,Dolžanskij Rajon,"5,020","4,443","3,547",oryol
Glazunovka,Глазуновка,Urban Settlement,Glazunovskij Rajon,"6,756","5,939","4,766",oryol
Kolpna,Колпна,Urban Settlement,Kolpnjanskij Rajon,"7,177","6,614","5,370",oryol
Kromy,Кромы,Urban Settlement,Kromskoj Rajon,"7,194","6,733","7,082",oryol
Livny,Ливны,City,Livny,"52,841","50,343","43,549",oryol
Maloarchangel'sk [Maloarkhangelsk],Малоархангельск,City,Maloarchangel'skij Rajon,"3,962","3,620","3,609",oryol
Mcensk [Mtsensk],Мценск,City,Mcensk,"47,807","43,222","36,960",oryol
Naryškino [Naryshkino],Нарышкино,Urban Settlement,Urickij Rajon,"9,730","9,584","9,257",oryol
Novosil',Новосиль,City,Novosil'skij Rajon,"4,017","3,658","2,912",oryol
Obrazcovo [Obraztsovo],Образцово,Hamlet,Orlovskij Rajon,998,901,"4,083",oryol
Orël [Oryol],Орёл,City,Orël,"333,310","317,747","303,169",oryol
Pokrovskoje [Pokrovskoye],Покровское,Urban Settlement,Pokrovskij Rajon,"4,628","4,432","3,752",oryol
Šablykino [Shablykino],Шаблыкино,Urban Settlement,Šablykinskij Rajon,"3,900","3,414","2,925",oryol
Verchovje [Verkhovye],Верховье,Urban Settlement,Verchovskij Rajon,"8,071","7,173","7,140",oryol
Zalegošč' [Zalegoshch],Залегощь,Urban Settlement,Zalegoščenskij Rajon,"6,005","5,338","4,370",oryol
Žilina [Zhilina],Жилина,Hamlet,Orlovskij Rajon,"2,869","2,767","6,915",oryol
Zmijëvka [Zmiyovka],Змиёвка,Urban Settlement,Sverdlovskij Rajon,"6,373","5,976","5,026",oryol
Znamenka,Знаменка,Urban Settlement,Orlovskij Rajon,"12,099","12,002","9,871",oryol
Abdulino,Абдулино,City,Abdulinskij,"21,537","20,173","17,274",orenburg
Adamovka,Адамовка,Rural Settlement,Adamovskij Rajon,"8,038","7,733","8,288",orenburg
Akbulak,Акбулак,Rural Settlement,Akbulakskij Rajon,"14,801","13,918","10,688",orenburg
Aleksandrovka [Alexandrovka],Александровка,Village,Aleksandrovskij Rajon,"4,152","3,988","4,185",orenburg
Asekejevo [Asekeyevo],Асекеево,Village,Asekejevskij Rajon,"5,296","5,201","4,907",orenburg
Beljaevka [Belyaevka],Беляевка,Village,Beljaevskij Rajon,"5,138","4,989","4,473",orenburg
Buguruslan,Бугуруслан,City,Buguruslan,"53,893","49,741","43,593",orenburg
Buzuluk,Бузулук,City,Buzuluk,"87,286","82,904","88,341",orenburg
Čeben'ki [Chebenki],Чебеньки,Rural Settlement,Orenburgskij Rajon,"3,515","3,896","4,457",orenburg
Dombarovskij [Dombarovsky],Домбаровский,Rural Settlement,Dombarovskij Rajon,"9,609","8,614","7,144",orenburg
Ènergetik [Energetik],Энергетик,Rural Settlement,Novoorskij Rajon,"9,187","7,907","6,260",orenburg
Gaj [Gay],Гай,City,Gajskij,"41,621","38,301","33,280",orenburg
Gračëvka [Grachyovka],Грачёвка,Village,Gračëvskij Rajon,"6,521","6,122","5,580",orenburg
Ilek,Илек,Village,Ilekskij Rajon,"9,953","9,760","10,191",orenburg
Imeni 9 Janvarja [Imeni 9 Yanvarya],имени 9 Января,Village,Orenburgskij Rajon,"2,389","3,382","5,914",orenburg
Ivanovka,Ивановка,Village,Orenburgskij Rajon,"1,920","2,216","11,800",orenburg
Jasnyj [Yasny],Ясный,City,Jasnenskij,"18,545","17,363","15,471",orenburg
Južnyj Ural [Yuzhny Ural],Южный Урал,Village,Orenburgskij Rajon,"1,202","2,032","4,599",orenburg
Koltubanovskij [Koltubanovsky],Колтубановский,Rural Settlement,Buzulukskij Rajon,"3,852","3,450","3,157",orenburg
Krasnocholm [Krasnokholm],Краснохолм,Village,Orenburg,"6,075","5,806","5,032",orenburg
Krasnogvardejec [Krasnogvardeyets],Красногвардеец,Rural Settlement,Buzulukskij Rajon,"3,857","3,608","3,508",orenburg
Krasnyj Kommunar [Krasny Kommunar],Красный Коммунар,Rural Settlement,Sakmarskij Rajon,"4,190","4,134","4,132",orenburg
Kurmanajevka [Kurmanayevka],Курманаевка,Village,Kurmanajevskij Rajon,"4,577","4,313","4,122",orenburg
Kuvandyk,Кувандык,City,Kuvandykskij,"28,679","26,169","26,596",orenburg
Kvarkeno,Кваркено,Village,Kvarkenskij Rajon,"4,184","3,923","4,106",orenburg
Lenina,Ленина,Rural Settlement,Orenburgskij Rajon,"1,142","1,401","5,432",orenburg
Mednogorsk,Медногорск,City,Mednogorsk,"31,369","27,292","23,693",orenburg
Michajlovka [Mikhaylovka],Михайловка,Village,Buguruslanskij Rajon,"2,416","2,735","3,687",orenburg
Nežinka [Nezhinka],Нежинка,Village,Orenburgskij Rajon,"5,128","5,906","10,656",orenburg
Nižnjaja Pavlovka [Nizhnyaya Pavlovka],Нижняя Павловка,Village,Orenburgskij Rajon,"3,712","3,864","3,882",orenburg
Novoorsk,Новоорск,Rural Settlement,Novoorskij Rajon,"11,274","11,295","11,071",orenburg
Novosergijevka [Novosergiyevka],Новосергиевка,Rural Settlement,Novosergijevskij Rajon,"13,261","13,737","13,438",orenburg
Novotroick [Novotroitsk],Новотроицк,City,Novotroick,"106,315","98,173","75,960",orenburg
Oktjabr'skoje [Oktyabrskoye],Октябрьское,Village,Oktjabr'skij Rajon,"7,642","7,701","7,131",orenburg
Orenburg,Оренбург,City,Orenburg,"549,361","548,331","543,654",orenburg
Orsk,Орск,City,Orsk,"250,963","239,800","189,195",orenburg
Perevolockij [Perevolotsky],Переволоцкий,Rural Settlement,Perevolockij Rajon,"9,721","9,598","8,467",orenburg
Pervomajskij [Pervomaysky],Первомайский,Rural Settlement,Orenburgskij Rajon,"7,141","7,569","7,231",orenburg
Pervomajskij [Pervomaysky],Первомайский,Rural Settlement,Pervomajskij Rajon,"6,576","6,346","5,959",orenburg
Plešanovo [Pleshanovo],Плешаново,Village,Krasnogvardejskij Rajon,"3,767","3,486","3,448",orenburg
Podgorodnjaja Pokrovka [Podgorodnyaya Pokrovka],Подгородняя Покровка,Village,Orenburgskij Rajon,"3,140","4,394","7,538",orenburg
Ponomarëvka [Ponomaryovka],Пономарёвка,Village,Ponomarëvskij Rajon,"5,405","5,200","5,050",orenburg
Prigorodnyj [Prigorodny],Пригородный,Rural Settlement,Orenburgskij Rajon,"3,240","4,223","9,274",orenburg
Sakmara,Сакмара,Village,Sakmarskij Rajon,"4,620","5,030","5,593",orenburg
Saraktaš [Saraktash],Саракташ,Rural Settlement,Saraktašskij Rajon,"17,510","17,235","18,789",orenburg
Šarlyk [Sharlyk],Шарлык,Village,Šarlykskij Rajon,"8,117","7,575","7,112",orenburg
Severnoje [Severnoye],Северное,Village,Severnyj Rajon,"4,721","4,424","4,222",orenburg
Sol'-Ileck [Sol-Iletsk],Соль-Илецк,City,Sol'-Ileckij,"26,883","28,377","26,149",orenburg
Soročinsk [Sorochinsk],Сорочинск,City,Soročinskij,"30,136","29,249","28,478",orenburg
Svetlyj [Svetly],Светлый,Rural Settlement,Svetlinskij Rajon,"9,026","7,992","6,853",orenburg
Tašla [Tashla],Ташла,Village,Tašlinskij Rajon,"6,688","7,061","7,352",orenburg
Tatarskaja Kargala [Tatarskaya Kargala],Татарская Каргала,Village,Sakmarskij Rajon,"3,497","3,800","4,973",orenburg
Tjul'gan [Tyulgan],Тюльган,Rural Settlement,Tjul'ganskij Rajon,"10,161","8,959","9,297",orenburg
Tockoje [Totskoye],Тоцкое,Village,Tockij Rajon,"7,201","6,898","7,892",orenburg
Tockoje Vtoroje [Totskoye Vtoroye],Тоцкое Второе,Village,Tockij Rajon,"17,521","13,197","12,825",orenburg
Vesennij [Vesenny],Весенний,Rural Settlement,Orenburgskij Rajon,804,"1,797","5,211",orenburg
Bašmakovo [Bashmakovo],Башмаково,Urban Settlement,Bašmakovskij Rajon,"9,783","10,416","9,414",penza
Bekovo,Беково,Urban Settlement,Bekovskij Rajon,"6,891","6,941","6,099",penza
Belinskij [Belinsky],Белинский,City,Belinskij Rajon,"8,837","8,565","8,656",penza
Bessonovka,Бессоновка,Village,Bessonovskij Rajon,"10,012","11,408","13,775",penza
Bogoslovka,Богословка,Village,Penzenskij Rajon,"4,698","5,286","4,973",penza
Čaadajevka [Chaadayevka],Чаадаевка,Urban Settlement,Gorodiščenskij Rajon,"7,167","7,599","6,734",penza
Čemodanovka [Chemodanovka],Чемодановка,Village,Bessonovskij Rajon,"5,069","6,133","5,665",penza
Gorodišče [Gorodishche],Городище,City,Gorodiščenskij Rajon,"8,281","8,096","7,796",penza
Grabovo,Грабово,Village,Bessonovskij Rajon,"7,401","8,048","7,792",penza
Inderka,Индерка,Village,Sosnovoborskij Rajon,"4,085","4,003","3,607",penza
Issa,Исса,Urban Settlement,Issinskij Rajon,"5,606","5,418","4,917",penza
Jevlaševo [Yevlashevo],Евлашево,Urban Settlement,Kuzneckij Rajon,"4,648","5,013","4,507",penza
Kamenka,Каменка,City,Kamenskij Rajon,"40,712","39,577","33,491",penza
Kiževatovo [Kizhevatovo],Кижеватово,Village,Bessonovskij Rajon,"2,691","3,191","3,670",penza
Kolyšlej [Kolyshley],Колышлей,Urban Settlement,Kolyšlejskij Rajon,"8,483","8,312","7,978",penza
Kuzneck [Kuznetsk],Кузнецк,City,Kuzneck,"92,050","88,839","78,390",penza
Lopatino,Лопатино,Village,Lopatinskij Rajon,"4,376","4,392","3,820",penza
Lunino,Лунино,Urban Settlement,Luninskij Rajon,"8,324","7,905","7,227",penza
Malaja Serdoba [Malaya Serdoba],Малая Сердоба,Village,Maloserdobinskij Rajon,"4,988","4,368","4,039",penza
Mokšan [Mokshan],Мокшан,Urban Settlement,Mokšanskij Rajon,"11,808","11,592","10,997",penza
Narovčat [Narovchat],Наровчат,Village,Narovčatskij Rajon,"4,398","4,199","4,057",penza
Neverkino,Неверкино,Village,Neverkinskij Rajon,"5,173","4,376","4,266",penza
Nikol'sk [Nikolsk],Никольск,City,Nikol'skij Rajon,"24,061","22,471","19,873",penza
Nižnij Lomov [Nizhny Lomov],Нижний Ломов,City,Nižnelomovskij Rajon,"24,249","22,678","20,421",penza
Pačelma [Pachelma],Пачелма,Urban Settlement,Pačelmskij Rajon,"8,735","8,053","6,994",penza
Penza,Пенза,City,Penza,"518,025","517,311","501,109",penza
Posëlki [Posyolki],Посёлки,Village,Kuzneckij Rajon,"3,110","3,079","3,144",penza
Prigorodnoje [Prigorodnoye],Пригородное,Village,Serdobskij Rajon,"5,525","5,279","4,438",penza
Russkij Kameškir [Russky Kameshkir],Русский Камешкир,Village,Kameškirskij Rajon,"5,376","5,369","4,989",penza
Šemyšejka [Shemysheyka],Шемышейка,Urban Settlement,Šemyšejskij Rajon,"6,708","6,512","6,368",penza
Serdobsk,Сердобск,City,Serdobskij Rajon,"37,738","35,393","30,220",penza
Sosnovoborsk,Сосновоборск,Urban Settlement,Sosnovoborskij Rajon,"7,397","6,546","5,845",penza
Spassk,Спасск,City,Spasskij Rajon,"7,628","7,442","6,936",penza
Srednjaja Jeljuzan' [Srednyaya Yelyuzan],Средняя Елюзань,Village,Gorodiščenskij Rajon,"8,390","8,779","9,505",penza
Sura,Сура,Urban Settlement,Nikol'skij Rajon,"2,305","2,125","1,614",penza
Sursk,Сурск,City,Gorodiščenskij Rajon,"7,981","7,034","6,034",penza
Tamala,Тамала,Urban Settlement,Tamalinskij Rajon,"8,062","7,476","6,302",penza
Vadinsk,Вадинск,Village,Vadinskij Rajon,"4,771","4,891","4,056",penza
Verchnij Lomov [Verkhny Lomov],Верхний Ломов,Village,Nižnelomovskij Rajon,"4,449","4,054","3,321",penza
Verchozim [Verkhozim],Верхозим,Urban Settlement,Kuzneckij Rajon,"1,779","1,785","1,504",penza
Zarečnyj [Zarechny],Заречный,City,Zarečnyj,"62,970","63,601","58,510",penza
Zasečnoje [Zasechnoye],Засечное,Village,Penzenskij Rajon,"4,796","4,999","26,878",penza
Zemetčino [Zemetchino],Земетчино,Urban Settlement,Zemetčinskij Rajon,"12,088","10,772","9,622",penza
Zolotarëvka,Золотарёвка,Urban Settlement,Penzenskij Rajon,"2,898","2,630","2,913",penza
Aleksandrovsk [Alexandrovsk],Александровск,City,Aleksandrovskij Rajon,"16,231","14,495","10,780",perm
Barda,Барда,Village,Bardymskij Rajon,"8,490","8,826","9,972",perm
Berezniki,Березники,City,Berezniki,"173,077","156,466","138,069",perm
Berëzovka [Beryozovka],Берёзовка,Village,Berëzovskij Rajon,"7,062","6,904","6,466",perm
Beršet' [Bershet],Бершеть,Village,Permskij Rajon,"3,578","3,308","3,199",perm
Biser,Бисер,Urban Settlement,Gornozavodsk,"1,032",800,634,perm
Bol'šaja Sosnova [Bolshaya Sosnova],Большая Соснова,Village,Bol'šesosnovskij Rajon,"4,406","4,432","4,760",perm
Čajkovskij [Chaykovsky],Чайковский,City,Čajkovskij,"86,714","82,895","75,837",perm
Častyje [Chastye],Частые,Village,Častinskij Rajon,"5,032","4,859","4,859",perm
Čerdyn' [Cherdyn],Чердынь,City,Čerdynskij,"5,756","4,920","4,590",perm
Čërmoz [Chyormoz],Чёрмоз,City,Il'inskij,"4,376","3,861","3,044",perm
Černuška [Chernushka],Чернушка,City,Černušinskij,"35,713","33,272","32,991",perm
Čusovoj [Chusovoy],Чусовой,City,Čusovskoj,"51,615","46,735","45,471",perm
Dobrjanka [Dobryanka],Добрянка,City,Dobrjanskij,"36,436","33,686","28,782",perm
Ferma,Ферма,Rural Settlement,Permskij Rajon,"3,489","3,786","3,065",perm
Foki,Фоки,Village,Čajkovskij,"3,889","3,593","3,310",perm
Froly,Фролы,Village,Permskij Rajon,"1,316","1,973","6,253",perm
Gajny [Gayny],Гайны,Rural Settlement,Gajnskij Rajon,"4,507","4,050","3,869",perm
Gamovo,Гамово,Village,Permskij Rajon,"4,473","5,464","7,118",perm
Gornozavodsk,Горнозаводск,City,Gornozavodsk,"13,061","12,057","11,073",perm
Gremjačinsk [Gremyachinsk],Гремячинск,City,Gubacha,"13,237","10,752","8,360",perm
Gubacha [Gubakha],Губаха,City,Gubacha,"31,687","28,111","23,397",perm
Il'inskij [Ilyinsky],Ильинский,Rural Settlement,Il'inskij,"6,503","6,288","6,228",perm
Jajva [Yayva],Яйва,Urban Settlement,Aleksandrovskij Rajon,"10,885","10,325","8,269",perm
Jelovo [Yelovo],Елово,Village,Jelovskij Rajon,"5,712","5,334","4,844",perm
Jug [Yug],Юг,Rural Settlement,Permskij Rajon,"2,477","2,687","3,159",perm
Jugo-Kamskij [Yugo-Kamsky],Юго-Камский,Rural Settlement,Permskij Rajon,"7,977","8,019","9,310",perm
Jurla [Yurla],Юрла,Village,Jurlinskij Rajon,"4,223","4,094","4,438",perm
Jus'va [Yusva],Юсьва,Village,Jus'vinskij Rajon,"4,741","4,679","4,961",perm
Kalino,Калино,Urban Settlement,Čusovskoj,"2,536","2,136","1,689",perm
Karagaj [Karagay],Карагай,Village,Karagajskij Rajon,"6,754","6,682","6,716",perm
Kizel,Кизел,City,Kizel,"23,841","19,587","15,619",perm
Kočëvo [Kochyovo],Кочёво,Village,Kočëvskij Rajon,"3,394","3,504","3,747",perm
Komsomol'skij [Komsomolsky],Комсомольский,Rural Settlement,Kungurskij Rajon,"3,363","3,096","3,033",perm
Kondratovo,Кондратово,Hamlet,Permskij Rajon,"5,736","10,023","14,631",perm
Krasnokamsk,Краснокамск,City,Krasnokamskij,"53,724","51,916","48,778",perm
Krasnovišersk [Krasnovishersk],Красновишерск,City,Krasnovišerskij,"18,260","16,099","14,460",perm
Kudymkar,Кудымкар,City,Kudymkarskij Rajon,"31,914","28,967","28,293",perm
Kujeda [Kuyeda],Куеда,Rural Settlement,Kujedinskij Rajon,"9,809","9,551","9,457",perm
Kukuštan [Kukushtan],Кукуштан,Rural Settlement,Permskij Rajon,"4,994","5,650","5,539",perm
Kultajevo [Kultayevo],Култаево,Village,Permskij Rajon,"4,343","5,067","8,476",perm
Kungur,Кунгур,City,Kungurskij Rajon,"68,943","66,074","62,673",perm
Kusje-Aleksandrovskij [Kusye-Alexandrovsky],Кусье-Александровский,Urban Settlement,Gornozavodsk,"1,943","1,788","1,592",perm
Ljamino [Lyamino],Лямино,Urban Settlement,Čusovskoj,"5,127","4,598","4,475",perm
Lobanovo,Лобаново,Village,Permskij Rajon,"3,654","4,280","6,318",perm
Lys'va [Lysva],Лысьва,City,Lys'venskij,"71,148","65,918","53,855",perm
Majskij [Maysky],Майский,Rural Settlement,Krasnokamskij,"5,357","5,175","4,131",perm
Markovskij [Markovsky],Марковский,Rural Settlement,Čajkovskij,"4,469","3,352","4,029",perm
Medvedka,Медведка,Urban Settlement,Gornozavodsk,816,370,298,perm
Mendelejevo [Mendeleyevo],Менделеево,Rural Settlement,Karagajskij Rajon,"3,328","3,169","3,115",perm
Novoil'inskij [Novoilyinsky],Новоильинский,Urban Settlement,Nytvenskij,"3,753","3,638","2,984",perm
Novovil'venskij [Novovilvensky],Нововильвенский,Urban Settlement,Gornozavodsk,421,177,37,perm
Nyrob,Ныроб,Urban Settlement,Čerdynskij,"7,500","5,523","3,294",perm
Nytva,Нытва,City,Nytvenskij,"20,660","19,041","16,675",perm
Očër [Ochyor],Очёр,City,Očërskij,"15,563","14,238","14,385",perm
Ochansk [Okhansk],Оханск,City,Ochansk,"7,994","7,250","6,430",perm
Oktjabr'skij [Oktyabrsky],Октябрьский,Urban Settlement,Oktjabr'skij,"10,039","9,845","9,036",perm
Orda,Орда,Village,Ordinskij Rajon,"5,404","5,375","5,425",perm
Osa,Оса,City,Osinskij,"23,452","21,188","19,523",perm
Overjata [Overyata],Оверята,Urban Settlement,Krasnokamskij,"4,622","4,634","4,586",perm
Pašija [Pashiya],Пашия,Urban Settlement,Gornozavodsk,"4,245","3,898","3,428",perm
Pavlovskij [Pavlovsky],Павловский,Urban Settlement,Očërskij,"3,408","3,191","3,147",perm
Perm',Пермь,City,Permskij,"1,010,933","991,162","1,034,002",perm
Plechanovo [Plekhanovo],Плеханово,Village,Kungurskij Rajon,"1,973","2,222","3,030",perm
Polazna,Полазна,Urban Settlement,Dobrjanskij,"13,303","12,753","11,200",perm
Promysla,Промысла,Urban Settlement,Gornozavodsk,747,558,390,perm
Sarany,Сараны,Urban Settlement,Gornozavodsk,"1,255","1,097",913,perm
Sars,Сарс,Urban Settlement,Oktjabr'skij,"5,542","5,043","4,577",perm
Širokovskij [Shirokovsky],Широковский,Urban Settlement,Gubacha,"1,869","3,322","1,053",perm
Siva,Сива,Village,Sivinskij Rajon,"4,865","4,659","4,824",perm
Skal'nyj [Skalny],Скальный,Urban Settlement,Čusovskoj,"2,122","1,853","1,616",perm
Solikamsk,Соликамск,City,Solikamsk,"102,531","97,384","89,473",perm
Staryj Biser [Stary Biser],Старый Бисер,Urban Settlement,Gornozavodsk,708,523,347,perm
Suksun,Суксун,Urban Settlement,Suksunskij,"8,495","8,022","8,404",perm
Sylva,Сылва,Rural Settlement,Permskij Rajon,"7,850","8,324","8,066",perm
Tëplaja Gora [Teplaya Gora],Тёплая Гора,Urban Settlement,Gornozavodsk,"3,860","3,306","2,767",perm
Ugleural'skij [Ugleuralsky],Углеуральский,Urban Settlement,Gubacha,"10,428","5,352","8,666",perm
Uinskoje [Uinskoye],Уинское,Village,Uinskij Rajon,"4,450","4,304","4,178",perm
Ural'skij [Uralsky],Уральский,Urban Settlement,Nytvenskij,"8,929","8,014","6,713",perm
Usolje [Usolye],Усолье,City,Berezniki,"6,144","5,694","6,619",perm
Ust'-Kačka [Ust-Kachka],Усть-Качка,Village,Permskij Rajon,"4,093","4,098","3,737",perm
Ust'-Kišert' [Ust-Kishert],Усть-Кишерть,Village,Kišertskij Rajon,"4,525","4,202","3,986",perm
Us'va [Usva],Усьва,Urban Settlement,Gubacha,758,535,304,perm
Vereščagino [Vereshchagino],Верещагино,City,Vereščaginskij,"22,832","22,156","22,239",perm
Vsevolodo-Vil'va [Vsevolodo-Vilva],Всеволодо-Вильва,Urban Settlement,Aleksandrovskij Rajon,"3,629","2,827","2,002",perm
Zjukajka [Zyukayka],Зюкайка,Rural Settlement,Vereščaginskij,"4,672","3,984","3,603",perm
Zvëzdnyj [Zvyozdny],Звёздный,Urban Settlement,Zvëzdnyj,"9,628","9,151","7,469",perm
Anučino [Anuchino],Анучино,Village,Anučinskij Rajon,"4,772","4,462","4,239",primorskiy
Arsenjev [Arsenyev],Арсеньев,City,Arsenjev,"62,896","56,750","47,937",primorskiy
Artëm [Artyom],Артём,City,Artëmovskij,...,"102,603","109,556",primorskiy
Bol'šoj Kamen' [Bolshoy Kamen],Большой Камень,City,Bol'šoj Kamen',"38,394","39,257","41,825",primorskiy
Černigovka [Chernigovka],Черниговка,Village,Černigovskij Rajon,"14,310","13,046","10,124",primorskiy
Chasan [Khasan],Хасан,Urban Settlement,Chasanskij Rajon,795,742,492,primorskiy
Chorol' [Khorol],Хороль,Village,Chorol'skij Rajon,"11,519","10,860","9,742",primorskiy
Chrustal'nyj [Khrustalny],Хрустальный,Urban Settlement,Kavalerovskij Rajon,"3,664","3,138","2,596",primorskiy
Čugujevka [Chuguyevka],Чугуевка,Village,Čugujevskij Rajon,"13,680","12,171","11,101",primorskiy
Dal'negorsk [Dalnegorsk],Дальнегорск,City,Dal'negorskij,"40,069","37,519","33,655",primorskiy
Dal'nerečensk [Dalnerechensk],Дальнереченск,City,Dal'nerečenskij,"30,092","27,604","23,613",primorskiy
Dunaj [Dunay],Дунай,Urban Settlement,Fokino,"8,599","7,581","6,980",primorskiy
Fokino,Фокино,City,Fokino,"26,457","23,696","19,711",primorskiy
Galënki [Galyonki],Галёнки,Village,Oktjabr'skij Rajon,"5,356","4,279","3,091",primorskiy
Gornyje Ključi [Gornye Klyuchi],Горные Ключи,Urban Settlement,Kirovskij Rajon,"5,272","4,586","4,302",primorskiy
Jakovlevka [Yakovlevka],Яковлевка,Village,Jakovlevskij Rajon,"5,118","4,480","3,648",primorskiy
Jaroslavskij [Yaroslavsky],Ярославский,Urban Settlement,Chorol'skij Rajon,"10,254","9,104","8,269",primorskiy
Jekaterinovka [Yekaterinovka],Екатериновка,Village,Partizanskij Rajon,"3,642","3,582","3,467",primorskiy
Kamen'-Rybolov [Kamen-Rybolov],Камень-Рыболов,Village,Chankajskij Rajon,"11,769","10,909","8,723",primorskiy
Kavalerovo,Кавалерово,Urban Settlement,Kavalerovskij Rajon,"17,358","15,381","13,494",primorskiy
Kirovskij [Kirovsky],Кировский,Urban Settlement,Kirovskij Rajon,"9,698","9,057","8,033",primorskiy
Kneviči [Knevichi],Кневичи,Village,Artëmovskij,"4,717","4,845","4,776",primorskiy
Kraskino,Краскино,Urban Settlement,Chasanskij Rajon,"3,451","3,256","2,425",primorskiy
Lesozavodsk,Лесозаводск,City,Lesozavodskij,"42,185","37,034","35,433",primorskiy
Lipovcy [Lipovtsy],Липовцы,Urban Settlement,Oktjabr'skij Rajon,"6,742","6,402","5,275",primorskiy
Lučegorsk [Luchegorsk],Лучегорск,Urban Settlement,Požarskij Rajon,"22,365","21,004","17,437",primorskiy
Michajlovka [Mikhaylovka],Михайловка,Village,Michajlovskij Rajon,"9,319","9,153","8,618",primorskiy
Monastyrišče [Monastyrishche],Монастырище,Village,Černigovskij Rajon,"4,294","5,299","3,597",primorskiy
Nachodka [Nakhodka],Находка,City,Nachodkinskij,"178,813","159,719","139,931",primorskiy
Nikolajevka [Nikolayevka],Николаевка,Rural Settlement,Partizanskij Rajon,"4,150","3,417","3,041",primorskiy
Novonikol'sk [Novonikolsk],Новоникольск,Village,Ussurijskij,"4,165","4,449","4,006",primorskiy
Novopokrovka,Новопокровка,Village,Krasnoarmejskij Rajon,"4,042","3,646","3,095",primorskiy
Novošachtinskij [Novoshakhtinsky],Новошахтинский,Urban Settlement,Michajlovskij Rajon,"8,288","7,841","7,119",primorskiy
Novosysojevka [Novosysoyevka],Новосысоевка,Village,Jakovlevskij Rajon,"5,023","4,894","3,966",primorskiy
Novyj [Novy],Новый,Rural Settlement,Nadeždinskij Rajon,"5,998","5,932","5,763",primorskiy
Ol'ga [Olga],Ольга,Urban Settlement,Ol'ginskij Rajon,"4,453","4,026","3,167",primorskiy
Partizansk,Партизанск,City,Partizanskij,"43,670","38,659","33,832",primorskiy
Plastun,Пластун,Urban Settlement,Ternejskij Rajon,"6,230","5,350","4,815",primorskiy
Pograničnyj [Pogranichny],Пограничный,Urban Settlement,Pograničnyj Rajon,"12,221","10,280","9,902",primorskiy
Pokrovka,Покровка,Village,Oktjabr'skij Rajon,"10,873","10,360","8,687",primorskiy
Posjet [Posyet],Посьет,Urban Settlement,Chasanskij Rajon,"2,927","1,671","1,646",primorskiy
Preobraženije [Preobrazheniye],Преображение,Urban Settlement,Lazovskij Rajon,"9,335","7,184","6,529",primorskiy
Primorskij [Primorsky],Приморский,Urban Settlement,Chasanskij Rajon,"1,750","2,241","1,412",primorskiy
Putjatin [Putyatin],Путятин,Urban Settlement,Fokino,"1,133",887,707,primorskiy
Razdol'noje [Razdolnoye],Раздольное,Rural Settlement,Nadeždinskij Rajon,"7,835","8,194","5,705",primorskiy
Roščino [Roshchino],Рощино,Village,Krasnoarmejskij Rajon,"4,343","3,919","3,211",primorskiy
Russkij [Russky],Русский,Rural Settlement,Vladivostokskij,"5,204","4,703","10,424",primorskiy
Sergejevka [Sergeyevka],Сергеевка,Village,Partizanskij Rajon,"3,852","3,323","4,010",primorskiy
Sergejevka [Sergeyevka],Сергеевка,Village,Pograničnyj Rajon,"5,205","5,782","3,728",primorskiy
Sibircevo [Sibirtsevo],Сибирцево,Urban Settlement,Černigovskij Rajon,"9,451","8,735","7,004",primorskiy
Škotovo [Shkotovo],Шкотово,Urban Settlement,Škotovskij Rajon,"5,348","5,038","4,734",primorskiy
Slavjanka [Slavyanka],Славянка,Urban Settlement,Chasanskij Rajon,"15,045","14,036","10,895",primorskiy
Smoljaninovo [Smolyaninovo],Смоляниново,Urban Settlement,Škotovskij Rajon,"6,448","6,715","5,297",primorskiy
Spassk-Dal'nij [Spassk-Dalny],Спасск-Дальний,City,Spassk-Dal'nij,"51,691","44,173","35,732",primorskiy
Spasskoje [Spasskoye],Спасское,Village,Spasskij Rajon,"6,185","5,778","4,418",primorskiy
Svetlaja [Svetlaya],Светлая,Urban Settlement,Ternejskij Rajon,"1,136",925,479,primorskiy
Tavričanka [Tavrichanka],Тавричанка,Rural Settlement,Nadeždinskij Rajon,"8,556","7,926","8,108",primorskiy
Ternej [Terney],Терней,Urban Settlement,Ternejskij Rajon,"3,971","3,590","2,933",primorskiy
Trudovoje [Trudovoye],Трудовое,Rural Settlement,Vladivostokskij,"18,935","18,522","19,543",primorskiy
Uglekamensk,Углекаменск,Village,Partizanskij,"6,619","3,647","3,017",primorskiy
Ussurijsk [Ussuriysk],Уссурийск,City,Ussurijskij,"157,759","158,004","180,393",primorskiy
Vladimiro-Aleksandrovskoje [Vladimiro-Alexandrovskoye],Владимиро-Александровское,Village,Partizanskij Rajon,"5,577","5,708","6,409",primorskiy
Vladivostok,Владивосток,City,Vladivostokskij,"594,701","592,034","603,519",primorskiy
Vol'no-Nadeždinskoje [Volno-Nadezhdinskoye],Вольно-Надеждинское,Village,Nadeždinskij Rajon,"6,765","6,694","8,403",primorskiy
Vostok,Восток,Urban Settlement,Krasnoarmejskij Rajon,"3,536","4,103","3,313",primorskiy
Vozdviženka [Vozdvizhenka],Воздвиженка,Village,Ussurijskij,"7,275","6,454","6,352",primorskiy
Zarubino,Зарубино,Urban Settlement,Chasanskij Rajon,"3,522","3,101","2,499",primorskiy
Bežanicy [Bezhanitsy],Бежаницы,Urban Settlement,Bežanickij Rajon,"4,846","4,333","3,731",pskov
Borisoviči [Borisovichi],Борисовичи,Hamlet,Pskovskij Rajon,98,103,"7,293",pskov
Dedoviči [Dedovichi],Дедовичи,Urban Settlement,Dedovičskij Rajon,"9,881","8,798","6,922",pskov
Dno,Дно,City,Dnovskij Rajon,"10,049","9,061","7,850",pskov
Gdov,Гдов,City,Gdovskij Rajon,"5,171","4,379","3,455",pskov
Idrica [Idritsa],Идрица,Urban Settlement,Sebežskij Rajon,"5,784","4,988","3,992",pskov
Krasnogorodsk,Красногородск,Urban Settlement,Krasnogorodskij Rajon,"4,694","3,870","3,521",pskov
Krasnyj Luč [Krasny Luch],Красный Луч,Urban Settlement,Bežanickij Rajon,"1,494","1,020",724,pskov
Kun'ja [Kunya],Кунья,Urban Settlement,Kun'inskij Rajon,"3,527","3,127","2,902",pskov
Loknja [Loknya],Локня,Urban Settlement,Loknjanskij Rajon,"4,898","3,872","3,541",pskov
Nevel',Невель,City,Nevel'skij Rajon,"18,545","16,324","13,980",pskov
Novoržev [Novorzhev],Новоржев,City,Novorževskij Rajon,"4,125","3,695","3,222",pskov
Novosokol'niki [Novosokolniki],Новосокольники,City,Novosokol'ničeskij Rajon,"9,757","8,119","6,895",pskov
Opočka [Opochka],Опочка,City,Opočeckij Rajon,"13,964","11,603","9,928",pskov
Ostrov,Остров,City,Ostrovskij Rajon,"25,078","21,668","20,923",pskov
Palkino,Палкино,Urban Settlement,Palkinskij Rajon,"3,201","2,924","2,870",pskov
Pečory [Pechory],Печоры,City,Pečorskij Rajon,"13,056","11,195","10,247",pskov
Pljussa [Plyussa],Плюсса,Urban Settlement,Pljusskij Rajon,"3,856","3,450","2,424",pskov
Porchov [Porkhov],Порхов,City,Porchovskij Rajon,"12,263","10,608","7,309",pskov
Pskov,Псков,City,Pskov,"202,780","203,279","193,082",pskov
Puškinskije Gory [Pushkinskiye Gory],Пушкинские Горы,Urban Settlement,Puškinogorskij Rajon,"6,089","5,222","4,373",pskov
Pustoška [Pustoshka],Пустошка,City,Pustoškinskij Rajon,"5,509","4,619","4,070",pskov
Pytalovo,Пыталово,City,Pytalovskij Rajon,"6,806","5,826","5,263",pskov
Rodina,Родина,Hamlet,Pskovskij Rajon,"2,442","3,382","7,772",pskov
Sebež [Sebezh],Себеж,City,Sebežskij Rajon,"7,138","6,375","6,246",pskov
Sosnovyj Bor [Sosnovy Bor],Сосновый Бор,Urban Settlement,Sebežskij Rajon,"1,861","2,877","1,888",pskov
Strugi Krasnyje [Strugi Krasnye],Струги Красные,Urban Settlement,Strugo-Krasnenskij Rajon,"8,762","8,447","4,871",pskov
Usvjaty [Usvyaty],Усвяты,Urban Settlement,Usvjatskij Rajon,"3,148","2,961","2,671",pskov
Velikije Luki [Velikiye Luki],Великие Луки,City,Velikije Luki,"104,979","98,778","86,711",pskov
Zapljusje [Zaplyusye],Заплюсье,Urban Settlement,Pljusskij Rajon,"1,393","1,096",869,pskov
Aleksandro-Nevskij [Alexandro-Nevsky],Александро-Невский,Urban Settlement,Aleksandro-Nevskij Rajon,"4,133","4,013","3,709",ryazan
Central'nyj [Tsentralny],Центральный,Urban Settlement,Miloslavskij Rajon,"1,960","2,159","1,164",ryazan
Čučkovo [Chuchkovo],Чучково,Urban Settlement,Čučkovskij Rajon,"4,517","3,122","2,650",ryazan
Djad'kovo [Dyadkovo],Дядьково,Village,Rjazanskij Rajon,"1,949","1,908","4,345",ryazan
Gus'-Železnyj [Gus-Zhelezny],Гусь-Железный,Urban Settlement,Kasimovskij Rajon,"2,442","2,115","1,901",ryazan
Jelat'ma [Yelatma],Елатьма,Urban Settlement,Kasimovskij Rajon,"4,002","3,511","3,286",ryazan
Jermiš' [Yermish],Ермишь,Urban Settlement,Jermišinskij Rajon,"4,715","4,345","3,433",ryazan
Kadom,Кадом,Urban Settlement,Kadomskij Rajon,"6,181","5,478","5,167",ryazan
Kasimov,Касимов,City,Kasimov,"35,816","33,491","28,443",ryazan
Korablino,Кораблино,City,Korablinskij Rajon,"14,690","12,658","10,334",ryazan
Lesnoj [Lesnoy],Лесной,Urban Settlement,Šilovskij Rajon,"7,522","7,632","7,718",ryazan
Michajlov [Mikhaylov],Михайлов,City,Michajlovskij Rajon,"13,295","11,784","10,303",ryazan
Miloslavskoje [Miloslavskoye],Милославское,Urban Settlement,Miloslavskij Rajon,"4,813","4,478","4,223",ryazan
Murmino,Мурмино,Rural Settlement,Rjazanskij Rajon,"3,596","3,506","3,321",ryazan
Novomičurinsk [Novomichurinsk],Новомичуринск,City,Pronskij Rajon,"20,743","19,309","16,900",ryazan
Oktjabr'skij [Oktyabrsky],Октябрьский,Urban Settlement,Michajlovskij Rajon,"4,936","6,067","5,811",ryazan
Pavelec [Pavelets],Павелец,Urban Settlement,Skopinskij Rajon,"2,207","1,963","2,123",ryazan
Pitelino,Пителино,Urban Settlement,Pitelinskij Rajon,"2,415","2,257","1,931",ryazan
Pobedinka,Побединка,Urban Settlement,Skopinskij Rajon,"1,479","1,456","1,562",ryazan
Poljany [Polyany],Поляны,Village,Rjazanskij Rajon,"6,328","6,623","6,371",ryazan
Pronsk,Пронск,Urban Settlement,Pronskij Rajon,"4,330","3,943","4,753",ryazan
Putjatino [Putyatino],Путятино,Village,Putjatinskij Rajon,"3,122","3,047","3,199",ryazan
Rjazan' [Ryazan],Рязань,City,Rjazan',"524,104","524,927","528,599",ryazan
Rjažsk [Ryazhsk],Ряжск,City,Rjažskij Rajon,"22,850","21,674","20,634",ryazan
Rybnoje [Rybnoye],Рыбное,City,Rybnovskij Rajon,"19,150","18,380","21,069",ryazan
Šack [Shatsk],Шацк,City,Šackij Rajon,"7,563","6,561","5,927",ryazan
Sapožok [Sapozhok],Сапожок,Urban Settlement,Sapožkovskij Rajon,"4,392","3,878","3,072",ryazan
Sarai,Сараи,Urban Settlement,Sarajevskij Rajon,"6,604","5,802","5,011",ryazan
Sasovo,Сасово,City,Sasovskij Rajon,"30,736","28,118","21,628",ryazan
Šilovo [Shilovo],Шилово,Urban Settlement,Šilovskij Rajon,"16,572","15,669","13,917",ryazan
Skopin,Скопин,City,Skopin,...,"30,376","25,238",ryazan
Spas-Klepiki,Спас-Клепики,City,Klepikovskij Rajon,"6,153","5,916","4,743",ryazan
Spassk-Rjazanskij [Spassk-Ryazansky],Спасск-Рязанский,City,Spasskij Rajon,"8,858","7,745","5,796",ryazan
Starožilovo [Starozhilovo],Старожилово,Urban Settlement,Starožilovskij Rajon,"5,279","5,088","4,955",ryazan
Syntul,Сынтул,Urban Settlement,Kasimovskij Rajon,"1,889","1,688","1,554",ryazan
Tuma,Тума,Urban Settlement,Klepikovskij Rajon,"6,596","6,163","5,402",ryazan
Ucholovo [Ukholovo],Ухолово,Urban Settlement,Ucholovskij Rajon,"5,700","4,965","4,008",ryazan
Aksaj [Aksay],Аксай,City,Aksajskij Rajon,"38,012","41,969","48,372",rostov
Aleksandrovka [Alexandrovka],Александровка,Village,Azovskij Rajon,"4,738","4,744","4,695",rostov
Aparinskij [Aparinsky],Апаринский,Khutor,Ust'-Doneckij Rajon,"2,683","2,865","3,245",rostov
Azov,Азов,City,Azov,"82,090","82,937","81,924",rostov
Bagajevskaja [Bagayevskaya],Багаевская,Stanitsa,Bagajevskij Rajon,"15,275","15,459","13,587",rostov
Batajsk [Bataysk],Батайск,City,Batajsk,"107,438","111,843","126,988",rostov
Belaja Kalitva [Belaya Kalitva],Белая Калитва,City,Belokalitvinskij Rajon,"47,347","43,651","40,448",rostov
Bokovskaja [Bokovskaya],Боковская,Stanitsa,Bokovskij Rajon,"5,040","4,832","4,765",rostov
Bol'šaja Martynovka [Bolshaya Martynovka],Большая Мартыновка,Sloboda,Martynovskij Rajon,"6,823","6,158","6,265",rostov
Bol'šaja Orlovka [Bolshaya Orlovka],Большая Орловка,Sloboda,Martynovskij Rajon,"4,300","4,063","4,146",rostov
Bol'šije Saly [Bolshiye Saly],Большие Салы,Village,Mjasnikovskij Rajon,"3,255","3,483","4,234",rostov
Bol'šoj Log [Bolshoy Log],Большой Лог,Khutor,Aksajskij Rajon,"3,732","4,336","6,319",rostov
Čaltyr' [Chaltyr],Чалтырь,Village,Mjasnikovskij Rajon,"14,711","15,334","19,583",rostov
Celina [Tselina],Целина,Rural Settlement,Celinskij Rajon,"11,092","10,649","10,303",rostov
Čertkovo [Chertkovo],Чертково,Rural Settlement,Čertkovskij Rajon,"11,029","10,814","9,247",rostov
Cimljansk [Tsimlyansk],Цимлянск,City,Cimljanskij Rajon,"15,444","15,028","14,731",rostov
Doneck [Donetsk],Донецк,City,Doneck,"53,258","50,098","46,623",rostov
Dubovskoje [Dubovskoye],Дубовское,Village,Dubovskij Rajon,"8,031","8,544","7,326",rostov
Gigant,Гигант,Rural Settlement,Sal'skij Rajon,"10,049","10,249","10,572",rostov
Glubokij [Gluboky],Глубокий,Urban Settlement,Kamenskij Rajon,"11,242","9,880","8,266",rostov
Gornjackij [Gornyatsky],Горняцкий,Rural Settlement,Belokalitvinskij Rajon,"9,306","8,056","6,667",rostov
Gornyj [Gorny],Горный,Urban Settlement,Krasnosulinskij Rajon,"2,720","2,408","2,452",rostov
Gruševskaja [Grushevskaya],Грушевская,Stanitsa,Aksajskij Rajon,"4,050","4,381","4,291",rostov
Gukovo,Гуково,City,Gukovo,"74,065","67,278","60,361",rostov
Jegorlykskaja [Yegorlykskaya],Егорлыкская,Stanitsa,Jegorlykskij Rajon,"18,005","17,660","14,602",rostov
Jolkin [Yolkin],Ёлкин,Khutor,Bagajevskij Rajon,"3,018","3,220","3,075",rostov
Kagal'nickaja [Kagalnitskaya],Кагальницкая,Stanitsa,Kagal'nickij Rajon,"6,848","6,831","6,143",rostov
Kagal'nik [Kagalnik],Кагальник,Village,Azovskij Rajon,"7,951","8,116","9,177",rostov
Kalinin,Калинин,Khutor,Mjasnikovskij Rajon,"3,428","3,767","4,837",rostov
Kamenolomni,Каменоломни,Urban Settlement,Oktjabr'skij Rajon,"12,281","11,247","12,327",rostov
Kamensk-Šachtinskij [Kamensk-Shakhtinsky],Каменск-Шахтинский,City,Kamensk-Šachtinskij,"98,232","95,296","86,365",rostov
Kašary [Kashary],Кашары,Sloboda,Kašarskij Rajon,"6,302","6,529","5,350",rostov
Kazač'i Lageri [Kazachyi Lageri],Казачьи Лагери,Rural Settlement,Oktjabr'skij Rajon,...,"4,994","4,321",rostov
Kazanskaja [Kazanskaya],Казанская,Stanitsa,Verchnedonskoj Rajon,"4,954","4,721","5,219",rostov
Kirovskaja [Kirovskaya],Кировская,Stanitsa,Kagal'nickij Rajon,"5,927","5,760","5,955",rostov
Koksovyj [Koksovy],Коксовый,Rural Settlement,Belokalitvinskij Rajon,"8,471","7,624","7,117",rostov
Konstantinovsk,Константиновск,City,Konstantinovskij Rajon,"18,801","17,926","17,207",rostov
Krasjukovskaja [Krasyukovskaya],Красюковская,Sloboda,Oktjabr'skij Rajon,"4,323","4,240","4,635",rostov
Krasnaja Poljana [Krasnaya Polyana],Красная Поляна,Village,Pesčanokopskij Rajon,"3,734","3,546","3,408",rostov
Krasnoarmejskij [Krasnoarmeysky],Красноармейский,Rural Settlement,Orlovskij Rajon,"3,722","3,696","3,160",rostov
Krasnojarskaja [Krasnoyarskaya],Красноярская,Stanitsa,Cimljanskij Rajon,"5,206","4,968","5,320",rostov
Krasnovka,Красновка,Khutor,Kamenskij Rajon,"3,972","3,941","3,544",rostov
Krasnyj Sad [Krasny Sad],Красный Сад,Rural Settlement,Azovskij Rajon,"2,127","2,857","4,732",rostov
Krasnyj Sulin [Krasny Sulin],Красный Сулин,City,Krasnosulinskij Rajon,"44,187","40,866","35,697",rostov
Krivjanskaja [Krivyanskaya],Кривянская,Stanitsa,Oktjabr'skij Rajon,"10,219","10,423","10,720",rostov
Krym,Крым,Village,Mjasnikovskij Rajon,"4,482","4,933","6,358",rostov
Kujbyševo [Kuybyshevo],Куйбышево,Village,Kujbyševskij Rajon,"5,799","6,145","5,495",rostov
Kulešovka [Kuleshovka],Кулешовка,Village,Azovskij Rajon,"14,690","13,692","14,568",rostov
Mal'čevskaja [Malchevskaya],Мальчевская,Stanitsa,Millerovskij Rajon,"3,928","3,431","3,392",rostov
Man'kovo-Kalitvenskoje [Mankovo-Kalitvenskoye],Маньково-Калитвенское,Village,Čertkovskij Rajon,"4,213","3,780","3,299",rostov
Matvejev Kurgan [Matveyev Kurgan],Матвеев Курган,Rural Settlement,Matvejevo-Kurganskij Rajon,"14,364","15,590","13,991",rostov
Mečëtinskaja [Mechyotinskaya],Мечётинская,Stanitsa,Zernogradskij Rajon,"6,527","7,194","6,689",rostov
Melichovskaja [Melikhovskaya],Мелиховская,Stanitsa,Ust'-Doneckij Rajon,"3,351","3,593","3,823",rostov
Millerovo,Миллерово,City,Millerovskij Rajon,"38,498","36,499","34,841",rostov
Miškinskaja [Mishkinskaya],Мишкинская,Stanitsa,Aksajskij Rajon,"2,605","3,004","3,271",rostov
Morozovsk,Морозовск,City,Morozovskij Rajon,"29,222","27,642","24,258",rostov
Nikolajevka [Nikolayevka],Николаевка,Village,Neklinovskij Rajon,"5,228","6,403","7,404",rostov
Nikolajevskaja [Nikolayevskaya],Николаевская,Stanitsa,Konstantinovskij Rajon,"3,619","3,218","3,026",rostov
Novobatajsk [Novobataysk],Новобатайск,Village,Kagal'nickij Rajon,"5,105","5,340","5,156",rostov
Novobessergenevka,Новобессергеневка,Village,Neklinovskij Rajon,"3,450","3,585","4,780",rostov
Novočerkassk [Novocherkassk],Новочеркасск,City,Novočerkassk,"184,470","168,746","163,674",rostov
Novošachtinsk [Novoshakhtinsk],Новошахтинск,City,Novošachtinsk,"117,689","111,075","103,480",rostov
Novyj Jegorlyk [Novy Yegorlyk],Новый Егорлык,Village,Sal'skij Rajon,"3,745","3,261","3,365",rostov
Oblivskaja [Oblivskaya],Обливская,Stanitsa,Oblivskij Rajon,"9,543","9,908","9,235",rostov
Ol'ginskaja [Olginskaya],Ольгинская,Stanitsa,Aksajskij Rajon,"5,263","5,613","6,402",rostov
Orlovskij [Orlovsky],Орловский,Rural Settlement,Orlovskij Rajon,"19,354","20,002","15,942",rostov
Ovoščnoj [Ovoshchnoy],Овощной,Rural Settlement,Azovskij Rajon,"2,210","2,421","4,896",rostov
Persianovskij [Persianovsky],Персиановский,Rural Settlement,Oktjabr'skij Rajon,"15,754","7,592","8,047",rostov
Pesčanokopskoje [Peschanokopskoye],Песчанокопское,Village,Pesčanokopskij Rajon,"11,357","10,593","8,765",rostov
Peškovo [Peshkovo],Пешково,Village,Azovskij Rajon,"3,601","3,982","5,331",rostov
Pokrovskoje [Pokrovskoye],Покровское,Village,Neklinovskij Rajon,"12,595","12,369","12,627",rostov
Potapov,Потапов,Khutor,Volgodonskoj Rajon,"2,910","3,008","3,008",rostov
Primorka,Приморка,Village,Neklinovskij Rajon,"3,786","3,781","3,758",rostov
Proletarsk,Пролетарск,City,Proletarskij Rajon,"19,572","20,267","18,983",rostov
Rassvet,Рассвет,Rural Settlement,Aksajskij Rajon,"4,772","4,958","6,064",rostov
Razvil'noje [Razvilnoye],Развильное,Village,Pesčanokopskij Rajon,"5,853","5,494","5,045",rostov
Remontnoje [Remontnoye],Ремонтное,Village,Remontnenskij Rajon,"7,385","7,198","6,057",rostov
Rodionovo-Nesvetajskaja [Rodionovo-Nesvetayskaya],Родионово-Несветайская,Sloboda,Rodionovo-Nesvetajskij Rajon,"6,197","6,379","6,207",rostov
Romanovskaja [Romanovskaya],Романовская,Stanitsa,Volgodonskoj Rajon,"6,896","8,248","9,121",rostov
Rostov-na-Donu [Rostov-on-Don],Ростов-на-Дону,City,Rostov-na-Donu,"1,068,267","1,089,261","1,142,162",rostov
Šachty [Shakhty],Шахты,City,Šachty,"254,721","239,987","226,452",rostov
Sal'sk [Salsk],Сальск,City,Sal'skij Rajon,"61,775","61,316","57,937",rostov
Samarskoje [Samarskoye],Самарское,Village,Azovskij Rajon,"10,654","10,530","11,015",rostov
Sandata,Сандата,Village,Sal'skij Rajon,"4,053","3,658","3,578",rostov
Semikarakorsk,Семикаракорск,City,Semikarakorskij Rajon,"23,473","23,884","21,719",rostov
Sinegorskij [Sinegorsky],Синегорский,Rural Settlement,Belokalitvinskij Rajon,"6,670","5,750","5,078",rostov
Sinjavskoje [Sinyavskoye],Синявское,Village,Neklinovskij Rajon,"3,721","3,834","4,080",rostov
Šolochovskij [Sholokhovsky],Шолоховский,Urban Settlement,Belokalitvinskij Rajon,"10,077","8,306","7,358",rostov
Staraja Stanica [Staraya Stanitsa],Старая Станица,Khutor,Kamenskij Rajon,"8,297","8,508","7,633",rostov
Tacinskaja [Tatsinskaya],Тацинская,Stanitsa,Tacinskij Rajon,"11,275","9,980","10,276",rostov
Taganrog,Таганрог,City,Taganrog,"281,947","257,681","245,120",rostov
Tarasovskij [Tarasovsky],Тарасовский,Rural Settlement,Tarasovskij Rajon,"8,963","9,017","8,358",rostov
Troickoje [Troitskoye],Троицкое,Village,Neklinovskij Rajon,"2,986","3,338","3,463",rostov
Uglerodovskij [Uglerodovsky],Углеродовский,Urban Settlement,Krasnosulinskij Rajon,"2,991","2,510","2,242",rostov
Ust'-Doneckij [Ust-Donetsky],Усть-Донецкий,Urban Settlement,Ust'-Doneckij Rajon,"11,374","11,817","10,203",rostov
Varenovka,Вареновка,Village,Neklinovskij Rajon,"2,899","3,148","3,269",rostov
Verchnetemernickij [Verkhnetemernitsky],Верхнетемерницкий,Rural Settlement,Aksajskij Rajon,...,700,"6,343",rostov
Vesëlyj [Vesyoly],Весёлый,Rural Settlement,Vesëlovskij Rajon,"8,820","9,175","9,284",rostov
Vëšenskaja [Vyoshenskaya],Вёшенская,Stanitsa,Šolochovskij Rajon,"9,317","9,261","8,828",rostov
Volgodonsk,Волгодонск,City,Volgodonsk,"172,401","170,841","168,048",rostov
Zavetnoje [Zavetnoye],Заветное,Village,Zavetinskij Rajon,"6,721","7,079","5,941",rostov
Zernograd,Зерноград,City,Zernogradskij Rajon,"28,840","26,842","24,076",rostov
Zimovniki,Зимовники,Rural Settlement,Zimovnikovskij Rajon,"17,705","18,070","15,691",rostov
Žirnov [Zhirnov],Жирнов,Rural Settlement,Tacinskij Rajon,"6,078","5,609","5,294",rostov
Zverevo,Зверево,City,Zverevo,"25,356","22,411","19,353",rostov
Ajchal [Aykhal],Айхал,Urban Settlement,Mirninskij Rajon,"15,782","13,727","13,370",sakha
Aldan,Алдан,City,Aldanskij Rajon,"24,715","21,275","21,590",sakha
Allach-Jun' [Allakh-Yun],Аллах-Юнь,Urban Settlement,Ust'-Majskij Rajon,306,96,35,sakha
Almaznyj [Almazny],Алмазный,Urban Settlement,Mirninskij Rajon,"1,756","1,527","1,649",sakha
Amga,Амга,Village,Amginskij Rajon,"6,359","6,533","6,381",sakha
Antonovka,Антоновка,Village,Njurbinskij Rajon,"2,514","2,642","3,102",sakha
Artyk,Артык,Urban Settlement,Ojmjakonskij Rajon,633,509,352,sakha
Batagaj [Batagay],Батагай,Urban Settlement,Verchojanskij Rajon,"4,589","4,369","3,753",sakha
Belaja Gora [Belaya Gora],Белая Гора,Urban Settlement,Abyjskij Rajon,"2,463","2,245","1,927",sakha
Berdigestjach [Berdigestyakh],Бердигестях,Village,Gornyj Rajon,"6,149","6,462","6,956",sakha
Berkakit,Беркакит,Urban Settlement,Nerjungrinskij Rajon,"4,925","4,291","3,567",sakha
Borogoncy [Borogontsy],Борогонцы,Village,Ust'-Aldanskij Rajon,"5,458","5,222","6,416",sakha
Černyševskij [Chernyshevsky],Чернышевский,Urban Settlement,Mirninskij Rajon,"5,310","5,025","3,482",sakha
Čerskij [Chersky],Черский,Urban Settlement,Nižnekolymskij Rajon,"3,832","2,857","2,623",sakha
Chandyga [Khandyga],Хандыга,Urban Settlement,Tomponskij Rajon,"7,025","6,638","5,281",sakha
Chani [Khani],Хани,Urban Settlement,Nerjungrinskij Rajon,933,764,651,sakha
Chatassy [Khatassy],Хатассы,Village,Jakutsk,"3,800","4,979","5,470",sakha
Čokurdach [Chokurdakh],Чокурдах,Urban Settlement,Allaichovskij Rajon,"2,591","2,367","1,869",sakha
Čul'man [Chulman],Чульман,Urban Settlement,Nerjungrinskij Rajon,"10,782","9,766","7,285",sakha
Čurapča [Churapcha],Чурапча,Village,Čurapčinskij Rajon,"7,526","8,769","10,235",sakha
Deputatskij [Deputatsky],Депутатский,Urban Settlement,Ust'-Janskij Rajon,"3,602","2,983","2,590",sakha
Džebariki-Chaja [Dzhebariki-Khaya],Джебарики-Хая,Urban Settlement,Tomponskij Rajon,"2,125","1,694","1,025",sakha
Èl'dikan [Eldikan],Эльдикан,Urban Settlement,Ust'-Majskij Rajon,"2,119","1,515","1,080",sakha
Èsè-Chajja [Ese-Khayya],Эсэ-Хайя,Urban Settlement,Verchojanskij Rajon,343,239,153,sakha
Jakutsk [Yakutsk],Якутск,City,Jakutsk,"229,951","269,601","355,443",sakha
Jugorënok [Yugorenok],Югорёнок,Urban Settlement,Ust'-Majskij Rajon,905,272,267,sakha
Kysyl-Syr,Кысыл-Сыр,Urban Settlement,Viljujskij Rajon,"3,609","3,106","2,770",sakha
Lebedinyj [Lebediny],Лебединый,Urban Settlement,Aldanskij Rajon,"1,254","1,058",935,sakha
Leninskij [Leninsky],Ленинский,Urban Settlement,Aldanskij Rajon,"2,112","1,866","1,775",sakha
Lensk,Ленск,City,Lenskij Rajon,"24,558","24,966","21,392",sakha
Majja [Mayya],Майя,Village,Megino-Kangalasskij Rajon,"7,023","7,288","8,075",sakha
Mirnyj [Mirny],Мирный,City,Mirninskij Rajon,"39,981","37,188","34,045",sakha
Mochsogolloch [Mokhsogollokh],Мохсоголлох,Urban Settlement,Changalasskij Rajon,"7,181","6,698","5,264",sakha
Namcy [Namtsy],Намцы,Village,Namskij Rajon,"8,249","8,890","9,925",sakha
Nerjungri [Neryungri],Нерюнгри,City,Nerjungrinskij Rajon,"66,269","61,747","53,409",sakha
Nižnejansk [Nizhneyansk],Нижнеянск,Urban Settlement,Ust'-Janskij Rajon,701,391,218,sakha
Nižnij Bestjach [Nizhny Bestyakh],Нижний Бестях,Urban Settlement,Megino-Kangalasskij Rajon,"3,327","3,518","5,099",sakha
Nižnij Kuranach [Nizhny Kuranakh],Нижний Куранах,Urban Settlement,Aldanskij Rajon,"7,027","5,901","5,518",sakha
Njurba [Nyurba],Нюрба,City,Njurbinskij Rajon,"10,309","10,157","10,138",sakha
Olëkminsk [Olyokminsk],Олёкминск,City,Olëkminskij Rajon,"10,003","9,494","8,398",sakha
Peleduj [Peleduy],Пеледуй,Urban Settlement,Lenskij Rajon,"4,710","5,243","3,562",sakha
Pokrovsk,Покровск,City,Changalasskij Rajon,"10,092","9,495","12,021",sakha
Prigorodnyj [Prigorodny],Пригородный,Village,Jakutsk,779,"1,504","3,208",sakha
Sangar,Сангар,Urban Settlement,Kobjajskij Rajon,"4,789","4,377","3,289",sakha
Serebrjanyj Bor [Serebryany Bor],Серебряный Бор,Urban Settlement,Nerjungrinskij Rajon,"4,447","4,163","2,042",sakha
Solnečnyj [Solnechny],Солнечный,Urban Settlement,Ust'-Majskij Rajon,"1,272","1,034",877,sakha
Srednekolymsk,Среднеколымск,City,Srednekolymskij Rajon,"3,587","3,525","3,131",sakha
Suntar,Сунтар,Village,Suntarskij Rajon,"8,930","10,034","10,302",sakha
Svetlyj [Svetly],Светлый,Urban Settlement,Mirninskij Rajon,"3,546","3,137","3,142",sakha
Tiksi,Тикси,Urban Settlement,Bulunskij Rajon,"5,873","5,063","4,173",sakha
Tommot,Томмот,City,Aldanskij Rajon,"9,032","8,057","6,440",sakha
Udačnyj [Udachny],Удачный,City,Mirninskij Rajon,"15,698","12,613","12,930",sakha
Ust'-Kujga [Ust-Kuyga],Усть-Куйга,Urban Settlement,Ust'-Janskij Rajon,"1,568",979,668,sakha
Ust'-Maja [Ust-Maya],Усть-Мая,Urban Settlement,Ust'-Majskij Rajon,"3,165","2,923","2,540",sakha
Ust'-Nera [Ust-Nera],Усть-Нера,Urban Settlement,Ojmjakonskij Rajon,"9,457","6,463","4,228",sakha
Verchneviljujsk [Verkhnevilyuysk],Верхневилюйск,Village,Verchneviljujskij Rajon,"6,555","6,457","6,961",sakha
Verchojansk [Verkhoyansk],Верхоянск,City,Verchojanskij Rajon,"1,434","1,311",828,sakha
Viljujsk [Vilyuysk],Вилюйск,City,Viljujskij Rajon,"9,776","10,234","10,032",sakha
Vitim,Витим,Urban Settlement,Lenskij Rajon,"3,973","4,376","3,406",sakha
Ytyk-Kjuël' [Ytyk-Kyuyol],Ытык-Кюёль,Village,Tattinskij Rajon,"6,267","6,828","7,472",sakha
Žataj [Zhatay],Жатай,Urban Settlement,Žataj,"8,405","9,504","11,436",sakha
Žigansk [Zhigansk],Жиганск,Village,Žiganskij Rajon,"3,346","3,420","3,329",sakha
Zolotinka,Золотинка,Urban Settlement,Nerjungrinskij Rajon,566,552,576,sakha
Zvëzdočka [Zvezdochka],Звёздочка,Urban Settlement,Ust'-Majskij Rajon,566,408,294,sakha
Zyrjanka [Zyryanka],Зырянка,Urban Settlement,Verchnekolymskij Rajon,"3,749","3,170","2,521",sakha
Aleksandrovsk-Sachalinskij [Alexandrovsk-Sakhalinsky],Александровск-Сахалинский,City,Aleksandrovsk-Sachalinskij Rajon,"12,826","10,613","8,854",sakhalin
Aniva,Анива,City,Anivskij,"8,084","9,115","9,638",sakhalin
Bykov,Быков,Village,Dolinskij,"4,964","4,101","3,059",sakhalin
Cholmsk [Kholmsk],Холмск,City,Cholmskij,"35,141","30,937","25,677",sakhalin
Dolinsk,Долинск,City,Dolinskij,"12,555","12,200","11,740",sakhalin
Gornozavodsk,Горнозаводск,Village,Nevel'skij,"6,051","4,389","3,711",sakhalin
Južno-Kuril'sk [Yuzhno-Kurilsk],Южно-Курильск,Urban Settlement,Južno-Kuril'skij,"5,751","5,832","6,991",sakhalin
Južno-Sachalinsk [Yuzhno-Sakhalinsk],Южно-Сахалинск,City,Južno-Sachalinsk,"175,085","181,728","181,587",sakhalin
Korsakov,Корсаков,City,Korsakovskij,"36,652","33,526","33,950",sakhalin
Kuril'sk [Kurilsk],Курильск,City,Kuril'skij,"2,233","2,070","2,530",sakhalin
Makarov,Макаров,City,Makarovskij,"7,271","6,705","5,848",sakhalin
Nevel'sk [Nevelsk],Невельск,City,Nevel'skij,"18,639","11,682","10,608",sakhalin
Nogliki,Ноглики,Urban Settlement,Nogliki,"10,729","10,231","11,066",sakhalin
Ocha [Okha],Оха,City,Ochinskij,"27,963","23,008","20,357",sakhalin
Poronajsk [Poronaysk],Поронайск,City,Poronajskij,"17,954","16,120","16,026",sakhalin
Šachtërsk [Shakhtyorsk],Шахтёрск,Urban Settlement,Uglegorskij,"10,643","8,382","6,687",sakhalin
Severo-Kuril'sk [Severo-Kurilsk],Северо-Курильск,City,Severo-Kuril'skij,"2,592","2,536","2,374",sakhalin
Smirnych [Smirnykh],Смирных,Urban Settlement,Smirnychovskij,"7,561","7,399","8,050",sakhalin
Sokol,Сокол,Village,Dolinskij,"3,430","3,468","3,107",sakhalin
Tomari,Томари,City,Tomarinskij,"5,338","4,541","4,313",sakhalin
Troickoje [Troitskoye],Троицкое,Village,Anivskij,"3,374","4,729","5,434",sakhalin
Tymovskoje [Tymovskoye],Тымовское,Urban Settlement,Tymovskij,"8,532","7,855","8,629",sakhalin
Uglegorsk,Углегорск,City,Uglegorskij,"13,396","10,381","8,041",sakhalin
Vachrušev [Vakhrushev],Вахрушев,Urban Settlement,Poronajskij,"3,064","2,245","1,515",sakhalin
Aleksejevka [Alexeyevka],Алексеевка,Village,Aleksejevskij Rajon,"4,626","4,513","4,379",samara
Aleksejevka [Alexeyevka],Алексеевка,Urban Settlement,Kinel',"9,703","10,411","10,877",samara
Balašejka [Balasheyka],Балашейка,Urban Settlement,Syzranskij Rajon,"3,104","2,930","2,614",samara
Bezenčuk [Bezenchuk],Безенчук,Urban Settlement,Bezenčukskij Rajon,"23,921","22,952","20,516",samara
Bogatoje [Bogatoye],Богатое,Village,Bogatovskij Rajon,"6,441","5,922","5,594",samara
Bol'šaja Černigovka [Bolshaya Chernigovka],Большая Черниговка,Village,Bol'šečernigovskij Rajon,"6,318","6,356","6,191",samara
Bol'šaja Glušica [Bolshaya Glushitsa],Большая Глушица,Village,Bol'šeglušickij Rajon,"10,133","9,667","9,583",samara
Borskoje [Borskoye],Борское,Village,Borskij Rajon,"9,190","8,953","8,916",samara
Čapajevsk [Chapayevsk],Чапаевск,City,Čapajevsk,"73,912","72,692","70,228",samara
Čelno-Veršiny [Chelno-Vershiny],Челно-Вершины,Village,Čelno-Veršinskij Rajon,"6,062","5,747","5,519",samara
Chrjaščëvka [Khryashchyovka],Хрящёвка,Village,Stavropol'skij Rajon,"3,235","3,191","3,472",samara
Chvorostjanka [Khvorostyanka],Хворостянка,Village,Chvorostjanskij Rajon,"4,937","5,161","5,164",samara
Dubovyj Umet [Dubovy Umet],Дубовый Умет,Village,Volžskij Rajon,"3,129","3,389","3,419",samara
Georgijevka [Georgiyevka],Георгиевка,Village,Kinel'skij Rajon,"3,666","3,980","3,858",samara
Isakly,Исаклы,Village,Isaklinskij Rajon,"4,451","4,334","4,360",samara
Jagodnoje [Yagodnoye],Ягодное,Village,Stavropol'skij Rajon,"2,568","3,993","11,801",samara
Jelchovka [Yelkhovka],Елховка,Village,Jelchovskij Rajon,"3,166","3,268","3,277",samara
Kamyšla [Kamyshla],Камышла,Village,Kamyšlinskij Rajon,"4,826","4,889","4,784",samara
Kinel',Кинель,City,Kinel',"34,385","34,491","36,729",samara
Kinel'-Čerkassy [Kinel-Cherkassy],Кинель-Черкассы,Village,Kinel'-Čerkasskij Rajon,"18,536","17,252","16,658",samara
Kljavlino [Klyavlino],Клявлино,Rural Railway Station Settlement,Kljavlinskij Rajon,"6,367","6,967","6,617",samara
Komsomol'skij [Komsomolsky],Комсомольский,Rural Settlement,Kinel'skij Rajon,"3,223","2,989","3,520",samara
Koški [Koshki],Кошки,Village,Koškinskij Rajon,"8,149","7,969","7,338",samara
Krasnoarmejskoje [Krasnoarmeyskoye],Красноармейское,Village,Krasnoarmejskij Rajon,"5,445","5,344","4,615",samara
Krasnyj Jar [Krasny Yar],Красный Яр,Village,Krasnojarskij Rajon,"7,724","7,958","8,185",samara
Krotovka,Кротовка,Village,Kinel'-Čerkasskij Rajon,"5,440","5,668","5,275",samara
Kurumoč [Kurumoch],Курумоч,Village,Volžskij Rajon,"6,493","6,697","5,994",samara
Meždurečensk [Mezhdurechensk],Междуреченск,Urban Settlement,Syzranskij Rajon,"3,481","3,006","2,726",samara
Mirnyj [Mirny],Мирный,Urban Settlement,Krasnojarskij Rajon,"7,451","7,343","7,246",samara
Neftegorsk,Нефтегорск,City,Neftegorskij Rajon,"19,388","19,254","18,076",samara
Novokujbyševsk [Novokuybyshevsk],Новокуйбышевск,City,Novokujbyševsk,"112,973","108,438","98,306",samara
Novosemejkino [Novosemeykino],Новосемейкино,Urban Settlement,Krasnojarskij Rajon,"9,721","9,750","10,185",samara
Novyj Bujan [Novy Buyan],Новый Буян,Village,Krasnojarskij Rajon,"3,535","3,265","3,295",samara
Obšarovka [Obsharovka],Обшаровка,Village,Privolžskij Rajon,"5,712","5,667","5,044",samara
Oktjabr'sk [Oktyabrsk],Октябрьск,City,Oktjabr'sk,"25,336","27,244","20,703",samara
Osinki,Осинки,Urban Settlement,Bezenčukskij Rajon,"3,127","3,101","2,858",samara
Otradnyj [Otradny],Отрадный,City,Otradnyj,"50,048","48,356","46,984",samara
Pestravka,Пестравка,Village,Pestravskij Rajon,"6,675","6,573","6,057",samara
Petra Dubrava,Петра Дубрава,Urban Settlement,Volžskij Rajon,"6,125","6,453","6,713",samara
Pochvistnevo [Pokhvistnevo],Похвистнево,City,Pochvistnevo,"27,973","28,169","27,333",samara
Podbel'sk [Podbelsk],Подбельск,Village,Pochvistnevskij Rajon,"3,417","3,164","3,017",samara
Podstëpki [Podstyopki],Подстёпки,Village,Stavropol'skij Rajon,"3,164","4,931","15,455",samara
Pridorožnyj [Pridorozhny],Придорожный,Rural Settlement,Volžskij Rajon,198,215,"27,515",samara
Privolžje [Privolzhye],Приволжье,Village,Privolžskij Rajon,"7,481","7,480","7,078",samara
Roščinskij [Roshchinsky],Рощинский,Urban Settlement,Volžskij Rajon,"12,878","11,920","8,128",samara
Roždestveno [Rozhdestveno],Рождествено,Village,Volžskij Rajon,"5,043","6,212","5,073",samara
Samara,Самара,City,Samara,"1,157,880","1,164,685","1,173,299",samara
Šentala [Shentala],Шентала,Rural Railway Station Settlement,Šentalinskij Rajon,"6,646","6,613","5,663",samara
Sergijevsk [Sergiyevsk],Сергиевск,Village,Sergijevskij Rajon,"8,282","8,661","9,070",samara
Sernovodsk,Серноводск,Rural Settlement,Sergijevskij Rajon,"3,598","3,611","3,428",samara
Šigony [Shigony],Шигоны,Village,Šigonskij Rajon,"5,309","4,966","4,959",samara
Smyšljaevka [Smyshlyaevka],Смышляевка,Urban Settlement,Volžskij Rajon,"5,954","6,756","7,958",samara
Spiridonovka,Спиридоновка,Village,Volžskij Rajon,"4,421","4,896","3,061",samara
Strojkeramika [Stroykeramika],Стройкерамика,Urban Settlement,Volžskij Rajon,"7,425","7,322","21,567",samara
Suchodol [Sukhodol],Суходол,Urban Settlement,Sergijevskij Rajon,"14,407","13,413","13,348",samara
Surgut,Сургут,Rural Settlement,Sergijevskij Rajon,"4,736","4,864","4,714",samara
Syzran',Сызрань,City,Syzran',"188,107","178,750","165,725",samara
Timaševo [Timashevo],Тимашево,Village,Kinel'-Čerkasskij Rajon,"5,640","5,651","5,405",samara
Timofejevka [Timofeyevka],Тимофеевка,Village,Stavropol'skij Rajon,"2,209","3,893","6,592",samara
"Tol'jatti [Tolyatti, Togliatti]",Тольятти,City,Tol'jatti,"702,879","719,632","684,709",samara
Ust'-Kinel'skij [Ust-Kinelsky],Усть-Кинельский,Urban Settlement,Kinel',"8,995","9,988","10,547",samara
Utëvka [Utyovka],Утёвка,Village,Neftegorskij Rajon,"4,591","6,091","5,677",samara
Uzjukovo [Uzyukovo],Узюково,Village,Stavropol'skij Rajon,"1,694","2,003","3,384",samara
Varlamovo,Варламово,Rural Settlement,Syzranskij Rajon,"3,289","3,372","3,353",samara
Volžskij [Volzhsky],Волжский,Urban Settlement,Krasnojarskij Rajon,"7,095","6,968","7,727",samara
Voskresenka,Воскресенка,Village,Volžskij Rajon,"1,830","2,087","3,012",samara
Vyselki,Выселки,Village,Stavropol'skij Rajon,"2,259","2,479","3,827",samara
Žigulëvsk [Zhigulyovsk],Жигулёвск,City,Žigulëvsk,...,"55,565","50,466",samara
Aleksandrov Gaj [Alexandrov Gay],Александров Гай,Village,Aleksandrovo-Gajskij Rajon,"9,993","9,728","8,772",saratov
Arkadak,Аркадак,City,Arkadakskij Rajon,"14,438","12,845","10,990",saratov
Atkarsk,Аткарск,City,Atkarskij Rajon,"27,907","25,624","22,709",saratov
Balakovo,Балаково,City,Balakovskij Rajon,"200,470","199,690","184,466",saratov
Balašov [Balashov],Балашов,City,Balašovskij Rajon,"98,330","82,227","74,057",saratov
Baltaj [Baltay],Балтай,Village,Baltajskij Rajon,"3,989","3,873","3,277",saratov
Bazarnyj Karabulak [Bazarny Karabulak],Базарный Карабулак,Urban Settlement,Bazarno-Karabulakskij Rajon,"10,467","9,846","9,134",saratov
Chvalynsk [Khvalynsk],Хвалынск,City,Chvalynskij Rajon,"13,752","13,094","12,042",saratov
Dergači [Dergachi],Дергачи,Urban Settlement,Dergačëvskij Rajon,"9,642","8,276","7,406",saratov
Dubki,Дубки,Rural Settlement,Saratov,"4,046","4,416","4,596",saratov
Duchovnickoje [Dukhovnitskoye],Духовницкое,Urban Settlement,Duchovnickij Rajon,"5,987","5,338","4,628",saratov
Èngel's [Engels],Энгельс,City,Èngel'sskij Rajon,"193,984","202,419","225,428",saratov
Gornyj [Gorny],Горный,Urban Settlement,Krasnopartizanskij Rajon,"7,098","5,084","4,336",saratov
Ivantejevka [Ivanteyevka],Ивантеевка,Village,Ivantejevskij Rajon,"6,173","6,100","5,269",saratov
Jekaterinovka [Yekaterinovka],Екатериновка,Urban Settlement,Jekaterinovskij Rajon,"6,483","6,364","5,817",saratov
Jeršov [Yershov],Ершов,City,Jeršovskij Rajon,"23,848","21,448","18,095",saratov
Kalininsk,Калининск,City,Kalininskij Rajon,"18,855","16,441","14,949",saratov
Kamenskij [Kamensky],Каменский,Urban Settlement,Krasnoarmejskij Rajon,"3,644","2,867","2,483",saratov
Klëny,Клёны,Urban Settlement,Vol'skij Rajon,...,...,"2,238",saratov
Krasnoarmejsk [Krasnoarmeysk],Красноармейск,City,Krasnoarmejskij Rajon,"25,411","24,364","21,350",saratov
Krasnyj Jar [Krasny Yar],Красный Яр,Village,Èngel'sskij Rajon,"3,118","3,255","3,232",saratov
Krasnyj Kut [Krasny Kut],Красный Кут,City,Krasnokutskij Rajon,"15,334","14,416","14,296",saratov
Krasnyj Oktjabr' [Krasny Oktyabr],Красный Октябрь,Urban Settlement,Saratov,"3,328","3,340","3,656",saratov
Krasnyj Tekstil'ščik [Krasny Tekstilshchik],Красный Текстильщик,Rural Settlement,Saratov,"3,301","3,368","3,431",saratov
Lysyje Gory [Lysye Gory],Лысые Горы,Urban Settlement,Lysogorskij Rajon,"7,557","7,180","6,852",saratov
Marks,Маркс,City,Marksovskij Rajon,"32,849","31,531","28,749",saratov
Mokrous,Мокроус,Urban Settlement,Fëdorovskij Rajon,"6,788","6,731","5,860",saratov
Novopuškinskoje [Novopushkinskoye],Новопушкинское,Rural Settlement,Èngel'sskij Rajon,"3,390","3,300","3,514",saratov
Novouzensk,Новоузенск,City,Novouzenskij Rajon,"16,881","17,011","15,216",saratov
Novyje Burasy [Novye Burasy],Новые Бурасы,Urban Settlement,Novoburasskij Rajon,"6,517","5,870","5,796",saratov
Ozinki,Озинки,Urban Settlement,Ozinskij Rajon,"9,806","9,249","7,690",saratov
Pereljub [Perelyub],Перелюб,Village,Pereljubskij Rajon,"5,591","4,774","4,575",saratov
Petrovsk,Петровск,City,Petrovskij Rajon,"33,956","31,160","26,319",saratov
Pinerovka,Пинеровка,Urban Settlement,Balašovskij Rajon,"3,629","3,442","3,345",saratov
Piterka,Питерка,Village,Piterskij Rajon,"5,478","5,439","4,821",saratov
Podlesnoje [Podlesnoye],Подлесное,Village,Marksovskij Rajon,"4,180","3,758","3,780",saratov
Privolžskij [Privolzhsky],Приволжский,Urban Settlement,Èngel'sskij Rajon,"32,087","34,364","33,096",saratov
Probuždenije [Probuzhdeniye],Пробуждение,Rural Settlement,Èngel'sskij Rajon,"3,415","3,448","3,414",saratov
Pugačëv [Pugachyov],Пугачёв,City,Pugačëvskij Rajon,"41,436","41,707","40,127",saratov
Puškino [Pushkino],Пушкино,Urban Settlement,Sovetskij Rajon,"2,748","2,457","2,334",saratov
Romanovka,Романовка,Urban Settlement,Romanovskij Rajon,"7,804","7,271","5,880",saratov
Rovnoje [Rovnoye],Ровное,Urban Settlement,Rovenskij Rajon,"5,267","4,538","4,550",saratov
Rtiščevo [Rtishchevo],Ртищево,City,Rtiščevskij Rajon,"44,185","41,289","37,850",saratov
Samojlovka [Samoylovka],Самойловка,Urban Settlement,Samojlovskij Rajon,"8,648","7,580","6,571",saratov
Saratov,Саратов,City,Saratov,"873,055","837,900","901,361",saratov
Sennoj [Sennoy],Сенной,Urban Settlement,Vol'skij Rajon,"7,031","6,675","5,881",saratov
Šichany [Shikhany],Шиханы,City,Šichany,"6,738","6,067","5,155",saratov
Sokolovyj [Sokolovy],Соколовый,Urban Settlement,Saratov,"6,229","6,009","4,937",saratov
Sovetskoje [Sovetskoye],Советское,Urban Settlement,Sovetskij Rajon,"3,516","3,348","2,816",saratov
Stepnoje [Stepnoye],Степное,Urban Settlement,Sovetskij Rajon,"14,140","13,136","12,355",saratov
Storoževka [Storozhevka],Сторожевка,Village,Tatiščevskij Rajon,"3,380","3,419","3,276",saratov
Svobodnyj [Svobodny],Свободный,Urban Settlement,Bazarno-Karabulakskij Rajon,"2,292","2,160","1,820",saratov
Tatiščevo [Tatishchevo],Татищево,Urban Settlement,Tatiščevskij Rajon,"7,432","7,491","7,235",saratov
Turki,Турки,Urban Settlement,Turkovskij Rajon,"6,872","6,122","5,272",saratov
Vol'sk [Volsk],Вольск,City,Vol'skij Rajon,"71,124","66,508","55,035",saratov
Voskresenskoje [Voskresenskoye],Воскресенское,Village,Voskresenskij Rajon,"3,235","3,309","3,014",saratov
Alagir,Алагир,City,Alagirskij Rajon,"21,496","20,949","21,550",north ossetia-alania
Archonskaja [Arkhonskaya],Архонская,Stanitsa,Prigorodnyj Rajon,"7,851","8,149","8,258",north ossetia-alania
Ardon,Ардон,City,Ardonskij Rajon,"17,521","18,774","18,956",north ossetia-alania
Beslan,Беслан,City,Pravoberežnyj Rajon,"35,550","36,728","35,929",north ossetia-alania
Čermen [Chermen],Чермен,Village,Prigorodnyj Rajon,"8,401","8,508","8,156",north ossetia-alania
Chumalag [Khumalag],Хумалаг,Village,Pravoberežnyj Rajon,"3,838","3,728","3,807",north ossetia-alania
Čikola [Chikola],Чикола,Village,Irafskij Rajon,"7,017","7,017","7,366",north ossetia-alania
Dačnoje [Dachnoye],Дачное,Village,Prigorodnyj Rajon,"4,499","3,851","3,127",north ossetia-alania
Digora,Дигора,City,Digorskij Rajon,"11,819","10,856","9,922",north ossetia-alania
Èl'chotovo [Elkhotovo],Эльхотово,Village,Kirovskij Rajon,"12,208","12,626","12,723",north ossetia-alania
Gizel',Гизель,Village,Prigorodnyj Rajon,"7,129","7,814","8,234",north ossetia-alania
Ir,Ир,Village,Prigorodnyj Rajon,"3,512","3,428","3,981",north ossetia-alania
Kadgaron,Кадгарон,Village,Ardonskij Rajon,"2,979","3,093","3,437",north ossetia-alania
Kambilejevskoje [Kambileyevskoye],Камбилеевское,Village,Prigorodnyj Rajon,"7,634","7,485","6,320",north ossetia-alania
Kizljar [Kizlyar],Кизляр,Village,Mozdokskij Rajon,"8,395","10,813","10,923",north ossetia-alania
Lukovskaja [Lukovskaya],Луковская,Stanitsa,Mozdokskij Rajon,"5,206","5,222","6,398",north ossetia-alania
Majskoje [Mayskoye],Майское,Village,Prigorodnyj Rajon,"5,146","7,315","7,016",north ossetia-alania
Michajlovskoje [Mikhaylovskoye],Михайловское,Village,Prigorodnyj Rajon,"10,296","9,217","8,460",north ossetia-alania
Mozdok,Моздок,City,Mozdokskij Rajon,"42,865","38,768","36,784",north ossetia-alania
Nogir,Ногир,Village,Prigorodnyj Rajon,"11,269","11,480","12,011",north ossetia-alania
Novoje [Novoye],Новое,Village,Prigorodnyj Rajon,...,"3,258","3,040",north ossetia-alania
Oktjabr'skoje [Oktyabrskoye],Октябрьское,Village,Prigorodnyj Rajon,"10,575","10,436","10,149",north ossetia-alania
Ol'ginskoje [Olginskoye],Ольгинское,Village,Pravoberežnyj Rajon,"3,126","3,060","3,121",north ossetia-alania
Pavlodol'skaja [Pavlodolskaya],Павлодольская,Stanitsa,Mozdokskij Rajon,"5,731","5,456","5,252",north ossetia-alania
Sunža [Sunzha],Сунжа,Village,Prigorodnyj Rajon,"11,346","11,715","11,086",north ossetia-alania
Troickoje [Troitskoye],Троицкое,Village,Mozdokskij Rajon,"3,937","3,695","4,117",north ossetia-alania
Vladikavkaz,Владикавказ,City,Vladikavkaz,"315,608","311,693","295,830",north ossetia-alania
Zavodskoj [Zavodskoy],Заводской,Urban Settlement,Vladikavkaz,"14,574","16,792","15,508",north ossetia-alania
Zmejskaja [Zmeyskaya],Змейская,Stanitsa,Kirovskij Rajon,"6,419","6,888","6,999",north ossetia-alania
Chislaviči [Khislavichi],Хиславичи,Urban Settlement,Chislavičskij Rajon,"4,617","4,138","3,183",smolensk
Cholm-Žirkovskij [Kholm-Zhirkovsky],Холм-Жирковский,Urban Settlement,Cholm-Žirkovskij Rajon,"3,826","3,491","3,165",smolensk
Demidov,Демидов,City,Demidovskij Rajon,"8,786","7,333","6,326",smolensk
Desnogorsk,Десногорск,City,Desnogorsk,"32,070","29,677","25,345",smolensk
Dorogobuž [Dorogobuzh],Дорогобуж,City,Dorogobužskij Rajon,"12,250","10,720","9,528",smolensk
Duchovščina [Dukhovshchina],Духовщина,City,Duchovščinskij Rajon,"4,683","4,371","3,990",smolensk
Gagarin,Гагарин,City,Gagarinskij Rajon,"28,789","31,721","26,500",smolensk
Golynki,Голынки,Urban Settlement,Rudnjanskij Rajon,"3,884","3,573","2,879",smolensk
Gusino,Гусино,Hamlet,Krasninskij Rajon,55,"2,843","3,092",smolensk
Jarcevo [Yartsevo],Ярцево,City,Jarcevskij Rajon,"52,617","47,848","41,452",smolensk
Jel'nja [Yelnya],Ельня,City,Jel'ninskij Rajon,"10,798","10,095","8,332",smolensk
Kardymovo,Кардымово,Urban Settlement,Kardymovskij Rajon,"5,084","4,659","4,443",smolensk
Krasnyj [Krasny],Красный,Urban Settlement,Krasninskij Rajon,"4,714","4,349","3,621",smolensk
Monastyrščina [Monastyrshchina],Монастырщина,Urban Settlement,Monastyrščinskij Rajon,"4,622","4,065","3,223",smolensk
Novodugino,Новодугино,Village,Novoduginskij Rajon,"3,999","3,839","3,254",smolensk
Novosel'cy [Novoseltsy],Новосельцы,Hamlet,Smolenskij Rajon,...,...,"3,555",smolensk
Ozërnyj [Ozyorny],Озёрный,Urban Settlement,Duchovščinskij Rajon,"6,380","5,933","5,026",smolensk
Pečersk [Pechersk],Печерск,Village,Smolenskij Rajon,"3,750","3,884","5,754",smolensk
Počinok [Pochinok],Починок,City,Počinkovskij Rajon,"9,578","8,776","7,575",smolensk
Prževal'skoje [Przhevalskoye],Пржевальское,Urban Settlement,Demidovskij Rajon,"2,110","1,683","1,265",smolensk
Roslavl',Рославль,City,Roslavl'skij Rajon,"57,701","54,900","45,416",smolensk
Rudnja [Rudnya],Рудня,City,Rudnjanskij Rajon,"9,853","10,030","8,908",smolensk
Safonovo,Сафоново,City,Safonovskij Rajon,"48,209","46,116","38,403",smolensk
Smolensk,Смоленск,City,Smolensk,"325,137","326,861","316,570",smolensk
Šumjači [Shumyachi],Шумячи,Urban Settlement,Šumjačskij Rajon,"4,731","4,227","3,193",smolensk
Syčëvka [Sychyovka],Сычёвка,City,Syčëvskij Rajon,"8,683","8,111","7,544",smolensk
Ugra,Угра,Village,Ugranskij Rajon,"4,848","4,278","3,452",smolensk
Veliž [Velizh],Велиж,City,Veližskij Rajon,"8,343","7,620","6,293",smolensk
Verchnedneprovskij [Verkhnedneprovsky],Верхнеднепровский,Urban Settlement,Dorogobužskij Rajon,"14,278","12,969","10,831",smolensk
Vjaz'ma [Vyazma],Вязьма,City,Vjazemskij Rajon,"57,545","57,101","51,950",smolensk
Vjaz'ma-Brjanskaja [Vyazma-Bryanskaya],Вязьма-Брянская,Village,Vjazemskij Rajon,...,"4,594","3,791",smolensk
Ačikulak [Achikulak],Ачикулак,Village,Neftekumskij,"6,916","6,100","5,691",stavropol
Aleksandrija [Alexandriya],Александрия,Village,Blagodarnenskij,"4,148","3,558","3,350",stavropol
Aleksandrijskaja [Alexandryskaya],Александрийская,Stanitsa,Georgijevsk,"10,098","11,761","10,525",stavropol
Aleksandrovskoje [Alexandrovskoye],Александровское,Village,Aleksandrovskij Rajon,"27,512","27,471","25,479",stavropol
Andžijevskij [Andzhiyevsky],Анджиевский,Urban Settlement,Mineralovodskij,"6,636","6,680","6,117",stavropol
Archangel'skoje [Arkhangelskoye],Архангельское,Village,Budënnovskij Rajon,"5,125","4,891","5,038",stavropol
Arzgir,Арзгир,Village,Arzgirskij Rajon,"15,559","14,722","13,160",stavropol
Balachonovskoje [Balakhonovskoye],Балахоновское,Village,Kočubejevskij Rajon,"4,300","4,443","4,326",stavropol
Barsukovskaja [Barsukovskaya],Барсуковская,Stanitsa,Kočubejevskij Rajon,"5,431","4,712","4,549",stavropol
Bešpagir [Beshpagir],Бешпагир,Village,Gračëvskij Rajon,"4,109","3,925","4,099",stavropol
Bezopasnoje [Bezopasnoye],Безопасное,Village,Trunovskij Rajon,"7,049","6,598","6,627",stavropol
Blagodarnyj [Blagodarny],Благодарный,City,Blagodarnenskij,"34,500","32,725","30,827",stavropol
Blagodatnoje [Blagodatnoye],Благодатное,Village,Petrovskij,"5,138","5,132","4,313",stavropol
Bol'šaja Džalga [Bolshaya Dzhalga],Большая Джалга,Village,Ipatovskij,"3,809","3,153","3,156",stavropol
Borgustanskaja [Borgustanskaya],Боргустанская,Stanitsa,Predgornyj Rajon,"4,175","4,013","4,028",stavropol
Budënnovsk [Budyonnovsk],Будённовск,City,Budënnovskij Rajon,"65,687","64,624","58,103",stavropol
Burlackoje [Burlatskoye],Бурлацкое,Village,Blagodarnenskij,"3,573","3,274","3,110",stavropol
Černolesskoje [Chernolesskoye],Чернолесское,Village,Novoselickij Rajon,"5,291","5,557","5,600",stavropol
Divnoje [Divnoye],Дивное,Village,Apanasenkovskij Rajon,"15,423","14,085","13,104",stavropol
Donskoje [Donskoye],Донское,Village,Trunovskij Rajon,"15,196","14,927","14,338",stavropol
Èdissija [Edissiya],Эдиссия,Village,Kurskij Rajon,"5,673","5,801","5,773",stavropol
Georgijevsk [Georgiyevsk],Георгиевск,City,Georgijevsk,"70,575","72,153","63,221",stavropol
Georgijevskaja [Georgiyevskaya],Георгиевская,Stanitsa,Georgijevsk,"5,511","6,189","5,657",stavropol
Gofickoje [Gofitskoye],Гофицкое,Village,Petrovskij,"5,396","5,096","4,208",stavropol
Gorjačevodskij [Goryachevodsky],Горячеводский,Urban Settlement,Pjatigorsk,"34,456","36,967","36,032",stavropol
Gračëvka [Grachyovka],Грачёвка,Village,Gračëvskij Rajon,"6,238","6,657","6,435",stavropol
Grigoropolisskaja [Grigoropolisskaya],Григорополисская,Stanitsa,Novoaleksandrovskij,"9,146","8,988","9,026",stavropol
Gruševskoje [Grushevskoye],Грушевское,Village,Aleksandrovskij Rajon,"2,958","3,019","3,056",stavropol
Inozemcevo [Inozemtsevo],Иноземцево,Urban Settlement,Železnovodsk,"27,110","28,398","27,500",stavropol
Ipatovo,Ипатово,City,Ipatovskij,"28,594","26,053","26,122",stavropol
Irgakly,Иргаклы,Village,Stepnovskij Rajon,"3,926","3,965","3,873",stavropol
Ivanovskoje [Ivanovskoye],Ивановское,Village,Kočubejevskij Rajon,"6,879","7,518","8,354",stavropol
Izobil'nyj [Izobilny],Изобильный,City,Izobil'nenskij,"38,926","40,555","38,614",stavropol
Jasnaja Poljana [Yasnaya Polyana],Ясная Поляна,Rural Settlement,Predgornyj Rajon,"4,975","5,063","4,914",stavropol
Jessentuki [Yessentuki],Ессентуки,City,Jessentuki,"81,758","100,996","119,658",stavropol
Jessentukskaja [Yessentukskaya],Ессентукская,Stanitsa,Predgornyj Rajon,"19,604","20,166","24,710",stavropol
Juca [Yutsa],Юца,Village,Predgornyj Rajon,"8,548","9,427","9,736",stavropol
Kajasula [Kayasula],Каясула,Village,Neftekumskij,"4,894","5,004","4,602",stavropol
Kalinovskoje [Kalinovskoye],Калиновское,Village,Aleksandrovskij Rajon,"3,881","3,955","3,437",stavropol
Kangly,Канглы,Village,Mineralovodskij,"3,432","3,235","3,470",stavropol
Kaz'minskoje [Kazminskoye],Казьминское,Village,Kočubejevskij Rajon,"5,971","5,676","5,430",stavropol
Kislovodsk,Кисловодск,City,Kislovodsk,"129,788","128,553","127,521",stavropol
Kitajevskoje [Kitayevskoye],Китаевское,Village,Novoselickij Rajon,"2,747","2,782","3,026",stavropol
Kočubejevskoje [Kochubeyevskoye],Кочубеевское,Village,Kočubejevskij Rajon,"27,988","26,835","26,645",stavropol
Komsomolec [Komsomolets],Комсомолец,Rural Settlement,Kirovskij,"3,088","3,131","3,076",stavropol
Konstantinovskaja [Konstantinovskaya],Константиновская,Stanitsa,Pjatigorsk,"7,011","8,623","9,412",stavropol
Konstantinovskoje [Konstantinovskoye],Константиновское,Village,Petrovskij,"5,713","5,071","4,742",stavropol
Krasnogvardejskoje [Krasnogvardeyskoye],Красногвардейское,Village,Krasnogvardejskij Rajon,"15,884","15,992","14,200",stavropol
Krasnokumskoje [Krasnokumskoye],Краснокумское,Village,Georgijevsk,"13,389","17,137","16,702",stavropol
Krasnyj Pachar' [Krasny Pakhar],Красный Пахарь,Khutor,Mineralovodskij,"2,679","3,081","4,182",stavropol
Kugul'ta [Kugulta],Кугульта,Village,Gračëvskij Rajon,"5,466","5,574","6,165",stavropol
Kursavka,Курсавка,Village,Andropovskij Rajon,"10,848","11,830","11,517",stavropol
Kurskaja [Kurskaya],Курская,Stanitsa,Kurskij Rajon,"11,824","12,045","11,692",stavropol
Ladovskaja Balka [Ladovskaya Balka],Ладовская Балка,Village,Krasnogvardejskij Rajon,"5,027","4,740","4,365",stavropol
Lermontov,Лермонтов,City,Lermontov,"22,964","22,541","22,444",stavropol
Letnjaja Stavka [Letnyaya Stavka],Летняя Ставка,Village,Turkmenskij Rajon,"4,881","4,437","3,855",stavropol
Levokumka,Левокумка,Village,Mineralovodskij,"5,551","6,715","6,507",stavropol
Levokumskoje [Levokumskoye],Левокумское,Village,Levokumskij Rajon,"11,176","10,302","8,859",stavropol
Lysogorskaja [Lysogorskaya],Лысогорская,Stanitsa,Georgijevsk,"10,039","11,174","11,220",stavropol
Machmud-Mekteb [Makhmud-Mekteb],Махмуд-Мектеб,Aul,Neftekumskij,"2,878","3,148","3,172",stavropol
Mar'inskaja [Maryinskaya],Марьинская,Stanitsa,Kirovskij,"8,905","9,080","9,613",stavropol
Michajlovsk [Mikhaylovsk],Михайловск,City,Špakovskij Rajon,"58,153","70,981","114,133",stavropol
Mineral'nyje Vody [Mineralnye Vody],Минеральные Воды,City,Mineralovodskij,"75,644","76,728","70,485",stavropol
Moskovskoje [Moskovskoye],Московское,Village,Izobil'nenskij,"5,385","5,623","6,985",stavropol
Nadežda [Nadezhda],Надежда,Village,Špakovskij Rajon,"8,277","10,609","12,006",stavropol
Neftekumsk,Нефтекумск,City,Neftekumskij,"27,395","27,687","23,137",stavropol
Nevinnomyssk,Невинномысск,City,Nevinnomyssk,"132,141","118,360","117,562",stavropol
Nežinskij [Nezhinsky],Нежинский,Rural Settlement,Predgornyj Rajon,"3,921","3,664","3,569",stavropol
Nezlobnaja [Nezlobnaya],Незлобная,Stanitsa,Georgijevsk,"18,087","19,746","19,068",stavropol
Niny,Нины,Village,Sovetskij,"4,808","4,121","3,848",stavropol
Novoaleksandrovsk [Novoalexandrovsk],Новоалександровск,City,Novoaleksandrovskij,"27,315","26,757","26,767",stavropol
Novoblagodarnoje [Novoblagodarnoye],Новоблагодарное,Village,Predgornyj Rajon,"3,090","3,263","3,346",stavropol
Novopavlovsk,Новопавловск,City,Kirovskij,"23,235","26,562","20,781",stavropol
Novoselickoje [Novoselitskoye],Новоселицкое,Village,Novoselickij Rajon,"8,569","8,729","7,416",stavropol
Novotroickaja [Novotroitskaya],Новотроицкая,Stanitsa,Izobil'nenskij,"7,770","7,819","8,176",stavropol
Novozavedennoje [Novozavedennoye],Новозаведенное,Village,Georgijevsk,"5,242","5,147","5,089",stavropol
Novyj [Novy],Новый,Rural Settlement,Georgijevsk,"2,627","2,989","3,320",stavropol
Obil'noje [Obilnoye],Обильное,Village,Georgijevsk,"6,620","6,575","6,087",stavropol
Oktjabr'skoje [Oktyabrskoye],Октябрьское,Village,Ipatovskij,"3,471","3,511","3,003",stavropol
Orlovka,Орловка,Village,Budënnovskij Rajon,"3,179","3,339","3,308",stavropol
Pelagiada,Пелагиада,Village,Špakovskij Rajon,"6,750","6,814","7,110",stavropol
Pervomajskij [Pervomaysky],Первомайский,Rural Settlement,Mineralovodskij,"3,298","4,005","4,588",stavropol
Pjatigorsk [Pyatigorsk],Пятигорск,City,Pjatigorsk,"140,559","142,511","146,473",stavropol
Pjatigorskij [Pyatigorsky],Пятигорский,Rural Settlement,Predgornyj Rajon,"4,909","4,916","5,072",stavropol
Podgornaja [Podgornaya],Подгорная,Stanitsa,Georgijevsk,"5,242","5,859","5,324",stavropol
Podkumok,Подкумок,Rural Settlement,Predgornyj Rajon,"3,637","3,473","3,468",stavropol
Pokojnoje [Pokoynoye],Покойное,Village,Budënnovskij Rajon,"9,013","8,962","8,584",stavropol
Praskoveja [Praskoveya],Прасковея,Village,Budënnovskij Rajon,"11,218","10,902","10,695",stavropol
Pravokumskoje [Pravokumskoye],Правокумское,Village,Levokumskij Rajon,"5,027","4,433","3,650",stavropol
Pregradnoje [Pregradnoye],Преградное,Village,Krasnogvardejskij Rajon,"3,606","3,316","3,001",stavropol
Privol'noje [Privolnoye],Привольное,Village,Krasnogvardejskij Rajon,"3,491","3,350","3,319",stavropol
Ptičje [Ptichye],Птичье,Village,Izobil'nenskij,"4,597","5,076","4,663",stavropol
Rasševatskaja [Rasshevatskaya],Расшеватская,Stanitsa,Novoaleksandrovskij,"5,586","5,326","5,528",stavropol
Roždestvenskaja [Rozhdestvenskaya],Рождественская,Stanitsa,Izobil'nenskij,"2,820","2,816","3,413",stavropol
Russkoje [Russkoye],Русское,Village,Kurskij Rajon,"4,427","4,681","4,820",stavropol
Ryzdvjanyj [Ryzdvyany],Рыздвяный,Urban Settlement,Izobil'nenskij,"7,468","7,710","7,719",stavropol
Šaumjanskij [Shaumyansky],Шаумянский,Rural Settlement,Georgijevsk,"2,920","3,119","3,091",stavropol
Severnoje [Severnoye],Северное,Village,Aleksandrovskij Rajon,"3,543","3,445","3,263",stavropol
Soldato-Aleksandrovskoje [Soldato-Alexandrovskoye],Солдато-Александровское,Village,Sovetskij,"10,864","9,516","8,721",stavropol
Solnečnodol'sk [Solnechnodolsk],Солнечнодольск,Urban Settlement,Izobil'nenskij,"12,929","12,137","13,234",stavropol
Soluno-Dmitrijevskoje [Soluno-Dmitriyevskoye],Солуно-Дмитриевское,Village,Andropovskij Rajon,"3,212","3,147","3,114",stavropol
Sotnikovskoje [Sotnikovskoye],Сотниковское,Village,Blagodarnenskij,"5,026","4,481","3,940",stavropol
Sovetskaja [Sovetskaya],Советская,Stanitsa,Kirovskij,"7,747","7,970","9,160",stavropol
Spicevka [Spitsevka],Спицевка,Village,Gračëvskij Rajon,"3,314","3,478","3,529",stavropol
Starodubskoje [Starodubskoye],Стародубское,Village,Budënnovskij Rajon,"4,032","4,370","4,340",stavropol
Staromarjevka [Staromaryevka],Старомарьевка,Village,Gračëvskij Rajon,"5,765","6,044","6,889",stavropol
Stavropol',Ставрополь,City,Stavropol',"354,867","398,539","547,443",stavropol
Stepnoje [Stepnoye],Степное,Village,Stepnovskij Rajon,"5,951","5,611","5,649",stavropol
Suchaja Bujvola [Sukhaya Buyvola],Сухая Буйвола,Village,Petrovskij,"3,463","3,432","3,124",stavropol
Suvorovskaja [Suvorovskaya],Суворовская,Stanitsa,Predgornyj Rajon,"16,956","17,585","19,378",stavropol
Svetlograd,Светлоград,City,Petrovskij,"39,370","38,520","35,703",stavropol
Svobody,Свободы,Urban Settlement,Pjatigorsk,"17,349","18,042","18,582",stavropol
Tatarka,Татарка,Village,Špakovskij Rajon,"5,955","6,278","6,514",stavropol
Temižbekskij [Temizhbeksky],Темижбекский,Rural Settlement,Novoaleksandrovskij,"3,744","3,866","3,586",stavropol
Tiščenskoje [Tishchenskoye],Тищенское,Village,Izobil'nenskij,"3,376","3,325","3,343",stavropol
Trunovskoje [Trunovskoye],Труновское,Village,Trunovskij Rajon,"6,345","6,121","6,227",stavropol
Urožajnoje [Urozhaynoye],Урожайное,Village,Levokumskij Rajon,"4,141","4,161","3,965",stavropol
Veličajevskoje [Velichayevskoye],Величаевское,Village,Levokumskij Rajon,"5,740","5,204","4,666",stavropol
Verchnerusskoje [Verkhnerusskoye],Верхнерусское,Village,Špakovskij Rajon,"4,301","5,206","5,683",stavropol
Vinsady,Винсады,Village,Predgornyj Rajon,"8,791","8,882","9,785",stavropol
Zaterečnyj [Zaterechny],Затеречный,Urban Settlement,Neftekumskij,"7,697","7,696","6,462",stavropol
Zavetnoje [Zavetnoye],Заветное,Village,Kočubejevskij Rajon,"3,863","3,998","3,751",stavropol
Zelenokumsk,Зеленокумск,City,Sovetskij,"40,340","35,839","33,187",stavropol
Železnovodsk [Zheleznovodsk],Железноводск,City,Železnovodsk,"25,135","24,433","22,863",stavropol
Zol'skaja [Zolskaya],Зольская,Stanitsa,Kirovskij,"8,709","9,330","9,227",stavropol
Ačit [Achit],Ачит,Urban Settlement,Ačitskij,"5,120","4,948","4,642",sverdlovsk
Alapajevsk [Alapayevsk],Алапаевск,City,Alapajevsk,"44,263","38,192","36,189",sverdlovsk
Aramil',Арамиль,City,Aramil'skij,"15,076","14,224","19,013",sverdlovsk
Artëmovskij [Artyomovsky],Артёмовский,City,Artëmovskij,"34,980","33,160","28,943",sverdlovsk
Arti,Арти,Urban Settlement,Artinskij,"13,790","12,881","11,657",sverdlovsk
Asbest,Асбест,City,Asbestovskij,"76,328","68,893","57,317",sverdlovsk
Atig,Атиг,Urban Settlement,Nižneserginskij Rajon,"3,906","3,405","2,954",sverdlovsk
Bajkalovo [Baykalovo],Байкалово,Village,Bajkalovskij Rajon,"6,144","5,789","5,912",sverdlovsk
Baltym,Балтым,Village,Verchnjaja Pyšma,"2,570","2,837","3,393",sverdlovsk
Barančinskij [Baranchinsky],Баранчинский,Rural Settlement,Kušvinskij,"11,153","9,461","8,701",sverdlovsk
Belojarskij [Beloyarsky],Белоярский,Urban Settlement,Belojarskij,"12,645","12,615","13,293",sverdlovsk
Berëzovskij [Beryozovsky],Берёзовский,City,Berëzovskij,"46,744","51,651","59,698",sverdlovsk
Bilimbaj [Bilimbay],Билимбай,Rural Settlement,Pervoural'sk,"5,973","6,044","4,520",sverdlovsk
Bisert',Бисерть,Urban Settlement,Bisertskij,"11,262","10,233","9,365",sverdlovsk
Bobrovskij [Bobrovsky],Бобровский,Rural Settlement,Sysertskij,"5,285","5,247","5,945",sverdlovsk
Bogdanovič [Bogdanovich],Богданович,City,Bogdanovič,"32,856","30,670","30,142",sverdlovsk
Bol'šoj Istok [Bolshoy Istok],Большой Исток,Rural Settlement,Sysertskij,"6,729","7,281","9,881",sverdlovsk
Bulanaš [Bulanash],Буланаш,Rural Settlement,Artëmovskij,"13,274","12,504","11,989",sverdlovsk
Cementnyj [Tsementny],Цементный,Rural Settlement,Nev'janskij,"6,072","5,808","5,022",sverdlovsk
Čerëmuchovo [Cheryomukhovo],Черёмухово,Rural Settlement,Severoural'skij,"7,391","5,988","4,465",sverdlovsk
Černoistočinsk [Chernoistochinsk],Черноисточинск,Rural Settlement,Gornoural'skij,"3,707","3,814","3,497",sverdlovsk
Degtjarsk [Degtyarsk],Дегтярск,City,Degtjarsk,"15,869","15,522","15,497",sverdlovsk
Družinino [Druzhinino],Дружинино,Urban Settlement,Nižneserginskij Rajon,"2,945","3,793","3,100",sverdlovsk
Dvurečensk [Dvurechensk],Двуреченск,Rural Settlement,Sysertskij,"5,206","4,935","4,457",sverdlovsk
Gari,Гари,Urban Settlement,Garinskij,"3,186","2,472","1,989",sverdlovsk
Gornoural'skij [Gornouralsky],Горноуральский,Urban Settlement,Gornoural'skij,"4,268","3,972","2,911",sverdlovsk
Gornyj Ščit [Gorny Shchit],Горный Щит,Village,Jekaterinburg,"4,726","6,299","5,726",sverdlovsk
Irbit,Ирбит,City,Irbit,"43,318","38,357","37,009",sverdlovsk
Is,Ис,Rural Settlement,Nižneturinskij,"4,808","4,229","3,222",sverdlovsk
Iset',Исеть,Rural Settlement,Verchnjaja Pyšma,"3,244","3,215","3,087",sverdlovsk
Istok,Исток,Rural Settlement,Jekaterinburg,"5,765","5,962","6,358",sverdlovsk
Ivdel',Ивдель,City,Ivdel'skij,"19,324","17,775","14,306",sverdlovsk
Jekaterinburg [Yekaterinburg],Екатеринбург,City,Jekaterinburg,"1,293,537","1,349,772","1,544,376",sverdlovsk
Jelanskij [Yelansky],Еланский,Rural Settlement,Kamyšlovskij Rajon,"8,797","10,038","6,851",sverdlovsk
Jušala [Yushala],Юшала,Rural Settlement,Tugulymskij,"4,239","3,827","3,043",sverdlovsk
Kačkanar [Kachkanar],Качканар,City,Kačkanarskij,"44,664","41,426","37,307",sverdlovsk
Kal'ja [Kalya],Калья,Rural Settlement,Severoural'skij,"6,787","5,604","4,451",sverdlovsk
Kamensk-Ural'skij [Kamensk-Uralsky],Каменск-Уральский,City,Kamensk-Ural'skij,"186,153","174,689","164,192",sverdlovsk
Kamyšlov [Kamyshlov],Камышлов,City,Kamyšlov,"28,914","26,870","27,117",sverdlovsk
Karpinsk,Карпинск,City,Karpinsk,"31,216","29,113","25,879",sverdlovsk
Kirovgrad,Кировград,City,Kirovgradskij,"23,197","21,035","18,698",sverdlovsk
Kosulino,Косулино,Village,Belojarskij,"2,191","2,644","3,136",sverdlovsk
Krasnogvardejskij [Krasnogvardeysky],Красногвардейский,Rural Settlement,Artëmovskij,"4,825","4,369","3,754",sverdlovsk
Krasnotur'insk [Krasnoturyinsk],Краснотурьинск,City,Krasnotur'insk,"64,878","59,633","55,875",sverdlovsk
Krasnoufimsk,Красноуфимск,City,Krasnoufimsk,"43,595","39,765","37,301",sverdlovsk
Krasnoural'sk [Krasnouralsk],Красноуральск,City,Krasnoural'sk,"28,961","24,980","21,507",sverdlovsk
Kur'i [Kuryi],Курьи,Village,Suchoj Log,"4,247","4,810","4,622",sverdlovsk
Kušva [Kushva],Кушва,City,Kušvinskij,"35,555","30,167","27,306",sverdlovsk
Lesnoj [Lesnoy],Лесной,City,Lesnoj,"53,195","50,363","48,261",sverdlovsk
Lobva,Лобва,Rural Settlement,Novoljalinskij,"8,543","8,372","7,153",sverdlovsk
Machnëvo [Makhnyovo],Махнёво,Urban Settlement,Machnëvskoje,"3,750","3,399","2,732",sverdlovsk
Malyševa [Malysheva],Малышева,Urban Settlement,Malyševskij,"10,121","9,544","8,490",sverdlovsk
Martjuš [Martyush],Мартюш,Urban Settlement,Kamenskij,"4,179","3,994","3,902",sverdlovsk
Michajlovsk [Mikhaylovsk],Михайловск,City,Nižneserginskij Rajon,"10,538","9,852","9,756",sverdlovsk
Mičurinskij [Michurinsky],Мичуринский,Rural Settlement,Jekaterinburg,247,164,"8,394",sverdlovsk
Monetnyj [Monetny],Монетный,Rural Settlement,Berëzovskij,"5,632","5,633","5,616",sverdlovsk
Natal'insk [Natalyinsk],Натальинск,Urban Settlement,Krasnoufimskij,"2,094","1,914","1,494",sverdlovsk
Nev'jansk [Nevyansk],Невьянск,City,Nev'janskij,"26,644","24,567","22,061",sverdlovsk
Nikolo-Pavlovskoje [Nikolo-Pavlovskoye],Николо-Павловское,Village,Gornoural'skij,"4,800","5,042","4,560",sverdlovsk
Nižnije Sergi [Nizhniye Sergi],Нижние Серги,City,Nižneserginskij Rajon,"12,567","10,336","8,009",sverdlovsk
Nižnij Tagil [Nizhny Tagil],Нижний Тагил,City,Nižnij Tagil,"390,498","361,811","338,966",sverdlovsk
Nižnjaja Salda [Nizhnyaya Salda],Нижняя Салда,City,Nižnjaja Salda,"18,067","17,619","16,505",sverdlovsk
Nižnjaja Tura [Nizhnyaya Tura],Нижняя Тура,City,Nižneturinskij,"24,247","22,006","18,392",sverdlovsk
Novaja Ljalja [Novaya Lyalya],Новая Ляля,City,Novoljalinskij,"14,584","12,734","10,684",sverdlovsk
Novoural'sk [Novouralsk],Новоуральск,City,Novoural'skij,"95,414","85,522","78,479",sverdlovsk
Novoutkinsk,Новоуткинск,Rural Settlement,Pervoural'sk,"5,599","5,360","4,382",sverdlovsk
Patruši [Patrushi],Патруши,Village,Sysertskij,"2,857","3,274","4,129",sverdlovsk
Pelym,Пелым,Urban Settlement,Pelym,"3,708","3,376","2,866",sverdlovsk
Pervoural'sk [Pervouralsk],Первоуральск,City,Pervoural'sk,"132,277","124,528","114,450",sverdlovsk
Petrokamenskoje [Petrokamenskoye],Петрокаменское,Village,Gornoural'skij,"3,749","3,401","3,094",sverdlovsk
Pionerskij [Pionersky],Пионерский,Urban Settlement,Irbitskoe,"3,186","3,104","3,150",sverdlovsk
Polevskoj [Polevskoy],Полевской,City,Polevskoj,"66,761","64,220","55,182",sverdlovsk
Privokzal'nyj [Privokzalny],Привокзальный,Rural Settlement,Verchoturskij,"6,218","4,035","4,323",sverdlovsk
Pyšma [Pyshma],Пышма,Urban Settlement,Pyšminskij,"10,262","9,806","9,224",sverdlovsk
Reftinskij [Reftinsky],Рефтинский,Urban Settlement,Reftinskij,"17,968","16,496","15,164",sverdlovsk
Revda,Ревда,City,Revda,"62,667","61,875","60,200",sverdlovsk
Rež [Rezh],Реж,City,Reževskij,"39,881","38,215","36,585",sverdlovsk
Šabrovskij [Shabrovsky],Шабровский,Rural Settlement,Jekaterinburg,"3,933","4,526","4,251",sverdlovsk
Sadovyj [Sadovy],Садовый,Rural Settlement,Jekaterinburg,"3,017","3,242","3,361",sverdlovsk
Šalja [Shalya],Шаля,Urban Settlement,Šalinskij,"6,801","6,433","5,960",sverdlovsk
Serov,Серов,City,Serovskij,"99,804","99,373","94,211",sverdlovsk
Severoural'sk [Severouralsk],Североуральск,City,Severoural'skij,"34,673","29,263","24,428",sverdlovsk
Sos'va [Sosva],Сосьва,Urban Settlement,Sos'vinskij,"10,341","9,634","7,063",sverdlovsk
Sovchoznyj [Sovkhozny],Совхозный,Rural Settlement,Jekaterinburg,"3,605","3,939","7,101",sverdlovsk
Sredneural'sk [Sredneuralsk],Среднеуральск,City,Sredneural'sk,"19,555","20,449","23,344",sverdlovsk
Staroutkinsk,Староуткинск,Urban Settlement,Staroutkinsk,"3,241","2,969","2,591",sverdlovsk
Suchoj Log [Sukhoy Log],Сухой лог,City,Suchoj Log,"36,407","34,554","32,748",sverdlovsk
Svobodnyj [Svobodny],Свободный,Urban Settlement,Svobodnyj,"9,667","8,198","7,942",sverdlovsk
Sysert',Сысерть,City,Sysertskij,"22,152","20,465","20,634",sverdlovsk
Talica [Talitsa],Талица,City,Talickij,"18,860","16,225","14,808",sverdlovsk
Tavda,Тавда,City,Tavdinskij,"40,686","35,421","32,749",sverdlovsk
Troickij [Troitsky],Троицкий,Rural Settlement,Talickij,"11,266","10,467","10,045",sverdlovsk
Tugulym,Тугулым,Urban Settlement,Tugulymskij,"6,241","6,001","5,423",sverdlovsk
Turinsk,Туринск,City,Turinskij,"19,313","17,925","16,561",sverdlovsk
Turinskaja Sloboda [Turinskaya Sloboda],Туринская Слобода,Village,Slobodo-Turinskij Rajon,"6,123","5,955","4,973",sverdlovsk
Ural'skij [Uralsky],Уральский,Urban Settlement,Ural'skij,"2,311","2,444","2,150",sverdlovsk
Verchneje Dubrovo [Verkhneye Dubrovo],Верхнее Дуброво,Urban Settlement,Verchneje Dubrovo,"4,673","4,791","4,663",sverdlovsk
Verch-Nejvinskij [Verkh-Neyvinsky],Верх-Нейвинский,Urban Settlement,Verch-Nejvinskij,"5,242","5,098","4,354",sverdlovsk
Verchnije Sergi [Verkhniye Sergi],Верхние Серги,Urban Settlement,Nižneserginskij Rajon,"6,629","6,105","5,492",sverdlovsk
Verchnij Tagil [Verkhny Tagil],Верхний Тагил,City,Verchnij Tagil,"12,571","11,843","10,113",sverdlovsk
Verchnjaja Pyšma [Verkhnyaya Pyshma],Верхняя Пышма,City,Verchnjaja Pyšma,"58,016","59,749","71,335",sverdlovsk
Verchnjaja Salda [Verkhnyaya Salda],Верхняя Салда,City,Verchnesaldinskij,"51,195","46,221","41,034",sverdlovsk
Verchnjaja Sinjačicha [Verkhnyaya Sinyachikha],Верхняя Синячиха,Urban Settlement,Alapaevskoje,"11,147","9,999","9,362",sverdlovsk
Verchnjaja Tura [Verkhnyaya Tura],Верхняя Тура,City,Verchnjaja Tura,"11,097","9,461","8,554",sverdlovsk
Verchoturje [Verkhoturye],Верхотурье,City,Verchoturskij,"7,815","8,820","6,706",sverdlovsk
Volčansk [Volchansk],Волчанск,City,Volčanskij,"11,043","10,010","8,573",sverdlovsk
Vostočnyj [Vostochny],Восточный,Rural Settlement,Sos'vinskij,"5,729","4,673","4,316",sverdlovsk
Zajkovo [Zaykovo],Зайково,Rural Settlement,Irbitskoe,"4,810","4,344","3,826",sverdlovsk
Zarečnyj [Zarechny],Заречный,City,Zarečnyj,"27,914","26,820","28,112",sverdlovsk
Bokino,Бокино,Village,Tambov,"4,137","4,473","6,790",tambov
Dmitrijevka [Dmitriyevka],Дмитриевка,Urban Settlement,Nikiforovskij Rajon,"9,287","8,421","6,888",tambov
Donskoje [Donskoye],Донское,Village,Tambovskij Rajon,"4,435","4,308","4,676",tambov
Goreloje [Goreloye],Горелое,Village,Tambovskij Rajon,"4,052","4,154","3,980",tambov
Inžavino [Inzhavino],Инжавино,Urban Settlement,Inžavinskij Rajon,"10,588","9,592","7,738",tambov
Kirsanov,Кирсанов,City,Kirsanov,"18,506","17,224","16,164",tambov
Kotovsk,Котовск,City,Kotovsk,"34,054","31,850","26,694",tambov
Krasnen'kaja [Krasnenkaya],Красненькая,Hamlet,Tambovskij Rajon,"4,625","4,908","6,633",tambov
Mičurinsk [Michurinsk],Мичуринск,City,Mičurinsk,"96,093","98,758","90,451",tambov
Mordovo,Мордово,Urban Settlement,Mordovskij Rajon,"7,327","6,520","5,456",tambov
Moršansk [Morshansk],Моршанск,City,Moršansk,"44,486","41,556","39,023",tambov
Mučkapskij [Muchkapsky],Мучкапский,Urban Settlement,Mučkapskij Rajon,"8,050","7,080","5,949",tambov
Novaja Ljada [Novaya Lyada],Новая Ляда,Urban Settlement,Tambovskij Rajon,"4,997","5,207","5,548",tambov
Novopokrovka,Новопокровка,Urban Settlement,Mordovskij Rajon,"2,232","2,047","1,560",tambov
Pervomajskij [Pervomaysky],Первомайский,Urban Settlement,Pervomajskij Rajon,"13,748","12,654","10,674",tambov
Petrovskoje [Petrovskoye],Петровское,Village,Petrovskij Rajon,"5,993","5,710","5,271",tambov
Platonovka,Платоновка,Village,Rasskazovskij Rajon,"3,875","3,475","3,947",tambov
Pokrovo-Prigorodnoje [Pokrovo-Prigorodnoye],Покрово-Пригородное,Village,Tambov,"5,163","5,454","4,806",tambov
Rasskazovo,Рассказово,City,Rasskazovo,"46,516","45,484","47,644",tambov
Ržaksa [Rzhaksa],Ржакса,Urban Settlement,Ržaksinskij Rajon,"5,864","5,196","4,480",tambov
Satinka,Сатинка,Rural Settlement,Sampurskij Rajon,"3,708","3,567","3,301",tambov
Sosnovka,Сосновка,Urban Settlement,Sosnovskij Rajon,"10,791","9,189","7,517",tambov
Sovchoza «Komsomolec» [Sovkhoza »Komsomolets«],Совхоза «Комсомолец»,Rural Settlement,Tambovskij Rajon,"3,789","3,923","3,714",tambov
Sovchoza «Seleznëvskij» [Sovkhoza »Seleznyovsky«],Совхоза «Селезнёвский»,Rural Settlement,Tambovskij Rajon,"4,741","4,503","4,380",tambov
Starojurjevo [Staroyuryevo],Староюрьево,Village,Starojurjevskij Rajon,"6,886","6,144","5,356",tambov
Stroitel',Строитель,Rural Settlement,Tambov,"17,695","18,437","19,647",tambov
Tambov,Тамбов,City,Tambov,"293,658","280,161","261,803",tambov
Tokarëvka [Tokaryovka],Токарёвка,Urban Settlement,Tokarëvskij Rajon,"7,441","6,929","6,420",tambov
Umët [Umyot],Умёт,Urban Settlement,Umëtskij Rajon,"5,000","4,740","4,243",tambov
Ust'inskij [Ustyinsky],Устьинский,Rural Settlement,Moršanskij Rajon,"3,005","3,183","3,087",tambov
Ustje [Ustye],Устье,Village,Moršanskij Rajon,"3,718","3,782","3,567",tambov
Uvarovo,Уварово,City,Uvarovo,"29,690","26,830","23,584",tambov
Zavoronežskoje [Zavoronezhskoye],Заворонежское,Village,Mičurinskij Rajon,"5,815","6,039","6,235",tambov
Žerdevka [Zherdevka],Жердевка,City,Žerdevskij Rajon,"16,557","15,209","13,883",tambov
Znamenka,Знаменка,Urban Settlement,Znamenskij Rajon,"9,210","6,167","5,525",tambov
Agryz,Агрыз,City,Agryzskij Rajon,"18,620","19,300","19,991",tatarstan
Ajša [Aysha],Айша,Village,Zelenodol'skij Rajon,"3,080","2,939","3,204",tatarstan
Aksubajevo [Aksubayevo],Аксубаево,Urban Settlement,Aksubajevskij Rajon,"9,519","10,008","9,242",tatarstan
Aktanyš [Aktanysh],Актаныш,Village,Aktanyšskij Rajon,"8,148","8,923","9,905",tatarstan
Aktjubinskij [Aktyubinsky],Актюбинский,Urban Settlement,Aznakajevskij Rajon,"9,945","9,237","8,022",tatarstan
Aleksejevskoje [Alexeyevskoye],Алексеевское,Urban Settlement,Aleksejevskij Rajon,"9,720","11,224","11,613",tatarstan
Al'metjevsk [Almetyevsk],Альметьевск,City,Al'metjevskij Rajon,"140,437","146,393","163,512",tatarstan
Apastovo,Апастово,Urban Settlement,Apastovskij Rajon,"4,566","5,145","5,119",tatarstan
Arsk,Арск,City,Arskij Rajon,"17,211","18,114","20,421",tatarstan
Aznakajevo [Aznakayevo],Азнакаево,City,Aznakajevskij Rajon,"35,412","34,853","34,750",tatarstan
Baltasi,Балтаси,Urban Settlement,Baltasinskij Rajon,"6,996","7,711","8,180",tatarstan
Bavly,Бавлы,City,Bavlinskij Rajon,"22,939","22,109","21,628",tatarstan
Bazarnyje Mataki [Bazarnye Mataki],Базарные Матаки,Village,Al'kejevskij Rajon,"5,329","5,899","6,257",tatarstan
Bet'ki [Betki],Бетьки,Village,Tukajevskij Rajon,"3,749","3,322","3,182",tatarstan
Bogatyje Saby [Bogatye Saby],Богатые Сабы,Urban Settlement,Sabinskij Rajon,"7,196","7,671","8,828",tatarstan
Bolgar,Болгар,City,Spasskij Rajon,"8,655","8,650","8,285",tatarstan
Bol'šaja Atnja [Bolshaya Atnya],Большая Атня,Village,Atninskij Rajon,"3,651","3,536","3,325",tatarstan
Bol'šaja Šil'na [Bolshaya Shilna],Большая Шильна,Village,Tukajevskij Rajon,274,588,"3,427",tatarstan
Bol'šoje Afanasovo [Bolshoye Afanasovo],Большое Афанасово,Village,Nižnekamskij Rajon,"2,780","3,168","3,351",tatarstan
Bugul'ma [Bugulma],Бугульма,City,Bugul'minskij Rajon,"93,014","89,204","81,677",tatarstan
Buinsk,Буинск,City,Buinskij Rajon,"19,736","20,352","19,968",tatarstan
Čeremšan [Cheremshan],Черемшан,Village,Čeremšanskij Rajon,"5,635","5,927","6,439",tatarstan
Čistopol' [Chistopol],Чистополь,City,Čistopol'skij Rajon,"63,029","60,755","58,815",tatarstan
Džalil' [Dzhalil],Джалиль,Urban Settlement,Sarmanovskij Rajon,"14,769","13,937","13,560",tatarstan
Gabiševo [Gabishevo],Габишево,Village,Laiševskij Rajon,"2,488","2,527","4,249",tatarstan
Innopolis,Иннополис,Urban Settlement,Verchneuslonskij Rajon,...,...,"3,955",tatarstan
Jelabuga [Yelabuga],Елабуга,City,Jelabužskij Rajon,"68,663","70,728","73,630",tatarstan
Kamskije Poljany [Kamskiye Polyany],Камские Поляны,Urban Settlement,Nižnekamskij Rajon,"15,049","15,795","13,910",tatarstan
Kamskoje Ustje [Kamskoye Ustye],Камское Устье,Urban Settlement,Kamsko-Ust'inskij Rajon,"4,451","4,482","4,391",tatarstan
Karabaš [Karabash],Карабаш,Urban Settlement,Bugul'minskij Rajon,"5,139","5,005","4,704",tatarstan
Kazan',Казань,City,Kazan',"1,105,289","1,143,535","1,308,660",tatarstan
Krugloje Pole [Krugloye Pole],Круглое Поле,Rural Settlement,Tukajevskij Rajon,...,"3,098","3,836",tatarstan
Kujbyševskij Zaton [Kuybyshevsky Zaton],Куйбышевский Затон,Urban Settlement,Kamsko-Ust'inskij Rajon,"2,914","2,677","2,457",tatarstan
Kujuki [Kuyuki],Куюки,Hamlet,Pestrečinskij Rajon,168,368,"15,977",tatarstan
Kukmor,Кукмор,City,Kukmorskij Rajon,"16,764","16,918","17,886",tatarstan
Laiševo [Laishevo],Лаишево,City,Laiševskij Rajon,"7,730","7,735","9,076",tatarstan
Leninogorsk,Лениногорск,City,Leninogorskij Rajon,"65,592","64,127","60,993",tatarstan
Mamadyš [Mamadysh],Мамадыш,City,Mamadyšskij Rajon,"13,509","14,435","15,726",tatarstan
Mendelejevsk [Mendeleyevsk],Менделеевск,City,Mendelejevskij Rajon,"22,027","22,075","22,875",tatarstan
Menzelinsk,Мензелинск,City,Menzelinskij Rajon,"16,730","16,476","16,008",tatarstan
Musljumovo [Muslyumovo],Муслюмово,Village,Musljumovskij Rajon,"7,392","7,348","8,043",tatarstan
Naberežnyje Čelny [Naberezhnye Chelny],Набережные Челны,City,Naberežnyje Čelny,"509,870","513,193","548,434",tatarstan
Nižnekamsk [Nizhnekamsk],Нижнекамск,City,Nižnekamskij Rajon,"225,399","234,044","241,479",tatarstan
Nižnije Vjazovyje [Nizhniye Vyazovye],Нижние Вязовые,Urban Settlement,Zelenodol'skij Rajon,"8,275","8,048","7,053",tatarstan
Nižnjaja Maktama [Nizhnyaya Maktama],Нижняя Мактама,Urban Settlement,Al'metjevskij Rajon,"10,580","9,924","9,695",tatarstan
Novoje Šigalejevo [Novoye Shigaleyevo],Новое Шигалеево,Village,Pestrečinskij Rajon,225,305,"7,685",tatarstan
Novošešminsk [Novosheshminsk],Новошешминск,Village,Novošešminskij Rajon,"4,576","4,561","4,982",tatarstan
Nurlat,Нурлат,City,Nurlatskij Rajon,"32,527","32,601","33,990",tatarstan
Osinovo,Осиново,Village,Zelenodol'skij Rajon,"7,812","8,725","16,991",tatarstan
Pesčanyje Kovali [Peschanye Kovali],Песчаные Ковали,Village,Laiševskij Rajon,"1,682","1,833","3,166",tatarstan
Pestrecy [Pestretsy],Пестрецы,Village,Pestrečinskij Rajon,"7,297","8,102","11,601",tatarstan
Russkij Aktaš [Russky Aktash],Русский Акташ,Village,Al'metjevskij Rajon,"4,187","4,235","3,770",tatarstan
Rybnaja Sloboda [Rybnaya Sloboda],Рыбная Слобода,Urban Settlement,Rybno-Slobodskij Rajon,"7,177","7,684","7,590",tatarstan
Sarmanovo,Сарманово,Village,Sarmanovskij Rajon,"6,327","7,153","7,134",tatarstan
Šemordan [Shemordan],Шемордан,Village,Sabinskij Rajon,"5,876","5,943","5,740",tatarstan
Sovchoza «Mamadyšskij» [Sovkhoza »Mamadyshsky«],Совхоза «Мамадышский»,Rural Settlement,Mamadyšskij Rajon,"2,015","1,998","3,070",tatarstan
Staroje Drožžanoje [Staroye Drozhzhanoye],Старое Дрожжаное,Village,Drožžanovskij Rajon,"3,332","3,210","3,116",tatarstan
Stolbišče [Stolbishche],Столбище,Village,Laiševskij Rajon,"3,641","4,018","8,285",tatarstan
Teniševo [Tenishevo],Тенишево,Urban Settlement,Kamsko-Ust'inskij Rajon,866,809,708,tatarstan
Tetjuši [Tetyushi],Тетюши,City,Tetjušskij Rajon,"11,931","11,596","10,535",tatarstan
Tjuljači [Tyulyachi],Тюлячи,Village,Tjuljačinskij Rajon,"2,943","3,265","3,928",tatarstan
Urussu,Уруссу,Urban Settlement,Jutazinskij Rajon,"11,258","10,681","10,520",tatarstan
Usady,Усады,Village,Laiševskij Rajon,"1,296","1,485","7,388",tatarstan
Vasiljevo [Vasilyevo],Васильево,Urban Settlement,Zelenodol'skij Rajon,"16,846","16,953","17,286",tatarstan
Verchnij Uslon [Verkhny Uslon],Верхний Услон,Village,Verchneuslonskij Rajon,"4,257","4,499","4,140",tatarstan
Vysokaja Gora [Vysokaya Gora],Высокая Гора,Village,Vysokogorskij Rajon,"7,998","9,589","17,736",tatarstan
Zainsk,Заинск,City,Zainskij Rajon,"41,088","41,803","39,739",tatarstan
Zelenodol'sk [Zelenodolsk],Зеленодольск,City,Zelenodol'skij Rajon,"100,139","97,674","99,137",tatarstan
Železnodorožnoj Stancii Vysokaja Gora [Railway Station Vysokaya Gora],железнодорожной станции Высокая Гора,Rural Settlement,Vysokogorskij Rajon,"2,936","2,968","4,167",tatarstan
Abatskoje [Abatskoye],Абатское,Village,Abatskij Rajon,"8,248","7,959","8,094",tyumen
Agiriš [Agirish],Агириш,Urban Settlement,Sovetskij Rajon,"2,831","2,856","1,638",tyumen
Aksarka,Аксарка,Village,Priural'skij Rajon,"2,569","3,133","4,352",tyumen
Andra,Андра,Urban Settlement,Oktjabr'skij Rajon,"1,974","1,830","2,015",tyumen
Armizonskoje [Armizonskoye],Армизонское,Village,Armizonskij Rajon,"4,741","4,776","4,886",tyumen
Aromaševo [Aromashevo],Аромашево,Village,Aromaševskij Rajon,"5,609","5,373","5,420",tyumen
Barsovo,Барсово,Urban Settlement,Surgutskij Rajon,"5,600","4,990","6,192",tyumen
Belojarskij [Beloyarsky],Белоярский,City,Belojarskij Rajon,"18,721","20,283","19,994",tyumen
Belyj Jar [Bely Yar],Белый Яр,Urban Settlement,Surgutskij Rajon,"14,392","14,580","16,141",tyumen
Berdjužje [Berdyuzhye],Бердюжье,Village,Berdjužskij Rajon,"5,256","5,158","5,827",tyumen
Berëzovo [Beryozovo],Берёзово,Urban Settlement,Berëzovskij Rajon,"7,085","7,287","6,411",tyumen
Bol'šoje Sorokino [Bolshoye Sorokino],Большое Сорокино,Village,Sorokinskij Rajon,"5,497","5,317","5,490",tyumen
Červiševo [Chervishevo],Червишево,Village,Tjumenskij Rajon,"3,133","3,910","4,085",tyumen
Chanty-Mansijsk [Khanty-Mansiysk],Ханты-Мансийск,City,Chanty-Mansijsk,"53,953","80,151","107,473",tyumen
Chanymej [Khanymey],Ханымей,Rural Settlement,Purovskij Rajon,"4,621","4,707","3,437",tyumen
Charp [Kharp],Харп,Urban Settlement,Labytnangi,"7,278","6,413","5,031",tyumen
Dudareva,Дударева,Hamlet,Tjumenskij Rajon,71,113,"5,023",tyumen
Fëdorovskij [Fedorovsky],Фёдоровский,Urban Settlement,Surgutskij Rajon,"18,406","20,288","23,614",tyumen
Gor'kovka [Gorkovka],Горьковка,Village,Tjumenskij Rajon,"2,009","2,396","3,331",tyumen
Gornopravdinsk,Горноправдинск,Rural Settlement,Chanty-Mansijskij Rajon,"4,951","4,844","4,542",tyumen
Gubkinskij [Gubkinsky],Губкинский,City,Gubkinskij,"20,407","23,335","33,273",tyumen
Gyda,Гыда,Village,Tazovskij Rajon,"2,436","3,331","3,610",tyumen
Igrim,Игрим,Urban Settlement,Berëzovskij Rajon,"9,362","8,775","7,246",tyumen
Isetskoje [Isetskoye],Исетское,Village,Isetskij Rajon,"7,216","7,479","8,290",tyumen
Išim [Ishim],Ишим,City,Išim,"67,757","65,243","67,614",tyumen
Izlučinsk [Izluchinsk],Излучинск,Urban Settlement,Nižnevartovskij Rajon,"15,505","17,399","21,389",tyumen
Jalutorovsk [Yalutorovsk],Ялуторовск,City,Jalutorovsk,"36,088","36,493","38,853",tyumen
Jarkovo [Yarkovo],Ярково,Village,Jarkovskij Rajon,"6,969","7,017","7,458",tyumen
Jar-Sale [Yar-Sale],Яр-Сале,Village,Jamal'skij Rajon,"4,872","6,486","7,410",tyumen
Jembajevo [Yembayevo],Ембаево,Village,Tjumenskij Rajon,"2,675","2,959","3,944",tyumen
Jugorsk [Yugorsk],Югорск,City,Jugorsk,"30,285","34,067","38,238",tyumen
Jurginskoje [Yurginskoye],Юргинское,Village,Jurginskij Rajon,"4,636","4,546","5,097",tyumen
Kaskara,Каскара,Village,Tjumenskij Rajon,"6,273","7,094","7,467",tyumen
Kazanskoje [Kazanskoye],Казанское,Village,Kazanskij Rajon,"5,889","5,932","5,588",tyumen
Kogalym,Когалым,City,Kogalym,"55,367","58,181","61,441",tyumen
Kommunističeskij [Kommunistichesky],Коммунистический,Urban Settlement,Sovetskij Rajon,"2,638","2,423","1,515",tyumen
Kondinskoje [Kondinskoye],Кондинское,Urban Settlement,Kondinskij Rajon,"4,086","3,616","2,690",tyumen
Krasnosel'kup [Krasnoselkup],Красноселькуп,Village,Krasnosel'kupskij Rajon,"4,014","3,974","3,732",tyumen
Kuminskij [Kuminsky],Куминский,Urban Settlement,Kondinskij Rajon,"2,805","3,116","2,504",tyumen
Labytnangi,Лабытнанги,City,Labytnangi,"27,304","26,936","25,501",tyumen
Langepas,Лангепас,City,Langepas,"37,182","41,670","42,701",tyumen
Ljantor [Lyantor],Лянтор,City,Surgutskij Rajon,"33,011","38,992","40,977",tyumen
Lugovoj [Lugovoy],Луговой,Urban Settlement,Kondinskij Rajon,"1,956","1,756","1,589",tyumen
Malinovskij [Malinovsky],Малиновский,Urban Settlement,Sovetskij Rajon,"2,621","2,755","2,202",tyumen
Megion,Мегион,City,Megion,"46,566","49,449","52,887",tyumen
Meždurečenskij [Mezhdurechensky],Междуреченский,Urban Settlement,Kondinskij Rajon,"10,907","11,058","11,067",tyumen
Mortka,Мортка,Urban Settlement,Kondinskij Rajon,"3,627","3,798","3,233",tyumen
Moskovskij [Moskovsky],Московский,Rural Settlement,Tjumenskij Rajon,"3,472","3,646","5,730",tyumen
Muravlenko,Муравленко,City,Muravlenko,"35,926","33,391","29,233",tyumen
Muži [Muzhi],Мужи,Village,Šuryškarskij Rajon,"3,200","3,609","3,736",tyumen
Nadym,Надым,City,Nadymskij Rajon,"45,943","46,611","45,973",tyumen
Neftejugansk [Nefteyugansk],Нефтеюганск,City,Neftejugansk,"107,830","122,855","124,732",tyumen
Nižnesortymskij [Nizhnesortymsky],Нижнесортымский,Rural Settlement,Surgutskij Rajon,"10,572","10,314","14,217",tyumen
Nižnevartovsk [Nizhnevartovsk],Нижневартовск,City,Nižnevartovsk,"239,044","251,694","283,256",tyumen
Nižnjaja Tavda [Nizhnyaya Tavda],Нижняя Тавда,Village,Nižnetavdinskij Rajon,"6,754","6,846","8,316",tyumen
Njagan' [Nyagan],Нягань,City,Njagan',"52,610","54,890","63,034",tyumen
Nojabr'sk [Noyabrsk],Ноябрьск,City,Nojabr'sk,"102,949","110,620","100,188",tyumen
Novaja Zaimka [Novaya Zaimka],Новая Заимка,Village,Zavodoukovskij,"4,229","4,143","4,210",tyumen
Novoagansk,Новоаганск,Urban Settlement,Nižnevartovskij Rajon,"9,717","10,343","9,116",tyumen
Novotarmanskij [Novotarmansky],Новотарманский,Rural Settlement,Tjumenskij Rajon,"2,730","3,091","3,048",tyumen
Novyj Urengoj [Novy Urengoy],Новый Уренгой,City,Novyj Urengoj,"104,269","104,107","107,251",tyumen
Oktjabr'skoje [Oktyabrskoye],Октябрьское,Urban Settlement,Oktjabr'skij Rajon,"3,857","3,640","3,792",tyumen
Omutinskoje [Omutinskoye],Омутинское,Village,Omutinskij Rajon,"9,657","9,201","9,101",tyumen
Onochino [Onokhino],Онохино,Village,Tjumenskij Rajon,"3,031","4,120","4,445",tyumen
Pangody,Пангоды,Urban Settlement,Nadymskij Rajon,"10,868","10,805","11,132",tyumen
Patruševa [Patrusheva],Патрушева,Hamlet,Tjumenskij Rajon,547,"1,423","3,505",tyumen
Perevalovo,Перевалово,Village,Tjumenskij Rajon,"1,291","1,367","3,611",tyumen
Pionerskij [Pionersky],Пионерский,Urban Settlement,Sovetskij Rajon,"5,245","5,390","4,267",tyumen
Pojkovskij [Poykovsky],Пойковский,Urban Settlement,Neftejuganskij Rajon,"27,540","25,594","24,440",tyumen
Pokači [Pokachi],Покачи,City,Pokači,"17,017","17,171","16,040",tyumen
Priobje [Priobye],Приобье,Urban Settlement,Oktjabr'skij Rajon,"7,140","7,215","7,550",tyumen
Pyt'-Jach [Pyt-Yakh],Пыть-Ях,City,Pyt'-Jach,"41,813","41,488","40,180",tyumen
Radužnyj [Raduzhny],Радужный,City,Radužnyj,"47,060","43,399","43,577",tyumen
Salechard [Salekhard],Салехард,City,Salechard,"36,827","42,544","47,910",tyumen
Salym,Салым,Rural Settlement,Neftejuganskij Rajon,"5,497","6,554","7,719",tyumen
Singapaj [Singapay],Сингапай,Rural Settlement,Neftejuganskij Rajon,...,"3,133","4,633",tyumen
Sladkovo,Сладково,Village,Sladkovskij Rajon,"3,477","3,303","3,438",tyumen
Solnečnyj [Solnechny],Солнечный,Rural Settlement,Surgutskij Rajon,"9,763","10,103","12,885",tyumen
Sovetskij [Sovetsky],Советский,City,Sovetskij Rajon,"23,230","26,495","31,138",tyumen
Strechnino [Strekhnino],Стрехнино,Village,Išimskij Rajon,"3,941","3,954","3,590",tyumen
Surgut,Сургут,City,Surgut,"285,027","306,675","396,443",tyumen
Tajëžnyj [Tayezhny],Таёжный,Urban Settlement,Sovetskij Rajon,"2,526","2,370","1,668",tyumen
Talinka,Талинка,Urban Settlement,Oktjabr'skij Rajon,"4,844","4,121","3,333",tyumen
Tarko-Sale,Тарко-Сале,City,Purovskij Rajon,"18,517","20,398","19,900",tyumen
Tazovskij [Tazovsky],Тазовский,Rural Settlement,Tazovskij Rajon,"5,965","6,793","8,441",tyumen
Tjumen' [Tyumen],Тюмень,City,Tjumen',...,"581,907","847,488",tyumen
Tobol'sk [Tobolsk],Тобольск,City,Tobol'sk,"105,852","99,694","100,352",tyumen
Turtas,Туртас,Rural Settlement,Uvatskij Rajon,"5,082","5,397","5,120",tyumen
Un''jugan [Unayugan],Унъюган,Rural Settlement,Oktjabr'skij Rajon,"5,067","4,577","5,478",tyumen
Uporovo,Упорово,Village,Uporovskij Rajon,"5,333","5,847","6,058",tyumen
Uraj [Uray],Урай,City,Uraj,"38,872","39,457","41,315",tyumen
Urengoj [Urengoy],Уренгой,Urban Settlement,Purovskij Rajon,"9,329","10,066","5,845",tyumen
Uspenka,Успенка,Village,Tjumenskij Rajon,"3,238","3,272","3,699",tyumen
Uvat,Уват,Village,Uvatskij Rajon,"4,610","4,964","5,142",tyumen
Vagaj [Vagay],Вагай,Village,Vagajskij Rajon,"4,983","5,013","4,851",tyumen
Vagaj [Vagay],Вагай,Village,Omutinskij Rajon,...,"2,671","3,185",tyumen
Vikulovo,Викулово,Village,Vikulovskij Rajon,"6,997","6,995","6,573",tyumen
Vysokij [Vysoky],Высокий,Urban Settlement,Megion,"7,463","6,933","6,537",tyumen
Zapoljarnyj [Zapolyarny],Заполярный,Urban Settlement,Nadymskij Rajon,995,"1,024","1,026",tyumen
Zavodoukovsk,Заводоуковск,City,Zavodoukovskij,"25,674","25,647","27,100",tyumen
Zelenoborsk,Зеленоборск,Urban Settlement,Sovetskij Rajon,"2,209","2,379","1,778",tyumen
Aleksandrovskoje [Alexandrovskoye],Александровское,Village,Aleksandrovskij Rajon,"7,976","7,211","6,586",tomsk
Asino,Асино,City,Asinovskij Rajon,"28,068","25,618","24,913",tomsk
Bakčar [Bakchar],Бакчар,Village,Bakčarskij Rajon,"7,174","6,128","6,265",tomsk
Belyj Jar [Bely Yar],Белый Яр,Urban Settlement,Verchneketskij Rajon,"8,221","7,996","7,920",tomsk
Bogašëvo [Bogashyovo],Богашёво,Village,Tomskij Rajon,"3,762","3,710","4,142",tomsk
Kargasok,Каргасок,Village,Kargasokskij Rajon,"8,547","8,127","7,408",tomsk
Kedrovyj [Kedrovy],Кедровый,City,Kedrovyj,"3,052","2,451","1,818",tomsk
Kislovka,Кисловка,Hamlet,Tomskij Rajon,"2,624","2,929","9,482",tomsk
Kolpaševo [Kolpashevo],Колпашево,City,Kolpaševskij Rajon,"28,441","24,124","20,824",tomsk
Kornilovo,Корнилово,Village,Tomskij Rajon,"1,619","1,969","4,733",tomsk
Koževnikovo [Kozhevnikovo],Кожевниково,Village,Koževnikovskij Rajon,"7,947","8,174","8,393",tomsk
Krivošeino [Krivosheino],Кривошеино,Village,Krivošeinskij Rajon,"5,993","5,469","5,257",tomsk
Mel'nikovo [Melnikovo],Мельниково,Village,Šegarskij Rajon,"9,717","8,377","8,274",tomsk
Molčanovo [Molchanovo],Молчаново,Village,Molčanovskij Rajon,"6,091","5,746","5,810",tomsk
Morjakovskij Zaton [Moryakovsky Zaton],Моряковский Затон,Village,Tomskij Rajon,"4,731","5,156","4,480",tomsk
Parabel',Парабель,Village,Parabel'skij Rajon,"6,209","6,096","5,907",tomsk
Pervomajskoje [Pervomayskoye],Первомайское,Village,Pervomajskij Rajon,"5,800","5,641","6,195",tomsk
Podgornoje [Podgornoye],Подгорное,Village,Čainskij Rajon,"5,009","4,983","4,787",tomsk
Samus',Самусь,Rural Settlement,Seversk,"5,690","5,797","5,442",tomsk
Seversk,Северск,City,Seversk,"109,106","108,590","106,648",tomsk
Streževoj [Strezhevoy],Стрежевой,City,Streževoj,"43,815","42,219","39,169",tomsk
Svetlyj [Svetly],Светлый,Rural Settlement,Tomsk,"7,514","7,479","7,388",tomsk
Tegul'det [Teguldet],Тегульдет,Village,Tegul'detskij Rajon,"4,787","4,385","4,154",tomsk
Timirjazevskoje [Timiryazevskoye],Тимирязевское,Village,Tomsk,"6,211","6,406","6,381",tomsk
Togur,Тогур,Village,Kolpaševskij Rajon,"8,418","7,575","6,025",tomsk
Tomsk,Томск,City,Tomsk,"487,838","524,669","556,478",tomsk
Zonal'naja Stancija [Zonalnaya Stantsiya],Зональная Станция,Rural Settlement,Tomskij Rajon,"5,035","5,813","15,421",tomsk
Zyrjanskoje [Zyryanskoye],Зырянское,Village,Zyrjanskij Rajon,"6,267","5,632","5,246",tomsk
Aleksin,Алексин,City,Aleksin,"68,156","61,732","60,842",tula
Arsenjevo [Arsenyevo],Арсеньево,Urban Settlement,Arsenjevskij Rajon,"5,995","4,803","4,680",tula
Barsuki,Барсуки,Rural Settlement,Tula,"3,602","3,269","3,064",tula
Belëv [Belyov],Белёв,City,Belëvskij Rajon,"16,083","13,918","12,846",tula
Bogorodick [Bogoroditsk],Богородицк,City,Bogorodickij Rajon,"30,884","31,897","29,560",tula
Bolochovo [Bolokhovo],Болохово,City,Kirejevskij Rajon,"10,364","9,622","9,339",tula
Borodinskij [Borodinsky],Бородинский,Rural Settlement,Kirejevskij Rajon,"6,634","6,126","5,347",tula
Brusjanskij [Brusyansky],Брусянский,Rural Settlement,Uzlovskij Rajon,"3,372","3,498","3,130",tula
Čekalin [Chekalin],Чекалин,City,Suvorovskij Rajon,"1,151",994,935,tula
Central'nyj [Tsentralny],Центральный,Rural Settlement,Suvorovskij Rajon,...,"4,434","3,813",tula
Čern' [Chern],Чернь,Urban Settlement,Černskij Rajon,"6,883","6,405","6,156",tula
Chruščëvo [Khrushchyovo],Хрущёво,Village,Tula,"3,524","3,404","3,431",tula
Donskoj [Donskoy],Донской,City,Donskoj,...,"64,552","63,837",tula
Dubna,Дубна,Urban Settlement,Dubenskij Rajon,"6,194","5,980","5,972",tula
Dubovka,Дубовка,Rural Settlement,Uzlovskij Rajon,"9,206","8,942","8,159",tula
Gricovskij [Gritsovsky],Грицовский,Rural Settlement,Venëvskij Rajon,"6,759","6,192","5,630",tula
Jasnogorsk [Yasnogorsk],Ясногорск,City,Jasnogorskij Rajon,"18,588","16,795","15,269",tula
Jefremov [Yefremov],Ефремов,City,Jefremov,"47,256","42,350","36,545",tula
Kimovsk,Кимовск,City,Kimovskij Rajon,"33,169","28,485","26,475",tula
Kirejevsk [Kireyevsk],Киреевск,City,Kirejevskij Rajon,"26,284","25,557","25,560",tula
Kurkino,Куркино,Urban Settlement,Kurkinskij Rajon,"6,117","5,411","5,457",tula
Leninskij [Leninsky],Ленинский,Rural Settlement,Tula,"10,120","7,054","7,442",tula
Lipki,Липки,City,Kirejevskij Rajon,"9,843","8,719","8,325",tula
Novogurovskij [Novogurovsky],Новогуровский,Urban Settlement,Novogurovskij,"3,809","3,590","3,634",tula
Novomoskovsk,Новомосковск,City,Novomoskovsk,"134,081","131,386","119,697",tula
Odojev [Odoyev],Одоев,Urban Settlement,Odojevskij Rajon,"6,571","6,144","5,445",tula
Oktjabr'skij [Oktyabrsky],Октябрьский,Rural Settlement,Kirejevskij Rajon,"3,358","3,281","3,159",tula
Osinovaja Gora [Osinovaya Gora],Осиновая Гора,Village,Tula,280,186,"4,025",tula
Pervomajskij [Pervomaysky],Первомайский,Urban Settlement,Ščëkinskij Rajon,"11,264","10,058","10,234",tula
Petrovskij [Petrovsky],Петровский,Rural Settlement,Tula,449,457,"3,006",tula
Plavsk,Плавск,City,Plavskij Rajon,"16,750","16,165","16,893",tula
Plechanovo [Plekhanovo],Плеханово,Rural Settlement,Tula,"9,098","9,171","8,652",tula
Rassvet,Рассвет,Rural Settlement,Tula,"4,002","4,165","3,760",tula
Revjakino [Revyakino],Ревякино,Rural Settlement,Jasnogorskij Rajon,"3,313","2,970","3,423",tula
Ščëkino [Shchyokino],Щёкино,City,Ščëkinskij Rajon,"61,588","58,139","55,109",tula
Slavnyj [Slavny],Славный,Urban Settlement,Slavnyj,...,"1,862","1,894",tula
Sovetsk,Советск,City,Ščëkinskij Rajon,"8,770","7,536","7,889",tula
Suvorov,Суворов,City,Suvorovskij Rajon,"21,213","18,973","17,598",tula
Švarcevskij [Shvartsevsky],Шварцевский,Rural Settlement,Kirejevskij Rajon,"5,231","4,913","4,336",tula
Tëploje [Teploye],Тёплое,Urban Settlement,Tëplo-Ogarëvskij Rajon,"5,457","5,115","4,846",tula
Tovarkovskij [Tovarkovsky],Товарковский,Rural Settlement,Bogorodickij Rajon,"8,190","7,587","7,813",tula
Tula,Тула,City,Tula,"481,216","501,169","473,622",tula
Uzlovaja [Uzlovaya],Узловая,City,Uzlovskij Rajon,"59,763","55,282","49,427",tula
Venëv [Venyov],Венёв,City,Venëvskij Rajon,"16,167","15,224","12,668",tula
Volovo,Волово,Urban Settlement,Volovskij Rajon,"4,208","3,853","3,570",tula
Zaokskij [Zaoksky],Заокский,Urban Settlement,Zaokskij Rajon,"6,668","7,117","6,464",tula
Andreapol',Андреаполь,City,Andreapol'skij Rajon,"9,317","8,286","6,956",tver
Belyj [Bely],Белый,City,Bel'skij Rajon,"4,350","3,772","3,125",tver
Belyj Gorodok [Bely Gorodok],Белый Городок,Urban Settlement,Kimrskij Rajon,"2,825","2,432","2,022",tver
Bežeck [Bezhetsk],Бежецк,City,Bežeckij Rajon,"28,643","24,522","21,466",tver
Bologoje [Bologoye],Бологое,City,Bologovskij Rajon,"26,612","23,494","20,234",tver
Firovo,Фирово,Urban Settlement,Firovskij Rajon,"2,837","2,433","2,010",tver
Izoplit,Изоплит,Urban Settlement,Konakovskij Rajon,"4,441","1,769","1,197",tver
Kalašnikovo [Kalashnikovo],Калашниково,Urban Settlement,Lichoslavl'skij Rajon,"5,198","5,001","4,226",tver
Kaljazin [Kalyazin],Калязин,City,Kaljazinskij Rajon,"14,820","13,867","12,621",tver
Kašin [Kashin],Кашин,City,Kašin,"17,299","16,171","14,113",tver
Kesova Gora,Кесова Гора,Urban Settlement,Kesovogorskij Rajon,"4,076","3,877","3,746",tver
Kimry,Кимры,City,Kimrskij Rajon,"53,650","49,628","40,875",tver
Konakovo,Конаково,City,Konakovskij Rajon,"42,335","41,291","33,560",tver
Kozlovo,Козлово,Urban Settlement,Konakovskij Rajon,"4,388","3,884","3,022",tver
Krasnomajskij [Krasnomaysky],Красномайский,Urban Settlement,Vyšnij Voločëk,"5,796","5,007","4,393",tver
Krasnyj Cholm [Krasny Kholm],Красный Холм,City,Krasnocholmskij Rajon,"6,396","5,608","4,998",tver
Kuvšinovo [Kuvshinovo],Кувшиново,City,Kuvšinovskij Rajon,"11,276","10,007","9,262",tver
Kuženkino [Kuzhenkino],Куженкино,Urban Settlement,Bologovskij Rajon,"3,537","2,834","1,918",tver
Lichoslavl' [Likhoslavl],Лихославль,City,Lichoslavl'skij Rajon,"12,515","12,257","11,017",tver
Maksaticha [Maksatikha],Максатиха,Urban Settlement,Maksatichinskij Rajon,"9,753","8,744","7,620",tver
Molokovo,Молоково,Urban Settlement,Molokovskij Rajon,"2,572","2,331","1,798",tver
Nelidovo,Нелидово,City,Nelidovo,"26,154","22,896","18,603",tver
Novozavidovskij [Novozavidovsky],Новозавидовский,Urban Settlement,Konakovskij Rajon,"7,893","7,479","5,723",tver
Olenino,Оленино,Urban Settlement,Oleninskij Rajon,"5,247","4,918","4,704",tver
Orša [Orsha],Орша,Urban Settlement,Kalininskij Rajon,"2,347","2,252","1,974",tver
Ostaškov [Ostashkov],Осташков,City,Ostaškovskij,"20,660","18,088","16,674",tver
Ozërnyj [Ozyorny],Озёрный,Urban Settlement,Ozërnyj,"10,689","10,882","9,951",tver
Peno,Пено,Urban Settlement,Penovskij Rajon,"5,358","4,220","3,359",tver
Radčenko [Radchenko],Радченко,Urban Settlement,Konakovskij Rajon,"2,089","1,537","1,172",tver
Rameški [Rameshki],Рамешки,Urban Settlement,Rameškovskij Rajon,"4,246","4,318","4,102",tver
Redkino,Редкино,Urban Settlement,Konakovskij Rajon,"11,887","11,703","9,634",tver
Ržev [Rzhev],Ржев,City,Rževskij Rajon,"63,729","61,982","55,757",tver
Sandovo,Сандово,Urban Settlement,Sandovskij Rajon,"3,933","3,507","3,106",tver
Seližarovo [Selizharovo],Селижарово,Urban Settlement,Seližarovskij Rajon,"7,330","6,725","5,931",tver
Solnečnyj [Solnechny],Солнечный,Urban Settlement,Solnečnyj,"2,108","2,242","1,840",tver
Sonkovo,Сонково,Urban Settlement,Sonkovskij Rajon,"4,577","4,164","3,553",tver
Spirovo,Спирово,Urban Settlement,Spirovskij Rajon,"6,859","6,267","5,194",tver
Staraja Toropa [Staraya Toropa],Старая Торопа,Urban Settlement,Zapadnodvinskij Rajon,"2,306","1,995","1,603",tver
Starica [Staritsa],Старица,City,Starickij Rajon,"9,125","8,607","6,938",tver
Suchoverkovo [Sukhoverkovo],Суховерково,Urban Settlement,Kalininskij Rajon,729,670,562,tver
Toropec [Toropets],Торопец,City,Toropeckij Rajon,"14,600","13,015","11,441",tver
Toržok [Torzhok],Торжок,City,Toržok,"48,967","47,644","41,116",tver
Tver',Тверь,City,Tver',"408,903","403,606","416,219",tver
Udomlja [Udomlya],Удомля,City,Udomlja,"31,961","31,061","25,950",tver
Vasiljevskij Moch [Vasilyevsky Mokh],Васильевский Мох,Urban Settlement,Kalininskij Rajon,"2,578","2,122","2,309",tver
Velikooktjabr'skij [Velikooktyabrsky],Великооктябрьский,Urban Settlement,Firovskij Rajon,"2,659","2,273","2,068",tver
Vesjegonsk [Vesyegonsk],Весьегонск,City,Vesjegonskij Rajon,"8,662","7,329","6,330",tver
Vyšnij Voločëk [Vyshny Volochyok],Вышний Волочёк,City,Vyšnij Voločëk,"56,405","52,370","45,830",tver
Zapadnaja Dvina [Zapadnaya Dvina],Западная Двина,City,Zapadnodvinskij Rajon,"10,212","9,378","7,869",tver
Žarkovskij [Zharkovsky],Жарковский,Urban Settlement,Žarkovskij Rajon,"4,993","4,014","2,952",tver
Zubcov [Zubtsov],Зубцов,City,Zubcovskij Rajon,"7,430","6,927","6,217",tver
Ak-Dovurak,Ак-Довурак,City,Ak-Dovurak,"12,965","13,468","12,456",tuva
Baj-Chaak [Bay-Khaak],Бай-Хаак,Village,Tandinskij Kožuun,"3,084","2,981","3,523",tuva
Balgazyn,Балгазын,Village,Tandinskij Kožuun,"3,370","3,096","3,112",tuva
Čaa-Chol' [Chaa-Khol],Чаа-Холь,Village,Čaa-Chol'skij Kožuun,"3,453","3,250","3,394",tuva
Čadan [Chadan],Чадан,City,Dzun-Chemčikskij Kožuun,"9,454","9,035","9,732",tuva
Chandagajty [Khandagayty],Хандагайты,Village,Ovjurskij Kožuun,"3,173","3,207","3,528",tuva
Chovu-Aksy [Khovu-Aksy],Хову-Аксы,Village,Čedi-Chol'skij Kožuun,"3,706","3,672","3,612",tuva
Èrzin [Erzin],Эрзин,Village,Èrzinskij Kožuun,"2,977","3,191","3,373",tuva
Kaa-Chem [Kaa-Khem],Каа-Хем,Urban Settlement,Kyzylskij Kožuun,"10,463","15,044","19,686",tuva
Kyzyl,Кызыл,City,Kyzyl,"104,105","109,918","125,241",tuva
Kyzyl-Mažalyk [Kyzyl-Mazhalyk],Кызыл-Мажалык,Village,Barun-Chemčikskij Kožuun,"5,046","5,072","4,546",tuva
Mugur-Aksy,Мугур-Аксы,Village,Mongun-Tajginskij Kožuun,"4,046","4,153","4,512",tuva
Šagonar [Shagonar],Шагонар,City,Ulug-Chemskij Kožuun,"11,008","10,956","11,772",tuva
Samagaltaj [Samagaltay],Самагалтай,Village,Tes-Chemskij Kožuun,"3,507","3,233","3,692",tuva
Saryg-Sep,Сарыг-Сеп,Village,Kaa-Chemskij Kožuun,"4,621","4,417","4,174",tuva
Sug-Aksy,Суг-Аксы,Village,Sut-Chol'skij Kožuun,"3,077","3,184","3,307",tuva
Sukpak,Сукпак,Village,Kyzylskij Kožuun,"3,679","4,187","6,106",tuva
Tèèli [Teeli],Тээли,Village,Baj-Tajginskij Kožuun,"3,764","3,390","3,441",tuva
Toora-Chem [Toora-Khem],Тоора-Хем,Village,Todžinskij Kožuun,"2,233","2,387","3,264",tuva
Turan,Туран,City,Pij-Chemskij Kožuun,"5,598","4,981","5,044",tuva
Alnaši [Alnashi],Алнаши,Village,Alnašskij Rajon,"6,275","6,303","6,837",udmurtiya
Balezino,Балезино,Rural Settlement,Balezinskij Rajon,"16,804","16,121","14,459",udmurtiya
Chochrjaki [Khokhryaki],Хохряки,Hamlet,Zav'jalovskij Rajon,"3,584","5,089","6,283",udmurtiya
Debësy [Debyosy],Дебёсы,Village,Debësskij Rajon,"5,828","5,720","5,663",udmurtiya
Glazov,Глазов,City,Glazov,"100,894","95,854","87,762",udmurtiya
Grachovo [Grakhovo],Грахово,Village,Grachovskij Rajon,"3,438","3,245","3,458",udmurtiya
Igra,Игра,Rural Settlement,Igrinskij Rajon,"22,280","20,737","19,319",udmurtiya
Iževsk [Izhevsk],Ижевск,City,Iževsk,"632,140","627,734","623,472",udmurtiya
Jagul [Yagul],Ягул,Village,Zav'jalovskij Rajon,"2,633","3,044","4,630",udmurtiya
Jakšur-Bod'ja [Yakshur-Bodya],Якшур-Бодья,Village,Jakšur-Bod'inskij Rajon,"6,944","7,252","7,638",udmurtiya
Jar [Yar],Яр,Rural Settlement,Jarskij Rajon,"7,202","6,596","5,511",udmurtiya
Jukamenskoje [Yukamenskoye],Юкаменское,Village,Jukamenskij Rajon,"4,326","4,104","3,495",udmurtiya
Kambarka,Камбарка,City,Kambarskij Rajon,"12,636","11,021","10,080",udmurtiya
Karakulino,Каракулино,Village,Karakulinskij Rajon,"5,109","4,814","4,380",udmurtiya
Kez,Кез,Rural Settlement,Kezskij Rajon,"10,913","11,080","10,131",udmurtiya
Kijasovo [Kiyasovo],Киясово,Village,Kijasovskij Rajon,"3,302","3,207","3,187",udmurtiya
Kizner,Кизнер,Rural Settlement,Kiznerskij Rajon,"9,957","9,536","9,284",udmurtiya
Krasnogorskoje [Krasnogorskoye],Красногорское,Village,Krasnogorskij Rajon,"4,559","4,425","3,855",udmurtiya
Malaja Purga [Malaya Purga],Малая Пурга,Village,Malopurginskij Rajon,"6,879","7,711","7,604",udmurtiya
Možga [Mozhga],Можга,City,Možga,"47,119","47,961","44,345",udmurtiya
Novyj [Novy],Новый,Rural Settlement,Votkinskij Rajon,"4,642","5,742","5,980",udmurtiya
Oktjabr'skij [Oktyabrsky],Октябрьский,Village,Zav'jalovskij Rajon,"2,923","3,421","7,021",udmurtiya
Pervomajskij [Pervomaysky],Первомайский,Village,Zav'jalovskij Rajon,"2,480","2,849","4,450",udmurtiya
Pirogovo,Пирогово,Hamlet,Zav'jalovskij Rajon,"3,401","3,075","3,052",udmurtiya
Sarapul,Сарапул,City,Sarapul,"103,141","101,381","91,115",udmurtiya
Šarkan [Sharkan],Шаркан,Village,Šarkanskij Rajon,"6,596","6,614","7,417",udmurtiya
Selty,Селты,Village,Seltinskij Rajon,"5,585","5,276","5,230",udmurtiya
Sigajevo [Sigayevo],Сигаево,Village,Sarapul'skij Rajon,"5,845","5,648","5,153",udmurtiya
Sjumsi [Syumsi],Сюмси,Village,Sjumsinskij Rajon,"5,645","5,316","4,766",udmurtiya
Uva,Ува,Rural Settlement,Uvinskij Rajon,"19,358","19,984","19,057",udmurtiya
Vavož [Vavozh],Вавож,Village,Vavožskij Rajon,"5,631","5,816","5,542",udmurtiya
Votkinsk,Воткинск,City,Votkinsk,"99,441","99,022","97,471",udmurtiya
Zav'jalovo [Zavyalovo],Завьялово,Village,Zav'jalovskij Rajon,"7,457","8,986","11,066",udmurtiya
Baryš [Barysh],Барыш,City,Baryšskij Rajon,"18,902","17,149","14,924",ulyanovsk
Bazarnyj Syzgan [Bazarny Syzgan],Базарный Сызган,Urban Settlement,Bazarnosyzganskij Rajon,"6,092","5,715","4,494",ulyanovsk
Bol'šije Ključišči [Bolshiye Klyuchishchi],Большие Ключищи,Village,Ul'janovskij Rajon,"3,724","3,873","3,821",ulyanovsk
Bol'šoje Nagatkino [Bolshoye Nagatkino],Большое Нагаткино,Village,Cil'ninskij Rajon,"5,235","5,462","4,942",ulyanovsk
Cemzavod [Tsemzavod],Цемзавод,Urban Settlement,Sengilejevskij Rajon,"1,285","1,156",787,ulyanovsk
Čerdakly [Cherdakly],Чердаклы,Urban Settlement,Čerdaklinskij Rajon,"12,045","11,440","12,084",ulyanovsk
Cil'na [Tsilna],Цильна,Urban Settlement,Cil'ninskij Rajon,"4,165","4,119","3,876",ulyanovsk
Čufarovo [Chufarovo],Чуфарово,Urban Settlement,Veškajmskij Rajon,"2,695","2,240","1,658",ulyanovsk
Dimitrovgrad,Димитровград,City,Dimitrovgrad,"130,871","122,580","110,968",ulyanovsk
Glotovka,Глотовка,Urban Settlement,Inzenskij Rajon,"3,066","2,428","1,837",ulyanovsk
Ignatovka,Игнатовка,Urban Settlement,Majnskij Rajon,"2,878","2,285","1,915",ulyanovsk
Imeni V.I. Lenina,имени В.И. Ленина,Urban Settlement,Baryšskij Rajon,"2,915","2,515","1,972",ulyanovsk
Inza,Инза,City,Inzenskij Rajon,"20,288","18,803","16,293",ulyanovsk
Išejevka [Isheyevka],Ишеевка,Urban Settlement,Ul'janovskij Rajon,"10,032","10,383","10,411",ulyanovsk
Izmajlovo [Izmaylovo],Измайлово,Urban Settlement,Baryšskij Rajon,"3,102","2,494","2,021",ulyanovsk
Jazykovo [Yazykovo],Языково,Urban Settlement,Karsunskij Rajon,"4,961","4,217","3,276",ulyanovsk
Karsun,Карсун,Urban Settlement,Karsunskij Rajon,"8,200","7,748","7,137",ulyanovsk
Krasnyj Guljaj [Krasny Gulyay],Красный Гуляй,Urban Settlement,Sengilejevskij Rajon,"3,107","3,000","2,630",ulyanovsk
Kuzovatovo,Кузоватово,Urban Settlement,Kuzovatovskij Rajon,"8,683","8,022","7,325",ulyanovsk
Majna [Mayna],Майна,Urban Settlement,Majnskij Rajon,"7,974","7,109","6,666",ulyanovsk
Mullovka,Мулловка,Urban Settlement,Melekesskij Rajon,"6,439","6,168","5,029",ulyanovsk
Nikolajevka [Nikolayevka],Николаевка,Urban Settlement,Nikolajevskij Rajon,"6,476","6,389","5,697",ulyanovsk
Novaja Majna [Novaya Mayna],Новая Майна,Urban Settlement,Melekesskij Rajon,"6,505","5,948","5,059",ulyanovsk
Novospasskoje [Novospasskoye],Новоспасское,Urban Settlement,Novospasskij Rajon,"11,038","11,075","10,780",ulyanovsk
Novoul'janovsk [Novoulyanovsk],Новоульяновск,City,Novoul'janovsk,"17,595","16,033","13,673",ulyanovsk
Oktjabr'skij [Oktyabrsky],Октябрьский,Rural Settlement,Čerdaklinskij Rajon,"6,738","5,678","5,035",ulyanovsk
Pavlovka,Павловка,Urban Settlement,Pavlovskij Rajon,"5,930","5,626","4,951",ulyanovsk
Radiščevo [Radishchevo],Радищево,Urban Settlement,Radiščevskij Rajon,"4,888","4,598","3,933",ulyanovsk
Sengilej [Sengiley],Сенгилей,City,Sengilejevskij Rajon,"8,396","6,958","6,407",ulyanovsk
Silikatnyj [Silikatny],Силикатный,Urban Settlement,Sengilejevskij Rajon,"3,646","2,989","2,679",ulyanovsk
Staraja Kulatka [Staraya Kulatka],Старая Кулатка,Urban Settlement,Starokulatkinskij Rajon,"6,075","5,685","4,344",ulyanovsk
Staraja Majna [Staraya Mayna],Старая Майна,Urban Settlement,Staromajnskij Rajon,"6,988","6,521","5,852",ulyanovsk
Starotimoškino [Starotimoshkino],Старотимошкино,Urban Settlement,Baryšskij Rajon,"4,097","3,897","3,323",ulyanovsk
Surskoje [Surskoye],Сурское,Urban Settlement,Surskij Rajon,"7,389","6,852","5,805",ulyanovsk
Teren'ga [Terenga],Тереньга,Urban Settlement,Teren'gul'skij Rajon,"5,509","5,330","5,186",ulyanovsk
Ul'janovsk [Ulyanovsk],Ульяновск,City,Ul'janovsk,"635,947","614,786","617,352",ulyanovsk
Undory,Ундоры,Village,Ul'janovskij Rajon,"3,406","3,698","3,270",ulyanovsk
Veškajma [Veshkayma],Вешкайма,Urban Settlement,Veškajmskij Rajon,"7,150","6,619","5,783",ulyanovsk
Žadovka [Zhadovka],Жадовка,Urban Settlement,Baryšskij Rajon,"2,117","1,753","1,507",ulyanovsk
Aleksandrov [Alexandrov],Александров,City,Aleksandrovskij Rajon,"64,824","61,551","57,053",vladimir
Andrejevo [Andreyevo],Андреево,Rural Settlement,Sudogodskij Rajon,"5,326","3,798","3,470",vladimir
Balakirevo,Балакирево,Urban Settlement,Aleksandrovskij Rajon,"9,141","10,076","9,474",vladimir
Bogoljubovo [Bogolyubovo],Боголюбово,Rural Settlement,Suzdal'skij Rajon,"4,218","4,494","4,729",vladimir
Gorochovec [Gorokhovets],Гороховец,City,Gorochoveckij Rajon,"14,524","14,016","12,666",vladimir
Gorodišči [Gorodishchi],Городищи,Urban Settlement,Petušinskij Rajon,"5,942","5,628","4,290",vladimir
Gus'-Chrustal'nyj [Gus-Khrustalny],Гусь-Хрустальный,City,Gus'-Chrustal'nyj,"67,121","60,784","51,552",vladimir
Gusevskij [Gusevsky],Гусевский,Urban Settlement,Gus'-Chrustal'nyj,"3,554","3,134","1,915",vladimir
Jurjev-Pol'skij [Yuryev-Polsky],Юрьев-Польский,City,Jurjev-Pol'skij Rajon,"19,906","19,595","17,276",vladimir
Kameškovo [Kameshkovo],Камешково,City,Kameškovskij Rajon,"14,161","13,103","12,028",vladimir
Karabanovo,Карабаново,City,Aleksandrovskij Rajon,"16,015","14,868","13,150",vladimir
Kiržač [Kirzhach],Киржач,City,Kiržačskij Rajon,...,"29,965","27,318",vladimir
Kol'čugino [Kolchugino],Кольчугино,City,Kol'čuginskij Rajon,"47,059","45,776","39,410",vladimir
Kosterëvo [Kosteryovo],Костерёво,City,Petušinskij Rajon,"9,608","9,073","7,113",vladimir
Kovrov,Ковров,City,Kovrov,"155,499","145,214","132,417",vladimir
Krasnaja Gorbatka [Krasnaya Gorbatka],Красная Горбатка,Urban Settlement,Selivanovskij Rajon,"9,441","8,885","7,998",vladimir
Kurlovo,Курлово,City,Gus'-Chrustal'nyj Rajon,"7,433","6,764","6,309",vladimir
Lakinsk,Лакинск,City,Sobinskij Rajon,"17,086","15,715","12,861",vladimir
Melechovo [Melekhovo],Мелехово,Urban Settlement,Kovrovskij Rajon,"7,084","7,039","6,560",vladimir
Melenki,Меленки,City,Melenkovskij Rajon,"16,344","15,206","13,407",vladimir
Mstëra [Mstyora],Мстёра,Urban Settlement,Vjaznikovskij Rajon,"5,598","4,859","4,517",vladimir
Murom,Муром,City,Murom,"126,901","116,075","107,497",vladimir
Nikologory,Никологоры,Urban Settlement,Vjaznikovskij Rajon,"6,390","5,486","4,950",vladimir
Petuški [Petushki],Петушки,City,Petušinskij Rajon,"16,482","15,148","13,317",vladimir
Pokrov,Покров,City,Petušinskij Rajon,"15,920","17,756","17,747",vladimir
Radužnyj [Raduzhny],Радужный,City,Radužnyj,"17,506","18,211","17,569",vladimir
Snovicy [Snovitsy],Сновицы,Village,Suzdal'skij Rajon,"1,519","1,765","3,210",vladimir
Sobinka,Собинка,City,Sobinskij Rajon,"21,054","19,482","17,444",vladimir
Stavrovo,Ставрово,Urban Settlement,Sobinskij Rajon,"8,005","7,800","6,932",vladimir
Strunino,Струнино,City,Aleksandrovskij Rajon,"16,056","14,369","11,774",vladimir
Sudogda,Судогда,City,Sudogodskij Rajon,"13,328","11,848","10,408",vladimir
Suzdal',Суздаль,City,Suzdal'skij Rajon,"11,357","10,535","9,286",vladimir
Uršel'skij [Urshelsky],Уршельский,Rural Settlement,Gus'-Chrustal'nyj Rajon,"4,683","3,783","3,354",vladimir
Vjazniki [Vyazniki],Вязники,City,Vjaznikovskij Rajon,"5,742","41,248","36,203",vladimir
Vladimir,Владимир,City,Vladimir,...,"345,373","349,951",vladimir
Vol'ginskij [Volginsky],Вольгинский,Urban Settlement,Petušinskij Rajon,"6,295","6,089","5,494",vladimir
Aleksejevskaja [Alexeyevskaya],Алексеевская,Stanitsa,Aleksejevskij Rajon,"4,196","4,204","3,677",volgograd
Bereslavka,Береславка,Rural Settlement,Kalačëvskij Rajon,"4,806","4,616","3,931",volgograd
Bykovo,Быково,Urban Settlement,Bykovskij Rajon,"8,250","7,719","7,142",volgograd
Černyškovskij [Chernyshkovsky],Чернышковский,Urban Settlement,Černyškovskij Rajon,"5,446","5,396","3,565",volgograd
Danilovka,Даниловка,Urban Settlement,Danilovskij Rajon,"5,943","5,317","4,308",volgograd
Dubovka,Дубовка,City,Dubovskij Rajon,"15,083","14,347","14,779",volgograd
Frolovo,Фролово,City,Frolovo,"41,132","39,449","35,661",volgograd
Gorodišče [Gorodishche],Городище,Urban Settlement,Gorodiščenskij Rajon,"19,466","21,381","22,905",volgograd
Ilovlja [Ilovlya],Иловля,Urban Settlement,Ilovlinskij Rajon,"11,904","11,255","10,555",volgograd
Jelan' [Yelan],Елань,Urban Settlement,Jelanskij Rajon,"15,147","14,833","14,095",volgograd
Jerzovka [Yerzovka],Ерзовка,Urban Settlement,Gorodiščenskij Rajon,"5,622","6,128","6,305",volgograd
Kalač-na-Donu [Kalach-na-Donu],Калач-на-Дону,City,Kalačëvskij Rajon,"26,882","26,910","24,277",volgograd
Kamyšin [Kamyshin],Камышин,City,Kamyšin,"127,891","119,565","107,927",volgograd
Kletskaja [Kletskaya],Клетская,Stanitsa,Kletskij Rajon,"5,350","5,323","4,975",volgograd
Kotel'nikovo [Kotelnikovo],Котельниково,City,Kotel'nikovskij Rajon,"19,656","20,428","22,016",volgograd
Kotovo,Котово,City,Kotovskij Rajon,"26,763","24,115","21,028",volgograd
Krasnoslobodsk,Краснослободск,City,Sredneachtubinskij Rajon,"14,359","15,998","16,545",volgograd
Krasnyj Jar [Krasny Yar],Красный Яр,Urban Settlement,Žirnovskij Rajon,"7,710","6,992","5,738",volgograd
Kumylženskaja [Kumylzhenskaya],Кумылженская,Stanitsa,Kumylženskij Rajon,"8,043","7,953","7,342",volgograd
Leninsk,Ленинск,City,Leninskij Rajon,"14,866","15,504","13,391",volgograd
Linëvo,Линёво,Urban Settlement,Žirnovskij Rajon,"6,697","6,037","5,421",volgograd
Log,Лог,Village,Ilovlinskij Rajon,"3,687","3,748","3,687",volgograd
Medvedickij [Medveditsky],Медведицкий,Urban Settlement,Žirnovskij Rajon,"1,472","1,298","1,023",volgograd
Michajlovka [Mikhaylovka],Михайловка,City,Michajlovka,"60,034","59,132","56,031",volgograd
Nechajevskaja [Nekhayevskaya],Нехаевская,Stanitsa,Nechajevskij Rajon,"4,704","4,679","4,050",volgograd
Nikolajevsk [Nikolayevsk],Николаевск,City,Nikolajevskij Rajon,"16,125","15,075","13,460",volgograd
Nižnij Čir [Nizhny Chir],Нижний Чир,Stanitsa,Surovikinskij Rajon,"4,754","4,038","3,220",volgograd
Novoanninskij [Novoanninsky],Новоаннинский,City,Novoanninskij Rajon,"19,472","17,912","15,351",volgograd
Novonikolajevskij [Novonikolayevsky],Новониколаевский,Urban Settlement,Novonikolajevskij Rajon,"10,228","9,931","9,059",volgograd
Novyj Rogačik [Novy Rogachik],Новый Рогачик,Urban Settlement,Gorodiščenskij Rajon,"7,558","7,166","6,383",volgograd
Oktjabr'skij [Oktyabrsky],Октябрьский,Rural Settlement,Kalačëvskij Rajon,"4,487","3,489","3,752",volgograd
Oktjabr'skij [Oktyabrsky],Октябрьский,Urban Settlement,Oktjabr'skij Rajon,"6,863","6,157","6,071",volgograd
Ol'chovka [Olkhovka],Ольховка,Village,Ol'chovskij Rajon,"5,302","5,401","5,444",volgograd
Pallasovka,Палласовка,City,Pallasovskij Rajon,"17,163","16,081","14,966",volgograd
Petrov Val,Петров Вал,City,Kamyšinskij Rajon,"14,721","13,239","12,526",volgograd
Preobraženskaja [Preobrazhenskaya],Преображенская,Stanitsa,Kikvidzenskij Rajon,"5,463","5,533","4,889",volgograd
Primorsk,Приморск,Rural Settlement,Bykovskij Rajon,"3,228","3,159","3,081",volgograd
Rudnja [Rudnya],Рудня,Urban Settlement,Rudnjanskij Rajon,"8,044","7,387","6,086",volgograd
Savinka,Савинка,Village,Pallasovskij Rajon,"3,441","3,428","3,090",volgograd
Sebrovo,Себрово,Urban Settlement,Michajlovka,"4,486","4,935","4,820",volgograd
Serafimovič [Serafimovich],Серафимович,City,Serafimovičskij Rajon,"9,939","9,368","8,633",volgograd
Srednjaja Achtuba [Srednyaya Akhtuba],Средняя Ахтуба,Urban Settlement,Sredneachtubinskij Rajon,"13,856","14,431","14,241",volgograd
Staraja Poltavka [Staraya Poltavka],Старая Полтавка,Village,Staropoltavskij Rajon,"4,059","4,084","4,042",volgograd
Surovikino,Суровикино,City,Surovikinskij Rajon,"20,338","20,533","18,227",volgograd
Svetlyj Jar [Svetly Yar],Светлый Яр,Urban Settlement,Svetlojarskij Rajon,"13,102","12,537","11,322",volgograd
Urjupinsk [Uryupinsk],Урюпинск,City,Urjupinsk,"41,960","41,590","36,669",volgograd
Volgograd,Волгоград,City,Volgograd,"1,011,417","1,021,215","1,028,036",volgograd
Volžskij [Volzhsky],Волжский,City,Volžskij,"324,224","327,089","321,479",volgograd
Zaplavnoje [Zaplavnoye],Заплавное,Village,Leninskij Rajon,"3,685","3,734","3,741",volgograd
Žirnovsk [Zhirnovsk],Жирновск,City,Žirnovskij Rajon,"17,751","16,872","15,555",volgograd
Babajevo [Babayevo],Бабаево,City,Babajevskij Rajon,"12,604","12,073","11,739",vologda
Belozersk,Белозерск,City,Belozerskij Rajon,"10,975","9,616","8,375",vologda
Čagoda [Chagoda],Чагода,Urban Settlement,Čagodoščenskij Rajon,"7,432","6,920","5,693",vologda
Čerepovec [Cherepovets],Череповец,City,Čerepovec,"311,869","312,310","305,185",vologda
Charovsk [Kharovsk],Харовск,City,Charovskij Rajon,"11,460","10,079","8,389",vologda
Chochlovo [Khokhlovo],Хохлово,Urban Settlement,Kadujskij Rajon,"2,527","2,509","2,120",vologda
Fedotovo,Федотово,Rural Settlement,Vologodskij Rajon,"4,823","5,276","4,228",vologda
Grjazovec [Gryazovets],Грязовец,City,Grjazoveckij Rajon,"16,172","15,528","14,505",vologda
Imeni Babuškina [Imeni Babushkina],имени Бабушкина,Village,Babuškinskij Rajon,"4,105","4,035","3,842",vologda
Kadnikov,Кадников,City,Sokol'skij Rajon,"5,362","4,796","4,106",vologda
Kaduj [Kaduy],Кадуй,Urban Settlement,Kadujskij Rajon,"11,798","11,284","11,343",vologda
Kičmengskij Gorodok [Kichmengsky Gorodok],Кичменгский Городок,Village,Kičmengsko-Gorodeckij Rajon,"6,754","6,443","6,103",vologda
Kirillov,Кириллов,City,Kirillovskij Rajon,"8,229","7,728","7,149",vologda
Krasavino,Красавино,City,Velikoustjugskij Rajon,"8,211","7,003","5,601",vologda
Kuzino,Кузино,Urban Settlement,Velikoustjugskij Rajon,"1,451","1,131",869,vologda
Lipin Bor,Липин Бор,Village,Vaškinskij Rajon,"3,845","3,672","3,364",vologda
Moločnoje [Molochnoye],Молочное,Village,Vologda,"8,587","7,535","6,622",vologda
Nikol'sk [Nikolsk],Никольск,City,Nikol'skij Rajon,"8,649","8,511","7,661",vologda
Njuksenica [Nyuksenitsa],Нюксеница,Village,Njuksenskij Rajon,"4,407","4,271","4,333",vologda
Sazonovo,Сазоново,Urban Settlement,Čagodoščenskij Rajon,"3,578","3,226","2,710",vologda
Šeksna [Sheksna],Шексна,Urban Settlement,Šeksninskij Rajon,"21,615","20,953","16,246",vologda
Sjamža [Syamzha],Сямжа,Village,Sjamženskij Rajon,"3,932","3,950","3,967",vologda
Sokol,Сокол,City,Sokol'skij Rajon,"43,042","38,452","34,742",vologda
Suda,Суда,Rural Settlement,Čerepoveckij Rajon,"5,692","5,890","5,596",vologda
Tarnogskij Gorodok [Tarnogsky Gorodok],Тарногский Городок,Village,Tarnogskij Rajon,"5,539","5,368","4,927",vologda
Tonšalovo [Tonshalovo],Тоншалово,Rural Settlement,Čerepoveckij Rajon,"4,102","4,514","4,120",vologda
Tot'ma [Totma],Тотьма,City,Totemskij Rajon,"10,531","9,785","8,669",vologda
Ustje [Ustye],Устье,Village,Ust'-Kubinskij Rajon,"4,148","3,938","4,176",vologda
Ustjužna [Ustyuzhna],Устюжна,City,Ustjuženskij Rajon,"10,507","9,501","7,843",vologda
Velikij Ustjug [Veliky Ustyug],Великий Устюг,City,Velikoustjugskij Rajon,"33,419","31,665","28,670",vologda
Verchovažje [Verkhovazhye],Верховажье,Village,Verchovažskij Rajon,"5,206","5,025","4,843",vologda
Vochtoga [Vokhtoga],Вохтога,Urban Settlement,Grjazoveckij Rajon,"7,247","6,375","5,513",vologda
Vologda,Вологда,City,Vologda,"293,046","301,755","313,944",vologda
Vožega [Vozhega],Вожега,Urban Settlement,Vožegodskij Rajon,"6,835","6,725","6,119",vologda
Vytegra,Вытегра,City,Vytegorskij Rajon,"11,400","10,488","10,386",vologda
1-go Otdelenija Sovchoza «Maslovskij» [1st Otdeleniya Sovkhoza »Maslovsky«],1-го отделения совхоза «Масловский»,Rural Settlement,Novousmanskij Rajon,"3,484","3,742","3,827",voronezh
Anna,Анна,Urban Settlement,Anninskij Rajon,"19,416","18,032","15,316",voronezh
Babjakovo [Babyakovo],Бабяково,Village,Novousmanskij Rajon,"2,452","2,678","3,311",voronezh
Bobrov,Бобров,City,Bobrovskij Rajon,"20,806","19,738","20,871",voronezh
Bogučar [Boguchar],Богучар,City,Bogučarskij Rajon,"13,756","11,811","14,370",voronezh
Borisoglebsk,Борисоглебск,City,Borisoglebskij,"69,392","65,585","60,687",voronezh
Buturlinovka,Бутурлиновка,City,Buturlinovskij Rajon,"28,627","27,208","24,397",voronezh
Chochol [Khokhol],Хохол,Village,Chochol'skij Rajon,"4,944","4,512","4,215",voronezh
Chochol'skij [Khokholsky],Хохольский,Urban Settlement,Chochol'skij Rajon,"7,885","7,510","7,954",voronezh
Chrenovoje [Khrenovoye],Хреновое,Village,Bobrovskij Rajon,"5,553","4,875","4,825",voronezh
Davydovka,Давыдовка,Urban Settlement,Liskinskij Rajon,"5,923","5,633","5,167",voronezh
Devica [Devitsa],Девица,Village,Semilukskij Rajon,"4,451","4,562","5,219",voronezh
Drakino,Дракино,Village,Liskinskij Rajon,"3,114","3,253","3,080",voronezh
Èrtil' [Ertil],Эртиль,City,Èrtil'skij Rajon,"12,885","11,387","10,024",voronezh
Gremjačje [Gremyachye],Гремячье,Village,Chochol'skij Rajon,"3,430","3,373","3,441",voronezh
Gribanovskij [Gribanovsky],Грибановский,Urban Settlement,Gribanovskij Rajon,"17,461","15,686","14,830",voronezh
Jamnoje [Yamnoye],Ямное,Village,Ramonskij Rajon,"1,853","2,309","6,062",voronezh
Jelan'-Koleno [Yelan-Koleno],Елань-Колено,Village,Novochopërskij Rajon,"5,344","4,689","4,365",voronezh
Jelan'-Kolenovskij [Yelan-Kolenovsky],Елань-Коленовский,Urban Settlement,Novochopërskij Rajon,"4,170","3,916","3,274",voronezh
Kalač [Kalach],Калач,City,Kalačejevskij Rajon,"20,950","20,046","17,624",voronezh
Kamenka,Каменка,Urban Settlement,Kamenskij Rajon,"9,583","9,192","8,057",voronezh
Kantemirovka,Кантемировка,Urban Settlement,Kantemirovskij Rajon,"12,949","11,943","10,715",voronezh
Kaširskoje [Kashirskoye],Каширское,Village,Kaširskij Rajon,"4,628","4,342","4,166",voronezh
Kolodeznyj [Kolodezny],Колодезный,Rural Settlement,Kaširskij Rajon,"5,939","5,736","5,253",voronezh
Latnaja [Latnaya],Латная,Urban Settlement,Semilukskij Rajon,"7,333","7,528","7,285",voronezh
Liski,Лиски,City,Liskinskij Rajon,"55,893","55,864","54,147",voronezh
Losevo,Лосево,Village,Pavlovskij Rajon,"4,539","4,398","3,959",voronezh
Mitrofanovka,Митрофановка,Village,Kantemirovskij Rajon,"5,722","5,395","4,838",voronezh
Nižnedevick [Nizhnedevitsk],Нижнедевицк,Village,Nižnedevickij Rajon,"6,409","5,839","5,460",voronezh
Nižnij Kisljaj [Nizhny Kislyay],Нижний Кисляй,Urban Settlement,Buturlinovskij Rajon,"4,456","3,967","3,156",voronezh
Nižnij Mamon [Nizhny Mamon],Нижний Мамон,Village,Verchnemamonskij Rajon,"3,969","3,801","3,464",voronezh
Novaja Usman' [Novaya Usman],Новая Усмань,Village,Novousmanskij Rajon,"22,476","29,270","36,540",voronezh
Novochopërsk [Novokhopyorsk],Новохопёрск,City,Novochopërskij Rajon,"7,640","6,849","5,948",voronezh
Novochopërskij [Novokhopyorsky],Новохопёрский,Urban Settlement,Novochopërskij Rajon,"7,774","7,480","7,809",voronezh
Novovoronež [Novovoronezh],Нововоронеж,City,Novovoronež,"36,961","32,635","30,658",voronezh
Ol'chovatka [Olkhovatka],Ольховатка,Urban Settlement,Ol'chovatskij Rajon,"4,424","3,806","3,276",voronezh
Orlovo,Орлово,Village,Novousmanskij Rajon,"4,104","4,116","4,354",voronezh
Ostrogožsk [Ostrogozhsk],Острогожск,City,Ostrogožskij Rajon,"34,585","33,842","31,699",voronezh
Otradnoje [Otradnoye],Отрадное,Rural Settlement,Novousmanskij Rajon,"3,260","4,581","9,709",voronezh
Panino,Панино,Urban Settlement,Paninskij Rajon,"7,264","6,672","5,995",voronezh
Pavlovsk,Павловск,City,Pavlovskij Rajon,"26,365","25,126","22,384",voronezh
Perelëšinskij [Perelyoshinsky],Перелёшинский,Urban Settlement,Paninskij Rajon,"3,303","3,122","2,577",voronezh
Peski,Пески,Village,Povorinskij Rajon,"7,331","6,953","6,625",voronezh
Petropavlovka,Петропавловка,Village,Petropavlovskij Rajon,"5,546","5,250","4,819",voronezh
Podgorenskij [Podgorensky],Подгоренский,Urban Settlement,Podgorenskij Rajon,"6,745","6,136","5,732",voronezh
Podgornoje [Podgornoye],Подгорное,Sloboda,Podgorenskij Rajon,"3,880","3,785","3,483",voronezh
Povorino,Поворино,City,Povorinskij Rajon,"18,342","17,692","16,417",voronezh
Prigorodnyj [Prigorodny],Пригородный,Rural Settlement,Kalačejevskij Rajon,"4,031","4,163","3,437",voronezh
Ramon',Рамонь,Urban Settlement,Ramonskij Rajon,"8,039","8,354","8,500",voronezh
Rep'ëvka [Repyovka],Репьёвка,Village,Rep'ëvskij Rajon,"5,905","5,332","5,401",voronezh
Rossoš' [Rossosh],Россошь,City,Rossošanskij Rajon,"62,923","62,865","60,879",voronezh
Sadovoje [Sadovoye],Садовое,Village,Anninskij Rajon,"5,081","4,298","3,650",voronezh
Semiluki,Семилуки,City,Semilukskij Rajon,"25,559","26,023","27,938",voronezh
Sloboda,Слобода,Village,Bobrovskij Rajon,"3,568","3,686","3,919",voronezh
Srednij Ikorec [Sredny Ikorets],Средний Икорец,Village,Liskinskij Rajon,"3,319","4,946","4,411",voronezh
Strelica [Strelitsa],Стрелица,Urban Settlement,Semilukskij Rajon,"4,828","3,937","4,008",voronezh
Talovaja [Talovaya],Таловая,Urban Settlement,Talovskij Rajon,"13,554","12,219","11,136",voronezh
Ternovka,Терновка,Village,Ternovskij Rajon,"4,769","5,671","4,977",voronezh
Ugljanec [Uglyanets],Углянец,Village,Verchnechavskij Rajon,"3,698","3,658","4,151",voronezh
Verchnij Mamon [Verkhny Mamon],Верхний Мамон,Village,Verchnemamonskij Rajon,"8,394","8,561","7,505",voronezh
Verchnjaja Chava [Verkhnyaya Khava],Верхняя Хава,Village,Verchnechavskij Rajon,"7,980","8,154","7,344",voronezh
Volja [Volya],Воля,Rural Settlement,Novousmanskij Rajon,"7,979","7,803","7,697",voronezh
Vorob'ëvka [Vorobyovka],Воробьёвка,Village,Vorob'ëvskij Rajon,"4,482","4,103","3,662",voronezh
Voroncovka [Vorontsovka],Воронцовка,Village,Pavlovskij Rajon,"5,138","5,166","4,970",voronezh
Voronež [Voronezh],Воронеж,City,Voronež,"928,410","975,373","1,057,681",voronezh
Zabrody,Заброды,Village,Kalačejevskij Rajon,"9,038","9,222","8,626",voronezh
Zemljansk [Zemlyansk],Землянск,Village,Semilukskij Rajon,"3,155","3,043","3,276",voronezh
Aginskoje [Aginskoye],Агинское,Urban Settlement,Aginskoje,"11,717","15,596","16,511",zabaykalsky
Akša [Aksha],Акша,Village,Akšinskij Rajon,"4,129","3,941","3,620",zabaykalsky
Aksënovo-Zilovskoje [Aksyonovo-Zilovskoye],Аксёново-Зиловское,Urban Settlement,Černyševskij Rajon,"4,283","3,443","2,746",zabaykalsky
Amazar,Амазар,Urban Settlement,Mogočinskij Rajon,"2,641","2,374","1,959",zabaykalsky
Atamanovka,Атамановка,Urban Settlement,Čitinskij Rajon,"9,463","10,381","11,014",zabaykalsky
Bada,Бада,Village,Chilokskij Rajon,"5,382","4,687","3,524",zabaykalsky
Balej [Baley],Балей,City,Balejskij Rajon,"14,797","12,533","10,286",zabaykalsky
Borzja [Borzya],Борзя,City,Borzinskij Rajon,"31,460","31,379","29,596",zabaykalsky
Bukačača [Bukachacha],Букачача,Urban Settlement,Černyševskij Rajon,"3,525","2,359","1,348",zabaykalsky
Černyševsk [Chernyshevsk],Чернышевск,Urban Settlement,Černyševskij Rajon,"13,031","13,359","13,670",zabaykalsky
Chilok [Khilok],Хилок,City,Chilokskij Rajon,"11,152","11,539","9,948",zabaykalsky
Cholbon [Kholbon],Холбон,Urban Settlement,Šilkinskij Rajon,"2,652","2,611","1,982",zabaykalsky
Čita [Chita],Чита,City,Čita,"316,643","324,444","334,427",zabaykalsky
Darasun,Дарасун,Urban Settlement,Karymskij Rajon,"8,106","7,325","6,352",zabaykalsky
Davenda,Давенда,Urban Settlement,Mogočinskij Rajon,"1,022",812,583,zabaykalsky
Domna,Домна,Village,Čitinskij Rajon,"6,874","6,686","6,078",zabaykalsky
Drovjanaja [Drovyanaya],Дровяная,Urban Settlement,Ulëtovskij Rajon,"3,230","2,871","2,971",zabaykalsky
Dul'durga [Duldurga],Дульдурга,Village,Dul'durginskij Rajon,"6,382","6,651","6,869",zabaykalsky
Gornyj [Gorny],Горный,Urban Settlement,Gornyj,"9,761","12,341","7,565",zabaykalsky
Itaka,Итака,Urban Settlement,Mogočinskij Rajon,451,356,183,zabaykalsky
Jasnogorsk [Yasnogorsk],Ясногорск,Urban Settlement,Olovjanninskij Rajon,"9,747","8,873","8,493",zabaykalsky
Kalanguj [Kalanguy],Калангуй,Urban Settlement,Olovjanninskij Rajon,"2,800","2,112","1,302",zabaykalsky
Karymskoje [Karymskoye],Карымское,Urban Settlement,Karymskij Rajon,"12,440","13,037","12,124",zabaykalsky
Klička [Klichka],Кличка,Urban Settlement,Priargunskij Rajon,"2,628","1,786","1,134",zabaykalsky
Ključevskij [Klyuchevsky],Ключевский,Urban Settlement,Mogočinskij Rajon,"1,694","1,356",934,zabaykalsky
Kokuj [Kokuy],Кокуй,Urban Settlement,Sretenskij Rajon,"8,119","7,179","5,402",zabaykalsky
Krasnokamensk,Краснокаменск,City,Krasnokamenskij Rajon,"55,920","55,666","51,137",zabaykalsky
Krasnyj Čikoj [Krasny Chikoy],Красный Чикой,Village,Krasnočikojskij Rajon,"7,133","7,063","6,451",zabaykalsky
Ksenjevka [Ksenyevka],Ксеньевка,Urban Settlement,Mogočinskij Rajon,"3,496","2,980","2,431",zabaykalsky
Kurort Darasun,Курорт Дарасун,Urban Settlement,Karymskij Rajon,"3,423","3,120","2,622",zabaykalsky
Kyra,Кыра,Village,Kyrinskij Rajon,"4,654","4,563","3,820",zabaykalsky
Makkavejevo [Makkaveyevo],Маккавеево,Village,Čitinskij Rajon,"4,100","4,145","4,991",zabaykalsky
Mogoča [Mogocha],Могоча,City,Mogočinskij Rajon,"13,282","13,258","12,390",zabaykalsky
Mogojtuj [Mogoytuy],Могойтуй,Urban Settlement,Mogojtujskij Rajon,"8,586","10,231","10,809",zabaykalsky
Mogzon,Могзон,Urban Settlement,Chilokskij Rajon,"4,455","3,856","2,894",zabaykalsky
Nerčinsk [Nerchinsk],Нерчинск,City,Nerčinskij Rajon,"15,748","14,959","15,290",zabaykalsky
Nižnij Casučej [Nizhny Tsasuchey],Нижний Цасучей,Village,Ononskij Rajon,"3,427","3,363","3,022",zabaykalsky
Novaja Čara [Novaya Chara],Новая Чара,Urban Settlement,Kalarskij Rajon,"4,693","4,315","4,238",zabaykalsky
Novokručininskij [Novokruchininsky],Новокручининский,Urban Settlement,Čitinskij Rajon,"9,817","10,166","8,917",zabaykalsky
Novoorlovsk,Новоорловск,Urban Settlement,Aginskij Rajon,"2,859","3,110","3,084",zabaykalsky
Novopavlovka,Новопавловка,Urban Settlement,Petrovsk-Zabajkal'skij Rajon,"4,288","3,941","2,836",zabaykalsky
Olovjannaja [Olovyannaya],Оловянная,Urban Settlement,Olovjanninskij Rajon,"8,621","8,406","7,646",zabaykalsky
Orlovskij [Orlovsky],Орловский,Urban Settlement,Aginskij Rajon,"2,348","2,194","1,826",zabaykalsky
Pervomajskij [Pervomaysky],Первомайский,Urban Settlement,Šilkinskij Rajon,"13,098","12,154","11,112",zabaykalsky
Petrovsk-Zabajkal'skij [Petrovsk-Zabaykalsky],Петровск-Забайкальский,City,Petrovsk-Zabajkal'skij,"21,164","18,549","15,015",zabaykalsky
Priargunsk,Приаргунск,Urban Settlement,Priargunskij Rajon,"8,260","7,388","7,068",zabaykalsky
Priiskovyj [Priiskovy],Приисковый,Urban Settlement,Nerčinskij Rajon,"1,649","1,520","1,459",zabaykalsky
Šerlovaja Gora [Sherlovaya Gora],Шерловая Гора,Urban Settlement,Borzinskij Rajon,"14,623","12,489","10,335",zabaykalsky
Šilka [Shilka],Шилка,City,Šilkinskij Rajon,"14,748","13,947","12,046",zabaykalsky
Smolenka,Смоленка,Village,Čitinskij Rajon,"3,066","4,243","10,429",zabaykalsky
Sretensk,Сретенск,City,Sretenskij Rajon,"8,192","6,850","6,093",zabaykalsky
Stancii Jasnaja [Station Yasnaya],станции Ясная,Rural Settlement,Olovjanninskij Rajon,"7,516","7,785","4,723",zabaykalsky
Ulëty [Ulyoty],Улёты,Village,Ulëtovskij Rajon,"6,350","6,061","6,557",zabaykalsky
Urul'ga [Urulga],Урульга,Village,Karymskij Rajon,"3,247","3,150","3,535",zabaykalsky
Ust'-Karsk [Ust-Karsk],Усть-Карск,Urban Settlement,Sretenskij Rajon,"2,035","1,899","1,525",zabaykalsky
Veršino-Darasunskij [Vershino-Darasunsky],Вершино-Дарасунский,Urban Settlement,Tungokočenskij Rajon,"6,743","5,946","4,981",zabaykalsky
Zabajkal'sk [Zabaykalsk],Забайкальск,Urban Settlement,Zabajkal'skij Rajon,"10,210","11,769","13,445",zabaykalsky
Zasopka,Засопка,Village,Čitinskij Rajon,"2,011","3,599","5,504",zabaykalsky
Žireken [Zhireken],Жирекен,Urban Settlement,Černyševskij Rajon,"3,937","4,565","3,439",zabaykalsky
Zolotorečensk [Zolotorechensk],Золотореченск,Urban Settlement,Olovjanninskij Rajon,"2,033","1,442","1,024",zabaykalsky
