Name,country,population,Oblast,date
Abadzechskaja [Abadzekhskaya],russia,3623,adygeja,2010-10-04
Adygejsk [Adygeysk],russia,12237,adygeja,2010-10-04
Blečepsin [Blechepsin],russia,3148,adygeja,2010-10-04
Chakurinochabl' [Khakurinokhabl],russia,4038,adygeja,2010-10-04
Chanskaja [Khanskaya],russia,11245,adygeja,2010-10-04
Chatukaj [Khatukay],russia,4911,adygeja,2010-10-04
Dondukovskaja [Dondukovskaya],russia,6603,adygeja,2010-10-04
Ènem [Enem],russia,17890,adygeja,2010-10-04
Gaverdovskij [Gaverdovsky],russia,3625,adygeja,2010-10-04
Giaginskaja [Giaginskaya],russia,14121,adygeja,2010-10-04
Jablonovskij [Yablonovsky],russia,26171,adygeja,2010-10-04
Kamennomostskij [Kamennomostsky],russia,7213,adygeja,2010-10-04
Kelermesskaja [Kelermesskaya],russia,2749,adygeja,2010-10-04
Košechabl' [Koshekhabl],russia,7239,adygeja,2010-10-04
Krasnogvardejskoje [Krasnogvardeyskoye],russia,9459,adygeja,2010-10-04
Krasnooktjabr'skij [Krasnooktyabrsky],russia,5875,adygeja,2010-10-04
Kužorskaja [Kuzhorskaya],russia,3531,adygeja,2010-10-04
Majkop [Maykop],russia,144249,adygeja,2010-10-04
Natyrbovo,russia,3027,adygeja,2010-10-04
Novaja Adygeja [Novaya Adygeya],russia,2051,adygeja,2010-10-04
Ponežukaj [Ponezhukay],russia,3456,adygeja,2010-10-04
Severo-Vostočnyje Sady [Severo-Vostochnye Sady],russia,3393,adygeja,2010-10-04
Tachtamukaj [Takhtamukay],russia,5214,adygeja,2010-10-04
Tljustenchabl' [Tlyustenkhabl],russia,5403,adygeja,2010-10-04
Tul'skij [Tulsky],russia,10732,adygeja,2010-10-04
Vol'noje [Volnoye],russia,3679,adygeja,2010-10-04
Zapadnyj [Zapadny],russia,3163,adygeja,2010-10-04
Čemal [Chemal],russia,3602,altaj,2010-10-04
Gorno-Altajsk [Gorno-Altaysk],russia,56933,altaj,2010-10-04
Koš-Agač [Kosh-Agach],russia,7900,altaj,2010-10-04
Kyzyl-Ozëk [Kyzyl-Ozyok],russia,4052,altaj,2010-10-04
Majma [Mayma],russia,16174,altaj,2010-10-04
Ongudaj [Onguday],russia,5655,altaj,2010-10-04
Šebalino [Shebalino],russia,4924,altaj,2010-10-04
Turočak [Turochak],russia,5582,altaj,2010-10-04
Ulagan,russia,3222,altaj,2010-10-04
Ust'-Kan [Ust-Kan],russia,4123,altaj,2010-10-04
Ust'-Koksa [Ust-Koksa],russia,4373,altaj,2010-10-04
Alejsk [Aleysk],russia,29510,altajkrai,2010-10-04
Altajskoje [Altayskoye],russia,13713,altajkrai,2010-10-04
Bajevo [Bayevo],russia,4707,altajkrai,2010-10-04
Barnaul,russia,612401,altajkrai,2010-10-04
Bel'mesëvo [Belmesyovo],russia,1459,altajkrai,2010-10-04
Belokuricha [Belokurikha],russia,14661,altajkrai,2010-10-04
Berëzovka [Beryozovka],russia,4588,altajkrai,2010-10-04
Bijsk [Biysk],russia,210115,altajkrai,2010-10-04
Blagoveščenka [Blagoveshchenka],russia,11626,altajkrai,2010-10-04
Bobrovka,russia,3079,altajkrai,2010-10-04
Borovicha [Borovikha],russia,7037,altajkrai,2010-10-04
Burla,russia,4304,altajkrai,2010-10-04
Celinnoje [Tselinnoye],russia,5276,altajkrai,2010-10-04
Central'nyj [Tsentralny],russia,1955,altajkrai,2010-10-04
Čerëmnoje [Cheryomnoye],russia,4454,altajkrai,2010-10-04
Chabary [Khabary],russia,5552,altajkrai,2010-10-04
Gornjak [Gornyak],russia,13918,altajkrai,2010-10-04
Jarovoje [Yarovoye],russia,18604,altajkrai,2010-10-04
Južnyj [Yuzhny],russia,19233,altajkrai,2010-10-04
Kamen'-na-Obi [Kamen-na-Obi],russia,43888,altajkrai,2010-10-04
Kazënnaja Zaimka [Kazyonnaya Zaimka],russia,2332,altajkrai,2010-10-04
Ključi [Klyuchi],russia,8892,altajkrai,2010-10-04
Kosicha [Kosikha],russia,5229,altajkrai,2010-10-04
Krasnogorskoje [Krasnogorskoye],russia,5993,altajkrai,2010-10-04
Krasnoščëkovo [Krasnoshchyokovo],russia,5078,altajkrai,2010-10-04
Kruticha [Krutikha],russia,3804,altajkrai,2010-10-04
Kulunda,russia,14527,altajkrai,2010-10-04
Kur'ja [Kurya],russia,3835,altajkrai,2010-10-04
Kytmanovo,russia,3873,altajkrai,2010-10-04
Lebjažje [Lebyazhye],russia,5199,altajkrai,2010-10-04
Lesnoj [Lesnoy],russia,1514,altajkrai,2010-10-04
Malinovoje Ozero [Malinovoye Ozero],russia,3586,altajkrai,2010-10-04
Mamontovo,russia,8784,altajkrai,2010-10-04
Michajlovskoje [Mikhaylovskoye],russia,11020,altajkrai,2010-10-04
Nagornyj [Nagorny],russia,7542,altajkrai,2010-10-04
Nalobicha [Nalobikha],russia,4273,altajkrai,2010-10-04
Novičicha [Novichikha],russia,4284,altajkrai,2010-10-04
Novoaltajsk [Novoaltaysk],russia,70437,altajkrai,2010-10-04
Novojegorjevskoje [Novoyegoryevskoye],russia,5794,altajkrai,2010-10-04
Novyje Zori [Novye Zori],russia,3269,altajkrai,2010-10-04
Ozërki [Ozyorki],russia,5082,altajkrai,2010-10-04
Pankrušicha [Pankrushikha],russia,4916,altajkrai,2010-10-04
Pavlovsk,russia,14533,altajkrai,2010-10-04
Pervomajskoje [Pervomayskoye],russia,5303,altajkrai,2010-10-04
Pervomajskoje [Pervomayskoye],russia,4796,altajkrai,2010-10-04
Pospelicha [Pospelikha],russia,12496,altajkrai,2010-10-04
Rebricha [Rebrikha],russia,8468,altajkrai,2010-10-04
Rodino,russia,8597,altajkrai,2010-10-04
Romanovo,russia,5624,altajkrai,2010-10-04
Rubcovsk [Rubtsovsk],russia,147002,altajkrai,2010-10-04
Sannikovo,russia,2609,altajkrai,2010-10-04
Šelabolicha [Shelabolikha],russia,4006,altajkrai,2010-10-04
Sibirskij [Sibirsky],russia,11306,altajkrai,2010-10-04
Šipunovo [Shipunovo],russia,12127,altajkrai,2010-10-04
Slavgorod,russia,32389,altajkrai,2010-10-04
Slavgorodskoje [Slavgorodskoye],russia,3524,altajkrai,2010-10-04
Smolenskoje [Smolenskoye],russia,8985,altajkrai,2010-10-04
Solonešnoje [Soloneshnoye],russia,4441,altajkrai,2010-10-04
Sovetskoje [Sovetskoye],russia,5233,altajkrai,2010-10-04
Staroalejskoje [Staroaleyskoye],russia,4769,altajkrai,2010-10-04
Stepnoje Ozero [Stepnoye Ozero],russia,6672,altajkrai,2010-10-04
Tabuny,russia,3876,altajkrai,2010-10-04
Tal'menka [Talmenka],russia,18814,altajkrai,2010-10-04
Tjumencevo [Tyumentsevo],russia,5576,altajkrai,2010-10-04
Togul,russia,4349,altajkrai,2010-10-04
Topčicha [Topchikha],russia,8815,altajkrai,2010-10-04
Troickoje [Troitskoye],russia,10033,altajkrai,2010-10-04
Uglovskoje [Uglovskoye],russia,4368,altajkrai,2010-10-04
Ust'-Čaryšskaja Pristan' [Ust-Charyshskaya Pristan],russia,5023,altajkrai,2010-10-04
Ust'-Kalmanka [Ust-Kalmanka],russia,6371,altajkrai,2010-10-04
Vesëlojarsk [Vesyoloyarsk],russia,4799,altajkrai,2010-10-04
Vlasicha [Vlasikha],russia,9160,altajkrai,2010-10-04
Volčicha [Volchikha],russia,10396,altajkrai,2010-10-04
Zalesovo,russia,7290,altajkrai,2010-10-04
Zarinsk,russia,48461,altajkrai,2010-10-04
Zav'jalovo [Zavyalovo],russia,6928,altajkrai,2010-10-04
Zmeinogorsk,russia,10955,altajkrai,2010-10-04
Zonal'noje [Zonalnoye],russia,3402,altajkrai,2010-10-04
Zudilovo,russia,4025,altajkrai,2010-10-04
Archara [Arkhara],russia,9585,amur,2010-10-04
Belogorje [Belogorye],russia,2893,amur,2010-10-04
Belogorsk,russia,68249,amur,2010-10-04
Blagoveščensk [Blagoveshchensk],russia,214390,amur,2010-10-04
Bureja [Bureya],russia,4833,amur,2010-10-04
Čigiri [Chigiri],russia,4299,amur,2010-10-04
"Ciolkovskij [Tsiolkovsky, Uglegorsk]",russia,5892,amur,2010-10-04
Èkimčan [Ekimchan],russia,1212,amur,2010-10-04
Fevral'sk [Fevralsk],russia,5128,amur,2010-10-04
Ivanovka,russia,6617,amur,2010-10-04
Jekaterinoslavka [Yekaterinoslavka],russia,9723,amur,2010-10-04
Jerofej Pavlovič [Yerofey Pavlovich],russia,5164,amur,2010-10-04
Konstantinovka,russia,5329,amur,2010-10-04
Magdagači [Magdagachi],russia,10897,amur,2010-10-04
Novoburejskij [Novobureysky],russia,8344,amur,2010-10-04
Novokijevskij Uval [Novokiyevsky Uval],russia,4315,amur,2010-10-04
Novorajčichinsk [Novoraychikhinsk],russia,2143,amur,2010-10-04
Pojarkovo [Poyarkovo],russia,6952,amur,2010-10-04
Progress,russia,11156,amur,2010-10-04
Rajčichinsk [Raychikhinsk],russia,20534,amur,2010-10-04
Seryševo [Seryshevo],russia,10816,amur,2010-10-04
Šimanovsk [Shimanovsk],russia,19815,amur,2010-10-04
Sivaki,russia,2056,amur,2010-10-04
Skovorodino,russia,9564,amur,2010-10-04
Srednebelaja [Srednebelaya],russia,4027,amur,2010-10-04
Svobodnyj [Svobodny],russia,58778,amur,2010-10-04
Talakan,russia,5176,amur,2010-10-04
Tambovka,russia,7613,amur,2010-10-04
Tokur,russia,1091,amur,2010-10-04
Tynda,russia,36275,amur,2010-10-04
Uruša [Urusha],russia,3777,amur,2010-10-04
Ušumun [Ushumun],russia,2390,amur,2010-10-04
Vozžajevka [Vozzhayevka],russia,6027,amur,2010-10-04
Zavitinsk,russia,11481,amur,2010-10-04
Zeja [Zeya],russia,24986,amur,2010-10-04
Amderma,russia,541,archangelsk,2010-10-04
Archangel'sk [Arkhangelsk],russia,348783,archangelsk,2010-10-04
Beluš'ja Guba [Belushya Guba],russia,1972,archangelsk,2010-10-04
Bereznik,russia,6018,archangelsk,2010-10-04
Cholmogory [Kholmogory],russia,4150,archangelsk,2010-10-04
Iskatelej [Iskateley],russia,6881,archangelsk,2010-10-04
Jarensk [Yarensk],russia,3660,archangelsk,2010-10-04
Kargopol',russia,10214,archangelsk,2010-10-04
Karpogory,russia,4443,archangelsk,2010-10-04
Katunino,russia,3443,archangelsk,2010-10-04
Konoša [Konosha],russia,12432,archangelsk,2010-10-04
Korjažma [Koryazhma],russia,39641,archangelsk,2010-10-04
Kotlas,russia,60562,archangelsk,2010-10-04
Krasnoborsk,russia,4771,archangelsk,2010-10-04
Kuloj [Kuloy],russia,5946,archangelsk,2010-10-04
Lešukonskoje [Leshukonskoye],russia,4406,archangelsk,2010-10-04
Malošujka [Maloshuyka],russia,2886,archangelsk,2010-10-04
Mezen',russia,3575,archangelsk,2010-10-04
Mirnyj [Mirny],russia,30280,archangelsk,2010-10-04
Nar'jan-Mar [Naryan-Mar],russia,21658,archangelsk,2010-10-04
Njandoma [Nyandoma],russia,22356,archangelsk,2010-10-04
Novodvinsk,russia,40615,archangelsk,2010-10-04
Obozerskij [Obozersky],russia,3620,archangelsk,2010-10-04
Oktjabr'skij [Oktyabrsky],russia,9307,archangelsk,2010-10-04
Onega,russia,21359,archangelsk,2010-10-04
Pleseck [Plesetsk],russia,11037,archangelsk,2010-10-04
Privodino,russia,3161,archangelsk,2010-10-04
Savinskij [Savinsky],russia,7661,archangelsk,2010-10-04
Šenkursk [Shenkursk],russia,5702,archangelsk,2010-10-04
Severodvinsk,russia,192353,archangelsk,2010-10-04
Severoonežsk [Severoonezhsk],russia,5289,archangelsk,2010-10-04
Šipicyno [Shipitsyno],russia,3452,archangelsk,2010-10-04
Sol'vyčegodsk [Solvychegodsk],russia,2460,archangelsk,2010-10-04
Ujemskij [Uyemsky],russia,3742,archangelsk,2010-10-04
Urdoma,russia,4577,archangelsk,2010-10-04
Vel'sk [Velsk],russia,23885,archangelsk,2010-10-04
Vyčegodskij [Vychegodsky],russia,12861,archangelsk,2010-10-04
Achtubinsk [Akhtubinsk],russia,41853,astrakhan,2010-10-04
Astrachan' [Astrakhan],russia,520339,astrakhan,2010-10-04
Čërnyj Jar [Chyorny Yar],russia,7779,astrakhan,2010-10-04
Charabali [Kharabali],russia,18117,astrakhan,2010-10-04
Ikrjanoje [Ikryanoye],russia,10036,astrakhan,2010-10-04
Il'inka [Ilyinka],russia,4650,astrakhan,2010-10-04
Jaksatovo [Yaksatovo],russia,3576,astrakhan,2010-10-04
Jandyki [Yandyki],russia,3135,astrakhan,2010-10-04
Jenotajevka [Yenotayevka],russia,7616,astrakhan,2010-10-04
Kamyzjak [Kamyzyak],russia,16314,astrakhan,2010-10-04
Kapustin Jar [Kapustin Yar],russia,5724,astrakhan,2010-10-04
Karagali,russia,2410,astrakhan,2010-10-04
Kilinči [Kilinchi],russia,3137,astrakhan,2010-10-04
Kirovskij [Kirovsky],russia,2249,astrakhan,2010-10-04
Kirpičnogo Zavoda № 1 [Kirpichnogo Zavoda № 1],russia,3041,astrakhan,2010-10-04
Krasnyje Barrikady [Krasnye Barrikady],russia,6488,astrakhan,2010-10-04
Krasnyj Jar [Krasny Yar],russia,11824,astrakhan,2010-10-04
Liman,russia,9024,astrakhan,2010-10-04
Načalovo [Nachalovo],russia,5451,astrakhan,2010-10-04
Narimanov,russia,11521,astrakhan,2010-10-04
Nikol'skoje [Nikolskoye],russia,5234,astrakhan,2010-10-04
Nižnij Baskunčak [Nizhny Baskunchak],russia,2789,astrakhan,2010-10-04
Obrazcovo-Travino [Obraztsovo-Travino],russia,2730,astrakhan,2010-10-04
Oranžerei [Oranzherei],russia,4473,astrakhan,2010-10-04
Osypnoj Bugor [Osypnoy Bugor],russia,3381,astrakhan,2010-10-04
Sasykoli,russia,5224,astrakhan,2010-10-04
Soljanka [Solyanka],russia,3738,astrakhan,2010-10-04
Starokučerganovka [Starokucherganovka],russia,6042,astrakhan,2010-10-04
Tri Protoka,russia,2569,astrakhan,2010-10-04
Verchnij Baskunčak [Verkhny Baskunchak],russia,8411,astrakhan,2010-10-04
Volgo-Kaspijskij [Volgo-Kaspysky],russia,2581,astrakhan,2010-10-04
Volodarskij [Volodarsky],russia,10005,astrakhan,2010-10-04
Volžskoje [Volzhskoye],russia,3133,astrakhan,2010-10-04
Znamensk,russia,29401,astrakhan,2010-10-04
Agidel',russia,16370,bashkortostan,2010-10-04
Akberdino,russia,1009,bashkortostan,2010-10-04
Ak''jar [Akayar],russia,6941,bashkortostan,2010-10-04
Aksakovo,russia,3131,bashkortostan,2010-10-04
Aleksejevka [Alexeyevka],russia,4611,bashkortostan,2010-10-04
Alkino-2,russia,4996,bashkortostan,2010-10-04
Amzja [Amzya],russia,4993,bashkortostan,2010-10-04
Archangel'skoje [Arkhangelskoye],russia,5819,bashkortostan,2010-10-04
Askarovo,russia,7634,bashkortostan,2010-10-04
Askino,russia,6918,bashkortostan,2010-10-04
Avdon,russia,5201,bashkortostan,2010-10-04
Bajmak [Baymak],russia,17710,bashkortostan,2010-10-04
Bakaly,russia,9568,bashkortostan,2010-10-04
Belebej [Belebey],russia,60188,bashkortostan,2010-10-04
Beloreck [Beloretsk],russia,68806,bashkortostan,2010-10-04
Birsk,russia,41635,bashkortostan,2010-10-04
Bižbuljak [Bizhbulyak],russia,6446,bashkortostan,2010-10-04
Blagoveščensk [Blagoveshchensk],russia,34239,bashkortostan,2010-10-04
Bol'šeust'ikinskoje [Bolsheustyikinskoye],russia,7839,bashkortostan,2010-10-04
Bulgakovo,russia,3591,bashkortostan,2010-10-04
Burajevo [Burayevo],russia,9522,bashkortostan,2010-10-04
Buribaj [Buribay],russia,4553,bashkortostan,2010-10-04
Buzdjak [Buzdyak],russia,10323,bashkortostan,2010-10-04
Čekmaguš [Chekmagush],russia,11382,bashkortostan,2010-10-04
Česnokovka [Chesnokovka],russia,3333,bashkortostan,2010-10-04
Čišmy [Chishmy],russia,21196,bashkortostan,2010-10-04
Davlekanovo,russia,24073,bashkortostan,2010-10-04
Djurtjuli [Dyurtyuli],russia,31274,bashkortostan,2010-10-04
Dmitrijevka [Dmitriyevka],russia,4351,bashkortostan,2010-10-04
Dorogino,russia,225,bashkortostan,2010-10-04
Duvan,russia,3669,bashkortostan,2010-10-04
Ènergetik [Energetik],russia,3450,bashkortostan,2010-10-04
Fëdorovka [Fyodorovka],russia,4306,bashkortostan,2010-10-04
Iglino,russia,16811,bashkortostan,2010-10-04
Inzer,russia,4329,bashkortostan,2010-10-04
Išimbaj [Ishimbay],russia,66259,bashkortostan,2010-10-04
Isjangulovo [Isyangulovo],russia,7418,bashkortostan,2010-10-04
Janaul [Yanaul],russia,26924,bashkortostan,2010-10-04
Jazykovo [Yazykovo],russia,6368,bashkortostan,2010-10-04
Jermekejevo [Yermekeyevo],russia,3937,bashkortostan,2010-10-04
Jermolajevo [Yermolayevo],russia,6397,bashkortostan,2010-10-04
Jumaguzino [Yumaguzino],russia,4564,bashkortostan,2010-10-04
Kabakovo,russia,3141,bashkortostan,2010-10-04
Kaltasy,russia,4418,bashkortostan,2010-10-04
Kandry,russia,10885,bashkortostan,2010-10-04
Karaidel',russia,5980,bashkortostan,2010-10-04
Karmaskaly,russia,8540,bashkortostan,2010-10-04
Kirgiz-Mijaki [Kirgiz-Miyaki],russia,7473,bashkortostan,2010-10-04
Krasnaja Gorka [Krasnaya Gorka],russia,4280,bashkortostan,2010-10-04
Krasnocholmskij [Krasnokholmsky],russia,8021,bashkortostan,2010-10-04
Krasnousol'skij [Krasnousolsky],russia,11991,bashkortostan,2010-10-04
Kudejevskij [Kudeyevsky],russia,3091,bashkortostan,2010-10-04
Kujanovo [Kuyanovo],russia,3664,bashkortostan,2010-10-04
Kumertau,russia,62851,bashkortostan,2010-10-04
Kušnarenkovo [Kushnarenkovo],russia,9870,bashkortostan,2010-10-04
Malojaz [Maloyaz],russia,4914,bashkortostan,2010-10-04
Mariinskij [Mariinsky],russia,1896,bashkortostan,2010-10-04
Meleuz,russia,61390,bashkortostan,2010-10-04
Mesjagutovo [Mesyagutovo],russia,10883,bashkortostan,2010-10-04
Mežgorje [Mezhgorye],russia,17352,bashkortostan,2010-10-04
Michajlovka [Mikhaylovka],russia,5384,bashkortostan,2010-10-04
Milovka,russia,2767,bashkortostan,2010-10-04
Miškino [Mishkino],russia,6021,bashkortostan,2010-10-04
Mrakovo,russia,8690,bashkortostan,2010-10-04
Nagajevo [Nagayevo],russia,1479,bashkortostan,2010-10-04
Naumovka,russia,2935,bashkortostan,2010-10-04
Neftekamsk,russia,121733,bashkortostan,2010-10-04
Nikolo-Berëzovka [Nikolo-Beryozovka],russia,6099,bashkortostan,2010-10-04
Nižegorodka [Nizhegorodka],russia,2541,bashkortostan,2010-10-04
Nižnetroickij [Nizhnetroitsky],russia,4008,bashkortostan,2010-10-04
Novobelokataj [Novobelokatay],russia,5961,bashkortostan,2010-10-04
Oktjabr'skij [Oktyabrsky],russia,109474,bashkortostan,2010-10-04
Pavlovka,russia,4143,bashkortostan,2010-10-04
Pribel'skij [Pribelsky],russia,4859,bashkortostan,2010-10-04
Prijutovo [Priyutovo],russia,20891,bashkortostan,2010-10-04
Rajevskij [Rayevsky],russia,19557,bashkortostan,2010-10-04
Salavat,russia,156095,bashkortostan,2010-10-04
Šamonino [Shamonino],russia,258,bashkortostan,2010-10-04
Šaran [Sharan],russia,5929,bashkortostan,2010-10-04
Semiletka,russia,3977,bashkortostan,2010-10-04
Serafimovskij [Serafimovsky],russia,9813,bashkortostan,2010-10-04
Sibaj [Sibay],russia,62763,bashkortostan,2010-10-04
Šingak-Kul' [Shingak-Kul],russia,2975,bashkortostan,2010-10-04
Starobaltačevo [Starobaltachevo],russia,5598,bashkortostan,2010-10-04
Starosubchangulovo [Starosubkhangulovo],russia,4609,bashkortostan,2010-10-04
Staryj Sibaj [Stary Sibay],russia,2746,bashkortostan,2010-10-04
Sterlibaševo [Sterlibashevo],russia,5930,bashkortostan,2010-10-04
Sterlitamak,russia,273486,bashkortostan,2010-10-04
Subchankulovo [Subkhankulovo],russia,5598,bashkortostan,2010-10-04
Temjasovo [Temyasovo],russia,3529,bashkortostan,2010-10-04
Tirljanskij [Tirlyansky],russia,4427,bashkortostan,2010-10-04
Tolbazy,russia,10114,bashkortostan,2010-10-04
Tujmazy [Tuymazy],russia,66836,bashkortostan,2010-10-04
Učaly [Uchaly],russia,37788,bashkortostan,2010-10-04
Učaly [Uchaly],russia,6049,bashkortostan,2010-10-04
Ufa,russia,1062319,bashkortostan,2010-10-04
Ulukulevo,russia,4546,bashkortostan,2010-10-04
Ulu-Teljak [Ulu-Telyak],russia,3408,bashkortostan,2010-10-04
Verchnejarkejevo [Verkhneyarkeyevo],russia,9710,bashkortostan,2010-10-04
Verchnije Kigi [Verkhniye Kigi],russia,6637,bashkortostan,2010-10-04
Verchnije Tatyšly [Verkhniye Tatyshly],russia,6645,bashkortostan,2010-10-04
Zilair,russia,5585,bashkortostan,2010-10-04
Zirgan,russia,4125,bashkortostan,2010-10-04
Zubovo,russia,2042,bashkortostan,2010-10-04
Žukovo [Zhukovo],russia,1685,bashkortostan,2010-10-04
Aleksejevka [Alexeyevka],russia,39026,belgorod,2010-10-04
Bechtejevka [Bekhteyevka],russia,3290,belgorod,2010-10-04
Belgorod,russia,356402,belgorod,2010-10-04
Belovskoje [Belovskoye],russia,2040,belgorod,2010-10-04
Birjuč [Biryuch],russia,7846,belgorod,2010-10-04
Bližnjaja Igumenka [Blizhnyaya Igumenka],russia,1063,belgorod,2010-10-04
Borisovka,russia,13896,belgorod,2010-10-04
Černjanka [Chernyanka],russia,15217,belgorod,2010-10-04
Dubovoje [Dubovoye],russia,8627,belgorod,2010-10-04
Golovčino [Golovchino],russia,4716,belgorod,2010-10-04
Gorodišče [Gorodishche],russia,3562,belgorod,2010-10-04
Grajvoron [Grayvoron],russia,6234,belgorod,2010-10-04
Gubkin,russia,88560,belgorod,2010-10-04
Ivnja [Ivnya],russia,7933,belgorod,2010-10-04
Jakovlevo [Yakovlevo],russia,2905,belgorod,2010-10-04
Komsomol'skij [Komsomolsky],russia,2201,belgorod,2010-10-04
Koroča [Korocha],russia,5877,belgorod,2010-10-04
Krasnaja Jaruga [Krasnaya Yaruga],russia,8028,belgorod,2010-10-04
Livenka,russia,3870,belgorod,2010-10-04
Majskij [Maysky],russia,8748,belgorod,2010-10-04
Maslova Pristan',russia,5819,belgorod,2010-10-04
Nikol'skoje [Nikolskoye],russia,2778,belgorod,2010-10-04
Novaja Tavolžanka [Novaya Tavolzhanka],russia,5324,belgorod,2010-10-04
Novosadovyj [Novosadovy],russia,1994,belgorod,2010-10-04
Novyj Oskol [Novy Oskol],russia,19530,belgorod,2010-10-04
Oktjabr'skij [Oktyabrsky],russia,7456,belgorod,2010-10-04
Pjatnickoje [Pyatnitskoye],russia,4536,belgorod,2010-10-04
Prochorovka [Prokhorovka],russia,9761,belgorod,2010-10-04
Proletarskij [Proletarsky],russia,8654,belgorod,2010-10-04
Puškarnoje [Pushkarnoye],russia,3332,belgorod,2010-10-04
Rakitnoje [Rakitnoye],russia,10286,belgorod,2010-10-04
Razumnoje [Razumnoye],russia,16600,belgorod,2010-10-04
Roven'ki [Rovenki],russia,10264,belgorod,2010-10-04
Šebekino [Shebekino],russia,44279,belgorod,2010-10-04
Severnyj [Severny],russia,9847,belgorod,2010-10-04
Skorodnoje [Skorodnoye],russia,3707,belgorod,2010-10-04
Staryj Oskol [Stary Oskol],russia,221085,belgorod,2010-10-04
Streleckoje [Streletskoye],russia,6862,belgorod,2010-10-04
Stroitel',russia,23933,belgorod,2010-10-04
Tavrovo,russia,5192,belgorod,2010-10-04
Tomarovka,russia,8094,belgorod,2010-10-04
Troickij [Troitsky],russia,6214,belgorod,2010-10-04
Urazovo,russia,6982,belgorod,2010-10-04
Valujki [Valuyki],russia,35322,belgorod,2010-10-04
Vejdelevka [Veydelevka],russia,7008,belgorod,2010-10-04
Volokonovka,russia,11552,belgorod,2010-10-04
Zasosna,russia,4213,belgorod,2010-10-04
Altuchovo [Altukhovo],russia,1784,bryansk,2010-10-04
Belaja Berëzka [Belaya Berezka],russia,6283,bryansk,2010-10-04
Belyje Berega [Belye Berega],russia,9642,bryansk,2010-10-04
Bol'šoje Polpino [Bolshoye Polpino],russia,6356,bryansk,2010-10-04
Brjansk [Bryansk],russia,415721,bryansk,2010-10-04
Bytoš' [Bytosh],russia,4255,bryansk,2010-10-04
Černec [Chernets],russia,38,bryansk,2010-10-04
Djat'kovo [Dyatkovo],russia,29439,bryansk,2010-10-04
Dobrun',russia,4482,bryansk,2010-10-04
Dubrovka,russia,8015,bryansk,2010-10-04
Fokino,russia,13876,bryansk,2010-10-04
Gliniščevo [Glinishchevo],russia,4367,bryansk,2010-10-04
Ivot,russia,6374,bryansk,2010-10-04
Karačev [Karachev],russia,19715,bryansk,2010-10-04
Kletnja [Kletnya],russia,13313,bryansk,2010-10-04
Klimovo,russia,13892,bryansk,2010-10-04
Klincy [Klintsy],russia,62510,bryansk,2010-10-04
Kokino,russia,3863,bryansk,2010-10-04
Kokorevka,russia,1962,bryansk,2010-10-04
Komariči [Komarichi],russia,7686,bryansk,2010-10-04
Krasnaja Gora [Krasnaya Gora],russia,5906,bryansk,2010-10-04
Ljubochna [Lyubokhna],russia,5446,bryansk,2010-10-04
Lokot',russia,10028,bryansk,2010-10-04
Mglin,russia,7916,bryansk,2010-10-04
Mičurinskij [Michurinsky],russia,2576,bryansk,2010-10-04
Navlja [Navlya],russia,14361,bryansk,2010-10-04
Novozybkov,russia,40553,bryansk,2010-10-04
Počep [Pochep],russia,17161,bryansk,2010-10-04
Pogar,russia,9990,bryansk,2010-10-04
Putëvka [Putyovka],russia,4736,bryansk,2010-10-04
Radica-Krylovka [Raditsa-Krylovka],russia,3526,bryansk,2010-10-04
Ramasucha [Ramasukha],russia,481,bryansk,2010-10-04
Rognedino,russia,3158,bryansk,2010-10-04
Ržanica [Rzhanitsa],russia,5032,bryansk,2010-10-04
Sel'co [Seltso],russia,17934,bryansk,2010-10-04
Sevsk,russia,7282,bryansk,2010-10-04
Star',russia,5003,bryansk,2010-10-04
Starodub,russia,19010,bryansk,2010-10-04
Suponevo,russia,8585,bryansk,2010-10-04
Suraž [Surazh],russia,11640,bryansk,2010-10-04
Suzemka,russia,9125,bryansk,2010-10-04
Trubčevsk [Trubchevsk],russia,15014,bryansk,2010-10-04
Uneča [Unecha],russia,26197,bryansk,2010-10-04
Vygoniči [Vygonichi],russia,4945,bryansk,2010-10-04
Vyškov [Vyshkov],russia,2700,bryansk,2010-10-04
Zajmišče [Zaymishche],russia,5297,bryansk,2010-10-04
Zlynka,russia,5507,bryansk,2010-10-04
Žukovka [Zhukovka],russia,18269,bryansk,2010-10-04
Babuškin [Babushkin],russia,4831,buryatia,2010-10-04
Bagdarin,russia,4735,buryatia,2010-10-04
Barguzin,russia,5702,buryatia,2010-10-04
Bičura [Bichura],russia,9145,buryatia,2010-10-04
Chorinsk [Khorinsk],russia,8138,buryatia,2010-10-04
Èrchirik [Erkhirik],russia,2260,buryatia,2010-10-04
Gurul'ba [Gurulba],russia,2711,buryatia,2010-10-04
Gusinoozërsk [Gusinoozyorsk],russia,24582,buryatia,2010-10-04
Il'inka [Ilyinka],russia,4203,buryatia,2010-10-04
Ivolginsk,russia,7382,buryatia,2010-10-04
Jančukan [Yanchukan],russia,392,buryatia,2010-10-04
Kabansk,russia,6038,buryatia,2010-10-04
Kamensk,russia,7160,buryatia,2010-10-04
Kičera [Kichera],russia,1375,buryatia,2010-10-04
Kižinga [Kizhinga],russia,6373,buryatia,2010-10-04
Kjachta [Kyakhta],russia,20024,buryatia,2010-10-04
Kurumkan,russia,5465,buryatia,2010-10-04
Kyren,russia,5406,buryatia,2010-10-04
Muchoršibir' [Mukhorshibir],russia,5207,buryatia,2010-10-04
Nauški [Naushki],russia,3409,buryatia,2010-10-04
Nižneangarsk [Nizhneangarsk],russia,5030,buryatia,2010-10-04
Nižnije Tal'cy [Nizhniye Taltsy],russia,1498,buryatia,2010-10-04
Nižnij Sajantuj [Nizhny Sayantuy],russia,2834,buryatia,2010-10-04
Nižnjaja Ivolga [Nizhnyaya Ivolga],russia,1723,buryatia,2010-10-04
Novaja Brjan' [Novaya Bryan],russia,4643,buryatia,2010-10-04
Novoil'insk [Novoilyinsk],russia,4700,buryatia,2010-10-04
Novyj Uojan [Novy Uoyan],russia,3963,buryatia,2010-10-04
Onochoj [Onokhoy],russia,10689,buryatia,2010-10-04
Petropavlovka,russia,7451,buryatia,2010-10-04
Poselje [Poselye],russia,3797,buryatia,2010-10-04
Sagan-Nur,russia,4142,buryatia,2010-10-04
Selenginsk,russia,14546,buryatia,2010-10-04
Severobajkal'sk [Severobaykalsk],russia,24929,buryatia,2010-10-04
Severomujsk [Severomuysk],russia,2198,buryatia,2010-10-04
Sosnovo-Ozërskoje [Sosnovo-Ozyorskoye],russia,6128,buryatia,2010-10-04
Sotnikovo,russia,6274,buryatia,2010-10-04
Suža [Suzha],russia,1884,buryatia,2010-10-04
Taksimo,russia,9438,buryatia,2010-10-04
Tarbagataj [Tarbagatay],russia,4308,buryatia,2010-10-04
Turuntajevo [Turuntayevo],russia,5901,buryatia,2010-10-04
Ulan-Udè [Ulan-Ude],russia,404426,buryatia,2010-10-04
Ust'-Barguzin [Ust-Barguzin],russia,7173,buryatia,2010-10-04
Zaigrajevo [Zaigrayevo],russia,5586,buryatia,2010-10-04
Zakamensk,russia,11524,buryatia,2010-10-04
Ačchoj-Martan [Achkhoy-Martan],russia,20172,chechnya,2010-10-04
Achmat-Jurt [Akhmat-Yurt],russia,7115,chechnya,2010-10-04
Alchan-Jurt [Alkhan-Yurt],russia,9783,chechnya,2010-10-04
Alchan-Kala [Alkhan-Kala],russia,11415,chechnya,2010-10-04
Alchazurovo [Alkhazurovo],russia,4600,chechnya,2010-10-04
Alleroj [Alleroy],russia,11132,chechnya,2010-10-04
Alpatovo,russia,4861,chechnya,2010-10-04
Argun,russia,29525,chechnya,2010-10-04
Assinovskaja [Assinovskaya],russia,10184,chechnya,2010-10-04
Avtury,russia,14988,chechnya,2010-10-04
Bači-Jurt [Bachi-Yurt],russia,16485,chechnya,2010-10-04
Bamut,russia,6025,chechnya,2010-10-04
Belgatoj [Belgatoy],russia,4551,chechnya,2010-10-04
Beno-Jurt [Beno-Yurt],russia,7089,chechnya,2010-10-04
Berdykel',russia,6945,chechnya,2010-10-04
Berkat-Jurt [Berkat-Yurt],russia,3109,chechnya,2010-10-04
Borzoj [Borzoy],russia,4063,chechnya,2010-10-04
Braguny,russia,3304,chechnya,2010-10-04
Bratskoje [Bratskoye],russia,5000,chechnya,2010-10-04
Čečen-Aul [Chechen-Aul],russia,8233,chechnya,2010-10-04
Centora-Jurt [Tsentora-Yurt],russia,2770,chechnya,2010-10-04
Červlënnaja [Chervlyonnaya],russia,9545,chechnya,2010-10-04
Chambi-Irzi [Khambi-Irzi],russia,3297,chechnya,2010-10-04
Čiri-Jurt [Chiri-Yurt],russia,5734,chechnya,2010-10-04
Coci-Jurt [Tsotsi-Yurt],russia,18306,chechnya,2010-10-04
Duba-Jurt [Duba-Yurt],russia,6315,chechnya,2010-10-04
Dyšne-Vedeno [Dyshne-Vedeno],russia,4834,chechnya,2010-10-04
Džalka [Dzhalka],russia,7415,chechnya,2010-10-04
Èngel'-Jurt [Engel-Yurt],russia,4458,chechnya,2010-10-04
Gechi [Gekhi],russia,11744,chechnya,2010-10-04
Geldagan,russia,12350,chechnya,2010-10-04
Germenčuk [Germenchuk],russia,10736,chechnya,2010-10-04
Gerzel'-Aul [Gerzel-Aul],russia,3887,chechnya,2010-10-04
Goj-Ču [Goy-Chu],russia,5078,chechnya,2010-10-04
Gojty [Goyty],russia,16177,chechnya,2010-10-04
Goragorskij [Goragorsky],russia,4668,chechnya,2010-10-04
Grebenskaja [Grebenskaya],russia,6227,chechnya,2010-10-04
Groznyj [Grozny],russia,271573,chechnya,2010-10-04
Gudermes,russia,45631,chechnya,2010-10-04
Gvardejskoje [Gvardeyskoye],russia,7471,chechnya,2010-10-04
Ilaschan-Jurt [Ilaskhan-Yurt],russia,5041,chechnya,2010-10-04
Iščërskaja [Ishchyorskaya],russia,4808,chechnya,2010-10-04
Išchoj-Jurt [Ishkhoy-Yurt],russia,3800,chechnya,2010-10-04
Jalchoj-Mochk [Yalkhoy-Mokhk],russia,4452,chechnya,2010-10-04
Kadi-Jurt [Kadi-Yurt],russia,4355,chechnya,2010-10-04
Kalinovskaja [Kalinovskaya],russia,7988,chechnya,2010-10-04
Kargalinskaja [Kargalinskaya],russia,4181,chechnya,2010-10-04
Katar-Jurt [Katar-Yurt],russia,12806,chechnya,2010-10-04
Komsomol'skoje [Komsomolskoye],russia,4392,chechnya,2010-10-04
Koškel'dy [Koshkeldy],russia,4823,chechnya,2010-10-04
Kulary,russia,5358,chechnya,2010-10-04
Kurčaloj [Kurchaloy],russia,22723,chechnya,2010-10-04
Machkety [Makhkety],russia,5028,chechnya,2010-10-04
Majrtup [Mayrtup],russia,11838,chechnya,2010-10-04
Martan-Ču [Martan-Chu],russia,5983,chechnya,2010-10-04
Mekenskaja [Mekenskaya],russia,3860,chechnya,2010-10-04
Melčchi [Melchkhi],russia,2859,chechnya,2010-10-04
Mesker-Jurt [Mesker-Yurt],russia,10368,chechnya,2010-10-04
Meskety,russia,3447,chechnya,2010-10-04
Nadterečnoje [Nadterechnoye],russia,8475,chechnya,2010-10-04
Naurskaja [Naurskaya],russia,9050,chechnya,2010-10-04
Nižnij-Nojber [Nizhny-Noyber],russia,6780,chechnya,2010-10-04
Novoterskoje [Novoterskoye],russia,3764,chechnya,2010-10-04
Novyj Benoj [Novy Benoy],russia,...,chechnya,2010-10-04
Novyje-Atagi [Novye-Atagi],russia,8728,chechnya,2010-10-04
Novyj Èngenoj [Novy Engenoy],russia,3021,chechnya,2010-10-04
Nožaj-Jurt [Nozhay-Yurt],russia,6744,chechnya,2010-10-04
Ojschara [Oyskhara],russia,9489,chechnya,2010-10-04
Oktjabr'skoje [Oktyabrskoye],russia,2971,chechnya,2010-10-04
Pervomajskaja [Pervomayskaya],russia,5245,chechnya,2010-10-04
Petropavlovskaja [Petropavlovskaya],russia,4303,chechnya,2010-10-04
Pobedinskoje [Pobedinskoye],russia,3540,chechnya,2010-10-04
Rošni-Ču [Roshni-Chu],russia,5195,chechnya,2010-10-04
Šaami-Jurt [Shaami-Yurt],russia,4018,chechnya,2010-10-04
Sadovoje [Sadovoye],russia,3206,chechnya,2010-10-04
Šalaži [Shalazhi],russia,4998,chechnya,2010-10-04
Šali [Shali],russia,47708,chechnya,2010-10-04
Samaški [Samashki],russia,11275,chechnya,2010-10-04
Šelkovskaja [Shelkovskaya],russia,11112,chechnya,2010-10-04
Sernovodskoje [Sernovodskoye],russia,10805,chechnya,2010-10-04
Seržen'-Jurt [Serzhen-Yurt],russia,5615,chechnya,2010-10-04
Staryje-Atagi [Starye-Atagi],russia,10884,chechnya,2010-10-04
Šuani [Shuani],russia,2351,chechnya,2010-10-04
Tangi-Ču [Tangi-Chu],russia,2643,chechnya,2010-10-04
Tevzana,russia,3378,chechnya,2010-10-04
Tolstoj-Jurt [Tolstoy-Yurt],russia,8097,chechnya,2010-10-04
Urus-Martan,russia,49070,chechnya,2010-10-04
Valerik,russia,8023,chechnya,2010-10-04
Vedeno,russia,3186,chechnya,2010-10-04
Verchnij Naur [Verkhny Naur],russia,5441,chechnya,2010-10-04
Verchnij-Nojber [Verkhny-Noyber],russia,4099,chechnya,2010-10-04
Vinogradnoje [Vinogradnoye],russia,3489,chechnya,2010-10-04
Zakan-Jurt [Zakan-Yurt],russia,5835,chechnya,2010-10-04
Zandak,russia,5006,chechnya,2010-10-04
Znamenskoje [Znamenskoye],russia,10286,chechnya,2010-10-04
Agapovka,russia,6561,chelyabinsk,2010-10-04
Argajaš [Argayash],russia,10061,chelyabinsk,2010-10-04
Aša [Asha],russia,31881,chelyabinsk,2010-10-04
Bakal,russia,20940,chelyabinsk,2010-10-04
Berdjauš [Berdyaush],russia,5304,chelyabinsk,2010-10-04
Bredy,russia,9468,chelyabinsk,2010-10-04
Čebarkul' [Chebarkul],russia,42844,chelyabinsk,2010-10-04
Čeljabinsk [Chelyabinsk],russia,1130132,chelyabinsk,2010-10-04
Česma [Chesma],russia,6517,chelyabinsk,2010-10-04
Dolgoderevenskoje [Dolgoderevenskoye],russia,7700,chelyabinsk,2010-10-04
Feršampenuaz [Fershampenuaz],russia,4368,chelyabinsk,2010-10-04
Jemanželinka [Yemanzhelinka],russia,4453,chelyabinsk,2010-10-04
Jemanželinsk [Yemanzhelinsk],russia,30216,chelyabinsk,2010-10-04
Jetkul' [Yetkul],russia,6760,chelyabinsk,2010-10-04
Jurjuzan' [Yuryuzan],russia,12571,chelyabinsk,2010-10-04
Južnoural'sk [Yuzhnouralsk],russia,37877,chelyabinsk,2010-10-04
Južnyj [Yuzhny],russia,1995,chelyabinsk,2010-10-04
Kanaševo [Kanashevo],russia,3246,chelyabinsk,2010-10-04
Karabaš [Karabash],russia,13152,chelyabinsk,2010-10-04
Kartaly,russia,29131,chelyabinsk,2010-10-04
Kasli,russia,16969,chelyabinsk,2010-10-04
Katav-Ivanovsk,russia,17630,chelyabinsk,2010-10-04
Kazancevo [Kazantsevo],russia,666,chelyabinsk,2010-10-04
Kizil'skoje [Kizilskoye],russia,6651,chelyabinsk,2010-10-04
Kojelga [Koyelga],russia,3993,chelyabinsk,2010-10-04
Kopejsk [Kopeysk],russia,137601,chelyabinsk,2010-10-04
Korkino,russia,38597,chelyabinsk,2010-10-04
Krasnogorskij [Krasnogorsky],russia,13624,chelyabinsk,2010-10-04
Krasnoje Pole [Krasnoye Pole],russia,1445,chelyabinsk,2010-10-04
Kremenkul',russia,2984,chelyabinsk,2010-10-04
Kropačëvo [Kropachevo],russia,5018,chelyabinsk,2010-10-04
Kunašak [Kunashak],russia,6296,chelyabinsk,2010-10-04
Kusa,russia,18792,chelyabinsk,2010-10-04
Kyštym [Kyshtym],russia,38942,chelyabinsk,2010-10-04
Lokomotivnyj [Lokomotivny],russia,8498,chelyabinsk,2010-10-04
Magnitka,russia,5170,chelyabinsk,2010-10-04
Magnitogorsk,russia,407775,chelyabinsk,2010-10-04
Metlino,russia,3694,chelyabinsk,2010-10-04
Meževoj [Mezhevoy],russia,5649,chelyabinsk,2010-10-04
Mežozërnyj [Mezhozerny],russia,7357,chelyabinsk,2010-10-04
Miass,russia,151751,chelyabinsk,2010-10-04
Miasskoje [Miasskoye],russia,9755,chelyabinsk,2010-10-04
Min'jar [Minyar],russia,10194,chelyabinsk,2010-10-04
Njazepetrovsk [Nyazepetrovsk],russia,12451,chelyabinsk,2010-10-04
Novogornyj [Novogorny],russia,6733,chelyabinsk,2010-10-04
Oktjabr'skoje [Oktyabrskoye],russia,6780,chelyabinsk,2010-10-04
Ozërsk [Ozyorsk],russia,82164,chelyabinsk,2010-10-04
Pervomajskij [Pervomaysky],russia,10645,chelyabinsk,2010-10-04
Plast,russia,17342,chelyabinsk,2010-10-04
Poletajevo [Poletayevo],russia,6500,chelyabinsk,2010-10-04
Roščino [Roshchino],russia,5710,chelyabinsk,2010-10-04
Roza,russia,13099,chelyabinsk,2010-10-04
Satka,russia,45178,chelyabinsk,2010-10-04
Sim,russia,14466,chelyabinsk,2010-10-04
Snežinsk [Snezhinsk],russia,48810,chelyabinsk,2010-10-04
Suleja [Suleya],russia,3183,chelyabinsk,2010-10-04
Timirjazevskij [Timiryazevsky],russia,3559,chelyabinsk,2010-10-04
Trëchgornyj [Tryokhgorny],russia,33670,chelyabinsk,2010-10-04
Troick [Troitsk],russia,78372,chelyabinsk,2010-10-04
Ujskoje [Uyskoye],russia,7352,chelyabinsk,2010-10-04
Ust'-Katav [Ust-Katav],russia,23580,chelyabinsk,2010-10-04
Uvel'skij [Uvelsky],russia,10500,chelyabinsk,2010-10-04
Varna,russia,9869,chelyabinsk,2010-10-04
Verchneural'sk [Verkhneuralsk],russia,9457,chelyabinsk,2010-10-04
Verchnij Ufalej [Verkhny Ufaley],russia,30481,chelyabinsk,2010-10-04
Višnevogorsk [Vishnevogorsk],russia,4569,chelyabinsk,2010-10-04
Zapadnyj [Zapadny],russia,197,chelyabinsk,2010-10-04
Zaural'skij [Zauralsky],russia,7884,chelyabinsk,2010-10-04
Zlatoust,russia,174962,chelyabinsk,2010-10-04
Amursk,russia,42970,khabarovsk,2010-10-04
Berëzovyj [Beryozovy],russia,5498,khabarovsk,2010-10-04
Bikin,russia,17154,khabarovsk,2010-10-04
Bogorodskoje [Bogorodskoye],russia,3900,khabarovsk,2010-10-04
Čegdomyn [Chegdomyn],russia,13048,khabarovsk,2010-10-04
Chabarovsk [Khabarovsk],russia,577441,khabarovsk,2010-10-04
Chor [Khor],russia,10346,khabarovsk,2010-10-04
Churba [Khurba],russia,5957,khabarovsk,2010-10-04
Èl'ban [Elban],russia,11934,khabarovsk,2010-10-04
Gorin,russia,4152,khabarovsk,2010-10-04
Il'inka [Ilyinka],russia,2729,khabarovsk,2010-10-04
Knjaze-Volkonskoje [Knyaze-Volkonskoye],russia,9155,khabarovsk,2010-10-04
Komsomol'sk-na-Amure [Komsomolsk-on-Amur],russia,263906,khabarovsk,2010-10-04
Korfovskij [Korfovsky],russia,5733,khabarovsk,2010-10-04
Lazarev,russia,1308,khabarovsk,2010-10-04
Lososina,russia,3224,khabarovsk,2010-10-04
Majskij [Maysky],russia,2598,khabarovsk,2010-10-04
Mirnoje [Mirnoye],russia,1574,khabarovsk,2010-10-04
Mnogoveršinnyj [Mnogovershinny],russia,2324,khabarovsk,2010-10-04
Mongochto [Mongokhto],russia,4120,khabarovsk,2010-10-04
Muchen [Mukhen],russia,4068,khabarovsk,2010-10-04
Nekrasovka,russia,8883,khabarovsk,2010-10-04
Nikolajevsk-na-Amure [Nikolayevsk-on-Amur],russia,22752,khabarovsk,2010-10-04
Novyj Urgal [Novy Urgal],russia,6803,khabarovsk,2010-10-04
Ochotsk [Okhotsk],russia,4215,khabarovsk,2010-10-04
Oktjabr'skij [Oktyabrsky],russia,6240,khabarovsk,2010-10-04
Perejaslavka [Pereyaslavka],russia,8921,khabarovsk,2010-10-04
Selichino [Selikhino],russia,4255,khabarovsk,2010-10-04
Solnečnyj [Solnechny],russia,13306,khabarovsk,2010-10-04
Sovetskaja Gavan' [Sovetskaya Gavan],russia,27712,khabarovsk,2010-10-04
Topolevo,russia,4384,khabarovsk,2010-10-04
Troickoje [Troitskoye],russia,5143,khabarovsk,2010-10-04
Vanino,russia,17001,khabarovsk,2010-10-04
Vjazemskij [Vyazemsky],russia,14555,khabarovsk,2010-10-04
Vysokogornyj [Vysokogorny],russia,3376,khabarovsk,2010-10-04
Zavety Il'iča [Zavety Ilyicha],russia,9162,khabarovsk,2010-10-04
Abakan,russia,165214,khakassia,2010-10-04
Abaza,russia,17115,khakassia,2010-10-04
Askiz,russia,5208,khakassia,2010-10-04
Askiz,russia,7267,khakassia,2010-10-04
Beja [Beya],russia,5247,khakassia,2010-10-04
Bel'tirskoje [Beltirskoye],russia,4853,khakassia,2010-10-04
Belyj Jar [Bely Yar],russia,10014,khakassia,2010-10-04
Biskamža [Biskamzha],russia,1267,khakassia,2010-10-04
Bograd,russia,4670,khakassia,2010-10-04
Čapajevo [Chapayevo],russia,1623,khakassia,2010-10-04
Čerëmuški [Cheryomushki],russia,8373,khakassia,2010-10-04
Černogorsk [Chernogorsk],russia,72147,khakassia,2010-10-04
Kalinino,russia,3718,khakassia,2010-10-04
Kop'ëvo [Kopyovo],russia,4401,khakassia,2010-10-04
Majna [Mayna],russia,5062,khakassia,2010-10-04
Podsineje [Podsineye],russia,3549,khakassia,2010-10-04
Prigorsk,russia,2626,khakassia,2010-10-04
Sajanogorsk [Sayanogorsk],russia,49887,khakassia,2010-10-04
Šira [Shira],russia,9448,khakassia,2010-10-04
Sorsk,russia,12143,khakassia,2010-10-04
Taštyp [Tashtyp],russia,6423,khakassia,2010-10-04
Tuim,russia,4211,khakassia,2010-10-04
Ust'-Abakan [Ust-Abakan],russia,14578,khakassia,2010-10-04
Veršina Tëi [Vershina Tyoi],russia,3756,khakassia,2010-10-04
Anadyr',russia,13045,chukotka,2010-10-04
Beringovskij [Beringovsky],russia,1401,chukotka,2010-10-04
Bilibino,russia,5506,chukotka,2010-10-04
Ègvekinot [Egvekinot],russia,2790,chukotka,2010-10-04
Mys Šmidta [Mys Shmidta],russia,492,chukotka,2010-10-04
Pevek,russia,4162,chukotka,2010-10-04
Providenija [Provideniya],russia,1970,chukotka,2010-10-04
Ugol'nyje Kopi [Ugolnye Kopi],russia,3368,chukotka,2010-10-04
Alatyr',russia,38203,chuvashia,2010-10-04
Batyrevo,russia,5431,chuvashia,2010-10-04
Čeboksary [Cheboksary],russia,453721,chuvashia,2010-10-04
Civil'sk [Tsivilsk],russia,13479,chuvashia,2010-10-04
Išlei [Ishlei],russia,3092,chuvashia,2010-10-04
Jadrin [Yadrin],russia,9614,chuvashia,2010-10-04
Kanaš [Kanash],russia,45607,chuvashia,2010-10-04
Komsomol'skoje [Komsomolskoye],russia,4905,chuvashia,2010-10-04
Kozlovka,russia,10359,chuvashia,2010-10-04
Krasnoarmejskoje [Krasnoarmeyskoye],russia,4271,chuvashia,2010-10-04
Mariinskij Posad [Mariinsky Posad],russia,9088,chuvashia,2010-10-04
Morgauši [Morgaushi],russia,3263,chuvashia,2010-10-04
Novočeboksarsk [Novocheboksarsk],russia,124097,chuvashia,2010-10-04
Poreckoje [Poretskoye],russia,5825,chuvashia,2010-10-04
Šemurša [Shemursha],russia,3759,chuvashia,2010-10-04
Šumerlja [Shumerlya],russia,31722,chuvashia,2010-10-04
Šygyrdan [Shygyrdan],russia,5418,chuvashia,2010-10-04
Achty [Akhty],russia,13405,dagestan,2010-10-04
Ači-Su [Achisu],russia,1679,dagestan,2010-10-04
Adil'-Jangijurt [Adil-Yangiyurt],russia,3864,dagestan,2010-10-04
Agačaul [Agachaul],russia,1811,dagestan,2010-10-04
Agvali,russia,2455,dagestan,2010-10-04
Aknada,russia,4014,dagestan,2010-10-04
Aksaj [Aksay],russia,9000,dagestan,2010-10-04
Akuša [Akusha],russia,4697,dagestan,2010-10-04
Al'burikent [Alburikent],russia,12413,dagestan,2010-10-04
Andi,russia,5591,dagestan,2010-10-04
Ansalta,russia,4598,dagestan,2010-10-04
Ašaga-Stal-Kazmaljar [Ashaga-Stal-Kazmalyar],russia,2978,dagestan,2010-10-04
Atlanaul,russia,2375,dagestan,2010-10-04
Aver'janovka [Averyanovka],russia,3532,dagestan,2010-10-04
Babajurt [Babayurt],russia,15227,dagestan,2010-10-04
Bajramaul [Bayramaul],russia,2858,dagestan,2010-10-04
Bammatjurt [Bammatyurt],russia,4337,dagestan,2010-10-04
Batajurt [Batayurt],russia,4069,dagestan,2010-10-04
Batašjurt [Batashyurt],russia,3298,dagestan,2010-10-04
Bavtugaj [Bavtugay],russia,4765,dagestan,2010-10-04
Belidži [Belidzhi],russia,12236,dagestan,2010-10-04
Belidži [Belidzhi],russia,4282,dagestan,2010-10-04
Berikej [Berikey],russia,3028,dagestan,2010-10-04
Bogatyrëvka [Bogatyryovka],russia,3186,dagestan,2010-10-04
Botlich [Botlikh],russia,12159,dagestan,2010-10-04
Bujnaksk [Buynaksk],russia,62623,dagestan,2010-10-04
Burtunaj [Burtunay],russia,4035,dagestan,2010-10-04
Čapajevo [Chapayevo],russia,2386,dagestan,2010-10-04
Chadžalmachi [Khadzhalmakhi],russia,6187,dagestan,2010-10-04
Chalimbekaul [Khalimbekaul],russia,5108,dagestan,2010-10-04
Chamamatjurt [Khamamatyurt],russia,4682,dagestan,2010-10-04
Chamavjurt [Khamavyurt],russia,3178,dagestan,2010-10-04
Chasavjurt [Khasavyurt],russia,131187,dagestan,2010-10-04
Chazar [Khazar],russia,4809,dagestan,2010-10-04
Chučni [Khuchni],russia,3232,dagestan,2010-10-04
Chunzach [Khunzakh],russia,4245,dagestan,2010-10-04
Činar [Chinar],russia,5227,dagestan,2010-10-04
Čirkej [Chirkey],russia,8676,dagestan,2010-10-04
Čoch [Chokh],russia,3223,dagestan,2010-10-04
Čontaul [Chontaul],russia,7023,dagestan,2010-10-04
Cvetkovka [Tsvetkovka],russia,3767,dagestan,2010-10-04
Dagestanskije Ogni [Dagestanskiye Ogni],russia,27923,dagestan,2010-10-04
Derbent,russia,119200,dagestan,2010-10-04
Dorgeli,russia,5783,dagestan,2010-10-04
Družba [Druzhba],russia,3675,dagestan,2010-10-04
Dubki,russia,5202,dagestan,2010-10-04
Dylym,russia,8640,dagestan,2010-10-04
Džemikent [Dzhemikent],russia,2555,dagestan,2010-10-04
Èminchjur [Eminkhyur],russia,3821,dagestan,2010-10-04
Èndirej [Endirey],russia,7437,dagestan,2010-10-04
Èrpeli [Erpeli],russia,3412,dagestan,2010-10-04
Gagatli,russia,3539,dagestan,2010-10-04
Gamijach [Gamiyakh],russia,2528,dagestan,2010-10-04
Gapcach [Gaptsakh],russia,3554,dagestan,2010-10-04
Gedžuch [Gedzhukh],russia,6829,dagestan,2010-10-04
Geli,russia,2798,dagestan,2010-10-04
Gerejchanovskoje [Gereykhanovskoye],russia,3490,dagestan,2010-10-04
Gerga,russia,3913,dagestan,2010-10-04
Gergebil',russia,5195,dagestan,2010-10-04
Gimry,russia,4654,dagestan,2010-10-04
Godoberi,russia,3049,dagestan,2010-10-04
Gubden,russia,8627,dagestan,2010-10-04
Guni,russia,3101,dagestan,2010-10-04
Gurbuki,russia,5322,dagestan,2010-10-04
Izberbaš [Izberbash],russia,55646,dagestan,2010-10-04
Južno-Suchokumsk [Yuzhno-Sukhokumsk],russia,10035,dagestan,2010-10-04
Kafyr-Kumuch [Kafyr-Kumukh],russia,5107,dagestan,2010-10-04
Kajakent [Kayakent],russia,11144,dagestan,2010-10-04
Kakamachi [Kakamakhi],russia,2647,dagestan,2010-10-04
Kaka-Šura [Kaka-Shura],russia,6030,dagestan,2010-10-04
Kalininaul,russia,4531,dagestan,2010-10-04
Karabudachkent [Karabudakhkent],russia,15356,dagestan,2010-10-04
Karamachi [Karamakhi],russia,4537,dagestan,2010-10-04
Karata,russia,4153,dagestan,2010-10-04
Karlanjurt [Karlanyurt],russia,3335,dagestan,2010-10-04
Kaspijsk [Kaspiysk],russia,100129,dagestan,2010-10-04
Kasumkent,russia,13232,dagestan,2010-10-04
Kikuni,russia,3224,dagestan,2010-10-04
Kirovaul,russia,2174,dagestan,2010-10-04
Kiziljurt [Kizilyurt],russia,32988,dagestan,2010-10-04
Kizljar [Kizlyar],russia,48984,dagestan,2010-10-04
Kjachulaj [Kyakhulay],russia,6962,dagestan,2010-10-04
Kočubej [Kochubey],russia,7272,dagestan,2010-10-04
Kokrek,russia,4807,dagestan,2010-10-04
Komsomol'skij [Komsomolsky],russia,2723,dagestan,2010-10-04
Komsomol'skoje [Komsomolskoye],russia,6983,dagestan,2010-10-04
Korkmaskala,russia,7722,dagestan,2010-10-04
Kostek,russia,4551,dagestan,2010-10-04
Krasnoarmejskoje [Krasnoarmeyskoye],russia,3961,dagestan,2010-10-04
Kubači [Kubachi],russia,3060,dagestan,2010-10-04
Kurach [Kurakh],russia,3235,dagestan,2010-10-04
Kurkent,russia,4071,dagestan,2010-10-04
Kuruš [Kurush],russia,7327,dagestan,2010-10-04
Leninaul,russia,8340,dagestan,2010-10-04
Leninkent,russia,15532,dagestan,2010-10-04
Levaši [Levashi],russia,10011,dagestan,2010-10-04
Maali,russia,2923,dagestan,2010-10-04
Machačkala [Makhachkala],russia,572076,dagestan,2010-10-04
Madžalis [Madzhalis],russia,6815,dagestan,2010-10-04
Magaramkent,russia,6953,dagestan,2010-10-04
Majdanskoje [Maydanskoye],russia,2641,dagestan,2010-10-04
Mamedkala,russia,11029,dagestan,2010-10-04
Manas,russia,5357,dagestan,2010-10-04
Manaskent,russia,4994,dagestan,2010-10-04
Miatli,russia,4022,dagestan,2010-10-04
Miskindža [Miskindzha],russia,3522,dagestan,2010-10-04
Mjurego [Myurego],russia,4228,dagestan,2010-10-04
Mucalaul [Mutsalaul],russia,6760,dagestan,2010-10-04
Mugi,russia,3372,dagestan,2010-10-04
Muni,russia,3220,dagestan,2010-10-04
Naskent,russia,2949,dagestan,2010-10-04
Nečajevka [Nechayevka],russia,4779,dagestan,2010-10-04
Nižneje Kazanišče [Nizhneye Kazanishche],russia,12871,dagestan,2010-10-04
Nižnij Džalgan [Nizhny Dzhalgan],russia,2841,dagestan,2010-10-04
Nižnij Džengutaj [Nizhny Dzhengutay],russia,7519,dagestan,2010-10-04
Novaja Maka [Novaya Maka],russia,3706,dagestan,2010-10-04
Novogagatli,russia,4782,dagestan,2010-10-04
Novokajakent [Novokayakent],russia,5130,dagestan,2010-10-04
Novolakskoje [Novolakskoye],russia,5951,dagestan,2010-10-04
Novomechel'ta [Novomekhelta],russia,2608,dagestan,2010-10-04
Novosel'skoje [Novoselskoye],russia,2941,dagestan,2010-10-04
Novyj Chušet [Novy Khushet],russia,11371,dagestan,2010-10-04
Novyj Čirkej [Novy Chirkey],russia,5922,dagestan,2010-10-04
Novyje Vikri [Novye Vikri],russia,3338,dagestan,2010-10-04
Novyj Kjachulaj [Novy Kyakhulay],russia,9875,dagestan,2010-10-04
Novyj Kostek [Novy Kostek],russia,4524,dagestan,2010-10-04
Novyj Sulak [Novy Sulak],russia,3423,dagestan,2010-10-04
Nuradilovo,russia,3963,dagestan,2010-10-04
Paraul,russia,4949,dagestan,2010-10-04
Pervomajskoje [Pervomayskoye],russia,8930,dagestan,2010-10-04
Petrakovskoje [Petrakovskoye],russia,2963,dagestan,2010-10-04
Pokrovskoje [Pokrovskoye],russia,4122,dagestan,2010-10-04
Rachata [Rakhata],russia,2909,dagestan,2010-10-04
Rutul,russia,4132,dagestan,2010-10-04
Sabnova,russia,3820,dagestan,2010-10-04
Šamchal [Shamkhal],russia,11855,dagestan,2010-10-04
Šamchal-Termen [Shamkhal-Termen],russia,10260,dagestan,2010-10-04
Šamil'kala [Shamilkala],russia,4886,dagestan,2010-10-04
Semender,russia,13677,dagestan,2010-10-04
Sergokala,russia,8143,dagestan,2010-10-04
Sirtič [Sirtich],russia,3976,dagestan,2010-10-04
Siuch [Siukh],russia,3313,dagestan,2010-10-04
Solnečnoje [Solnechnoye],russia,4501,dagestan,2010-10-04
Sovetskoje [Sovetskoye],russia,4217,dagestan,2010-10-04
Stal'skoje [Stalskoye],russia,5729,dagestan,2010-10-04
Sulak,russia,8565,dagestan,2010-10-04
Sultan-Jangi-Jurt [Sultan-Yangi-Yurt],russia,8579,dagestan,2010-10-04
Šušanovka [Shushanovka],russia,1854,dagestan,2010-10-04
Tarki,russia,15356,dagestan,2010-10-04
Tarumovka,russia,5372,dagestan,2010-10-04
Teletl',russia,3551,dagestan,2010-10-04
Temiraul,russia,3771,dagestan,2010-10-04
Terekli-Mekteb,russia,7993,dagestan,2010-10-04
Tjube [Tyube],russia,6496,dagestan,2010-10-04
Tloch [Tlokh],russia,2739,dagestan,2010-10-04
Toturbijkala [Toturbykala],russia,2843,dagestan,2010-10-04
Tuchčar [Tukhchar],russia,3567,dagestan,2010-10-04
Učkent [Uchkent],russia,3702,dagestan,2010-10-04
Ucmijurt [Utsmiyurt],russia,3541,dagestan,2010-10-04
Ulluaja [Ulluaya],russia,5962,dagestan,2010-10-04
Ullubijaul [Ullubyaul],russia,3666,dagestan,2010-10-04
Uncukul' [Untsukul],russia,6274,dagestan,2010-10-04
Urkarach [Urkarakh],russia,4394,dagestan,2010-10-04
Urma,russia,3863,dagestan,2010-10-04
Usiša [Usisha],russia,3932,dagestan,2010-10-04
Utamyš [Utamysh],russia,3634,dagestan,2010-10-04
Velikent,russia,4202,dagestan,2010-10-04
Verchneje Kazanišče [Verkhneye Kazanishche],russia,6573,dagestan,2010-10-04
Zubutli-Miatli,russia,4529,dagestan,2010-10-04
Alchasty [Alkhasty],russia,4021,ingushetia,2010-10-04
Ali-Jurt [Ali-Yurt],russia,5596,ingushetia,2010-10-04
Barsuki,russia,10333,ingushetia,2010-10-04
Dolakovo,russia,6450,ingushetia,2010-10-04
Èkaževo [Ekazhevo],russia,15658,ingushetia,2010-10-04
Galaški [Galashki],russia,6662,ingushetia,2010-10-04
Inarki,russia,5885,ingushetia,2010-10-04
Jandare [Yandare],russia,7980,ingushetia,2010-10-04
Kantyševo [Kantyshevo],russia,15706,ingushetia,2010-10-04
Karabulak,russia,30961,ingushetia,2010-10-04
Magas,russia,2502,ingushetia,2010-10-04
Malgobek,russia,31018,ingushetia,2010-10-04
Nazran',russia,93335,ingushetia,2010-10-04
Nesterovskaja [Nesterovskaya],russia,21937,ingushetia,2010-10-04
Nižnije Ačaluki [Nizhniye Achaluki],russia,4375,ingushetia,2010-10-04
Novyj Redant [Novy Redant],russia,3689,ingushetia,2010-10-04
Plijevo [Pliyevo],russia,13685,ingushetia,2010-10-04
Psedach [Psedakh],russia,4606,ingushetia,2010-10-04
Sagopši [Sagopshi],russia,10048,ingushetia,2010-10-04
Srednije Ačaluki [Sredniye Achaluki],russia,2949,ingushetia,2010-10-04
Sunža [Sunzha],russia,61598,ingushetia,2010-10-04
Surchachi [Surkhakhi],russia,10628,ingushetia,2010-10-04
Troickaja [Troitskaya],russia,16225,ingushetia,2010-10-04
Zjazikov-Jurt [Zyazikov-Yurt],russia,4027,ingushetia,2010-10-04
Aleksejevsk [Alexeyevsk],russia,2529,irkustsk,2010-10-04
Alzamaj [Alzamay],russia,6730,irkustsk,2010-10-04
Angarsk,russia,233567,irkustsk,2010-10-04
Artëmovskij [Artyomovsky],russia,1539,irkustsk,2010-10-04
Atagaj [Atagay],russia,1740,irkustsk,2010-10-04
Bajkal'sk [Baykalsk],russia,13583,irkustsk,2010-10-04
Baklaši [Baklashi],russia,3730,irkustsk,2010-10-04
Balachninskij [Balakhninsky],russia,1300,irkustsk,2010-10-04
Balagansk,russia,4109,irkustsk,2010-10-04
Belorečenskij [Belorechensky],russia,7984,irkustsk,2010-10-04
Birjusinsk [Biryusinsk],russia,8981,irkustsk,2010-10-04
Bochan [Bokhan],russia,5169,irkustsk,2010-10-04
Bodajbo [Bodaybo],russia,15340,irkustsk,2010-10-04
Bol'šaja Rečka [Bolshaya Rechka],russia,2627,irkustsk,2010-10-04
Bol'šoj Lug [Bolshoy Lug],russia,5015,irkustsk,2010-10-04
Bratsk,russia,246319,irkustsk,2010-10-04
Čeremchovo [Cheremkhovo],russia,52647,irkustsk,2010-10-04
Chomutovo [Khomutovo],russia,7528,irkustsk,2010-10-04
Chrebtovaja [Khrebtovaya],russia,1502,irkustsk,2010-10-04
Čunskij [Chunsky],russia,14996,irkustsk,2010-10-04
Dzeržinsk [Dzerzhinsk],russia,2277,irkustsk,2010-10-04
Granovščina [Granovshchina],russia,1279,irkustsk,2010-10-04
Irkutsk,russia,587891,irkustsk,2010-10-04
Jangel' [Yangel],russia,1042,irkustsk,2010-10-04
Jantal' [Yantal],russia,1792,irkustsk,2010-10-04
Jelancy [Yelantsy],russia,4009,irkustsk,2010-10-04
Jurty [Yurty],russia,5301,irkustsk,2010-10-04
Kačug [Kachug],russia,7011,irkustsk,2010-10-04
Karluk,russia,2572,irkustsk,2010-10-04
Kirensk,russia,12640,irkustsk,2010-10-04
Kropotkin,russia,1335,irkustsk,2010-10-04
Kujtun [Kuytun],russia,10097,irkustsk,2010-10-04
Kultuk,russia,3728,irkustsk,2010-10-04
Kunerma,russia,59,irkustsk,2010-10-04
Kutulik,russia,4884,irkustsk,2010-10-04
Kvitok,russia,2877,irkustsk,2010-10-04
Lesogorsk,russia,5511,irkustsk,2010-10-04
Listvjanka [Listvyanka],russia,1882,irkustsk,2010-10-04
Lugovskij [Lugovsky],russia,503,irkustsk,2010-10-04
Magistral'nyj [Magistralny],russia,7067,irkustsk,2010-10-04
Maksimovščina [Maksimovshchina],russia,1682,irkustsk,2010-10-04
Mama,russia,3630,irkustsk,2010-10-04
Mamakan,russia,2068,irkustsk,2010-10-04
Mamony,russia,3154,irkustsk,2010-10-04
Markova,russia,9894,irkustsk,2010-10-04
Meget,russia,8828,irkustsk,2010-10-04
Michajlovka [Mikhaylovka],russia,7827,irkustsk,2010-10-04
Mišelëvka [Mishelevka],russia,7789,irkustsk,2010-10-04
Molodëžnyj [Molodyozhny],russia,6640,irkustsk,2010-10-04
Nižneudinsk [Nizhneudinsk],russia,36999,irkustsk,2010-10-04
Novaja Igirma [Novaya Igirma],russia,10161,irkustsk,2010-10-04
Novobirjusinskij [Novobiryusinsky],russia,4767,irkustsk,2010-10-04
Novonukutskij [Novonukutsky],russia,3434,irkustsk,2010-10-04
Ojëk [Oyok],russia,3678,irkustsk,2010-10-04
Oktjabr'skij [Oktyabrsky],russia,5415,irkustsk,2010-10-04
Olcha [Olkha],russia,1744,irkustsk,2010-10-04
Osa,russia,4523,irkustsk,2010-10-04
Pad' Mel'ničnaja [Pad Melnichnaya],russia,1139,irkustsk,2010-10-04
Pivovaricha [Pivovarikha],russia,3506,irkustsk,2010-10-04
Radiščev [Radishchev],russia,1140,irkustsk,2010-10-04
Rudnogorsk,russia,3620,irkustsk,2010-10-04
Sajansk [Sayansk],russia,40800,irkustsk,2010-10-04
Šelechov [Shelekhov],russia,47943,irkustsk,2010-10-04
Šestakovo [Shestakovo],russia,772,irkustsk,2010-10-04
Šitkino [Shitkino],russia,1966,irkustsk,2010-10-04
Sljudjanka [Slyudyanka],russia,18574,irkustsk,2010-10-04
Smolenščina [Smolenshchina],russia,3214,irkustsk,2010-10-04
Srednij [Sredny],russia,5352,irkustsk,2010-10-04
Šumskij [Shumsky],russia,2767,irkustsk,2010-10-04
Svirsk,russia,13650,irkustsk,2010-10-04
Tajšet [Tayshet],russia,35485,irkustsk,2010-10-04
Tajturka [Tayturka],russia,4892,irkustsk,2010-10-04
Tel'ma [Telma],russia,4576,irkustsk,2010-10-04
Tulun,russia,44611,irkustsk,2010-10-04
Tyret' 1-ja [Tyret 1-Ya],russia,3855,irkustsk,2010-10-04
Uk,russia,1827,irkustsk,2010-10-04
Ul'kan [Ulkan],russia,5412,irkustsk,2010-10-04
Usolje-Sibirskoje [Usolye-Sibirskoye],russia,83327,irkustsk,2010-10-04
Ust'-Ilimsk [Ust-Ilimsk],russia,86610,irkustsk,2010-10-04
Ust'-Kuda [Ust-Kuda],russia,2010,irkustsk,2010-10-04
Ust'-Kut [Ust-Kut],russia,45375,irkustsk,2010-10-04
Ust'-Ordynskij [Ust-Ordynsky],russia,14891,irkustsk,2010-10-04
Ust'-Uda [Ust-Uda],russia,5173,irkustsk,2010-10-04
Vichorevka [Vikhorevka],russia,22520,irkustsk,2010-10-04
Vidim,russia,1236,irkustsk,2010-10-04
Vitimskij [Vitimsky],russia,457,irkustsk,2010-10-04
Zalari,russia,9600,irkustsk,2010-10-04
Železnodorožnyj [Zheleznodorozhny],russia,7032,irkustsk,2010-10-04
Železnogorsk-Ilimskij [Zheleznogorsk-Ilimsky],russia,26079,irkustsk,2010-10-04
Žigalovo [Zhigalovo],russia,5369,irkustsk,2010-10-04
Zima,russia,32508,irkustsk,2010-10-04
Zvëzdnyj [Zvyozdny],russia,957,irkustsk,2010-10-04
Furmanov,russia,36144,ivanovo,2010-10-04
Gavrilov Posad,russia,6434,ivanovo,2010-10-04
Il'inskoje-Chovanskoje [Ilyinskoye-Khovanskoye],russia,3426,ivanovo,2010-10-04
Ivanovo,russia,408330,ivanovo,2010-10-04
Jurjevec [Yuryevets],russia,10210,ivanovo,2010-10-04
Juža [Yuzha],russia,14170,ivanovo,2010-10-04
Kamenka,russia,3981,ivanovo,2010-10-04
Kinešma [Kineshma],russia,88164,ivanovo,2010-10-04
Kochma [Kokhma],russia,29411,ivanovo,2010-10-04
Kolobovo,russia,2451,ivanovo,2010-10-04
Komsomol'sk [Komsomolsk],russia,8693,ivanovo,2010-10-04
Ležnevo [Lezhnevo],russia,8034,ivanovo,2010-10-04
Luch [Lukh],russia,3024,ivanovo,2010-10-04
Navoloki,russia,10206,ivanovo,2010-10-04
Nerl',russia,2052,ivanovo,2010-10-04
Novopiscovo [Novopistsovo],russia,2748,ivanovo,2010-10-04
Novo-Talicy [Novo-Talitsy],russia,8563,ivanovo,2010-10-04
Palech [Palekh],russia,5337,ivanovo,2010-10-04
Pestjaki [Pestyaki],russia,4028,ivanovo,2010-10-04
Petrovskij [Petrovsky],russia,2558,ivanovo,2010-10-04
Piscovo [Pistsovo],russia,3629,ivanovo,2010-10-04
Plës [Plyos],russia,2340,ivanovo,2010-10-04
Privolžsk [Privolzhsk],russia,16747,ivanovo,2010-10-04
Pučež [Puchezh],russia,8588,ivanovo,2010-10-04
Rodniki,russia,26310,ivanovo,2010-10-04
Savino,russia,5507,ivanovo,2010-10-04
Staraja Vičuga [Staraya Vichuga],russia,5325,ivanovo,2010-10-04
Šuja [Shuya],russia,58486,ivanovo,2010-10-04
Tejkovo [Teykovo],russia,34976,ivanovo,2010-10-04
Verchnij Landech [Verkhny Landekh],russia,2027,ivanovo,2010-10-04
Vičuga [Vichuga],russia,37583,ivanovo,2010-10-04
Zavolžsk [Zavolzhsk],russia,12045,ivanovo,2010-10-04
Bol'šoje Selo [Bolshoye Selo],russia,3522,yaroslavl,2010-10-04
Borisoglebskij [Borisoglebsky],russia,5646,yaroslavl,2010-10-04
Burmakino,russia,2945,yaroslavl,2010-10-04
Danilov,russia,15861,yaroslavl,2010-10-04
Gavrilov-Jam [Gavrilov-Yam],russia,17791,yaroslavl,2010-10-04
Išnja [Ishnya],russia,3127,yaroslavl,2010-10-04
Ivnjaki [Ivnyaki],russia,2709,yaroslavl,2010-10-04
Jaroslavl' [Yaroslavl],russia,591486,yaroslavl,2010-10-04
Konstantinovskij [Konstantinovsky],russia,5613,yaroslavl,2010-10-04
Krasnyj Bor [Krasny Bor],russia,1023,yaroslavl,2010-10-04
Krasnyj Profintern [Krasny Profintern],russia,1256,yaroslavl,2010-10-04
Kuznečicha [Kuznechikha],russia,3156,yaroslavl,2010-10-04
Lesnaja Poljana [Lesnaya Polyana],russia,2974,yaroslavl,2010-10-04
Ljubim [Lyubim],russia,5555,yaroslavl,2010-10-04
Myškin [Myshkin],russia,5932,yaroslavl,2010-10-04
Nekrasovskoje [Nekrasovskoye],russia,6154,yaroslavl,2010-10-04
Novyj Nekouz [Novy Nekouz],russia,3462,yaroslavl,2010-10-04
Pereslavl'-Zalesskij [Pereslavl-Zalessky],russia,41925,yaroslavl,2010-10-04
Petrovskoje [Petrovskoye],russia,4875,yaroslavl,2010-10-04
Porečje-Rybnoje [Porechye-Rybnoye],russia,1727,yaroslavl,2010-10-04
Pošechonje [Poshekhonye],russia,6084,yaroslavl,2010-10-04
Prečistoje [Prechistoye],russia,4846,yaroslavl,2010-10-04
Rostov,russia,31792,yaroslavl,2010-10-04
Rybinsk,russia,200771,yaroslavl,2010-10-04
Semibratovo,russia,7096,yaroslavl,2010-10-04
Tutajev [Tutayev],russia,41005,yaroslavl,2010-10-04
Uglič [Uglich],russia,34507,yaroslavl,2010-10-04
Amurzet,russia,5051,jewish,2010-10-04
Babstovo,russia,4465,jewish,2010-10-04
Bira,russia,3167,jewish,2010-10-04
Birobidžan [Birobidzhan],russia,75413,jewish,2010-10-04
Chingansk [Khingansk],russia,1459,jewish,2010-10-04
Izvestkovyj [Izvestkovy],russia,1809,jewish,2010-10-04
Kul'dur [Kuldur],russia,1609,jewish,2010-10-04
Leninskoje [Leninskoye],russia,6109,jewish,2010-10-04
Londoko-zavod,russia,1067,jewish,2010-10-04
Nikolajevka [Nikolayevka],russia,7912,jewish,2010-10-04
Oblučje [Obluchye],russia,9379,jewish,2010-10-04
Priamurskij [Priamursky],russia,4047,jewish,2010-10-04
Ptičnik [Ptichnik],russia,3194,jewish,2010-10-04
Smidovič [Smidovich],russia,5120,jewish,2010-10-04
Teploozërsk,russia,4311,jewish,2010-10-04
Voločajevka-2 [Volochayevka-2],russia,1937,jewish,2010-10-04
Aleksandrovskaja [Alexandrovskaya],russia,3701,kabardino-balkaria,2010-10-04
Altud,russia,5326,kabardino-balkaria,2010-10-04
Anzorej [Anzorey],russia,6551,kabardino-balkaria,2010-10-04
Argudan,russia,8185,kabardino-balkaria,2010-10-04
Atažukino [Atazhukino],russia,5516,kabardino-balkaria,2010-10-04
Aušiger [Aushiger],russia,4807,kabardino-balkaria,2010-10-04
Babugent,russia,3408,kabardino-balkaria,2010-10-04
Baksan,russia,36860,kabardino-balkaria,2010-10-04
Baksanënok [Baksanyonok],russia,7220,kabardino-balkaria,2010-10-04
Belaja Rečka [Belaya Rechka],russia,3430,kabardino-balkaria,2010-10-04
Čegem [Chegem],russia,18019,kabardino-balkaria,2010-10-04
Čegem Vtoroj [Chegem Vtoroy],russia,10769,kabardino-balkaria,2010-10-04
Chasan'ja [Khasanya],russia,10829,kabardino-balkaria,2010-10-04
Chatujej [Khatuyey],russia,3549,kabardino-balkaria,2010-10-04
Dejskoje [Deyskoye],russia,4630,kabardino-balkaria,2010-10-04
Dygulybgej [Dygulybgey],russia,20228,kabardino-balkaria,2010-10-04
Èl'brus [Elbrus],russia,3137,kabardino-balkaria,2010-10-04
Germenčik [Germenchik],russia,3838,kabardino-balkaria,2010-10-04
Islamej [Islamey],russia,11261,kabardino-balkaria,2010-10-04
Janikoj [Yanikoy],russia,2792,kabardino-balkaria,2010-10-04
Jekaterinogradskaja [Yekaterinogradskaya],russia,3675,kabardino-balkaria,2010-10-04
Kachun [Kakhun],russia,7106,kabardino-balkaria,2010-10-04
Kamennomostskoje [Kamennomostskoye],russia,5758,kabardino-balkaria,2010-10-04
Karagač [Karagach],russia,5740,kabardino-balkaria,2010-10-04
Këndelen [Kyondelen],russia,6338,kabardino-balkaria,2010-10-04
Kenže [Kenzhe],russia,9669,kabardino-balkaria,2010-10-04
Kišpek [Kishpek],russia,4554,kabardino-balkaria,2010-10-04
Kotljarevskaja [Kotlyarevskaya],russia,3468,kabardino-balkaria,2010-10-04
Kuba,russia,5058,kabardino-balkaria,2010-10-04
Kuba-Taba,russia,3068,kabardino-balkaria,2010-10-04
Lečinkaj [Lechinkay],russia,4206,kabardino-balkaria,2010-10-04
Majskij [Maysky],russia,26755,kabardino-balkaria,2010-10-04
Malka,russia,6664,kabardino-balkaria,2010-10-04
Nal'čik [Nalchik],russia,240203,kabardino-balkaria,2010-10-04
Nartan,russia,12813,kabardino-balkaria,2010-10-04
Nartkala,russia,31694,kabardino-balkaria,2010-10-04
Nižnij Čerek [Nizhny Cherek],russia,2999,kabardino-balkaria,2010-10-04
Nižnij Kurkužin [Nizhny Kurkuzhin],russia,3600,kabardino-balkaria,2010-10-04
Planovskoje [Planovskoye],russia,3456,kabardino-balkaria,2010-10-04
Primalkinskoje [Primalkinskoye],russia,4636,kabardino-balkaria,2010-10-04
Prochladnyj [Prokhladny],russia,59601,kabardino-balkaria,2010-10-04
Psygansu,russia,6419,kabardino-balkaria,2010-10-04
Šaluška [Shalushka],russia,11158,kabardino-balkaria,2010-10-04
Sarmakovo,russia,8007,kabardino-balkaria,2010-10-04
Soldatskaja [Soldatskaya],russia,4344,kabardino-balkaria,2010-10-04
Staryj Čerek [Stary Cherek],russia,6203,kabardino-balkaria,2010-10-04
Terek,russia,19170,kabardino-balkaria,2010-10-04
Tyrnyauz,russia,21000,kabardino-balkaria,2010-10-04
Uruch [Urukh],russia,4122,kabardino-balkaria,2010-10-04
Urvan',russia,5380,kabardino-balkaria,2010-10-04
Verchnij Kurkužin [Verkhny Kurkuzhin],russia,3060,kabardino-balkaria,2010-10-04
Verchnjaja Balkarija [Verkhnyaya Balkariya],russia,4177,kabardino-balkaria,2010-10-04
Zajukovo [Zayukovo],russia,11229,kabardino-balkaria,2010-10-04
Žemtala [Zhemtala],russia,3260,kabardino-balkaria,2010-10-04
Bagrationovsk,russia,6400,kaliningrad,2010-10-04
Baltijsk [Baltiysk],russia,32697,kaliningrad,2010-10-04
Bol'šoje Isakovo [Bolshoye Isakovo],russia,3187,kaliningrad,2010-10-04
Černjachovsk [Chernyakhovsk],russia,40449,kaliningrad,2010-10-04
Golubevo,russia,351,kaliningrad,2010-10-04
Gurjevsk [Guryevsk],russia,12431,kaliningrad,2010-10-04
Gusev,russia,28260,kaliningrad,2010-10-04
Gvardejsk [Gvardeysk],russia,13899,kaliningrad,2010-10-04
Jantarnyj [Yantarny],russia,5524,kaliningrad,2010-10-04
Kaliningrad,russia,431902,kaliningrad,2010-10-04
Krasnoznamensk,russia,3522,kaliningrad,2010-10-04
Laduškin [Ladushkin],russia,3787,kaliningrad,2010-10-04
Lugovoje [Lugovoye],russia,1716,kaliningrad,2010-10-04
Maloje Isakovo [Maloye Isakovo],russia,2543,kaliningrad,2010-10-04
Mamonovo,russia,7761,kaliningrad,2010-10-04
Neman,russia,11798,kaliningrad,2010-10-04
Nesterov,russia,4595,kaliningrad,2010-10-04
Ozërsk [Ozyorsk],russia,4740,kaliningrad,2010-10-04
Pionerskij [Pionersky],russia,11016,kaliningrad,2010-10-04
Polessk,russia,7581,kaliningrad,2010-10-04
Pravdinsk,russia,4323,kaliningrad,2010-10-04
Primorsk,russia,1956,kaliningrad,2010-10-04
Slavsk,russia,4614,kaliningrad,2010-10-04
Sovetsk,russia,41705,kaliningrad,2010-10-04
Svetlogorsk,russia,10772,kaliningrad,2010-10-04
Svetlyj [Svetly],russia,21375,kaliningrad,2010-10-04
Vasil'kovo [Vasilkovo],russia,4527,kaliningrad,2010-10-04
Zelenogradsk,russia,13026,kaliningrad,2010-10-04
Znamensk,russia,4036,kaliningrad,2010-10-04
Aršan [Arshan],russia,3927,kalmykia,2010-10-04
Bol'šoj Caryn [Bolshoy Tsaryn],russia,5497,kalmykia,2010-10-04
Cagan Aman [Tsagan Aman],russia,6027,kalmykia,2010-10-04
Èlista [Elista],russia,103749,kalmykia,2010-10-04
Gorodovikovsk,russia,9565,kalmykia,2010-10-04
Iki-Burul,russia,4051,kalmykia,2010-10-04
Jašalta [Yashalta],russia,4716,kalmykia,2010-10-04
Jaškul' [Yashkul],russia,7861,kalmykia,2010-10-04
Ketčenery [Ketchenery],russia,3908,kalmykia,2010-10-04
Komsomol'skij [Komsomolsky],russia,4525,kalmykia,2010-10-04
Lagan',russia,14323,kalmykia,2010-10-04
Malyje Derbety [Malye Derbety],russia,6434,kalmykia,2010-10-04
Prijutnoje [Priyutnoye],russia,6010,kalmykia,2010-10-04
Sadovoje [Sadovoye],russia,6530,kalmykia,2010-10-04
Troickoje [Troitskoye],russia,11943,kalmykia,2010-10-04
Babynino,russia,3725,kaluga,2010-10-04
Balabanovo,russia,26337,kaluga,2010-10-04
Belousovo,russia,8412,kaluga,2010-10-04
Betlica [Betlitsa],russia,3589,kaluga,2010-10-04
Borovsk,russia,12283,kaluga,2010-10-04
Chvastoviči [Khvastovichi],russia,4509,kaluga,2010-10-04
Detčino [Detchino],russia,5010,kaluga,2010-10-04
Duminiči [Duminichi],russia,6326,kaluga,2010-10-04
Ferzikovo,russia,4696,kaluga,2010-10-04
Gorodok,russia,86,kaluga,2010-10-04
Imeni L'va Tolstogo [Imeni Lva Tolstogo],russia,3681,kaluga,2010-10-04
Jermolino [Yermolino],russia,10409,kaluga,2010-10-04
Juchnov [Yukhnov],russia,7056,kaluga,2010-10-04
Kabicyno [Kabitsyno],russia,270,kaluga,2010-10-04
Kaluga,russia,324698,kaluga,2010-10-04
Kirov,russia,31882,kaluga,2010-10-04
Kondrovo,russia,16672,kaluga,2010-10-04
Kozel'sk [Kozelsk],russia,18245,kaluga,2010-10-04
Kremënki [Kremyonki],russia,11582,kaluga,2010-10-04
Ljudinovo [Lyudinovo],russia,40530,kaluga,2010-10-04
Malojaroslavec [Maloyaroslavets],russia,30392,kaluga,2010-10-04
Marinki,russia,4133,kaluga,2010-10-04
Medyn',russia,8300,kaluga,2010-10-04
Meščovsk [Meshchovsk],russia,4100,kaluga,2010-10-04
Mosal'sk [Mosalsk],russia,4288,kaluga,2010-10-04
Mstichino [Mstikhino],russia,2658,kaluga,2010-10-04
Obninsk,russia,104739,kaluga,2010-10-04
Peremyšl' [Peremyshl],russia,3279,kaluga,2010-10-04
Pjatovskij [Pyatovsky],russia,2984,kaluga,2010-10-04
Polotnjanyj Zavod [Polotnyany Zavod],russia,5224,kaluga,2010-10-04
Seredejskij [Seredeysky],russia,1819,kaluga,2010-10-04
Sosenskij [Sosensky],russia,12392,kaluga,2010-10-04
Spas-Demensk,russia,4896,kaluga,2010-10-04
Suchiniči [Sukhinichi],russia,16273,kaluga,2010-10-04
Tarusa,russia,9660,kaluga,2010-10-04
Tovarkovo,russia,14496,kaluga,2010-10-04
Ul'janovo [Ulyanovo],russia,3022,kaluga,2010-10-04
Vorotynsk,russia,11288,kaluga,2010-10-04
Vypolzovo,russia,4741,kaluga,2010-10-04
Žiletovo [Zhiletovo],russia,3090,kaluga,2010-10-04
Žizdra [Zhizdra],russia,5585,kaluga,2010-10-04
Žukov [Zhukov],russia,12131,kaluga,2010-10-04
Jelizovo [Yelizovo],russia,39569,kamchatka,2010-10-04
Ključi [Klyuchi],russia,5726,kamchatka,2010-10-04
Mil'kovo [Milkovo],russia,8251,kamchatka,2010-10-04
Palana,russia,3155,kamchatka,2010-10-04
Petropavlovsk-Kamčatskij [Petropavlovsk-Kamchatsky],russia,179780,kamchatka,2010-10-04
Ust'-Kamčatsk [Ust-Kamchatsk],russia,4352,kamchatka,2010-10-04
Viljučinsk [Vilyuchinsk],russia,22905,kamchatka,2010-10-04
Vulkannyj [Vulkanny],russia,1608,kamchatka,2010-10-04
Adyge-Chabl' [Adyge-Khabl],russia,3946,karachay-cherkessia,2010-10-04
Ali-Berdukovskij [Ali-Berdukovsky],russia,5354,karachay-cherkessia,2010-10-04
Beslenej [Besleney],russia,3520,karachay-cherkessia,2010-10-04
Čapajevskoje [Chapayevskoye],russia,5154,karachay-cherkessia,2010-10-04
Čerkessk [Cherkessk],russia,129069,karachay-cherkessia,2010-10-04
Chabez [Khabez],russia,6240,karachay-cherkessia,2010-10-04
Dombaj [Dombay],russia,657,karachay-cherkessia,2010-10-04
Družba [Druzhba],russia,3401,karachay-cherkessia,2010-10-04
Èl'brusskij [Elbrussky],russia,320,karachay-cherkessia,2010-10-04
Èrken-Šachar [Erken-Shakhar],russia,4184,karachay-cherkessia,2010-10-04
Ikon-Chalk [Ikon-Khalk],russia,4353,karachay-cherkessia,2010-10-04
Ispravnaja [Ispravnaya],russia,4286,karachay-cherkessia,2010-10-04
Kamennomost,russia,3174,karachay-cherkessia,2010-10-04
Karačajevsk [Karachayevsk],russia,21483,karachay-cherkessia,2010-10-04
Kardonikskaja [Kardonikskaya],russia,7091,karachay-cherkessia,2010-10-04
Kavkazskij [Kavkazsky],russia,3022,karachay-cherkessia,2010-10-04
Krasnyj Kurgan [Krasny Kurgan],russia,3761,karachay-cherkessia,2010-10-04
Krasnyj Vostok [Krasny Vostok],russia,3335,karachay-cherkessia,2010-10-04
Kumyš [Kumysh],russia,4896,karachay-cherkessia,2010-10-04
Kurdžinovo [Kurdzhinovo],russia,5994,karachay-cherkessia,2010-10-04
Kyzyl-Oktjabr' [Kyzyl-Oktyabr],russia,3515,karachay-cherkessia,2010-10-04
Mara-Ajag''y [Mara-Ayagay],russia,3980,karachay-cherkessia,2010-10-04
Mednogorskij [Mednogorsky],russia,5960,karachay-cherkessia,2010-10-04
Novaja Džeguta [Novaya Dzheguta],russia,4008,karachay-cherkessia,2010-10-04
Novyj Karačaj [Novy Karachay],russia,3035,karachay-cherkessia,2010-10-04
Ordžonikidzevskij [Ordzhonikidzevsky],russia,3039,karachay-cherkessia,2010-10-04
Pervomajskoje [Pervomayskoye],russia,5904,karachay-cherkessia,2010-10-04
Pravokubanskij [Pravokubansky],russia,3187,karachay-cherkessia,2010-10-04
Pregradnaja [Pregradnaya],russia,7466,karachay-cherkessia,2010-10-04
Psyž [Psyzh],russia,8182,karachay-cherkessia,2010-10-04
Sary-Tjuz [Sary-Tyuz],russia,4297,karachay-cherkessia,2010-10-04
Storoževaja [Storozhevaya],russia,9952,karachay-cherkessia,2010-10-04
Teberda,russia,9058,karachay-cherkessia,2010-10-04
Tereze,russia,7059,karachay-cherkessia,2010-10-04
Učkeken [Uchkeken],russia,16512,karachay-cherkessia,2010-10-04
Udarnyj [Udarny],russia,1083,karachay-cherkessia,2010-10-04
Ust'-Džeguta [Ust-Dzheguta],russia,30566,karachay-cherkessia,2010-10-04
Zejuko [Zeyuko],russia,3350,karachay-cherkessia,2010-10-04
Zelenčukskaja [Zelenchukskaya],russia,19449,karachay-cherkessia,2010-10-04
Belomorsk,russia,11217,karelia,2010-10-04
Cheljulja [Khelyulya],russia,2793,karelia,2010-10-04
Čupa [Chupa],russia,2924,karelia,2010-10-04
Kalevala,russia,4529,karelia,2010-10-04
Kem',russia,13051,karelia,2010-10-04
Kondopoga,russia,32987,karelia,2010-10-04
Kostomukša [Kostomuksha],russia,28436,karelia,2010-10-04
Lachdenpoch'ja [Lakhdenpokhya],russia,7813,karelia,2010-10-04
Louchi [Loukhi],russia,4772,karelia,2010-10-04
Medvežjegorsk [Medvezhyegorsk],russia,15533,karelia,2010-10-04
Mujezerskij [Muyezersky],russia,3328,karelia,2010-10-04
Nadvoicy [Nadvoitsy],russia,8372,karelia,2010-10-04
Olonec [Olonets],russia,9056,karelia,2010-10-04
Petrozavodsk,russia,261987,karelia,2010-10-04
Pinduši [Pindushi],russia,4598,karelia,2010-10-04
Pitkjaranta [Pitkyaranta],russia,11429,karelia,2010-10-04
Pjaozerskij [Pyaozersky],russia,2098,karelia,2010-10-04
Povenec [Povenets],russia,2209,karelia,2010-10-04
Prjaža [Pryazha],russia,3675,karelia,2010-10-04
Pudož [Pudozh],russia,9698,karelia,2010-10-04
Segeža [Segezha],russia,29631,karelia,2010-10-04
Sortavala,russia,19235,karelia,2010-10-04
Suojarvi [Suoyarvi],russia,9766,karelia,2010-10-04
Vjartsilja [Vyartsilya],russia,3080,karelia,2010-10-04
Anžero-Sudžensk [Anzhero-Sudzhensk],russia,76646,kemerovo,2010-10-04
Atamanovo,russia,2954,kemerovo,2010-10-04
Bačatskij [Bachatsky],russia,14402,kemerovo,2010-10-04
Belogorsk,russia,3278,kemerovo,2010-10-04
Belovo,russia,76764,kemerovo,2010-10-04
Berëzovskij [Beryozovsky],russia,47279,kemerovo,2010-10-04
Čistogorskij [Chistogorsky],russia,4607,kemerovo,2010-10-04
Gramoteino,russia,12996,kemerovo,2010-10-04
Gurjevsk [Guryevsk],russia,24817,kemerovo,2010-10-04
Inskoj [Inskoy],russia,12590,kemerovo,2010-10-04
Itatskij [Itatsky],russia,3726,kemerovo,2010-10-04
Ižmorskij [Izhmorsky],russia,5615,kemerovo,2010-10-04
Jaja [Yaya],russia,11688,kemerovo,2010-10-04
Jaškino [Yashkino],russia,14719,kemerovo,2010-10-04
Jurga [Yurga],russia,81533,kemerovo,2010-10-04
Kaltan,russia,21892,kemerovo,2010-10-04
Karagajlinskij [Karagaylinsky],russia,4245,kemerovo,2010-10-04
Kaz,russia,4623,kemerovo,2010-10-04
Kemerovo,russia,532981,kemerovo,2010-10-04
Kiselëvsk [Kiselyovsk],russia,98365,kemerovo,2010-10-04
Komsomol'sk [Komsomolsk],russia,2294,kemerovo,2010-10-04
Krapivinskij [Krapivinsky],russia,7450,kemerovo,2010-10-04
Krasnobrodskij [Krasnobrodsky],russia,11919,kemerovo,2010-10-04
Kuzedejevo [Kuzedeyevo],russia,3609,kemerovo,2010-10-04
Leninsk-Kuzneckij [Leninsk-Kuznetsky],russia,101666,kemerovo,2010-10-04
Malinovka,russia,8835,kemerovo,2010-10-04
Mariinsk,russia,40526,kemerovo,2010-10-04
Metallploščadka [Metallploshchadka],russia,5189,kemerovo,2010-10-04
Metallurgov,russia,3317,kemerovo,2010-10-04
Meždurečensk [Mezhdurechensk],russia,101678,kemerovo,2010-10-04
Mundybaš [Mundybash],russia,5097,kemerovo,2010-10-04
Myski,russia,43038,kemerovo,2010-10-04
Novokuzneck [Novokuznetsk],russia,547904,kemerovo,2010-10-04
Novostrojka [Novostroyka],russia,2967,kemerovo,2010-10-04
Novyj Gorodok [Novy Gorodok],russia,15750,kemerovo,2010-10-04
Osinniki,russia,46001,kemerovo,2010-10-04
Plotnikovo,russia,5190,kemerovo,2010-10-04
Polysajevo [Polysayevo],russia,27624,kemerovo,2010-10-04
Prokopjevsk [Prokopyevsk],russia,210130,kemerovo,2010-10-04
Promyšlennaja [Promyshlennaya],russia,18045,kemerovo,2010-10-04
Rudničnyj [Rudnichny],russia,3865,kemerovo,2010-10-04
Salair,russia,8262,kemerovo,2010-10-04
Šeregeš [Sheregesh],russia,10173,kemerovo,2010-10-04
Spassk,russia,1703,kemerovo,2010-10-04
Starobačaty [Starobachaty],russia,4382,kemerovo,2010-10-04
Tajga [Tayga],russia,25331,kemerovo,2010-10-04
Tajžina [Tayzhina],russia,5011,kemerovo,2010-10-04
Taštagol [Tashtagol],russia,23134,kemerovo,2010-10-04
Temirtau,russia,4352,kemerovo,2010-10-04
Tisul',russia,9049,kemerovo,2010-10-04
Tjažinskij [Tyazhinsky],russia,11120,kemerovo,2010-10-04
Topki,russia,28641,kemerovo,2010-10-04
Trudarmejskij [Trudarmeysky],russia,4769,kemerovo,2010-10-04
Verch-Čebula [Verkh-Chebula],russia,5060,kemerovo,2010-10-04
Zelenogorskij [Zelenogorsky],russia,5175,kemerovo,2010-10-04
Afanasjevo [Afanasyevo],russia,3435,kirov,2010-10-04
Arbaž [Arbazh],russia,3563,kirov,2010-10-04
Arkul',russia,2053,kirov,2010-10-04
Belaja Cholunica [Belaya Kholunitsa],russia,11232,kirov,2010-10-04
Bogorodskoje [Bogorodskoye],russia,2875,kirov,2010-10-04
Darovskoj [Darovskoy],russia,7125,kirov,2010-10-04
Dem'janovo [Demyanovo],russia,5558,kirov,2010-10-04
Doroniči [Doronichi],russia,2417,kirov,2010-10-04
Falënki,russia,5256,kirov,2010-10-04
Jaransk [Yaransk],russia,17253,kirov,2010-10-04
Jur'ja [Yurya],russia,5668,kirov,2010-10-04
Kiknur,russia,4970,kirov,2010-10-04
Kil'mez' [Kilmez],russia,5956,kirov,2010-10-04
Kirov,russia,473695,kirov,2010-10-04
Kirovo-Čepeck [Kirovo-Chepetsk],russia,80921,kirov,2010-10-04
Kirs,russia,10420,kirov,2010-10-04
Kostino,russia,3831,kirov,2010-10-04
Kotel'nič [Kotelnich],russia,24979,kirov,2010-10-04
Krasnaja Poljana [Krasnaya Polyana],russia,6779,kirov,2010-10-04
Kumëny,russia,4827,kirov,2010-10-04
Lal'sk [Lalsk],russia,3705,kirov,2010-10-04
Lebjažje [Lebyazhye],russia,3362,kirov,2010-10-04
Leninskoje [Leninskoye],russia,5054,kirov,2010-10-04
Lesnoj [Lesnoy],russia,5413,kirov,2010-10-04
Lëvincy [Lyovintsy],russia,2145,kirov,2010-10-04
Luza,russia,11260,kirov,2010-10-04
Malmyž [Malmyzh],russia,8265,kirov,2010-10-04
Mirnyj [Mirny],russia,3912,kirov,2010-10-04
Muraši [Murashi],russia,6750,kirov,2010-10-04
Murygino,russia,7665,kirov,2010-10-04
Nagorsk,russia,4903,kirov,2010-10-04
Nema,russia,3650,kirov,2010-10-04
Nižneivkino [Nizhneivkino],russia,2079,kirov,2010-10-04
Nolinsk,russia,9554,kirov,2010-10-04
Omutninsk,russia,23615,kirov,2010-10-04
Oparino,russia,4440,kirov,2010-10-04
Oriči [Orichi],russia,7962,kirov,2010-10-04
Orlov,russia,6959,kirov,2010-10-04
Pervomajskij [Pervomaysky],russia,6147,kirov,2010-10-04
Peskovka,russia,4724,kirov,2010-10-04
Pinjug [Pinyug],russia,2344,kirov,2010-10-04
Pižanka [Pizhanka],russia,3875,kirov,2010-10-04
Podosinovec [Podosinovets],russia,4029,kirov,2010-10-04
Rudničnyj [Rudnichny],russia,5084,kirov,2010-10-04
Sančursk [Sanchursk],russia,4727,kirov,2010-10-04
Slobodskoj [Slobodskoy],russia,33981,kirov,2010-10-04
Sosnovka,russia,11960,kirov,2010-10-04
Sovetsk,russia,16598,kirov,2010-10-04
Striži [Strizhi],russia,3730,kirov,2010-10-04
Stulovo,russia,3501,kirov,2010-10-04
Suna,russia,2199,kirov,2010-10-04
Sveča [Svecha],russia,4760,kirov,2010-10-04
Svetlopoljansk [Svetlopolyansk],russia,2923,kirov,2010-10-04
Tuža [Tuzha],russia,4568,kirov,2010-10-04
Uni,russia,4592,kirov,2010-10-04
Uržum [Urzhum],russia,10213,kirov,2010-10-04
Vachruši [Vakhrushi],russia,9715,kirov,2010-10-04
Verchošižemje [Verkhoshizhemye],russia,4357,kirov,2010-10-04
Vjatskije Poljany [Vyatskiye Polyany],russia,35162,kirov,2010-10-04
Vostočnyj [Vostochny],russia,7237,kirov,2010-10-04
Zujevka [Zuyevka],russia,11198,kirov,2010-10-04
Ajkino [Aykino],russia,3367,komi,2010-10-04
Blagojevo [Blagoyevo],russia,2221,komi,2010-10-04
Borovoj [Borovoy],russia,1560,komi,2010-10-04
Inta,russia,32080,komi,2010-10-04
Iz''jaju [Izayayu],russia,1323,komi,2010-10-04
Ižma [Izhma],russia,3753,komi,2010-10-04
Jarega [Yarega],russia,7806,komi,2010-10-04
Jeleckij [Yeletsky],russia,631,komi,2010-10-04
Jemva [Yemva],russia,14570,komi,2010-10-04
Komsomol'skij [Komsomolsky],russia,1047,komi,2010-10-04
Kortkeros,russia,4624,komi,2010-10-04
Kožva [Kozhva],russia,3047,komi,2010-10-04
Kožym [Kozhym],russia,10,komi,2010-10-04
Krasnozatonskij [Krasnozatonsky],russia,8603,komi,2010-10-04
Meždurečensk [Mezhdurechensk],russia,1418,komi,2010-10-04
Mikun',russia,10730,komi,2010-10-04
Mul'da [Mulda],russia,0,komi,2010-10-04
Nižnij Odes [Nizhny Odes],russia,9680,komi,2010-10-04
Ob''jačevo [Obayachevo],russia,5699,komi,2010-10-04
Oktjabr'skij [Oktyabrsky],russia,0,komi,2010-10-04
Parma,russia,1248,komi,2010-10-04
Pečora [Pechora],russia,43105,komi,2010-10-04
Promyšlennyj [Promyshlenny],russia,0,komi,2010-10-04
Putejec [Puteyets],russia,1116,komi,2010-10-04
Sedkyrkešč [Sedkyrkeshch],russia,1999,komi,2010-10-04
Severnyj [Severny],russia,9023,komi,2010-10-04
Sindor,russia,2478,komi,2010-10-04
Sosnogorsk,russia,27757,komi,2010-10-04
Šudajag [Shudayag],russia,3411,komi,2010-10-04
Syktyvkar,russia,235006,komi,2010-10-04
Troicko-Pečorsk [Troitsko-Pechorsk],russia,7276,komi,2010-10-04
Uchta [Ukhta],russia,99591,komi,2010-10-04
Usinsk,russia,40827,komi,2010-10-04
Usogorsk,russia,5343,komi,2010-10-04
Ust'-Cil'ma [Ust-Tsilma],russia,4877,komi,2010-10-04
Ust'-Kulom [Ust-Kulom],russia,5141,komi,2010-10-04
Verchnjaja Inta [Verkhnyaya Inta],russia,1106,komi,2010-10-04
Verchnjaja Maksakovka [Verkhnyaya Maksakovka],russia,4198,komi,2010-10-04
Vizinga,russia,6810,komi,2010-10-04
Vodnyj [Vodny],russia,6382,komi,2010-10-04
Vojvož [Voyvozh],russia,3387,komi,2010-10-04
Vorgašor [Vorgashor],russia,12044,komi,2010-10-04
Vorkuta,russia,70548,komi,2010-10-04
Vuktyl,russia,12356,komi,2010-10-04
Vyl'gort [Vylgort],russia,10289,komi,2010-10-04
Zapoljarnyj [Zapolyarny],russia,1948,komi,2010-10-04
Žešart [Zheshart],russia,8561,komi,2010-10-04
Buj [Buy],russia,25763,kostroma,2010-10-04
Čistyje Bory [Chistye Bory],russia,4796,kostroma,2010-10-04
Čuchloma [Chukhloma],russia,5411,kostroma,2010-10-04
Galič [Galich],russia,17346,kostroma,2010-10-04
Kadyj [Kady],russia,3597,kostroma,2010-10-04
Karavajevo [Karavayevo],russia,7517,kostroma,2010-10-04
Kologriv,russia,3314,kostroma,2010-10-04
Kostroma,russia,268742,kostroma,2010-10-04
Krasnoje-na-Volge [Krasnoye-na-Volge],russia,7706,kostroma,2010-10-04
Makarjev [Makaryev],russia,7274,kostroma,2010-10-04
Manturovo,russia,17479,kostroma,2010-10-04
Neja [Neya],russia,9827,kostroma,2010-10-04
Nerechta [Nerekhta],russia,22828,kostroma,2010-10-04
Nikol'skoje [Nikolskoye],russia,4952,kostroma,2010-10-04
Ostrovskoje [Ostrovskoye],russia,5042,kostroma,2010-10-04
Ponazyrevo,russia,4840,kostroma,2010-10-04
Šar'ja [Sharya],russia,23681,kostroma,2010-10-04
Soligalič [Soligalich],russia,6438,kostroma,2010-10-04
Sudislavl',russia,4913,kostroma,2010-10-04
Susanino,russia,3406,kostroma,2010-10-04
Vetlužskij [Vetluzhsky],russia,12224,kostroma,2010-10-04
Vochma [Vokhma],russia,4386,kostroma,2010-10-04
Volgorečensk [Volgorechensk],russia,17104,kostroma,2010-10-04
Abinsk,russia,34928,krasnodar,2010-10-04
Abrau-Djurso [Abrau-Dyurso],russia,3519,krasnodar,2010-10-04
Achtanizovskaja [Akhtanizovskaya],russia,3254,krasnodar,2010-10-04
Achtyrskij [Akhtyrsky],russia,20100,krasnodar,2010-10-04
Afipskij [Afipsky],russia,18969,krasnodar,2010-10-04
Agoj [Agoy],russia,2662,krasnodar,2010-10-04
Agronom,russia,3800,krasnodar,2010-10-04
Aleksejevskaja [Alexeyevskaya],russia,3358,krasnodar,2010-10-04
Anapa,russia,58990,krasnodar,2010-10-04
Anapskaja [Anapskaya],russia,16107,krasnodar,2010-10-04
Anastasijevskaja [Anastasiyevskaya],russia,10569,krasnodar,2010-10-04
Apšeronsk [Apsheronsk],russia,40225,krasnodar,2010-10-04
Archangel'skaja [Arkhangelskaya],russia,8714,krasnodar,2010-10-04
Archipo-Osipovka [Arkhipo-Osipovka],russia,7853,krasnodar,2010-10-04
Armavir,russia,188832,krasnodar,2010-10-04
Atamanskaja [Atamanskaya],russia,3952,krasnodar,2010-10-04
Azovskaja [Azovskaya],russia,4266,krasnodar,2010-10-04
Baranikovskij [Baranikovsky],russia,2925,krasnodar,2010-10-04
Baranovka,russia,2270,krasnodar,2010-10-04
Belaja Glina [Belaya Glina],russia,17320,krasnodar,2010-10-04
Belorečensk [Belorechensk],russia,53892,krasnodar,2010-10-04
Belozërnyj [Belozyorny],russia,4342,krasnodar,2010-10-04
Berezanskaja [Berezanskaya],russia,6968,krasnodar,2010-10-04
Berëzovyj [Beryozovy],russia,6743,krasnodar,2010-10-04
Besskorbnaja [Besskorbnaya],russia,5892,krasnodar,2010-10-04
Blagoveščenskaja [Blagoveshchenskaya],russia,2780,krasnodar,2010-10-04
Borisovka,russia,3188,krasnodar,2010-10-04
Brin'kovskaja [Brinkovskaya],russia,5109,krasnodar,2010-10-04
Brjuchoveckaja [Bryukhovetskaya],russia,22139,krasnodar,2010-10-04
Čamlykskaja [Chamlykskaya],russia,4050,krasnodar,2010-10-04
Čelbasskaja [Chelbasskaya],russia,6930,krasnodar,2010-10-04
Čerešnja [Chereshnya],russia,2426,krasnodar,2010-10-04
Černojerkovskaja [Chernoyerkovskaya],russia,3416,krasnodar,2010-10-04
Černomorskij [Chernomorsky],russia,8626,krasnodar,2010-10-04
Chadyžensk [Khadyzhensk],russia,21579,krasnodar,2010-10-04
Cholmskaja [Kholmskaya],russia,17585,krasnodar,2010-10-04
Cibanobalka [Tsibanobalka],russia,5370,krasnodar,2010-10-04
Dinskaja [Dinskaya],russia,34848,krasnodar,2010-10-04
Divnomorskoje [Divnomorskoye],russia,6358,krasnodar,2010-10-04
Djad'kovskaja [Dyadkovskaya],russia,4377,krasnodar,2010-10-04
Dmitrijevskaja [Dmitriyevskaya],russia,3522,krasnodar,2010-10-04
Dneprovskaja [Dneprovskaya],russia,3165,krasnodar,2010-10-04
Dolžanskaja [Dolzhanskaya],russia,7019,krasnodar,2010-10-04
Dvubratskij [Dvubratsky],russia,8541,krasnodar,2010-10-04
Džiginka [Dzhiginka],russia,4361,krasnodar,2010-10-04
Džubga [Dzhubga],russia,5223,krasnodar,2010-10-04
Fastoveckaja [Fastovetskaya],russia,8573,krasnodar,2010-10-04
Gajduk [Gayduk],russia,7484,krasnodar,2010-10-04
Gaj-Kodzor [Gay-Kodzor],russia,2968,krasnodar,2010-10-04
Gelendžik [Gelendzhik],russia,54980,krasnodar,2010-10-04
Girej [Girey],russia,6586,krasnodar,2010-10-04
Glebovskoje [Glebovskoye],russia,1027,krasnodar,2010-10-04
Glubokij [Gluboky],russia,3698,krasnodar,2010-10-04
Golubickaja [Golubitskaya],russia,5083,krasnodar,2010-10-04
Gorjačij Ključ [Goryachy Klyuch],russia,30126,krasnodar,2010-10-04
Gornoje Loo [Gornoye Loo],russia,3322,krasnodar,2010-10-04
Gostagajevskaja [Gostagayevskaya],russia,9772,krasnodar,2010-10-04
Grivenskaja [Grivenskaya],russia,4723,krasnodar,2010-10-04
Gubskaja [Gubskaya],russia,3221,krasnodar,2010-10-04
Gul'keviči [Gulkevichi],russia,35244,krasnodar,2010-10-04
Il'inskaja [Ilyinskaya],russia,4193,krasnodar,2010-10-04
Il'skij [Ilsky],russia,23781,krasnodar,2010-10-04
Industrial'nyj [Industrialny],russia,4785,krasnodar,2010-10-04
Ivanovskaja [Ivanovskaya],russia,9473,krasnodar,2010-10-04
Jaroslavskaja [Yaroslavskaya],russia,5436,krasnodar,2010-10-04
Jasenskaja [Yasenskaya],russia,4751,krasnodar,2010-10-04
Jejsk [Yeysk],russia,87769,krasnodar,2010-10-04
Jelizavetinskaja [Yelizavetinskaya],russia,24755,krasnodar,2010-10-04
Jurovka [Yurovka],russia,3537,krasnodar,2010-10-04
Južnyj [Yuzhny],russia,3430,krasnodar,2010-10-04
Južnyj [Yuzhny],russia,5121,krasnodar,2010-10-04
Kabardinka,russia,7550,krasnodar,2010-10-04
Kalininskaja [Kalininskaya],russia,13391,krasnodar,2010-10-04
Kalnibolotskaja [Kalnibolotskaya],russia,5722,krasnodar,2010-10-04
Kamyševatskaja [Kamyshevatskaya],russia,5029,krasnodar,2010-10-04
Kanelovskaja [Kanelovskaya],russia,4305,krasnodar,2010-10-04
Kanevskaja [Kanevskaya],russia,44386,krasnodar,2010-10-04
Kavkazskaja [Kavkazskaya],russia,11164,krasnodar,2010-10-04
Kazanskaja [Kazanskaya],russia,10991,krasnodar,2010-10-04
Kijevskoje [Kiyevskoye],russia,5543,krasnodar,2010-10-04
Kirpil'skaja [Kirpilskaya],russia,5547,krasnodar,2010-10-04
Kisljakovskaja [Kislyakovskaya],russia,5145,krasnodar,2010-10-04
Konokovo,russia,7880,krasnodar,2010-10-04
Konstantinovskaja [Konstantinovskaya],russia,4008,krasnodar,2010-10-04
Kopanskaja [Kopanskaya],russia,3965,krasnodar,2010-10-04
Korenovsk,russia,41166,krasnodar,2010-10-04
Korževskij [Korzhevsky],russia,3683,krasnodar,2010-10-04
Krajevsko-Armjanskoje [Krayevsko-Armyanskoye],russia,1624,krasnodar,2010-10-04
Krasnaja Poljana [Krasnaya Polyana],russia,3523,krasnodar,2010-10-04
Krasnaja Poljana [Krasnaya Polyana],russia,4598,krasnodar,2010-10-04
Krasnodar,russia,744995,krasnodar,2010-10-04
Krasnosel'skij [Krasnoselsky],russia,7792,krasnodar,2010-10-04
Krasnosel'skoje [Krasnoselskoye],russia,3060,krasnodar,2010-10-04
Kropotkin,russia,80765,krasnodar,2010-10-04
Krylovskaja [Krylovskaya],russia,13621,krasnodar,2010-10-04
Krylovskaja [Krylovskaya],russia,6615,krasnodar,2010-10-04
Krymsk,russia,57382,krasnodar,2010-10-04
Kurčanskaja [Kurchanskaya],russia,6600,krasnodar,2010-10-04
Kurganinsk,russia,47970,krasnodar,2010-10-04
Kuščëvskaja [Kushchyovskaya],russia,28362,krasnodar,2010-10-04
Labinsk,russia,62864,krasnodar,2010-10-04
Ladožskaja [Ladozhskaya],russia,14828,krasnodar,2010-10-04
Lazurnyj [Lazurny],russia,2754,krasnodar,2010-10-04
Lenina,russia,7395,krasnodar,2010-10-04
Leningradskaja [Leningradskaya],russia,36940,krasnodar,2010-10-04
Loris,russia,3565,krasnodar,2010-10-04
L'vovskoje [Lvovskoye],russia,5171,krasnodar,2010-10-04
Majkopskoje [Maykopskoye],russia,4106,krasnodar,2010-10-04
Mar'janskaja [Maryanskaya],russia,10643,krasnodar,2010-10-04
Medvedovskaja [Medvedovskaya],russia,16793,krasnodar,2010-10-04
Michajlovskaja [Mikhaylovskaya],russia,8245,krasnodar,2010-10-04
Mingrel'skaja [Mingrelskaya],russia,5112,krasnodar,2010-10-04
Moldavanskoje [Moldavanskoye],russia,3277,krasnodar,2010-10-04
Mostovskoj [Mostovskoy],russia,25075,krasnodar,2010-10-04
Myschako [Myskhako],russia,7954,krasnodar,2010-10-04
Natuchajevskaja [Natukhayevskaya],russia,6922,krasnodar,2010-10-04
Nebug,russia,3972,krasnodar,2010-10-04
Neftegorsk,russia,5306,krasnodar,2010-10-04
Nekrasovskaja [Nekrasovskaya],russia,4838,krasnodar,2010-10-04
Nižnebakanskaja [Nizhnebakanskaya],russia,8277,krasnodar,2010-10-04
Nižnjaja Šilovka [Nizhnyaya Shilovka],russia,5432,krasnodar,2010-10-04
Novoaleksejevskaja [Novoalexeyevskaya],russia,3617,krasnodar,2010-10-04
Novoderevjankovskaja [Novoderevyankovskaya],russia,6795,krasnodar,2010-10-04
Novodmitrijevskaja [Novodmitriyevskaya],russia,5244,krasnodar,2010-10-04
Novodžerelijevskaja [Novodzhereliyevskaya],russia,5020,krasnodar,2010-10-04
Novokorsunskaja [Novokorsunskaya],russia,4945,krasnodar,2010-10-04
Novokubansk,russia,34880,krasnodar,2010-10-04
Novolabinskaja [Novolabinskaya],russia,3327,krasnodar,2010-10-04
Novoleuškovskaja [Novoleushkovskaya],russia,6462,krasnodar,2010-10-04
Novomalorossijskaja [Novomalorossyskaya],russia,5778,krasnodar,2010-10-04
Novomichajlovskij [Novomikhaylovsky],russia,10213,krasnodar,2010-10-04
Novominskaja [Novominskaya],russia,11971,krasnodar,2010-10-04
Novomyšastovskaja [Novomyshastovskaya],russia,10032,krasnodar,2010-10-04
Novonikolajevskaja [Novonikolayevskaya],russia,3622,krasnodar,2010-10-04
Novoplatnirovskaja [Novoplatnirovskaya],russia,3369,krasnodar,2010-10-04
Novopokrovskaja [Novopokrovskaya],russia,19684,krasnodar,2010-10-04
Novorossijsk [Novorossiysk],russia,241952,krasnodar,2010-10-04
Novoroždestvenskaja [Novorozhdestvenskaya],russia,6505,krasnodar,2010-10-04
Novoščerbinovskaja [Novoshcherbinovskaya],russia,6190,krasnodar,2010-10-04
Novotitarovskaja [Novotitarovskaya],russia,24754,krasnodar,2010-10-04
Novoukrainskij [Novoukrainsky],russia,3617,krasnodar,2010-10-04
Novoukrainskoje [Novoukrainskoye],russia,5768,krasnodar,2010-10-04
Novoveličkovskaja [Novovelichkovskaya],russia,9169,krasnodar,2010-10-04
Oktjabr'skaja [Oktyabrskaya],russia,11252,krasnodar,2010-10-04
Ol'ginskaja [Olginskaya],russia,4934,krasnodar,2010-10-04
Orel-Izumrud,russia,5726,krasnodar,2010-10-04
Otradnaja [Otradnaya],russia,23204,krasnodar,2010-10-04
Otrado-Kubanskoje [Otrado-Kubanskoye],russia,3789,krasnodar,2010-10-04
Otrado-Ol'ginskoje [Otrado-Olginskoye],russia,3554,krasnodar,2010-10-04
Parkovyj [Parkovy],russia,4542,krasnodar,2010-10-04
Pavlovskaja [Pavlovskaya],russia,31327,krasnodar,2010-10-04
Peredovaja [Peredovaya],russia,3922,krasnodar,2010-10-04
Perejaslovskaja [Pereyaslovskaya],russia,8424,krasnodar,2010-10-04
Pervorečenskoje [Pervorechenskoye],russia,2676,krasnodar,2010-10-04
Petropavlovskaja [Petropavlovskaya],russia,6683,krasnodar,2010-10-04
Petrovskaja [Petrovskaya],russia,13554,krasnodar,2010-10-04
Plastunovskaja [Plastunovskaya],russia,10264,krasnodar,2010-10-04
Platnirovskaja [Platnirovskaya],russia,12004,krasnodar,2010-10-04
Poltavskaja [Poltavskaya],russia,26490,krasnodar,2010-10-04
Poputnaja [Poputnaya],russia,5809,krasnodar,2010-10-04
Prigorodnyj [Prigorodny],russia,2226,krasnodar,2010-10-04
Prikubanskij [Prikubansky],russia,3001,krasnodar,2010-10-04
Primorsko-Achtarsk [Primorsko-Akhtarsk],russia,32257,krasnodar,2010-10-04
Privol'naja [Privolnaya],russia,6506,krasnodar,2010-10-04
Pročnookopskaja [Prochnookopskaya],russia,4676,krasnodar,2010-10-04
Psebaj [Psebay],russia,10839,krasnodar,2010-10-04
Pšechskaja [Pshekhskaya],russia,5064,krasnodar,2010-10-04
Rajevskaja [Rayevskaya],russia,10020,krasnodar,2010-10-04
Razdol'naja [Razdolnaya],russia,3181,krasnodar,2010-10-04
Razdol'noje [Razdolnoye],russia,2243,krasnodar,2010-10-04
Rjazanskaja [Ryazanskaya],russia,5412,krasnodar,2010-10-04
Rodniki,russia,3244,krasnodar,2010-10-04
Rodnikovskaja [Rodnikovskaya],russia,8346,krasnodar,2010-10-04
Rogovskaja [Rogovskaya],russia,7864,krasnodar,2010-10-04
Rossijskij [Rossysky],russia,707,krasnodar,2010-10-04
Saratovskaja [Saratovskaya],russia,6567,krasnodar,2010-10-04
Semigorskij [Semigorsky],russia,1589,krasnodar,2010-10-04
Sennoj [Sennoy],russia,3735,krasnodar,2010-10-04
Šepsi [Shepsi],russia,3196,krasnodar,2010-10-04
Severskaja [Severskaya],russia,24867,krasnodar,2010-10-04
Sirius,russia,...,krasnodar,2010-10-04
Širočanka [Shirochanka],russia,6025,krasnodar,2010-10-04
Škurinskaja [Shkurinskaya],russia,4597,krasnodar,2010-10-04
Slavjansk-na-Kubani [Slavyansk-na-Kubani],russia,63842,krasnodar,2010-10-04
Smolenskaja [Smolenskaya],russia,7591,krasnodar,2010-10-04
Soči [Sochi],russia,343334,krasnodar,2010-10-04
Sovchoznyj [Sovkhozny],russia,4226,krasnodar,2010-10-04
Sovetskaja [Sovetskaya],russia,9021,krasnodar,2010-10-04
Spokojnaja [Spokoynaya],russia,5458,krasnodar,2010-10-04
Staraja Stanica [Staraya Stanitsa],russia,7612,krasnodar,2010-10-04
Staroderevjankovskaja [Staroderevyankovskaya],russia,12998,krasnodar,2010-10-04
Starodžerelijevskaja [Starodzhereliyevskaya],russia,2937,krasnodar,2010-10-04
Starokorsunskaja [Starokorsunskaya],russia,12238,krasnodar,2010-10-04
Staroleuškovskaja [Staroleushkovskaya],russia,5251,krasnodar,2010-10-04
Starominskaja [Starominskaya],russia,29809,krasnodar,2010-10-04
Staromyšastovskaja [Staromyshastovskaya],russia,10610,krasnodar,2010-10-04
Staronižesteblijevskaja [Staronizhestebliyevskaya],russia,10260,krasnodar,2010-10-04
Staroščerbinovskaja [Staroshcherbinovskaya],russia,18010,krasnodar,2010-10-04
Starotitarovskaja [Starotitarovskaya],russia,12164,krasnodar,2010-10-04
Staroveličkovskaja [Starovelichkovskaya],russia,13459,krasnodar,2010-10-04
Strelka,russia,4967,krasnodar,2010-10-04
Sukko,russia,3156,krasnodar,2010-10-04
Supsech [Supsekh],russia,6669,krasnodar,2010-10-04
Taman',russia,10027,krasnodar,2010-10-04
Tbilisskaja [Tbilisskaya],russia,25317,krasnodar,2010-10-04
Temirgojevskaja [Temirgoyevskaya],russia,7529,krasnodar,2010-10-04
Temižbekskaja [Temizhbekskaya],russia,5778,krasnodar,2010-10-04
Temrjuk [Temryuk],russia,38046,krasnodar,2010-10-04
Ternovskaja [Ternovskaya],russia,6082,krasnodar,2010-10-04
Tichoreck [Tikhoretsk],russia,61823,krasnodar,2010-10-04
Timašëvsk [Timashyovsk],russia,53924,krasnodar,2010-10-04
Troickaja [Troitskaya],russia,6786,krasnodar,2010-10-04
Trudobelikovskij [Trudobelikovsky],russia,9393,krasnodar,2010-10-04
Tuapse,russia,63292,krasnodar,2010-10-04
Tverskaja [Tverskaya],russia,3208,krasnodar,2010-10-04
Udobnaja [Udobnaya],russia,5314,krasnodar,2010-10-04
Uspenskaja [Uspenskaya],russia,4185,krasnodar,2010-10-04
Uspenskoje [Uspenskoye],russia,12409,krasnodar,2010-10-04
Ust'-Labinsk [Ust-Labinsk],russia,43270,krasnodar,2010-10-04
Varenikovskaja [Varenikovskaya],russia,14881,krasnodar,2010-10-04
Vasjurinskaja [Vasyurinskaya],russia,13339,krasnodar,2010-10-04
Velikovečnoje [Velikovechnoye],russia,5812,krasnodar,2010-10-04
Vency [Ventsy],russia,3891,krasnodar,2010-10-04
Verchnebakanskij [Verkhnebakansky],russia,6773,krasnodar,2010-10-04
Verchnij Jurt [Verkhny Yurt],russia,2807,krasnodar,2010-10-04
Vesëloje [Vesyoloye],russia,4140,krasnodar,2010-10-04
Vinogradnyj [Vinogradny],russia,3354,krasnodar,2010-10-04
Vitjazevo [Vityazevo],russia,7936,krasnodar,2010-10-04
Vladimirskaja [Vladimirskaya],russia,7217,krasnodar,2010-10-04
Volkovka,russia,2351,krasnodar,2010-10-04
Vol'noje [Volnoye],russia,3504,krasnodar,2010-10-04
Voronežskaja [Voronezhskaya],russia,8562,krasnodar,2010-10-04
Voznesenskaja [Voznesenskaya],russia,6546,krasnodar,2010-10-04
Vyselki,russia,19426,krasnodar,2010-10-04
Vyšesteblijevskaja [Vyshestebliyevskaya],russia,3779,krasnodar,2010-10-04
Vysokoje [Vysokoye],russia,3910,krasnodar,2010-10-04
Zavetnyj [Zavetny],russia,4854,krasnodar,2010-10-04
Znamenskij [Znamensky],russia,6242,krasnodar,2010-10-04
Aban,russia,9187,krasnoyarsk,2010-10-04
Ačinsk [Achinsk],russia,109155,krasnoyarsk,2010-10-04
Aginskoje [Aginskoye],russia,5584,krasnoyarsk,2010-10-04
Artëmovsk [Artyomovsk],russia,2179,krasnoyarsk,2010-10-04
Balachta [Balakhta],russia,7410,krasnoyarsk,2010-10-04
Berëzovka [Beryozovka],russia,20887,krasnoyarsk,2010-10-04
Bogotol,russia,21051,krasnoyarsk,2010-10-04
Bogučany [Boguchany],russia,11232,krasnoyarsk,2010-10-04
Bol'šaja Irba [Bolshaya Irba],russia,4464,krasnoyarsk,2010-10-04
Bol'šaja Murta [Bolshaya Murta],russia,7905,krasnoyarsk,2010-10-04
Bol'šoj Uluj [Bolshoy Uluy],russia,3340,krasnoyarsk,2010-10-04
Borodino,russia,17416,krasnoyarsk,2010-10-04
Dikson,russia,676,krasnoyarsk,2010-10-04
Divnogorsk,russia,28272,krasnoyarsk,2010-10-04
Dubinino,russia,9497,krasnoyarsk,2010-10-04
Dudinka,russia,22175,krasnoyarsk,2010-10-04
Dzeržinskoje [Dzerzhinskoye],russia,7374,krasnoyarsk,2010-10-04
Gorjačegorsk [Goryachegorsk],russia,756,krasnoyarsk,2010-10-04
Idrinskoje [Idrinskoye],russia,5135,krasnoyarsk,2010-10-04
Igarka,russia,6183,krasnoyarsk,2010-10-04
Ilanskij [Ilansky],russia,16111,krasnoyarsk,2010-10-04
Irbejskoje [Irbeyskoye],russia,4687,krasnoyarsk,2010-10-04
Irša [Irsha],russia,1236,krasnoyarsk,2010-10-04
Jemel'janovo [Yemelyanovo],russia,12055,krasnoyarsk,2010-10-04
Jenisejsk [Yeniseysk],russia,18766,krasnoyarsk,2010-10-04
Jermakovskoje [Yermakovskoye],russia,8557,krasnoyarsk,2010-10-04
Kansk,russia,94226,krasnoyarsk,2010-10-04
Karatuzskoje [Karatuzskoye],russia,7456,krasnoyarsk,2010-10-04
Kazačinskoje [Kazachinskoye],russia,3864,krasnoyarsk,2010-10-04
Kedrovyj [Kedrovy],russia,4692,krasnoyarsk,2010-10-04
Kodinsk,russia,14830,krasnoyarsk,2010-10-04
Košurnikovo [Koshurnikovo],russia,3492,krasnoyarsk,2010-10-04
Kozul'ka [Kozulka],russia,7998,krasnoyarsk,2010-10-04
Krasnojarsk [Krasnoyarsk],russia,973826,krasnoyarsk,2010-10-04
Krasnokamensk,russia,4667,krasnoyarsk,2010-10-04
Krasnoturansk,russia,5790,krasnoyarsk,2010-10-04
Kuragino,russia,13743,krasnoyarsk,2010-10-04
Lesosibirsk,russia,61139,krasnoyarsk,2010-10-04
Mazul'skij [Mazulsky],russia,1293,krasnoyarsk,2010-10-04
Minino,russia,1975,krasnoyarsk,2010-10-04
Minusinsk,russia,71170,krasnoyarsk,2010-10-04
Motygino,russia,5902,krasnoyarsk,2010-10-04
Nazarovo,russia,52817,krasnoyarsk,2010-10-04
Nižnij Ingaš [Nizhny Ingash],russia,7583,krasnoyarsk,2010-10-04
Nižnjaja Pojma [Nizhnyaya Poyma],russia,9000,krasnoyarsk,2010-10-04
Noril'sk [Norilsk],russia,175365,krasnoyarsk,2010-10-04
Novobiriljussy [Novobirilyussy],russia,4141,krasnoyarsk,2010-10-04
Novočernorečenskij [Novochernorechensky],russia,3802,krasnoyarsk,2010-10-04
Novoselovo,russia,5980,krasnoyarsk,2010-10-04
Oktjabr'skij [Oktyabrsky],russia,5879,krasnoyarsk,2010-10-04
Partizanskoje [Partizanskoye],russia,3525,krasnoyarsk,2010-10-04
Podgornyj [Podgorny],russia,6760,krasnoyarsk,2010-10-04
Podtësovo,russia,4718,krasnoyarsk,2010-10-04
Razdolinsk,russia,2502,krasnoyarsk,2010-10-04
Sajanskij [Sayansky],russia,4047,krasnoyarsk,2010-10-04
Šalinskoje [Shalinskoye],russia,3932,krasnoyarsk,2010-10-04
Šarypovo [Sharypovo],russia,38561,krasnoyarsk,2010-10-04
Severo-Jenisejskij [Severo-Yeniseysky],russia,6950,krasnoyarsk,2010-10-04
Snežnogorsk [Snezhnogorsk],russia,887,krasnoyarsk,2010-10-04
Solnečnyj [Solnechny],russia,10384,krasnoyarsk,2010-10-04
Soloncy [Solontsy],russia,3786,krasnoyarsk,2010-10-04
Sosnovoborsk,russia,33091,krasnoyarsk,2010-10-04
Strelka,russia,5040,krasnoyarsk,2010-10-04
Suchobuzimskoje [Sukhobuzimskoye],russia,4361,krasnoyarsk,2010-10-04
Šušenskoje [Shushenskoye],russia,17513,krasnoyarsk,2010-10-04
Tajëžnyj [Tayozhny],russia,6048,krasnoyarsk,2010-10-04
Tasejevo [Taseyevo],russia,8038,krasnoyarsk,2010-10-04
Tjuchtet [Tyukhtet],russia,4791,krasnoyarsk,2010-10-04
Tura,russia,5535,krasnoyarsk,2010-10-04
Turuchansk [Turukhansk],russia,4662,krasnoyarsk,2010-10-04
Ujar [Uyar],russia,12665,krasnoyarsk,2010-10-04
Užur [Uzhur],russia,16093,krasnoyarsk,2010-10-04
Zaozërnyj [Zaozyorny],russia,10681,krasnoyarsk,2010-10-04
Zelenogorsk,russia,66056,krasnoyarsk,2010-10-04
Zelënyj Bor [Zeleny Bor],russia,2778,krasnoyarsk,2010-10-04
Železnogorsk [Zheleznogorsk],russia,84795,krasnoyarsk,2010-10-04
Zykovo,russia,5924,krasnoyarsk,2010-10-04
Al'menevo [Almenevo],russia,4310,kurgan,2010-10-04
Belozerskoje [Belozerskoye],russia,4141,kurgan,2010-10-04
Celinnoje [Tselinnoye],russia,5076,kurgan,2010-10-04
Dalmatovo,russia,13911,kurgan,2010-10-04
Gljadjanskoje [Glyadyanskoye],russia,3964,kurgan,2010-10-04
Ikovka,russia,4672,kurgan,2010-10-04
Jurgamyš [Yurgamysh],russia,7616,kurgan,2010-10-04
Kargapolje [Kargapolye],russia,8433,kurgan,2010-10-04
Katajsk [Kataysk],russia,14003,kurgan,2010-10-04
Ketovo,russia,7251,kurgan,2010-10-04
Krasnyj Oktjabr' [Krasny Oktyabr],russia,4234,kurgan,2010-10-04
Kurgan,russia,333606,kurgan,2010-10-04
Kurtamyš [Kurtamysh],russia,17099,kurgan,2010-10-04
Lebjažje [Lebyazhye],russia,6452,kurgan,2010-10-04
Lesnikovo,russia,5056,kurgan,2010-10-04
Makušino [Makushino],russia,8338,kurgan,2010-10-04
Miškino [Mishkino],russia,8034,kurgan,2010-10-04
Mokrousovo,russia,4849,kurgan,2010-10-04
Petuchovo [Petukhovo],russia,11292,kurgan,2010-10-04
Polovinnoje [Polovinnoye],russia,4645,kurgan,2010-10-04
Šadrinsk [Shadrinsk],russia,77756,kurgan,2010-10-04
Safakulevo,russia,3629,kurgan,2010-10-04
Šatrovo [Shatrovo],russia,5688,kurgan,2010-10-04
Ščučje [Shchuchye],russia,10973,kurgan,2010-10-04
Šumicha [Shumikha],russia,17819,kurgan,2010-10-04
Vargaši [Vargashi],russia,9254,kurgan,2010-10-04
Vvedenskoje [Vvedenskoye],russia,4537,kurgan,2010-10-04
Zverinogolovskoje [Zverinogolovskoye],russia,4060,kurgan,2010-10-04
Čeremisinovo [Cheremisinovo],russia,3812,kursk,2010-10-04
Chomutovka [Khomutovka],russia,4230,kursk,2010-10-04
D'jakonovo [Dyakonovo],russia,3906,kursk,2010-10-04
Dmitrijev-L'govskij [Dmitriyev-Lgovsky],russia,7728,kursk,2010-10-04
Fatež [Fatezh],russia,5404,kursk,2010-10-04
Gluškovo [Glushkovo],russia,5349,kursk,2010-10-04
Goršečnoje [Gorshechnoye],russia,6137,kursk,2010-10-04
Imeni Karla Libknechta [Imeni Karla Libknekhta],russia,7682,kursk,2010-10-04
Ivanino,russia,2427,kursk,2010-10-04
Kastornoje [Kastornoye],russia,3848,kursk,2010-10-04
Kirovskij [Kirovsky],russia,2776,kursk,2010-10-04
Konyšëvka [Konyshevka],russia,3748,kursk,2010-10-04
Korenevo,russia,6119,kursk,2010-10-04
Kšenskij [Kshensky],russia,6128,kursk,2010-10-04
Kurčatov [Kurchatov],russia,42706,kursk,2010-10-04
Kursk,russia,415159,kursk,2010-10-04
L'gov [Lgov],russia,21453,kursk,2010-10-04
Magnitnyj [Magnitny],russia,1964,kursk,2010-10-04
Maršala Žukova [Marshala Zhukova],russia,4715,kursk,2010-10-04
Medvenka,russia,4398,kursk,2010-10-04
Michajlovka [Mikhaylovka],russia,2554,kursk,2010-10-04
Novokastornoje [Novokastornoye],russia,2014,kursk,2010-10-04
Obojan' [Oboyan],russia,13565,kursk,2010-10-04
Olymskij [Olymsky],russia,2618,kursk,2010-10-04
Ponyri,russia,4791,kursk,2010-10-04
Pristen',russia,5297,kursk,2010-10-04
Prjamicyno [Pryamitsyno],russia,5094,kursk,2010-10-04
Ryl'sk [Rylsk],russia,15671,kursk,2010-10-04
Ščigry [Shchigry],russia,17040,kursk,2010-10-04
Solncevo [Solntsevo],russia,4295,kursk,2010-10-04
Sudža [Sudzha],russia,6036,kursk,2010-10-04
Tëtkino,russia,4223,kursk,2010-10-04
Tim,russia,3186,kursk,2010-10-04
Vorošnevo [Voroshnevo],russia,3261,kursk,2010-10-04
Železnogorsk [Zheleznogorsk],russia,95049,kursk,2010-10-04
Zolotuchino [Zolotukhino],russia,4702,kursk,2010-10-04
Agalatovo,russia,5261,leningrad,2010-10-04
Annino,russia,3558,leningrad,2010-10-04
Begunicy [Begunitsy],russia,3702,leningrad,2010-10-04
Boksitogorsk,russia,16585,leningrad,2010-10-04
Bol'šaja Ižora [Bolshaya Izhora],russia,3314,leningrad,2010-10-04
Bol'šije Kolpany [Bolshiye Kolpany],russia,4174,leningrad,2010-10-04
Budogošč' [Budogoshch],russia,3871,leningrad,2010-10-04
Bugry,russia,6154,leningrad,2010-10-04
Družnaja Gorka [Druzhnaya Gorka],russia,3463,leningrad,2010-10-04
Dubrovka,russia,6693,leningrad,2010-10-04
Fëdorovskoje [Fyodorovskoye],russia,2906,leningrad,2010-10-04
Fornosovo,russia,6408,leningrad,2010-10-04
Garbolovo,russia,4030,leningrad,2010-10-04
Gatčina [Gatchina],russia,92937,leningrad,2010-10-04
Gorbunki,russia,7478,leningrad,2010-10-04
Gostilicy [Gostilitsy],russia,3728,leningrad,2010-10-04
Imeni Morozova,russia,10873,leningrad,2010-10-04
Imeni Sverdlova,russia,9260,leningrad,2010-10-04
Ivangorod,russia,9854,leningrad,2010-10-04
Janino-1 [Yanino-1],russia,4452,leningrad,2010-10-04
Jefimovskij [Yefimovsky],russia,3611,leningrad,2010-10-04
Kamenka,russia,8212,leningrad,2010-10-04
Kamennogorsk,russia,6739,leningrad,2010-10-04
Kingisepp,russia,48488,leningrad,2010-10-04
Kingiseppskij [Kingiseppsky],russia,2076,leningrad,2010-10-04
Kipen',russia,3076,leningrad,2010-10-04
Kiriši [Kirishi],russia,52309,leningrad,2010-10-04
Kirovsk,russia,25650,leningrad,2010-10-04
Kommunar,russia,20211,leningrad,2010-10-04
Krasnyj Bor [Krasny Bor],russia,5033,leningrad,2010-10-04
Kudrovo,russia,137,leningrad,2010-10-04
Kuz'molovskij [Kuzmolovsky],russia,9689,leningrad,2010-10-04
Kuznečnoje [Kuznechnoye],russia,4458,leningrad,2010-10-04
Lagolovo,russia,3569,leningrad,2010-10-04
Lebjažje [Lebyazhye],russia,4729,leningrad,2010-10-04
Leskolovo,russia,4279,leningrad,2010-10-04
Lesogorskij [Lesogorsky],russia,3273,leningrad,2010-10-04
Ljuban' [Lyuban],russia,4188,leningrad,2010-10-04
Lodejnoje Pole [Lodeynoye Pole],russia,20674,leningrad,2010-10-04
Luga,russia,38593,leningrad,2010-10-04
Maloje Verevo [Maloye Verevo],russia,4246,leningrad,2010-10-04
Mga,russia,10212,leningrad,2010-10-04
Murino,russia,7023,leningrad,2010-10-04
Nazija [Naziya],russia,4858,leningrad,2010-10-04
Nikol'skij [Nikolsky],russia,2989,leningrad,2010-10-04
Nikol'skoje [Nikolskoye],russia,19280,leningrad,2010-10-04
Novaja Ladoga [Novaya Ladoga],russia,8838,leningrad,2010-10-04
Novogorelovo,russia,...,leningrad,2010-10-04
Novoje Devjatkino [Novoye Devyatkino],russia,10978,leningrad,2010-10-04
Novoselje [Novoselye],russia,2810,leningrad,2010-10-04
Novyj Svet [Novy Svet],russia,5648,leningrad,2010-10-04
Nurma,russia,3146,leningrad,2010-10-04
Otradnoje [Otradnoye],russia,23866,leningrad,2010-10-04
Paša [Pasha],russia,3701,leningrad,2010-10-04
Pavlovo,russia,3250,leningrad,2010-10-04
Pervomajskoje [Pervomayskoye],russia,4469,leningrad,2010-10-04
Pikalëvo [Pikalyovo],russia,21562,leningrad,2010-10-04
Podporožje [Podporozhye],russia,18733,leningrad,2010-10-04
Priladožskij [Priladozhsky],russia,5757,leningrad,2010-10-04
Primorsk,russia,6119,leningrad,2010-10-04
Priozersk,russia,18933,leningrad,2010-10-04
Pudost',russia,2500,leningrad,2010-10-04
Rach'ja [Rakhya],russia,3188,leningrad,2010-10-04
Rjabovo [Ryabovo],russia,3251,leningrad,2010-10-04
Romanovka,russia,6129,leningrad,2010-10-04
Roščino [Roshchino],russia,13439,leningrad,2010-10-04
Russko-Vysockoje [Russko-Vysotskoye],russia,5356,leningrad,2010-10-04
Ščeglovo [Shcheglovo],russia,2943,leningrad,2010-10-04
Sertolovo,russia,47457,leningrad,2010-10-04
Sinjavino [Sinyavino],russia,3784,leningrad,2010-10-04
Siverskij [Siversky],russia,12216,leningrad,2010-10-04
Sjas'kelevo [Syaskelevo],russia,2135,leningrad,2010-10-04
Sjas'stroj [Syasstroy],russia,13745,leningrad,2010-10-04
Slancy [Slantsy],russia,33485,leningrad,2010-10-04
Šlissel'burg [Shlisselburg],russia,13170,leningrad,2010-10-04
Sosnovo,russia,7209,leningrad,2010-10-04
Sosnovyj Bor [Sosnovy Bor],russia,65788,leningrad,2010-10-04
Sovetskij [Sovetsky],russia,7131,leningrad,2010-10-04
Staraja [Staraya],russia,8868,leningrad,2010-10-04
Susanino,russia,2326,leningrad,2010-10-04
Svetogorsk,russia,15981,leningrad,2010-10-04
Svir'stroj [Svirstroy],russia,927,leningrad,2010-10-04
Tajcy [Taytsy],russia,2853,leningrad,2010-10-04
Tel'mana [Telmana],russia,8757,leningrad,2010-10-04
Tichvin [Tikhvin],russia,58459,leningrad,2010-10-04
Toksovo,russia,6127,leningrad,2010-10-04
Tolmačëvo [Tolmachyovo],russia,3232,leningrad,2010-10-04
Tosno,russia,39101,leningrad,2010-10-04
Ul'janovka [Ulyanovka],russia,11601,leningrad,2010-10-04
Važiny [Vazhiny],russia,2754,leningrad,2010-10-04
Villozi,russia,3895,leningrad,2010-10-04
Vojskovicy [Voyskovitsy],russia,4187,leningrad,2010-10-04
Volchov [Volkhov],russia,47182,leningrad,2010-10-04
Volosovo,russia,12161,leningrad,2010-10-04
Voznesenje [Voznesenye],russia,2425,leningrad,2010-10-04
Vsevoložsk [Vsevolozhsk],russia,59704,leningrad,2010-10-04
Vyborg,russia,79962,leningrad,2010-10-04
Vyrica [Vyritsa],russia,11884,leningrad,2010-10-04
Vysock [Vysotsk],russia,1244,leningrad,2010-10-04
Borinskoje [Borinskoye],russia,6556,lipetsk,2010-10-04
Čaplygin [Chaplygin],russia,12656,lipetsk,2010-10-04
Chlevnoje [Khlevnoye],russia,5969,lipetsk,2010-10-04
Dankov,russia,21064,lipetsk,2010-10-04
Dobrinka,russia,9572,lipetsk,2010-10-04
Dobroje [Dobroye],russia,5445,lipetsk,2010-10-04
Dolgorukovo,russia,5343,lipetsk,2010-10-04
Donskoje [Donskoye],russia,3807,lipetsk,2010-10-04
Faščëvka [Fashchyovka],russia,1723,lipetsk,2010-10-04
Grjazi [Gryazi],russia,46807,lipetsk,2010-10-04
Izmalkovo,russia,4015,lipetsk,2010-10-04
Jelec [Yelets],russia,108404,lipetsk,2010-10-04
Kalikino,russia,2959,lipetsk,2010-10-04
Kazaki,russia,3395,lipetsk,2010-10-04
Kazinka,russia,2730,lipetsk,2010-10-04
Kosyrëvka [Kosyryovka],russia,1681,lipetsk,2010-10-04
Krasnoje [Krasnoye],russia,3832,lipetsk,2010-10-04
Krivopoljanje [Krivopolyanye],russia,5059,lipetsk,2010-10-04
Lebedjan' [Lebedyan],russia,21012,lipetsk,2010-10-04
Lev Tolstoj [Lev Tolstoy],russia,8650,lipetsk,2010-10-04
Lipeck [Lipetsk],russia,508887,lipetsk,2010-10-04
Podgornoje [Podgornoye],russia,2509,lipetsk,2010-10-04
Stanovoje [Stanovoye],russia,5252,lipetsk,2010-10-04
Syrskoje [Syrskoye],russia,3457,lipetsk,2010-10-04
Terbuny,russia,7312,lipetsk,2010-10-04
Usman',russia,18685,lipetsk,2010-10-04
Volovo,russia,3734,lipetsk,2010-10-04
Zadonsk,russia,9698,lipetsk,2010-10-04
Atka,russia,485,magadan,2010-10-04
Beličan [Belichan],russia,0,magadan,2010-10-04
Bol'ševik [Bolshevik],russia,96,magadan,2010-10-04
Burchala [Burkhala],russia,272,magadan,2010-10-04
Cholodnyj [Kholodny],russia,1062,magadan,2010-10-04
Debin,russia,721,magadan,2010-10-04
Dukat,russia,1351,magadan,2010-10-04
Èvensk [Evensk],russia,1793,magadan,2010-10-04
Galimyj [Galimy],russia,5,magadan,2010-10-04
Jagodnoje [Yagodnoye],russia,4210,magadan,2010-10-04
Kadykčan [Kadykchan],russia,0,magadan,2010-10-04
Magadan,russia,95982,magadan,2010-10-04
Mjaundža [Myaundzha],russia,1663,magadan,2010-10-04
Ola,russia,6215,magadan,2010-10-04
Omsukčan [Omsukchan],russia,4157,magadan,2010-10-04
Orotukan,russia,1531,magadan,2010-10-04
Palatka,russia,4244,magadan,2010-10-04
Sejmčan [Seymchan],russia,2818,magadan,2010-10-04
Sinegorje [Sinegorye],russia,2821,magadan,2010-10-04
Sokol,russia,4685,magadan,2010-10-04
Stekol'nyj [Stekolny],russia,2023,magadan,2010-10-04
Susuman,russia,5855,magadan,2010-10-04
Uptar,russia,1991,magadan,2010-10-04
Ust'-Omčug [Ust-Omchug],russia,3914,magadan,2010-10-04
Verchnij At-Urjach [Verkhny At-Uryakh],russia,0,magadan,2010-10-04
Joškar-Ola [Yoshkar-Ola],russia,248782,mari-el,2010-10-04
Jurino [Yurino],russia,3465,mari-el,2010-10-04
Kilemary,russia,4073,mari-el,2010-10-04
Koz'modem'jansk [Kozmodemyansk],russia,21257,mari-el,2010-10-04
Krasnogorskij [Krasnogorsky],russia,6699,mari-el,2010-10-04
Krasnooktjabr'skij [Krasnooktyabrsky],russia,4559,mari-el,2010-10-04
Kužener [Kuzhener],russia,5384,mari-el,2010-10-04
Mari-Turek,russia,5164,mari-el,2010-10-04
Medvedevo,russia,16841,mari-el,2010-10-04
Morki,russia,9914,mari-el,2010-10-04
Novyj Tor''jal [Novy Torayal],russia,6635,mari-el,2010-10-04
Oršanka [Orshanka],russia,6589,mari-el,2010-10-04
Paran'ga [Paranga],russia,5985,mari-el,2010-10-04
Privolžskij [Privolzhsky],russia,4159,mari-el,2010-10-04
Ruèm [Ruem],russia,3319,mari-el,2010-10-04
Semënovka [Semyonovka],russia,6495,mari-el,2010-10-04
Sernur,russia,8686,mari-el,2010-10-04
Sovetskij [Sovetsky],russia,10664,mari-el,2010-10-04
Suslonger,russia,3161,mari-el,2010-10-04
Volžsk [Volzhsk],russia,55659,mari-el,2010-10-04
Znamenskij [Znamensky],russia,2444,mari-el,2010-10-04
Zvenigovo,russia,11946,mari-el,2010-10-04
Ardatov,russia,9400,mordovia,2010-10-04
Atemar,russia,4078,mordovia,2010-10-04
Atjaševo [Atyashevo],russia,6246,mordovia,2010-10-04
Atjurjevo [Atyuryevo],russia,4429,mordovia,2010-10-04
Belozerje [Belozerye],russia,2949,mordovia,2010-10-04
Bol'šaja Jelchovka [Bolshaya Yelkhovka],russia,4171,mordovia,2010-10-04
Bol'šije Berezniki [Bolshiye Berezniki],russia,6393,mordovia,2010-10-04
Čamzinka [Chamzinka],russia,9463,mordovia,2010-10-04
Dubënki [Dubyonki],russia,3325,mordovia,2010-10-04
Insar,russia,8687,mordovia,2010-10-04
Jalga [Yalga],russia,5672,mordovia,2010-10-04
Javas [Yavas],russia,7941,mordovia,2010-10-04
Jel'niki [Yelniki],russia,5905,mordovia,2010-10-04
Kadoškino [Kadoshkino],russia,4704,mordovia,2010-10-04
Kemlja [Kemlya],russia,4826,mordovia,2010-10-04
Kočkurovo [Kochkurovo],russia,3198,mordovia,2010-10-04
Komsomol'skij [Komsomolsky],russia,13513,mordovia,2010-10-04
Kovylkino,russia,21307,mordovia,2010-10-04
Krasnoslobodsk,russia,10151,mordovia,2010-10-04
Ljambir' [Lyambir],russia,8457,mordovia,2010-10-04
Luchovka [Lukhovka],russia,8639,mordovia,2010-10-04
Nikolajevka [Nikolayevka],russia,5058,mordovia,2010-10-04
Pot'ma [Potma],russia,4171,mordovia,2010-10-04
Romodanovo,russia,9410,mordovia,2010-10-04
Ruzajevka [Ruzayevka],russia,47523,mordovia,2010-10-04
Saransk,russia,297415,mordovia,2010-10-04
Staroje Šajgovo [Staroye Shaygovo],russia,5185,mordovia,2010-10-04
Tatarskaja Pišlja [Tatarskaya Pishlya],russia,3271,mordovia,2010-10-04
Temnikov,russia,7243,mordovia,2010-10-04
Ten'guševo [Tengushevo],russia,4230,mordovia,2010-10-04
Torbejevo [Torbeyevo],russia,9373,mordovia,2010-10-04
Turgenevo,russia,5260,mordovia,2010-10-04
Umët,russia,2822,mordovia,2010-10-04
Zubova Poljana [Zubova Polyana],russia,10338,mordovia,2010-10-04
Alabuševo [Alabushevo],russia,2994,moscow,2010-10-04
Andrejevka [Andreyevka],russia,10008,moscow,2010-10-04
Aničkovo [Anichkovo],russia,...,moscow,2010-10-04
Aprelevka,russia,18349,moscow,2010-10-04
Archangel'skoje [Arkhangelskoye],russia,4443,moscow,2010-10-04
Ašukino [Ashukino],russia,9942,moscow,2010-10-04
Atepcevo [Ateptsevo],russia,3259,moscow,2010-10-04
Avsjunino [Avsyunino],russia,4947,moscow,2010-10-04
Balašicha [Balashikha; incl. Zheleznodorozhny],russia,346751,moscow,2010-10-04
Beloomut,russia,6558,moscow,2010-10-04
Beloozërskij [Beloozyorsky],russia,17842,moscow,2010-10-04
Biokombinata,russia,4604,moscow,2010-10-04
Bobrovo,russia,130,moscow,2010-10-04
Bogorodskoje [Bogorodskoye],russia,9108,moscow,2010-10-04
Bol'ševik [Bolshevik],russia,5691,moscow,2010-10-04
Bol'šije Dvory [Bolshiye Dvory],russia,4952,moscow,2010-10-04
Bol'šije Vjazëmy [Bolshiye Vyazyomy],russia,12650,moscow,2010-10-04
Bol'šoje Bun'kovo [Bolshoye Bunkovo],russia,4084,moscow,2010-10-04
Brëchovo [Bryokhovo],russia,887,moscow,2010-10-04
Bronnicy [Bronnitsy],russia,21102,moscow,2010-10-04
Butovo,russia,81,moscow,2010-10-04
Bykovo,russia,10391,moscow,2010-10-04
Čascy [Chastsy],russia,4251,moscow,2010-10-04
Čechov [Chekhov],russia,60720,moscow,2010-10-04
Central'noj Usad'by Sovchoza «Mir» [Tsentralnoy Usadby Sovkhoza »Mir«],russia,2955,moscow,2010-10-04
Čerkizovo [Cherkizovo],russia,3559,moscow,2010-10-04
Čërnaja [Chyornaya],russia,56,moscow,2010-10-04
Černogolovka [Chernogolovka],russia,20983,moscow,2010-10-04
Čërnoje [Chyornoye],russia,4047,moscow,2010-10-04
Čerusti [Cherusti],russia,2862,moscow,2010-10-04
Chimki [Khimki],russia,207425,moscow,2010-10-04
Chorlovo [Khorlovo],russia,4468,moscow,2010-10-04
Chot'kovo [Khotkovo],russia,21505,moscow,2010-10-04
Davydovo,russia,10918,moscow,2010-10-04
Dedenevo,russia,6319,moscow,2010-10-04
Dedovsk,russia,29108,moscow,2010-10-04
Demichovo [Demikhovo],russia,5563,moscow,2010-10-04
Dmitrov,russia,61305,moscow,2010-10-04
Dolgoprudnyj [Dolgoprudny],russia,90956,moscow,2010-10-04
Doma Otdycha «Gorki» [Rest House »Gorki«],russia,3778,moscow,2010-10-04
Domodedovo,russia,96145,moscow,2010-10-04
Domodedovo,russia,229,moscow,2010-10-04
Dorochovo [Dorokhovo],russia,3688,moscow,2010-10-04
Drezna,russia,11820,moscow,2010-10-04
Drožžino [Drozhzhino],russia,69,moscow,2010-10-04
Družba [Druzhba],russia,4215,moscow,2010-10-04
Dubna,russia,70663,moscow,2010-10-04
Dubovaja Rošča [Dubovaya Roshcha],russia,4365,moscow,2010-10-04
Dzeržinskij [Dzerzhinsky],russia,47163,moscow,2010-10-04
Èlektrogorsk [Elektrogorsk],russia,22480,moscow,2010-10-04
Èlektroizoljator [Elektroizolyator],russia,4540,moscow,2010-10-04
Èlektrostal' [Elektrostal],russia,155196,moscow,2010-10-04
Èlektrougli [Elektrougli],russia,20136,moscow,2010-10-04
Fedjukovo [Fedyukovo],russia,2785,moscow,2010-10-04
Fedurnovo,russia,1814,moscow,2010-10-04
Fosforitnyj,russia,4495,moscow,2010-10-04
Frjanovo [Fryanovo],russia,11243,moscow,2010-10-04
Frjazino [Fryazino],russia,55369,moscow,2010-10-04
Gal'čino [Galchino],russia,3060,moscow,2010-10-04
Glebovskij [Glebovsky],russia,9316,moscow,2010-10-04
Golicyno [Golitsyno],russia,17593,moscow,2010-10-04
Goluboje [Goluboye],russia,2142,moscow,2010-10-04
Gorki,russia,533,moscow,2010-10-04
Gorki-10,russia,6459,moscow,2010-10-04
Gorki-2,russia,2948,moscow,2010-10-04
Gorki Leninskije [Gorki Leninskiye],russia,3586,moscow,2010-10-04
Gubino,russia,2575,moscow,2010-10-04
Ikša [Iksha],russia,3721,moscow,2010-10-04
Il'inskij [Ilyinsky],russia,10279,moscow,2010-10-04
Il'inskoje [Ilyinskoye],russia,5276,moscow,2010-10-04
Il'inskoje-Usovo [Ilyinskoye-Usovo],russia,1504,moscow,2010-10-04
Imeni Cjurupy [Imeni Tsyurupy],russia,4352,moscow,2010-10-04
Imeni Tel'mana [Imeni Telmana],russia,3673,moscow,2010-10-04
Imeni Vorovskogo,russia,5120,moscow,2010-10-04
Istra,russia,35111,moscow,2010-10-04
Ivantejevka [Ivanteyevka],russia,58626,moscow,2010-10-04
Izmajlovo [Izmaylovo],russia,1593,moscow,2010-10-04
Jachroma [Yakhroma],russia,13214,moscow,2010-10-04
Jam [Yam],russia,2994,moscow,2010-10-04
Jegorjevsk [Yegoryevsk],russia,70081,moscow,2010-10-04
Jeršovo [Yershovo],russia,2366,moscow,2010-10-04
Kalininec [Kalininets],russia,21774,moscow,2010-10-04
Kašira [Kashira; incl. Ozherelye],russia,52339,moscow,2010-10-04
Klin,russia,80585,moscow,2010-10-04
Kolomna,russia,144589,moscow,2010-10-04
Konobejevo [Konobeyevo],russia,3201,moscow,2010-10-04
Konstantinovo,russia,3974,moscow,2010-10-04
Korolëv [Korolyov; incl. Yubileyny],russia,216639,moscow,2010-10-04
Kotel'niki [Kotelniki],russia,32338,moscow,2010-10-04
Kraskovo,russia,21250,moscow,2010-10-04
Krasnaja Pojma [Krasnaya Poyma],russia,3051,moscow,2010-10-04
Krasnoarmejsk [Krasnoarmeysk],russia,26294,moscow,2010-10-04
Krasnogorsk,russia,116896,moscow,2010-10-04
Krasnozavodsk,russia,13392,moscow,2010-10-04
Krasnoznamensk,russia,36103,moscow,2010-10-04
Krasnyj Posëlok [Krasny Posyolok],russia,77,moscow,2010-10-04
Krasnyj Put' [Krasny Put],russia,1432,moscow,2010-10-04
Kratovo,russia,8277,moscow,2010-10-04
Krjukovo [Kryukovo],russia,2688,moscow,2010-10-04
Kubinka,russia,22964,moscow,2010-10-04
Kudinovo,russia,3170,moscow,2010-10-04
Kurovskoje [Kurovskoye],russia,21819,moscow,2010-10-04
Kuznečiki [Kuznechiki],russia,3298,moscow,2010-10-04
Lesnoj [Lesnoy],russia,8569,moscow,2010-10-04
Lesnyje Poljany [Lesnye Polyany],russia,4053,moscow,2010-10-04
Letnij Otdych [Letny Otdykh],russia,2743,moscow,2010-10-04
Likino-Dulëvo [Likino-Dulyovo],russia,31321,moscow,2010-10-04
Lipicy [Lipitsy],russia,2514,moscow,2010-10-04
Litvinovo,russia,2464,moscow,2010-10-04
Ljubercy [Lyubertsy],russia,172525,moscow,2010-10-04
Ljubučany [Lyubuchany],russia,3378,moscow,2010-10-04
Lobnja [Lobnya],russia,74252,moscow,2010-10-04
Lopatino,russia,222,moscow,2010-10-04
Losino-Petrovskij [Losino-Petrovsky],russia,22550,moscow,2010-10-04
Lotošino [Lotoshino],russia,5558,moscow,2010-10-04
Loza,russia,2775,moscow,2010-10-04
Luchovicy [Lukhovitsy],russia,29850,moscow,2010-10-04
Lunëvo [Lunyovo],russia,3961,moscow,2010-10-04
Lytkarino,russia,55237,moscow,2010-10-04
Malachovka [Malakhovka],russia,24004,moscow,2010-10-04
Malino,russia,4108,moscow,2010-10-04
Malyje Vjazëmy [Malye Vyazyomy],russia,1728,moscow,2010-10-04
Marfino,russia,4234,moscow,2010-10-04
Marusino,russia,490,moscow,2010-10-04
Mebel'noj Fabriki [Mebelnoy Fabriki],russia,0,moscow,2010-10-04
Medvež'i Ozëra [Medvezhyi Ozyora],russia,4154,moscow,2010-10-04
Mendelejevo [Mendeleyevo],russia,7927,moscow,2010-10-04
Michnevo [Mikhnevo],russia,11267,moscow,2010-10-04
Mirnyj [Mirny],russia,99,moscow,2010-10-04
Misajlovo [Misaylovo],russia,370,moscow,2010-10-04
Mišeronskij [Misheronsky],russia,3857,moscow,2010-10-04
Molodëžnyj [Molodyozhny],russia,2920,moscow,2010-10-04
Molokovo,russia,1938,moscow,2010-10-04
Monino,russia,22821,moscow,2010-10-04
Možajsk [Mozhaysk],russia,31363,moscow,2010-10-04
Mytišči [Mytishchi; incl. Pirogovsky],russia,179834,moscow,2010-10-04
Nachabino [Nakhabino],russia,36456,moscow,2010-10-04
Naro-Fominsk,russia,64665,moscow,2010-10-04
Nekrasovskij [Nekrasovsky],russia,10292,moscow,2010-10-04
Nemčinovka [Nemchinovka],russia,2542,moscow,2010-10-04
Noginsk,russia,100072,moscow,2010-10-04
Novodrožžino [Novodrozhzhino],russia,2781,moscow,2010-10-04
Novoivanovskoje [Novoivanovskoye],russia,6003,moscow,2010-10-04
Novoje [Novoye],russia,2458,moscow,2010-10-04
Novopetrovskoje [Novopetrovskoye],russia,4883,moscow,2010-10-04
Novosin'kovo [Novosinkovo],russia,8073,moscow,2010-10-04
Novyj Byt [Novy Byt],russia,2922,moscow,2010-10-04
Novyj Gorodok [Novy Gorodok],russia,9154,moscow,2010-10-04
Novyj Gorodok [Novy Gorodok],russia,2718,moscow,2010-10-04
Obolensk,russia,4937,moscow,2010-10-04
Obuchovo [Obukhovo],russia,9630,moscow,2010-10-04
Odincovo [Odintsovo],russia,138930,moscow,2010-10-04
Oktjabr'skij [Oktyabrsky],russia,13165,moscow,2010-10-04
Orechovo-Zujevo [Orekhovo-Zuyevo],russia,120670,moscow,2010-10-04
Ostašëvo [Ostashyovo],russia,2743,moscow,2010-10-04
Ostrovcy [Ostrovtsy],russia,5515,moscow,2010-10-04
Otradnoje [Otradnoye],russia,1233,moscow,2010-10-04
Ozereckoje [Ozeretskoye],russia,243,moscow,2010-10-04
Ozëry [Ozyory],russia,25800,moscow,2010-10-04
Pavlino,russia,96,moscow,2010-10-04
Pavlovskaja Sloboda [Pavlovskaya Sloboda],russia,6327,moscow,2010-10-04
Pavlovskij Posad [Pavlovsky Posad],russia,63711,moscow,2010-10-04
Peresvet,russia,14147,moscow,2010-10-04
Peski,russia,3845,moscow,2010-10-04
Podolino,russia,206,moscow,2010-10-04
"Podol'sk [Podolsk; incl. Klimovsk, Lvovsky]",russia,255002,moscow,2010-10-04
Povarovo,russia,7985,moscow,2010-10-04
Pravdinskij [Pravdinsky],russia,10587,moscow,2010-10-04
Proletarskij [Proletarsky],russia,4156,moscow,2010-10-04
Protvino,russia,37308,moscow,2010-10-04
Purševo [Purshevo],russia,2055,moscow,2010-10-04
Puščino [Pushchino],russia,20332,moscow,2010-10-04
Puškino [Pushkino],russia,102874,moscow,2010-10-04
Putilkovo,russia,2464,moscow,2010-10-04
Radumlja [Radumlya],russia,2250,moscow,2010-10-04
Ramenskoje [Ramenskoye],russia,96317,moscow,2010-10-04
Rastunovo,russia,4046,moscow,2010-10-04
Razvilka,russia,9778,moscow,2010-10-04
Rečicy [Rechitsy],russia,3478,moscow,2010-10-04
Remmaš [Remmash],russia,7317,moscow,2010-10-04
Rešetnikovo [Reshetnikovo],russia,3118,moscow,2010-10-04
Reutov,russia,87314,moscow,2010-10-04
Rjazanovskij [Ryazanovsky],russia,2079,moscow,2010-10-04
Rodniki,russia,5227,moscow,2010-10-04
Rošal' [Roshal],russia,21272,moscow,2010-10-04
Roždestveno [Rozhdestveno],russia,3335,moscow,2010-10-04
Ruza,russia,13495,moscow,2010-10-04
Ržavki [Rzhavki],russia,4038,moscow,2010-10-04
Saburovo,russia,145,moscow,2010-10-04
Šachovskaja [Shakhovskaya],russia,10728,moscow,2010-10-04
Sanatorija «Podmoskovje» [Sanatorium »Podmoskovye«],russia,2446,moscow,2010-10-04
Sapronovo,russia,66,moscow,2010-10-04
Šatura [Shatura],russia,32885,moscow,2010-10-04
Šaturtorf [Shaturtorf],russia,3572,moscow,2010-10-04
Ščëlkovo [Shchyolkovo],russia,110411,moscow,2010-10-04
Seljatino [Selyatino],russia,12629,moscow,2010-10-04
Šemetovo [Shemetovo],russia,4362,moscow,2010-10-04
Serebrjanyje Prudy [Serebryanye Prudy],russia,9705,moscow,2010-10-04
Sergijev Posad [Sergiyev Posad],russia,111179,moscow,2010-10-04
Sergijevskij [Sergiyevsky],russia,3397,moscow,2010-10-04
Serpuchov [Serpukhov],russia,127041,moscow,2010-10-04
Severnyj [Severny],russia,4076,moscow,2010-10-04
Sitne-Ščelkanovo [Sitne-Shchelkanovo],russia,2901,moscow,2010-10-04
Skoropuskovskij [Skoropuskovsky],russia,6685,moscow,2010-10-04
Snegiri,russia,3177,moscow,2010-10-04
Sof'ino [Sofyino],russia,2260,moscow,2010-10-04
Sofrino,russia,15771,moscow,2010-10-04
Solnečnogorsk [Solnechnogorsk],russia,52944,moscow,2010-10-04
Sovchoza Imeni Lenina [Sovkhoza Imeni Lenina],russia,3964,moscow,2010-10-04
Sovchoza «Ramenskoje» [Sovkhoza »Ramenskoye«],russia,3997,moscow,2010-10-04
Staraja Kupavna [Staraya Kupavna],russia,21811,moscow,2010-10-04
Staryj Gorodok [Stary Gorodok],russia,6116,moscow,2010-10-04
Stolbovaja [Stolbovaya],russia,5082,moscow,2010-10-04
Stromyn',russia,6593,moscow,2010-10-04
Stupino,russia,66816,moscow,2010-10-04
Šuvoje [Shuvoye],russia,2591,moscow,2010-10-04
Sverdlovskij [Sverdlovsky],russia,6763,moscow,2010-10-04
Syčëvo [Sychyovo],russia,3105,moscow,2010-10-04
Taldom,russia,13819,moscow,2010-10-04
Tarasovka,russia,2807,moscow,2010-10-04
Tomilino,russia,30605,moscow,2010-10-04
Troickoje [Troitskoye],russia,4873,moscow,2010-10-04
Tučkovo [Tuchkovo],russia,17381,moscow,2010-10-04
Udel'naja [Udelnaya],russia,15021,moscow,2010-10-04
Uvarovka,russia,3354,moscow,2010-10-04
Vaulovo,russia,4190,moscow,2010-10-04
Verbilki,russia,7022,moscow,2010-10-04
Vereja [Vereya],russia,5368,moscow,2010-10-04
Verzilovo,russia,43,moscow,2010-10-04
Vidnoje [Vidnoye],russia,56752,moscow,2010-10-04
Vlasicha [Vlasikha],russia,26359,moscow,2010-10-04
Vniissok,russia,7867,moscow,2010-10-04
Volodarskogo,russia,4533,moscow,2010-10-04
Volokolamsk,russia,23433,moscow,2010-10-04
Voschod [Voskhod],russia,2007,moscow,2010-10-04
Voskresensk,russia,91464,moscow,2010-10-04
Vsevolodovo,russia,2959,moscow,2010-10-04
Vysokovsk,russia,10635,moscow,2010-10-04
Zagorjanskij [Zagoryansky],russia,7997,moscow,2010-10-04
Zaprudnja [Zaprudnya],russia,12855,moscow,2010-10-04
Zarajsk [Zaraysk],russia,24645,moscow,2010-10-04
Zarečje [Zarechye],russia,6270,moscow,2010-10-04
Žavoronki [Zhavoronki],russia,3407,moscow,2010-10-04
Zelenogradskij [Zelenogradsky],russia,2548,moscow,2010-10-04
Žilëvo [Zhilyovo],russia,2472,moscow,2010-10-04
Žukovskij [Zhukovsky],russia,104736,moscow,2010-10-04
Zvenigorod,russia,16395,moscow,2010-10-04
Zvëzdnyj Gorodok [Zvyozdny Gorodok],russia,6332,moscow,2010-10-04
Alakurtti,russia,3424,murmansk,2010-10-04
Apatity,russia,59672,murmansk,2010-10-04
Gadžijevo [Gadzhiyevo],russia,11068,murmansk,2010-10-04
Kandalakša [Kandalaksha],russia,35654,murmansk,2010-10-04
Kil'dinstroj [Kildinstroy],russia,2063,murmansk,2010-10-04
Kirovsk,russia,28625,murmansk,2010-10-04
Kola,russia,10437,murmansk,2010-10-04
Kovdor,russia,18820,murmansk,2010-10-04
Moločnyj [Molochny],russia,5208,murmansk,2010-10-04
Mončegorsk [Monchegorsk],russia,45361,murmansk,2010-10-04
Murmansk,russia,315953,murmansk,2010-10-04
Murmaši [Murmashi],russia,14152,murmansk,2010-10-04
Nikel',russia,12756,murmansk,2010-10-04
Olenegorsk,russia,23072,murmansk,2010-10-04
Ostrovnoj [Ostrovnoy],russia,2171,murmansk,2010-10-04
Pečenga [Pechenga],russia,3188,murmansk,2010-10-04
Poljarnyj [Polyarny],russia,17293,murmansk,2010-10-04
Poljarnyje Zori [Polyarnye Zori],russia,15096,murmansk,2010-10-04
Revda,russia,8414,murmansk,2010-10-04
Safonovo,russia,5255,murmansk,2010-10-04
Severomorsk,russia,50060,murmansk,2010-10-04
Snežnogorsk [Snezhnogorsk],russia,12683,murmansk,2010-10-04
Tumannyj [Tumanny],russia,685,murmansk,2010-10-04
Umba,russia,5532,murmansk,2010-10-04
Verchnetulomskij [Verkhnetulomsky],russia,1580,murmansk,2010-10-04
Zaozërsk [Zaozyorsk],russia,11199,murmansk,2010-10-04
Zapoljarnyj [Zapolyarny],russia,15825,murmansk,2010-10-04
Zelenoborskij [Zelenoborsky],russia,6560,murmansk,2010-10-04
Afonino,russia,3360,nizhny novgorod,2010-10-04
Ankudinovka,russia,145,nizhny novgorod,2010-10-04
Ardatov,russia,9566,nizhny novgorod,2010-10-04
Ar'ja [Arya],russia,5015,nizhny novgorod,2010-10-04
Arzamas,russia,106362,nizhny novgorod,2010-10-04
Balachna [Balakhna],russia,51519,nizhny novgorod,2010-10-04
Berëzovka [Beryozovka],russia,2444,nizhny novgorod,2010-10-04
Bližne-Pesočnoje [Blizhne-Pesochnoye],russia,2917,nizhny novgorod,2010-10-04
Bogorodsk,russia,35499,nizhny novgorod,2010-10-04
Bol'šoje Boldino [Bolshoye Boldino],russia,5074,nizhny novgorod,2010-10-04
Bol'šoje Kozino [Bolshoye Kozino],russia,5902,nizhny novgorod,2010-10-04
Bol'šoje Muraškino [Bolshoye Murashkino],russia,5554,nizhny novgorod,2010-10-04
Bor,russia,78058,nizhny novgorod,2010-10-04
Buturlino,russia,6412,nizhny novgorod,2010-10-04
Central'nyj [Tsentralny],russia,2957,nizhny novgorod,2010-10-04
Čkalovsk [Chkalovsk],russia,12368,nizhny novgorod,2010-10-04
Dal'neje Konstantinovo [Dalneye Konstantinovo],russia,4777,nizhny novgorod,2010-10-04
Divejevo [Diveyevo],russia,6408,nizhny novgorod,2010-10-04
Dosčatoje [Doschatoye],russia,5217,nizhny novgorod,2010-10-04
Družba [Druzhba],russia,3904,nizhny novgorod,2010-10-04
Dzeržinsk [Dzerzhinsk],russia,240742,nizhny novgorod,2010-10-04
Frolišči [Frolishchi],russia,1644,nizhny novgorod,2010-10-04
Gagino,russia,3891,nizhny novgorod,2010-10-04
Gidrotorf,russia,7557,nizhny novgorod,2010-10-04
Gorbatov,russia,2278,nizhny novgorod,2010-10-04
Gorbatovka,russia,3378,nizhny novgorod,2010-10-04
Gorodec [Gorodets],russia,30658,nizhny novgorod,2010-10-04
Gremjačevo [Gremyachevo],russia,5262,nizhny novgorod,2010-10-04
Il'inogorsk [Ilyinogorsk],russia,7963,nizhny novgorod,2010-10-04
Imeni Kalinina,russia,2332,nizhny novgorod,2010-10-04
Imeni Stepana Razina,russia,2760,nizhny novgorod,2010-10-04
Juganec [Yuganets],russia,2923,nizhny novgorod,2010-10-04
Knjaginino [Knyaginino],russia,6708,nizhny novgorod,2010-10-04
Kovernino,russia,6892,nizhny novgorod,2010-10-04
Krasnyje Baki [Krasnye Baki],russia,7295,nizhny novgorod,2010-10-04
Kstovo,russia,66657,nizhny novgorod,2010-10-04
Kulebaki,russia,35759,nizhny novgorod,2010-10-04
Lesogorsk,russia,1015,nizhny novgorod,2010-10-04
Linda,russia,5383,nizhny novgorod,2010-10-04
Lukino,russia,3515,nizhny novgorod,2010-10-04
Lukojanov [Lukoyanov],russia,14951,nizhny novgorod,2010-10-04
Lyskovo,russia,21880,nizhny novgorod,2010-10-04
Maloje Kozino [Maloye Kozino],russia,777,nizhny novgorod,2010-10-04
Muchtolovo [Mukhtolovo],russia,5005,nizhny novgorod,2010-10-04
Mulino,russia,13008,nizhny novgorod,2010-10-04
Navašino [Navashino],russia,16416,nizhny novgorod,2010-10-04
Nižnij Novgorod [Nizhny Novgorod],russia,1250619,nizhny novgorod,2010-10-04
Novinki,russia,1940,nizhny novgorod,2010-10-04
Novosmolinskij [Novosmolinsky],russia,5587,nizhny novgorod,2010-10-04
Pamjat' Parižskoj Kommuny [Pamyat Parizhskoy Kommuny],russia,3761,nizhny novgorod,2010-10-04
Pavlovo,russia,60698,nizhny novgorod,2010-10-04
Perevoz,russia,9201,nizhny novgorod,2010-10-04
Pervoje Maja [1 Maya],russia,2135,nizhny novgorod,2010-10-04
Pervomajsk [Pervomaysk],russia,14568,nizhny novgorod,2010-10-04
Pervomajskij [Pervomaysky],russia,1470,nizhny novgorod,2010-10-04
Pil'na [Pilna],russia,7333,nizhny novgorod,2010-10-04
Pižma [Pizhma],russia,4309,nizhny novgorod,2010-10-04
Počinki [Pochinki],russia,11891,nizhny novgorod,2010-10-04
Rešeticha [Reshetikha],russia,6775,nizhny novgorod,2010-10-04
Šachun'ja [Shakhunya],russia,20921,nizhny novgorod,2010-10-04
Šajgino [Shaygino],russia,1012,nizhny novgorod,2010-10-04
Šaranga [Sharanga],russia,6557,nizhny novgorod,2010-10-04
Sarov,russia,92047,nizhny novgorod,2010-10-04
Satis,russia,1640,nizhny novgorod,2010-10-04
Šatki [Shatki],russia,9652,nizhny novgorod,2010-10-04
Sečenovo [Sechenovo],russia,5263,nizhny novgorod,2010-10-04
Semënov [Semyonov],russia,24473,nizhny novgorod,2010-10-04
Sergač [Sergach],russia,21386,nizhny novgorod,2010-10-04
Šimorskoje [Shimorskoye],russia,3887,nizhny novgorod,2010-10-04
Sjava [Syava],russia,4729,nizhny novgorod,2010-10-04
Smolino,russia,2742,nizhny novgorod,2010-10-04
Sokol'skoje [Sokolskoye],russia,6344,nizhny novgorod,2010-10-04
Sosnovskoje [Sosnovskoye],russia,8746,nizhny novgorod,2010-10-04
Spasskoje [Spasskoye],russia,3947,nizhny novgorod,2010-10-04
Suchobezvodnoje [Sukhobezvodnoye],russia,6376,nizhny novgorod,2010-10-04
Surovaticha [Surovatikha],russia,4231,nizhny novgorod,2010-10-04
Tonkino,russia,5103,nizhny novgorod,2010-10-04
Tonšajevo [Tonshayevo],russia,4570,nizhny novgorod,2010-10-04
Tumbotino,russia,7300,nizhny novgorod,2010-10-04
Uren',russia,12304,nizhny novgorod,2010-10-04
Vača [Vacha],russia,5987,nizhny novgorod,2010-10-04
Vachtan [Vakhtan],russia,5769,nizhny novgorod,2010-10-04
Vad,russia,6698,nizhny novgorod,2010-10-04
Varnavino,russia,3475,nizhny novgorod,2010-10-04
Vasil'sursk [Vasilsursk],russia,1068,nizhny novgorod,2010-10-04
Vetluga,russia,8954,nizhny novgorod,2010-10-04
Vetlužskij [Vetluzhsky],russia,5250,nizhny novgorod,2010-10-04
Vilja [Vilya],russia,3344,nizhny novgorod,2010-10-04
Volodarsk,russia,9928,nizhny novgorod,2010-10-04
Vorotynec [Vorotynets],russia,6451,nizhny novgorod,2010-10-04
Vorsma,russia,11620,nizhny novgorod,2010-10-04
Voskresenskoje [Voskresenskoye],russia,6185,nizhny novgorod,2010-10-04
Voznesenskoje [Voznesenskoye],russia,6777,nizhny novgorod,2010-10-04
Vyjezdnoje [Vyezdnoye],russia,8089,nizhny novgorod,2010-10-04
Vyksa,russia,56201,nizhny novgorod,2010-10-04
Zavolžje [Zavolzhye],russia,40460,nizhny novgorod,2010-10-04
Ždanovskij [Zhdanovsky],russia,5336,nizhny novgorod,2010-10-04
Zelënyj Gorod [Zeleny Gorod],russia,2716,nizhny novgorod,2010-10-04
Želnino [Zhelnino],russia,896,nizhny novgorod,2010-10-04
Boroviči [Borovichi],russia,53690,novgorod,2010-10-04
Cholm [Kholm],russia,3830,novgorod,2010-10-04
Chvojnaja [Khvoynaya],russia,6394,novgorod,2010-10-04
Čudovo [Chudovo],russia,15397,novgorod,2010-10-04
Demjansk [Demyansk],russia,5365,novgorod,2010-10-04
Grigorovo,russia,3330,novgorod,2010-10-04
Krestcy [Kresttsy],russia,8717,novgorod,2010-10-04
Kulotino,russia,2942,novgorod,2010-10-04
Ljubytino [Lyubytino],russia,2807,novgorod,2010-10-04
Malaja Višera [Malaya Vishera],russia,12461,novgorod,2010-10-04
Nebolči [Nebolchi],russia,2030,novgorod,2010-10-04
Okulovka,russia,12464,novgorod,2010-10-04
Pankovka,russia,9603,novgorod,2010-10-04
Parfino,russia,7492,novgorod,2010-10-04
Pestovo,russia,15903,novgorod,2010-10-04
Proletarij [Proletary],russia,5145,novgorod,2010-10-04
Šimsk [Shimsk],russia,3895,novgorod,2010-10-04
Sol'cy [Soltsy],russia,10086,novgorod,2010-10-04
Staraja Russa [Staraya Russa],russia,31809,novgorod,2010-10-04
Trubičino [Trubichino],russia,3009,novgorod,2010-10-04
Uglovka,russia,3064,novgorod,2010-10-04
Valdaj [Valday],russia,16098,novgorod,2010-10-04
Velikij Novgorod [Veliky Novgorod],russia,218717,novgorod,2010-10-04
Bagan,russia,5510,novosibirsk,2010-10-04
Barabinsk,russia,30394,novosibirsk,2010-10-04
Baryševo [Baryshevo],russia,5195,novosibirsk,2010-10-04
Berdsk,russia,97296,novosibirsk,2010-10-04
Bolotnoje [Bolotnoye],russia,16570,novosibirsk,2010-10-04
Čany [Chany],russia,8473,novosibirsk,2010-10-04
Čerepanovo [Cherepanovo],russia,19803,novosibirsk,2010-10-04
Čik [Chik],russia,5009,novosibirsk,2010-10-04
Čistoozërnoje [Chistoozernoye],russia,6429,novosibirsk,2010-10-04
Čulym [Chulym],russia,11568,novosibirsk,2010-10-04
Dorogino,russia,3829,novosibirsk,2010-10-04
Dovol'noje [Dovolnoye],russia,6774,novosibirsk,2010-10-04
Èlitnyj [Elitny],russia,1572,novosibirsk,2010-10-04
Gornyj [Gorny],russia,9403,novosibirsk,2010-10-04
Iskitim,russia,60078,novosibirsk,2010-10-04
Jarkovo [Yarkovo],russia,5379,novosibirsk,2010-10-04
Kamenka,russia,2153,novosibirsk,2010-10-04
Karasuk,russia,28586,novosibirsk,2010-10-04
Kargat,russia,10042,novosibirsk,2010-10-04
Kočenëvo [Kochenyovo],russia,16374,novosibirsk,2010-10-04
Kočki [Kochki],russia,4055,novosibirsk,2010-10-04
Kol'covo [Koltsovo],russia,12319,novosibirsk,2010-10-04
Kolyvan',russia,11842,novosibirsk,2010-10-04
Krasnoobsk,russia,18448,novosibirsk,2010-10-04
Krasnozërskoje [Krasnozerskoye],russia,9524,novosibirsk,2010-10-04
Krivodanovka,russia,10051,novosibirsk,2010-10-04
Kudrjašovskij [Kudryashovsky],russia,4559,novosibirsk,2010-10-04
Kujbyšev [Kuybyshev],russia,45299,novosibirsk,2010-10-04
Kupino,russia,14893,novosibirsk,2010-10-04
Kyštovka [Kyshtovka],russia,5282,novosibirsk,2010-10-04
Lebedëvka [Lebedyovka],russia,2435,novosibirsk,2010-10-04
Leninskoje [Leninskoye],russia,2453,novosibirsk,2010-10-04
Linëvo [Linyovo],russia,20707,novosibirsk,2010-10-04
Marusino,russia,1933,novosibirsk,2010-10-04
Masljanino [Maslyanino],russia,13102,novosibirsk,2010-10-04
Močišče [Mochishche],russia,3036,novosibirsk,2010-10-04
Moškovo [Moshkovo],russia,10224,novosibirsk,2010-10-04
Novolugovoje [Novolugovoye],russia,4104,novosibirsk,2010-10-04
Novosibirsk,russia,1473754,novosibirsk,2010-10-04
Ob',russia,25382,novosibirsk,2010-10-04
Oktjabr'skij [Oktyabrsky],russia,1760,novosibirsk,2010-10-04
Ordynskoje [Ordynskoye],russia,10256,novosibirsk,2010-10-04
Posevnaja [Posevnaya],russia,4254,novosibirsk,2010-10-04
Prokudskoje [Prokudskoye],russia,5991,novosibirsk,2010-10-04
Razdol'noje [Razdolnoye],russia,4861,novosibirsk,2010-10-04
Sadovyj [Sadovy],russia,2486,novosibirsk,2010-10-04
Severnoje [Severnoye],russia,5309,novosibirsk,2010-10-04
Sokur,russia,5770,novosibirsk,2010-10-04
Stancionno-Ojašinskij [Stantsionno-Oyashinsky],russia,4575,novosibirsk,2010-10-04
Suzun,russia,15364,novosibirsk,2010-10-04
Tatarsk,russia,24217,novosibirsk,2010-10-04
Togučin [Toguchin],russia,21900,novosibirsk,2010-10-04
Tolmačëvo [Tolmachyovo],russia,4608,novosibirsk,2010-10-04
Ubinskoje [Ubinskoye],russia,5841,novosibirsk,2010-10-04
Ust'-Tarka [Ust-Tarka],russia,3819,novosibirsk,2010-10-04
Vengerovo,russia,7035,novosibirsk,2010-10-04
Verch-Tula [Verkh-Tula],russia,6020,novosibirsk,2010-10-04
Zdvinsk,russia,5602,novosibirsk,2010-10-04
Azovo,russia,5997,omsk,2010-10-04
Bol'šegrivskoje [Bolshegrivskoye],russia,3637,omsk,2010-10-04
Bol'šerečje [Bolsherechye],russia,11271,omsk,2010-10-04
Bol'šije Uki [Bolshiye Uki],russia,4157,omsk,2010-10-04
Čerlak [Cherlak],russia,10980,omsk,2010-10-04
Černolučinskij [Chernoluchinsky],russia,1681,omsk,2010-10-04
Družino [Druzhino],russia,2838,omsk,2010-10-04
Gor'kovskoje [Gorkovskoye],russia,5369,omsk,2010-10-04
Irtyšskij [Irtyshsky],russia,3527,omsk,2010-10-04
Isil'kul' [Isilkul],russia,24482,omsk,2010-10-04
Kalačinsk [Kalachinsk],russia,23556,omsk,2010-10-04
Ključi [Klyuchi],russia,3688,omsk,2010-10-04
Kolosovka,russia,5313,omsk,2010-10-04
Kormilovka,russia,9616,omsk,2010-10-04
Krasnojarka [Krasnoyarka],russia,4902,omsk,2010-10-04
Krasnyj Jar [Krasny Yar],russia,5133,omsk,2010-10-04
Krutinka,russia,7333,omsk,2010-10-04
Ljubinskij [Lyubinsky],russia,10231,omsk,2010-10-04
Luzino,russia,8964,omsk,2010-10-04
Mar'janovka [Maryanovka],russia,8630,omsk,2010-10-04
Moskalenki,russia,9306,omsk,2010-10-04
Muromcevo [Muromtsevo],russia,10776,omsk,2010-10-04
Nazyvajevsk [Nazyvayevsk],russia,11615,omsk,2010-10-04
Nižnjaja Omka [Nizhnyaya Omka],russia,4821,omsk,2010-10-04
Novoomskij [Novoomsky],russia,4946,omsk,2010-10-04
Novovaršavka [Novovarshavka],russia,5890,omsk,2010-10-04
Odesskoje [Odesskoye],russia,6148,omsk,2010-10-04
Okonešnikovo [Okoneshnikovo],russia,5205,omsk,2010-10-04
Omsk,russia,1154116,omsk,2010-10-04
Omskij [Omsky],russia,1628,omsk,2010-10-04
Pavlogradka,russia,7582,omsk,2010-10-04
Poltavka,russia,7042,omsk,2010-10-04
Rostovka,russia,5468,omsk,2010-10-04
Russkaja Poljana [Russkaya Polyana],russia,5922,omsk,2010-10-04
Sargatskoje [Sargatskoye],russia,8157,omsk,2010-10-04
Sedel'nikovo [Sedelnikovo],russia,5316,omsk,2010-10-04
Šerbakul' [Sherbakul],russia,6976,omsk,2010-10-04
Sosnovskoje [Sosnovskoye],russia,3443,omsk,2010-10-04
Tara,russia,27318,omsk,2010-10-04
Tavričeskoje [Tavricheskoye],russia,13141,omsk,2010-10-04
Tevriz,russia,6986,omsk,2010-10-04
Tjukalinsk [Tyukalinsk],russia,11275,omsk,2010-10-04
Troickoje [Troitskoye],russia,3793,omsk,2010-10-04
Ust'-Išim [Ust-Ishim],russia,4802,omsk,2010-10-04
Znamenskoje [Znamenskoye],russia,5294,omsk,2010-10-04
Bolchov [Bolkhov],russia,11421,oryol,2010-10-04
Chomutovo [Khomutovo],russia,4231,oryol,2010-10-04
Chotynec [Khotynets],russia,3866,oryol,2010-10-04
Dmitrovsk,russia,5648,oryol,2010-10-04
Dolgoje [Dolgoye],russia,4443,oryol,2010-10-04
Glazunovka,russia,5939,oryol,2010-10-04
Kolpna,russia,6614,oryol,2010-10-04
Kromy,russia,6733,oryol,2010-10-04
Livny,russia,50343,oryol,2010-10-04
Maloarchangel'sk [Maloarkhangelsk],russia,3620,oryol,2010-10-04
Mcensk [Mtsensk],russia,43222,oryol,2010-10-04
Naryškino [Naryshkino],russia,9584,oryol,2010-10-04
Novosil',russia,3658,oryol,2010-10-04
Obrazcovo [Obraztsovo],russia,901,oryol,2010-10-04
Orël [Oryol],russia,317747,oryol,2010-10-04
Pokrovskoje [Pokrovskoye],russia,4432,oryol,2010-10-04
Šablykino [Shablykino],russia,3414,oryol,2010-10-04
Verchovje [Verkhovye],russia,7173,oryol,2010-10-04
Zalegošč' [Zalegoshch],russia,5338,oryol,2010-10-04
Žilina [Zhilina],russia,2767,oryol,2010-10-04
Zmijëvka [Zmiyovka],russia,5976,oryol,2010-10-04
Znamenka,russia,12002,oryol,2010-10-04
Abdulino,russia,20173,orenburg,2010-10-04
Adamovka,russia,7733,orenburg,2010-10-04
Akbulak,russia,13918,orenburg,2010-10-04
Aleksandrovka [Alexandrovka],russia,3988,orenburg,2010-10-04
Asekejevo [Asekeyevo],russia,5201,orenburg,2010-10-04
Beljaevka [Belyaevka],russia,4989,orenburg,2010-10-04
Buguruslan,russia,49741,orenburg,2010-10-04
Buzuluk,russia,82904,orenburg,2010-10-04
Čeben'ki [Chebenki],russia,3896,orenburg,2010-10-04
Dombarovskij [Dombarovsky],russia,8614,orenburg,2010-10-04
Ènergetik [Energetik],russia,7907,orenburg,2010-10-04
Gaj [Gay],russia,38301,orenburg,2010-10-04
Gračëvka [Grachyovka],russia,6122,orenburg,2010-10-04
Ilek,russia,9760,orenburg,2010-10-04
Imeni 9 Janvarja [Imeni 9 Yanvarya],russia,3382,orenburg,2010-10-04
Ivanovka,russia,2216,orenburg,2010-10-04
Jasnyj [Yasny],russia,17363,orenburg,2010-10-04
Južnyj Ural [Yuzhny Ural],russia,2032,orenburg,2010-10-04
Koltubanovskij [Koltubanovsky],russia,3450,orenburg,2010-10-04
Krasnocholm [Krasnokholm],russia,5806,orenburg,2010-10-04
Krasnogvardejec [Krasnogvardeyets],russia,3608,orenburg,2010-10-04
Krasnyj Kommunar [Krasny Kommunar],russia,4134,orenburg,2010-10-04
Kurmanajevka [Kurmanayevka],russia,4313,orenburg,2010-10-04
Kuvandyk,russia,26169,orenburg,2010-10-04
Kvarkeno,russia,3923,orenburg,2010-10-04
Lenina,russia,1401,orenburg,2010-10-04
Mednogorsk,russia,27292,orenburg,2010-10-04
Michajlovka [Mikhaylovka],russia,2735,orenburg,2010-10-04
Nežinka [Nezhinka],russia,5906,orenburg,2010-10-04
Nižnjaja Pavlovka [Nizhnyaya Pavlovka],russia,3864,orenburg,2010-10-04
Novoorsk,russia,11295,orenburg,2010-10-04
Novosergijevka [Novosergiyevka],russia,13737,orenburg,2010-10-04
Novotroick [Novotroitsk],russia,98173,orenburg,2010-10-04
Oktjabr'skoje [Oktyabrskoye],russia,7701,orenburg,2010-10-04
Orenburg,russia,548331,orenburg,2010-10-04
Orsk,russia,239800,orenburg,2010-10-04
Perevolockij [Perevolotsky],russia,9598,orenburg,2010-10-04
Pervomajskij [Pervomaysky],russia,7569,orenburg,2010-10-04
Pervomajskij [Pervomaysky],russia,6346,orenburg,2010-10-04
Plešanovo [Pleshanovo],russia,3486,orenburg,2010-10-04
Podgorodnjaja Pokrovka [Podgorodnyaya Pokrovka],russia,4394,orenburg,2010-10-04
Ponomarëvka [Ponomaryovka],russia,5200,orenburg,2010-10-04
Prigorodnyj [Prigorodny],russia,4223,orenburg,2010-10-04
Sakmara,russia,5030,orenburg,2010-10-04
Saraktaš [Saraktash],russia,17235,orenburg,2010-10-04
Šarlyk [Sharlyk],russia,7575,orenburg,2010-10-04
Severnoje [Severnoye],russia,4424,orenburg,2010-10-04
Sol'-Ileck [Sol-Iletsk],russia,28377,orenburg,2010-10-04
Soročinsk [Sorochinsk],russia,29249,orenburg,2010-10-04
Svetlyj [Svetly],russia,7992,orenburg,2010-10-04
Tašla [Tashla],russia,7061,orenburg,2010-10-04
Tatarskaja Kargala [Tatarskaya Kargala],russia,3800,orenburg,2010-10-04
Tjul'gan [Tyulgan],russia,8959,orenburg,2010-10-04
Tockoje [Totskoye],russia,6898,orenburg,2010-10-04
Tockoje Vtoroje [Totskoye Vtoroye],russia,13197,orenburg,2010-10-04
Vesennij [Vesenny],russia,1797,orenburg,2010-10-04
Bašmakovo [Bashmakovo],russia,10416,penza,2010-10-04
Bekovo,russia,6941,penza,2010-10-04
Belinskij [Belinsky],russia,8565,penza,2010-10-04
Bessonovka,russia,11408,penza,2010-10-04
Bogoslovka,russia,5286,penza,2010-10-04
Čaadajevka [Chaadayevka],russia,7599,penza,2010-10-04
Čemodanovka [Chemodanovka],russia,6133,penza,2010-10-04
Gorodišče [Gorodishche],russia,8096,penza,2010-10-04
Grabovo,russia,8048,penza,2010-10-04
Inderka,russia,4003,penza,2010-10-04
Issa,russia,5418,penza,2010-10-04
Jevlaševo [Yevlashevo],russia,5013,penza,2010-10-04
Kamenka,russia,39577,penza,2010-10-04
Kiževatovo [Kizhevatovo],russia,3191,penza,2010-10-04
Kolyšlej [Kolyshley],russia,8312,penza,2010-10-04
Kuzneck [Kuznetsk],russia,88839,penza,2010-10-04
Lopatino,russia,4392,penza,2010-10-04
Lunino,russia,7905,penza,2010-10-04
Malaja Serdoba [Malaya Serdoba],russia,4368,penza,2010-10-04
Mokšan [Mokshan],russia,11592,penza,2010-10-04
Narovčat [Narovchat],russia,4199,penza,2010-10-04
Neverkino,russia,4376,penza,2010-10-04
Nikol'sk [Nikolsk],russia,22471,penza,2010-10-04
Nižnij Lomov [Nizhny Lomov],russia,22678,penza,2010-10-04
Pačelma [Pachelma],russia,8053,penza,2010-10-04
Penza,russia,517311,penza,2010-10-04
Posëlki [Posyolki],russia,3079,penza,2010-10-04
Prigorodnoje [Prigorodnoye],russia,5279,penza,2010-10-04
Russkij Kameškir [Russky Kameshkir],russia,5369,penza,2010-10-04
Šemyšejka [Shemysheyka],russia,6512,penza,2010-10-04
Serdobsk,russia,35393,penza,2010-10-04
Sosnovoborsk,russia,6546,penza,2010-10-04
Spassk,russia,7442,penza,2010-10-04
Srednjaja Jeljuzan' [Srednyaya Yelyuzan],russia,8779,penza,2010-10-04
Sura,russia,2125,penza,2010-10-04
Sursk,russia,7034,penza,2010-10-04
Tamala,russia,7476,penza,2010-10-04
Vadinsk,russia,4891,penza,2010-10-04
Verchnij Lomov [Verkhny Lomov],russia,4054,penza,2010-10-04
Verchozim [Verkhozim],russia,1785,penza,2010-10-04
Zarečnyj [Zarechny],russia,63601,penza,2010-10-04
Zasečnoje [Zasechnoye],russia,4999,penza,2010-10-04
Zemetčino [Zemetchino],russia,10772,penza,2010-10-04
Zolotarëvka,russia,2630,penza,2010-10-04
Aleksandrovsk [Alexandrovsk],russia,14495,perm,2010-10-04
Barda,russia,8826,perm,2010-10-04
Berezniki,russia,156466,perm,2010-10-04
Berëzovka [Beryozovka],russia,6904,perm,2010-10-04
Beršet' [Bershet],russia,3308,perm,2010-10-04
Biser,russia,800,perm,2010-10-04
Bol'šaja Sosnova [Bolshaya Sosnova],russia,4432,perm,2010-10-04
Čajkovskij [Chaykovsky],russia,82895,perm,2010-10-04
Častyje [Chastye],russia,4859,perm,2010-10-04
Čerdyn' [Cherdyn],russia,4920,perm,2010-10-04
Čërmoz [Chyormoz],russia,3861,perm,2010-10-04
Černuška [Chernushka],russia,33272,perm,2010-10-04
Čusovoj [Chusovoy],russia,46735,perm,2010-10-04
Dobrjanka [Dobryanka],russia,33686,perm,2010-10-04
Ferma,russia,3786,perm,2010-10-04
Foki,russia,3593,perm,2010-10-04
Froly,russia,1973,perm,2010-10-04
Gajny [Gayny],russia,4050,perm,2010-10-04
Gamovo,russia,5464,perm,2010-10-04
Gornozavodsk,russia,12057,perm,2010-10-04
Gremjačinsk [Gremyachinsk],russia,10752,perm,2010-10-04
Gubacha [Gubakha],russia,28111,perm,2010-10-04
Il'inskij [Ilyinsky],russia,6288,perm,2010-10-04
Jajva [Yayva],russia,10325,perm,2010-10-04
Jelovo [Yelovo],russia,5334,perm,2010-10-04
Jug [Yug],russia,2687,perm,2010-10-04
Jugo-Kamskij [Yugo-Kamsky],russia,8019,perm,2010-10-04
Jurla [Yurla],russia,4094,perm,2010-10-04
Jus'va [Yusva],russia,4679,perm,2010-10-04
Kalino,russia,2136,perm,2010-10-04
Karagaj [Karagay],russia,6682,perm,2010-10-04
Kizel,russia,19587,perm,2010-10-04
Kočëvo [Kochyovo],russia,3504,perm,2010-10-04
Komsomol'skij [Komsomolsky],russia,3096,perm,2010-10-04
Kondratovo,russia,10023,perm,2010-10-04
Krasnokamsk,russia,51916,perm,2010-10-04
Krasnovišersk [Krasnovishersk],russia,16099,perm,2010-10-04
Kudymkar,russia,28967,perm,2010-10-04
Kujeda [Kuyeda],russia,9551,perm,2010-10-04
Kukuštan [Kukushtan],russia,5650,perm,2010-10-04
Kultajevo [Kultayevo],russia,5067,perm,2010-10-04
Kungur,russia,66074,perm,2010-10-04
Kusje-Aleksandrovskij [Kusye-Alexandrovsky],russia,1788,perm,2010-10-04
Ljamino [Lyamino],russia,4598,perm,2010-10-04
Lobanovo,russia,4280,perm,2010-10-04
Lys'va [Lysva],russia,65918,perm,2010-10-04
Majskij [Maysky],russia,5175,perm,2010-10-04
Markovskij [Markovsky],russia,3352,perm,2010-10-04
Medvedka,russia,370,perm,2010-10-04
Mendelejevo [Mendeleyevo],russia,3169,perm,2010-10-04
Novoil'inskij [Novoilyinsky],russia,3638,perm,2010-10-04
Novovil'venskij [Novovilvensky],russia,177,perm,2010-10-04
Nyrob,russia,5523,perm,2010-10-04
Nytva,russia,19041,perm,2010-10-04
Očër [Ochyor],russia,14238,perm,2010-10-04
Ochansk [Okhansk],russia,7250,perm,2010-10-04
Oktjabr'skij [Oktyabrsky],russia,9845,perm,2010-10-04
Orda,russia,5375,perm,2010-10-04
Osa,russia,21188,perm,2010-10-04
Overjata [Overyata],russia,4634,perm,2010-10-04
Pašija [Pashiya],russia,3898,perm,2010-10-04
Pavlovskij [Pavlovsky],russia,3191,perm,2010-10-04
Perm',russia,991162,perm,2010-10-04
Plechanovo [Plekhanovo],russia,2222,perm,2010-10-04
Polazna,russia,12753,perm,2010-10-04
Promysla,russia,558,perm,2010-10-04
Sarany,russia,1097,perm,2010-10-04
Sars,russia,5043,perm,2010-10-04
Širokovskij [Shirokovsky],russia,3322,perm,2010-10-04
Siva,russia,4659,perm,2010-10-04
Skal'nyj [Skalny],russia,1853,perm,2010-10-04
Solikamsk,russia,97384,perm,2010-10-04
Staryj Biser [Stary Biser],russia,523,perm,2010-10-04
Suksun,russia,8022,perm,2010-10-04
Sylva,russia,8324,perm,2010-10-04
Tëplaja Gora [Teplaya Gora],russia,3306,perm,2010-10-04
Ugleural'skij [Ugleuralsky],russia,5352,perm,2010-10-04
Uinskoje [Uinskoye],russia,4304,perm,2010-10-04
Ural'skij [Uralsky],russia,8014,perm,2010-10-04
Usolje [Usolye],russia,5694,perm,2010-10-04
Ust'-Kačka [Ust-Kachka],russia,4098,perm,2010-10-04
Ust'-Kišert' [Ust-Kishert],russia,4202,perm,2010-10-04
Us'va [Usva],russia,535,perm,2010-10-04
Vereščagino [Vereshchagino],russia,22156,perm,2010-10-04
Vsevolodo-Vil'va [Vsevolodo-Vilva],russia,2827,perm,2010-10-04
Zjukajka [Zyukayka],russia,3984,perm,2010-10-04
Zvëzdnyj [Zvyozdny],russia,9151,perm,2010-10-04
Anučino [Anuchino],russia,4462,primorskiy,2010-10-04
Arsenjev [Arsenyev],russia,56750,primorskiy,2010-10-04
Artëm [Artyom],russia,102603,primorskiy,2010-10-04
Bol'šoj Kamen' [Bolshoy Kamen],russia,39257,primorskiy,2010-10-04
Černigovka [Chernigovka],russia,13046,primorskiy,2010-10-04
Chasan [Khasan],russia,742,primorskiy,2010-10-04
Chorol' [Khorol],russia,10860,primorskiy,2010-10-04
Chrustal'nyj [Khrustalny],russia,3138,primorskiy,2010-10-04
Čugujevka [Chuguyevka],russia,12171,primorskiy,2010-10-04
Dal'negorsk [Dalnegorsk],russia,37519,primorskiy,2010-10-04
Dal'nerečensk [Dalnerechensk],russia,27604,primorskiy,2010-10-04
Dunaj [Dunay],russia,7581,primorskiy,2010-10-04
Fokino,russia,23696,primorskiy,2010-10-04
Galënki [Galyonki],russia,4279,primorskiy,2010-10-04
Gornyje Ključi [Gornye Klyuchi],russia,4586,primorskiy,2010-10-04
Jakovlevka [Yakovlevka],russia,4480,primorskiy,2010-10-04
Jaroslavskij [Yaroslavsky],russia,9104,primorskiy,2010-10-04
Jekaterinovka [Yekaterinovka],russia,3582,primorskiy,2010-10-04
Kamen'-Rybolov [Kamen-Rybolov],russia,10909,primorskiy,2010-10-04
Kavalerovo,russia,15381,primorskiy,2010-10-04
Kirovskij [Kirovsky],russia,9057,primorskiy,2010-10-04
Kneviči [Knevichi],russia,4845,primorskiy,2010-10-04
Kraskino,russia,3256,primorskiy,2010-10-04
Lesozavodsk,russia,37034,primorskiy,2010-10-04
Lipovcy [Lipovtsy],russia,6402,primorskiy,2010-10-04
Lučegorsk [Luchegorsk],russia,21004,primorskiy,2010-10-04
Michajlovka [Mikhaylovka],russia,9153,primorskiy,2010-10-04
Monastyrišče [Monastyrishche],russia,5299,primorskiy,2010-10-04
Nachodka [Nakhodka],russia,159719,primorskiy,2010-10-04
Nikolajevka [Nikolayevka],russia,3417,primorskiy,2010-10-04
Novonikol'sk [Novonikolsk],russia,4449,primorskiy,2010-10-04
Novopokrovka,russia,3646,primorskiy,2010-10-04
Novošachtinskij [Novoshakhtinsky],russia,7841,primorskiy,2010-10-04
Novosysojevka [Novosysoyevka],russia,4894,primorskiy,2010-10-04
Novyj [Novy],russia,5932,primorskiy,2010-10-04
Ol'ga [Olga],russia,4026,primorskiy,2010-10-04
Partizansk,russia,38659,primorskiy,2010-10-04
Plastun,russia,5350,primorskiy,2010-10-04
Pograničnyj [Pogranichny],russia,10280,primorskiy,2010-10-04
Pokrovka,russia,10360,primorskiy,2010-10-04
Posjet [Posyet],russia,1671,primorskiy,2010-10-04
Preobraženije [Preobrazheniye],russia,7184,primorskiy,2010-10-04
Primorskij [Primorsky],russia,2241,primorskiy,2010-10-04
Putjatin [Putyatin],russia,887,primorskiy,2010-10-04
Razdol'noje [Razdolnoye],russia,8194,primorskiy,2010-10-04
Roščino [Roshchino],russia,3919,primorskiy,2010-10-04
Russkij [Russky],russia,4703,primorskiy,2010-10-04
Sergejevka [Sergeyevka],russia,3323,primorskiy,2010-10-04
Sergejevka [Sergeyevka],russia,5782,primorskiy,2010-10-04
Sibircevo [Sibirtsevo],russia,8735,primorskiy,2010-10-04
Škotovo [Shkotovo],russia,5038,primorskiy,2010-10-04
Slavjanka [Slavyanka],russia,14036,primorskiy,2010-10-04
Smoljaninovo [Smolyaninovo],russia,6715,primorskiy,2010-10-04
Spassk-Dal'nij [Spassk-Dalny],russia,44173,primorskiy,2010-10-04
Spasskoje [Spasskoye],russia,5778,primorskiy,2010-10-04
Svetlaja [Svetlaya],russia,925,primorskiy,2010-10-04
Tavričanka [Tavrichanka],russia,7926,primorskiy,2010-10-04
Ternej [Terney],russia,3590,primorskiy,2010-10-04
Trudovoje [Trudovoye],russia,18522,primorskiy,2010-10-04
Uglekamensk,russia,3647,primorskiy,2010-10-04
Ussurijsk [Ussuriysk],russia,158004,primorskiy,2010-10-04
Vladimiro-Aleksandrovskoje [Vladimiro-Alexandrovskoye],russia,5708,primorskiy,2010-10-04
Vladivostok,russia,592034,primorskiy,2010-10-04
Vol'no-Nadeždinskoje [Volno-Nadezhdinskoye],russia,6694,primorskiy,2010-10-04
Vostok,russia,4103,primorskiy,2010-10-04
Vozdviženka [Vozdvizhenka],russia,6454,primorskiy,2010-10-04
Zarubino,russia,3101,primorskiy,2010-10-04
Bežanicy [Bezhanitsy],russia,4333,pskov,2010-10-04
Borisoviči [Borisovichi],russia,103,pskov,2010-10-04
Dedoviči [Dedovichi],russia,8798,pskov,2010-10-04
Dno,russia,9061,pskov,2010-10-04
Gdov,russia,4379,pskov,2010-10-04
Idrica [Idritsa],russia,4988,pskov,2010-10-04
Krasnogorodsk,russia,3870,pskov,2010-10-04
Krasnyj Luč [Krasny Luch],russia,1020,pskov,2010-10-04
Kun'ja [Kunya],russia,3127,pskov,2010-10-04
Loknja [Loknya],russia,3872,pskov,2010-10-04
Nevel',russia,16324,pskov,2010-10-04
Novoržev [Novorzhev],russia,3695,pskov,2010-10-04
Novosokol'niki [Novosokolniki],russia,8119,pskov,2010-10-04
Opočka [Opochka],russia,11603,pskov,2010-10-04
Ostrov,russia,21668,pskov,2010-10-04
Palkino,russia,2924,pskov,2010-10-04
Pečory [Pechory],russia,11195,pskov,2010-10-04
Pljussa [Plyussa],russia,3450,pskov,2010-10-04
Porchov [Porkhov],russia,10608,pskov,2010-10-04
Pskov,russia,203279,pskov,2010-10-04
Puškinskije Gory [Pushkinskiye Gory],russia,5222,pskov,2010-10-04
Pustoška [Pustoshka],russia,4619,pskov,2010-10-04
Pytalovo,russia,5826,pskov,2010-10-04
Rodina,russia,3382,pskov,2010-10-04
Sebež [Sebezh],russia,6375,pskov,2010-10-04
Sosnovyj Bor [Sosnovy Bor],russia,2877,pskov,2010-10-04
Strugi Krasnyje [Strugi Krasnye],russia,8447,pskov,2010-10-04
Usvjaty [Usvyaty],russia,2961,pskov,2010-10-04
Velikije Luki [Velikiye Luki],russia,98778,pskov,2010-10-04
Zapljusje [Zaplyusye],russia,1096,pskov,2010-10-04
Aleksandro-Nevskij [Alexandro-Nevsky],russia,4013,ryazan,2010-10-04
Central'nyj [Tsentralny],russia,2159,ryazan,2010-10-04
Čučkovo [Chuchkovo],russia,3122,ryazan,2010-10-04
Djad'kovo [Dyadkovo],russia,1908,ryazan,2010-10-04
Gus'-Železnyj [Gus-Zhelezny],russia,2115,ryazan,2010-10-04
Jelat'ma [Yelatma],russia,3511,ryazan,2010-10-04
Jermiš' [Yermish],russia,4345,ryazan,2010-10-04
Kadom,russia,5478,ryazan,2010-10-04
Kasimov,russia,33491,ryazan,2010-10-04
Korablino,russia,12658,ryazan,2010-10-04
Lesnoj [Lesnoy],russia,7632,ryazan,2010-10-04
Michajlov [Mikhaylov],russia,11784,ryazan,2010-10-04
Miloslavskoje [Miloslavskoye],russia,4478,ryazan,2010-10-04
Murmino,russia,3506,ryazan,2010-10-04
Novomičurinsk [Novomichurinsk],russia,19309,ryazan,2010-10-04
Oktjabr'skij [Oktyabrsky],russia,6067,ryazan,2010-10-04
Pavelec [Pavelets],russia,1963,ryazan,2010-10-04
Pitelino,russia,2257,ryazan,2010-10-04
Pobedinka,russia,1456,ryazan,2010-10-04
Poljany [Polyany],russia,6623,ryazan,2010-10-04
Pronsk,russia,3943,ryazan,2010-10-04
Putjatino [Putyatino],russia,3047,ryazan,2010-10-04
Rjazan' [Ryazan],russia,524927,ryazan,2010-10-04
Rjažsk [Ryazhsk],russia,21674,ryazan,2010-10-04
Rybnoje [Rybnoye],russia,18380,ryazan,2010-10-04
Šack [Shatsk],russia,6561,ryazan,2010-10-04
Sapožok [Sapozhok],russia,3878,ryazan,2010-10-04
Sarai,russia,5802,ryazan,2010-10-04
Sasovo,russia,28118,ryazan,2010-10-04
Šilovo [Shilovo],russia,15669,ryazan,2010-10-04
Skopin,russia,30376,ryazan,2010-10-04
Spas-Klepiki,russia,5916,ryazan,2010-10-04
Spassk-Rjazanskij [Spassk-Ryazansky],russia,7745,ryazan,2010-10-04
Starožilovo [Starozhilovo],russia,5088,ryazan,2010-10-04
Syntul,russia,1688,ryazan,2010-10-04
Tuma,russia,6163,ryazan,2010-10-04
Ucholovo [Ukholovo],russia,4965,ryazan,2010-10-04
Aksaj [Aksay],russia,41969,rostov,2010-10-04
Aleksandrovka [Alexandrovka],russia,4744,rostov,2010-10-04
Aparinskij [Aparinsky],russia,2865,rostov,2010-10-04
Azov,russia,82937,rostov,2010-10-04
Bagajevskaja [Bagayevskaya],russia,15459,rostov,2010-10-04
Batajsk [Bataysk],russia,111843,rostov,2010-10-04
Belaja Kalitva [Belaya Kalitva],russia,43651,rostov,2010-10-04
Bokovskaja [Bokovskaya],russia,4832,rostov,2010-10-04
Bol'šaja Martynovka [Bolshaya Martynovka],russia,6158,rostov,2010-10-04
Bol'šaja Orlovka [Bolshaya Orlovka],russia,4063,rostov,2010-10-04
Bol'šije Saly [Bolshiye Saly],russia,3483,rostov,2010-10-04
Bol'šoj Log [Bolshoy Log],russia,4336,rostov,2010-10-04
Čaltyr' [Chaltyr],russia,15334,rostov,2010-10-04
Celina [Tselina],russia,10649,rostov,2010-10-04
Čertkovo [Chertkovo],russia,10814,rostov,2010-10-04
Cimljansk [Tsimlyansk],russia,15028,rostov,2010-10-04
Doneck [Donetsk],russia,50098,rostov,2010-10-04
Dubovskoje [Dubovskoye],russia,8544,rostov,2010-10-04
Gigant,russia,10249,rostov,2010-10-04
Glubokij [Gluboky],russia,9880,rostov,2010-10-04
Gornjackij [Gornyatsky],russia,8056,rostov,2010-10-04
Gornyj [Gorny],russia,2408,rostov,2010-10-04
Gruševskaja [Grushevskaya],russia,4381,rostov,2010-10-04
Gukovo,russia,67278,rostov,2010-10-04
Jegorlykskaja [Yegorlykskaya],russia,17660,rostov,2010-10-04
Jolkin [Yolkin],russia,3220,rostov,2010-10-04
Kagal'nickaja [Kagalnitskaya],russia,6831,rostov,2010-10-04
Kagal'nik [Kagalnik],russia,8116,rostov,2010-10-04
Kalinin,russia,3767,rostov,2010-10-04
Kamenolomni,russia,11247,rostov,2010-10-04
Kamensk-Šachtinskij [Kamensk-Shakhtinsky],russia,95296,rostov,2010-10-04
Kašary [Kashary],russia,6529,rostov,2010-10-04
Kazač'i Lageri [Kazachyi Lageri],russia,4994,rostov,2010-10-04
Kazanskaja [Kazanskaya],russia,4721,rostov,2010-10-04
Kirovskaja [Kirovskaya],russia,5760,rostov,2010-10-04
Koksovyj [Koksovy],russia,7624,rostov,2010-10-04
Konstantinovsk,russia,17926,rostov,2010-10-04
Krasjukovskaja [Krasyukovskaya],russia,4240,rostov,2010-10-04
Krasnaja Poljana [Krasnaya Polyana],russia,3546,rostov,2010-10-04
Krasnoarmejskij [Krasnoarmeysky],russia,3696,rostov,2010-10-04
Krasnojarskaja [Krasnoyarskaya],russia,4968,rostov,2010-10-04
Krasnovka,russia,3941,rostov,2010-10-04
Krasnyj Sad [Krasny Sad],russia,2857,rostov,2010-10-04
Krasnyj Sulin [Krasny Sulin],russia,40866,rostov,2010-10-04
Krivjanskaja [Krivyanskaya],russia,10423,rostov,2010-10-04
Krym,russia,4933,rostov,2010-10-04
Kujbyševo [Kuybyshevo],russia,6145,rostov,2010-10-04
Kulešovka [Kuleshovka],russia,13692,rostov,2010-10-04
Mal'čevskaja [Malchevskaya],russia,3431,rostov,2010-10-04
Man'kovo-Kalitvenskoje [Mankovo-Kalitvenskoye],russia,3780,rostov,2010-10-04
Matvejev Kurgan [Matveyev Kurgan],russia,15590,rostov,2010-10-04
Mečëtinskaja [Mechyotinskaya],russia,7194,rostov,2010-10-04
Melichovskaja [Melikhovskaya],russia,3593,rostov,2010-10-04
Millerovo,russia,36499,rostov,2010-10-04
Miškinskaja [Mishkinskaya],russia,3004,rostov,2010-10-04
Morozovsk,russia,27642,rostov,2010-10-04
Nikolajevka [Nikolayevka],russia,6403,rostov,2010-10-04
Nikolajevskaja [Nikolayevskaya],russia,3218,rostov,2010-10-04
Novobatajsk [Novobataysk],russia,5340,rostov,2010-10-04
Novobessergenevka,russia,3585,rostov,2010-10-04
Novočerkassk [Novocherkassk],russia,168746,rostov,2010-10-04
Novošachtinsk [Novoshakhtinsk],russia,111075,rostov,2010-10-04
Novyj Jegorlyk [Novy Yegorlyk],russia,3261,rostov,2010-10-04
Oblivskaja [Oblivskaya],russia,9908,rostov,2010-10-04
Ol'ginskaja [Olginskaya],russia,5613,rostov,2010-10-04
Orlovskij [Orlovsky],russia,20002,rostov,2010-10-04
Ovoščnoj [Ovoshchnoy],russia,2421,rostov,2010-10-04
Persianovskij [Persianovsky],russia,7592,rostov,2010-10-04
Pesčanokopskoje [Peschanokopskoye],russia,10593,rostov,2010-10-04
Peškovo [Peshkovo],russia,3982,rostov,2010-10-04
Pokrovskoje [Pokrovskoye],russia,12369,rostov,2010-10-04
Potapov,russia,3008,rostov,2010-10-04
Primorka,russia,3781,rostov,2010-10-04
Proletarsk,russia,20267,rostov,2010-10-04
Rassvet,russia,4958,rostov,2010-10-04
Razvil'noje [Razvilnoye],russia,5494,rostov,2010-10-04
Remontnoje [Remontnoye],russia,7198,rostov,2010-10-04
Rodionovo-Nesvetajskaja [Rodionovo-Nesvetayskaya],russia,6379,rostov,2010-10-04
Romanovskaja [Romanovskaya],russia,8248,rostov,2010-10-04
Rostov-na-Donu [Rostov-on-Don],russia,1089261,rostov,2010-10-04
Šachty [Shakhty],russia,239987,rostov,2010-10-04
Sal'sk [Salsk],russia,61316,rostov,2010-10-04
Samarskoje [Samarskoye],russia,10530,rostov,2010-10-04
Sandata,russia,3658,rostov,2010-10-04
Semikarakorsk,russia,23884,rostov,2010-10-04
Sinegorskij [Sinegorsky],russia,5750,rostov,2010-10-04
Sinjavskoje [Sinyavskoye],russia,3834,rostov,2010-10-04
Šolochovskij [Sholokhovsky],russia,8306,rostov,2010-10-04
Staraja Stanica [Staraya Stanitsa],russia,8508,rostov,2010-10-04
Tacinskaja [Tatsinskaya],russia,9980,rostov,2010-10-04
Taganrog,russia,257681,rostov,2010-10-04
Tarasovskij [Tarasovsky],russia,9017,rostov,2010-10-04
Troickoje [Troitskoye],russia,3338,rostov,2010-10-04
Uglerodovskij [Uglerodovsky],russia,2510,rostov,2010-10-04
Ust'-Doneckij [Ust-Donetsky],russia,11817,rostov,2010-10-04
Varenovka,russia,3148,rostov,2010-10-04
Verchnetemernickij [Verkhnetemernitsky],russia,700,rostov,2010-10-04
Vesëlyj [Vesyoly],russia,9175,rostov,2010-10-04
Vëšenskaja [Vyoshenskaya],russia,9261,rostov,2010-10-04
Volgodonsk,russia,170841,rostov,2010-10-04
Zavetnoje [Zavetnoye],russia,7079,rostov,2010-10-04
Zernograd,russia,26842,rostov,2010-10-04
Zimovniki,russia,18070,rostov,2010-10-04
Žirnov [Zhirnov],russia,5609,rostov,2010-10-04
Zverevo,russia,22411,rostov,2010-10-04
Ajchal [Aykhal],russia,13727,sakha,2010-10-04
Aldan,russia,21275,sakha,2010-10-04
Allach-Jun' [Allakh-Yun],russia,96,sakha,2010-10-04
Almaznyj [Almazny],russia,1527,sakha,2010-10-04
Amga,russia,6533,sakha,2010-10-04
Antonovka,russia,2642,sakha,2010-10-04
Artyk,russia,509,sakha,2010-10-04
Batagaj [Batagay],russia,4369,sakha,2010-10-04
Belaja Gora [Belaya Gora],russia,2245,sakha,2010-10-04
Berdigestjach [Berdigestyakh],russia,6462,sakha,2010-10-04
Berkakit,russia,4291,sakha,2010-10-04
Borogoncy [Borogontsy],russia,5222,sakha,2010-10-04
Černyševskij [Chernyshevsky],russia,5025,sakha,2010-10-04
Čerskij [Chersky],russia,2857,sakha,2010-10-04
Chandyga [Khandyga],russia,6638,sakha,2010-10-04
Chani [Khani],russia,764,sakha,2010-10-04
Chatassy [Khatassy],russia,4979,sakha,2010-10-04
Čokurdach [Chokurdakh],russia,2367,sakha,2010-10-04
Čul'man [Chulman],russia,9766,sakha,2010-10-04
Čurapča [Churapcha],russia,8769,sakha,2010-10-04
Deputatskij [Deputatsky],russia,2983,sakha,2010-10-04
Džebariki-Chaja [Dzhebariki-Khaya],russia,1694,sakha,2010-10-04
Èl'dikan [Eldikan],russia,1515,sakha,2010-10-04
Èsè-Chajja [Ese-Khayya],russia,239,sakha,2010-10-04
Jakutsk [Yakutsk],russia,269601,sakha,2010-10-04
Jugorënok [Yugorenok],russia,272,sakha,2010-10-04
Kysyl-Syr,russia,3106,sakha,2010-10-04
Lebedinyj [Lebediny],russia,1058,sakha,2010-10-04
Leninskij [Leninsky],russia,1866,sakha,2010-10-04
Lensk,russia,24966,sakha,2010-10-04
Majja [Mayya],russia,7288,sakha,2010-10-04
Mirnyj [Mirny],russia,37188,sakha,2010-10-04
Mochsogolloch [Mokhsogollokh],russia,6698,sakha,2010-10-04
Namcy [Namtsy],russia,8890,sakha,2010-10-04
Nerjungri [Neryungri],russia,61747,sakha,2010-10-04
Nižnejansk [Nizhneyansk],russia,391,sakha,2010-10-04
Nižnij Bestjach [Nizhny Bestyakh],russia,3518,sakha,2010-10-04
Nižnij Kuranach [Nizhny Kuranakh],russia,5901,sakha,2010-10-04
Njurba [Nyurba],russia,10157,sakha,2010-10-04
Olëkminsk [Olyokminsk],russia,9494,sakha,2010-10-04
Peleduj [Peleduy],russia,5243,sakha,2010-10-04
Pokrovsk,russia,9495,sakha,2010-10-04
Prigorodnyj [Prigorodny],russia,1504,sakha,2010-10-04
Sangar,russia,4377,sakha,2010-10-04
Serebrjanyj Bor [Serebryany Bor],russia,4163,sakha,2010-10-04
Solnečnyj [Solnechny],russia,1034,sakha,2010-10-04
Srednekolymsk,russia,3525,sakha,2010-10-04
Suntar,russia,10034,sakha,2010-10-04
Svetlyj [Svetly],russia,3137,sakha,2010-10-04
Tiksi,russia,5063,sakha,2010-10-04
Tommot,russia,8057,sakha,2010-10-04
Udačnyj [Udachny],russia,12613,sakha,2010-10-04
Ust'-Kujga [Ust-Kuyga],russia,979,sakha,2010-10-04
Ust'-Maja [Ust-Maya],russia,2923,sakha,2010-10-04
Ust'-Nera [Ust-Nera],russia,6463,sakha,2010-10-04
Verchneviljujsk [Verkhnevilyuysk],russia,6457,sakha,2010-10-04
Verchojansk [Verkhoyansk],russia,1311,sakha,2010-10-04
Viljujsk [Vilyuysk],russia,10234,sakha,2010-10-04
Vitim,russia,4376,sakha,2010-10-04
Ytyk-Kjuël' [Ytyk-Kyuyol],russia,6828,sakha,2010-10-04
Žataj [Zhatay],russia,9504,sakha,2010-10-04
Žigansk [Zhigansk],russia,3420,sakha,2010-10-04
Zolotinka,russia,552,sakha,2010-10-04
Zvëzdočka [Zvezdochka],russia,408,sakha,2010-10-04
Zyrjanka [Zyryanka],russia,3170,sakha,2010-10-04
Aleksandrovsk-Sachalinskij [Alexandrovsk-Sakhalinsky],russia,10613,sakhalin,2010-10-04
Aniva,russia,9115,sakhalin,2010-10-04
Bykov,russia,4101,sakhalin,2010-10-04
Cholmsk [Kholmsk],russia,30937,sakhalin,2010-10-04
Dolinsk,russia,12200,sakhalin,2010-10-04
Gornozavodsk,russia,4389,sakhalin,2010-10-04
Južno-Kuril'sk [Yuzhno-Kurilsk],russia,5832,sakhalin,2010-10-04
Južno-Sachalinsk [Yuzhno-Sakhalinsk],russia,181728,sakhalin,2010-10-04
Korsakov,russia,33526,sakhalin,2010-10-04
Kuril'sk [Kurilsk],russia,2070,sakhalin,2010-10-04
Makarov,russia,6705,sakhalin,2010-10-04
Nevel'sk [Nevelsk],russia,11682,sakhalin,2010-10-04
Nogliki,russia,10231,sakhalin,2010-10-04
Ocha [Okha],russia,23008,sakhalin,2010-10-04
Poronajsk [Poronaysk],russia,16120,sakhalin,2010-10-04
Šachtërsk [Shakhtyorsk],russia,8382,sakhalin,2010-10-04
Severo-Kuril'sk [Severo-Kurilsk],russia,2536,sakhalin,2010-10-04
Smirnych [Smirnykh],russia,7399,sakhalin,2010-10-04
Sokol,russia,3468,sakhalin,2010-10-04
Tomari,russia,4541,sakhalin,2010-10-04
Troickoje [Troitskoye],russia,4729,sakhalin,2010-10-04
Tymovskoje [Tymovskoye],russia,7855,sakhalin,2010-10-04
Uglegorsk,russia,10381,sakhalin,2010-10-04
Vachrušev [Vakhrushev],russia,2245,sakhalin,2010-10-04
Aleksejevka [Alexeyevka],russia,4513,samara,2010-10-04
Aleksejevka [Alexeyevka],russia,10411,samara,2010-10-04
Balašejka [Balasheyka],russia,2930,samara,2010-10-04
Bezenčuk [Bezenchuk],russia,22952,samara,2010-10-04
Bogatoje [Bogatoye],russia,5922,samara,2010-10-04
Bol'šaja Černigovka [Bolshaya Chernigovka],russia,6356,samara,2010-10-04
Bol'šaja Glušica [Bolshaya Glushitsa],russia,9667,samara,2010-10-04
Borskoje [Borskoye],russia,8953,samara,2010-10-04
Čapajevsk [Chapayevsk],russia,72692,samara,2010-10-04
Čelno-Veršiny [Chelno-Vershiny],russia,5747,samara,2010-10-04
Chrjaščëvka [Khryashchyovka],russia,3191,samara,2010-10-04
Chvorostjanka [Khvorostyanka],russia,5161,samara,2010-10-04
Dubovyj Umet [Dubovy Umet],russia,3389,samara,2010-10-04
Georgijevka [Georgiyevka],russia,3980,samara,2010-10-04
Isakly,russia,4334,samara,2010-10-04
Jagodnoje [Yagodnoye],russia,3993,samara,2010-10-04
Jelchovka [Yelkhovka],russia,3268,samara,2010-10-04
Kamyšla [Kamyshla],russia,4889,samara,2010-10-04
Kinel',russia,34491,samara,2010-10-04
Kinel'-Čerkassy [Kinel-Cherkassy],russia,17252,samara,2010-10-04
Kljavlino [Klyavlino],russia,6967,samara,2010-10-04
Komsomol'skij [Komsomolsky],russia,2989,samara,2010-10-04
Koški [Koshki],russia,7969,samara,2010-10-04
Krasnoarmejskoje [Krasnoarmeyskoye],russia,5344,samara,2010-10-04
Krasnyj Jar [Krasny Yar],russia,7958,samara,2010-10-04
Krotovka,russia,5668,samara,2010-10-04
Kurumoč [Kurumoch],russia,6697,samara,2010-10-04
Meždurečensk [Mezhdurechensk],russia,3006,samara,2010-10-04
Mirnyj [Mirny],russia,7343,samara,2010-10-04
Neftegorsk,russia,19254,samara,2010-10-04
Novokujbyševsk [Novokuybyshevsk],russia,108438,samara,2010-10-04
Novosemejkino [Novosemeykino],russia,9750,samara,2010-10-04
Novyj Bujan [Novy Buyan],russia,3265,samara,2010-10-04
Obšarovka [Obsharovka],russia,5667,samara,2010-10-04
Oktjabr'sk [Oktyabrsk],russia,27244,samara,2010-10-04
Osinki,russia,3101,samara,2010-10-04
Otradnyj [Otradny],russia,48356,samara,2010-10-04
Pestravka,russia,6573,samara,2010-10-04
Petra Dubrava,russia,6453,samara,2010-10-04
Pochvistnevo [Pokhvistnevo],russia,28169,samara,2010-10-04
Podbel'sk [Podbelsk],russia,3164,samara,2010-10-04
Podstëpki [Podstyopki],russia,4931,samara,2010-10-04
Pridorožnyj [Pridorozhny],russia,215,samara,2010-10-04
Privolžje [Privolzhye],russia,7480,samara,2010-10-04
Roščinskij [Roshchinsky],russia,11920,samara,2010-10-04
Roždestveno [Rozhdestveno],russia,6212,samara,2010-10-04
Samara,russia,1164685,samara,2010-10-04
Šentala [Shentala],russia,6613,samara,2010-10-04
Sergijevsk [Sergiyevsk],russia,8661,samara,2010-10-04
Sernovodsk,russia,3611,samara,2010-10-04
Šigony [Shigony],russia,4966,samara,2010-10-04
Smyšljaevka [Smyshlyaevka],russia,6756,samara,2010-10-04
Spiridonovka,russia,4896,samara,2010-10-04
Strojkeramika [Stroykeramika],russia,7322,samara,2010-10-04
Suchodol [Sukhodol],russia,13413,samara,2010-10-04
Surgut,russia,4864,samara,2010-10-04
Syzran',russia,178750,samara,2010-10-04
Timaševo [Timashevo],russia,5651,samara,2010-10-04
Timofejevka [Timofeyevka],russia,3893,samara,2010-10-04
"Tol'jatti [Tolyatti, Togliatti]",russia,719632,samara,2010-10-04
Ust'-Kinel'skij [Ust-Kinelsky],russia,9988,samara,2010-10-04
Utëvka [Utyovka],russia,6091,samara,2010-10-04
Uzjukovo [Uzyukovo],russia,2003,samara,2010-10-04
Varlamovo,russia,3372,samara,2010-10-04
Volžskij [Volzhsky],russia,6968,samara,2010-10-04
Voskresenka,russia,2087,samara,2010-10-04
Vyselki,russia,2479,samara,2010-10-04
Žigulëvsk [Zhigulyovsk],russia,55565,samara,2010-10-04
Aleksandrov Gaj [Alexandrov Gay],russia,9728,saratov,2010-10-04
Arkadak,russia,12845,saratov,2010-10-04
Atkarsk,russia,25624,saratov,2010-10-04
Balakovo,russia,199690,saratov,2010-10-04
Balašov [Balashov],russia,82227,saratov,2010-10-04
Baltaj [Baltay],russia,3873,saratov,2010-10-04
Bazarnyj Karabulak [Bazarny Karabulak],russia,9846,saratov,2010-10-04
Chvalynsk [Khvalynsk],russia,13094,saratov,2010-10-04
Dergači [Dergachi],russia,8276,saratov,2010-10-04
Dubki,russia,4416,saratov,2010-10-04
Duchovnickoje [Dukhovnitskoye],russia,5338,saratov,2010-10-04
Èngel's [Engels],russia,202419,saratov,2010-10-04
Gornyj [Gorny],russia,5084,saratov,2010-10-04
Ivantejevka [Ivanteyevka],russia,6100,saratov,2010-10-04
Jekaterinovka [Yekaterinovka],russia,6364,saratov,2010-10-04
Jeršov [Yershov],russia,21448,saratov,2010-10-04
Kalininsk,russia,16441,saratov,2010-10-04
Kamenskij [Kamensky],russia,2867,saratov,2010-10-04
Klëny,russia,...,saratov,2010-10-04
Krasnoarmejsk [Krasnoarmeysk],russia,24364,saratov,2010-10-04
Krasnyj Jar [Krasny Yar],russia,3255,saratov,2010-10-04
Krasnyj Kut [Krasny Kut],russia,14416,saratov,2010-10-04
Krasnyj Oktjabr' [Krasny Oktyabr],russia,3340,saratov,2010-10-04
Krasnyj Tekstil'ščik [Krasny Tekstilshchik],russia,3368,saratov,2010-10-04
Lysyje Gory [Lysye Gory],russia,7180,saratov,2010-10-04
Marks,russia,31531,saratov,2010-10-04
Mokrous,russia,6731,saratov,2010-10-04
Novopuškinskoje [Novopushkinskoye],russia,3300,saratov,2010-10-04
Novouzensk,russia,17011,saratov,2010-10-04
Novyje Burasy [Novye Burasy],russia,5870,saratov,2010-10-04
Ozinki,russia,9249,saratov,2010-10-04
Pereljub [Perelyub],russia,4774,saratov,2010-10-04
Petrovsk,russia,31160,saratov,2010-10-04
Pinerovka,russia,3442,saratov,2010-10-04
Piterka,russia,5439,saratov,2010-10-04
Podlesnoje [Podlesnoye],russia,3758,saratov,2010-10-04
Privolžskij [Privolzhsky],russia,34364,saratov,2010-10-04
Probuždenije [Probuzhdeniye],russia,3448,saratov,2010-10-04
Pugačëv [Pugachyov],russia,41707,saratov,2010-10-04
Puškino [Pushkino],russia,2457,saratov,2010-10-04
Romanovka,russia,7271,saratov,2010-10-04
Rovnoje [Rovnoye],russia,4538,saratov,2010-10-04
Rtiščevo [Rtishchevo],russia,41289,saratov,2010-10-04
Samojlovka [Samoylovka],russia,7580,saratov,2010-10-04
Saratov,russia,837900,saratov,2010-10-04
Sennoj [Sennoy],russia,6675,saratov,2010-10-04
Šichany [Shikhany],russia,6067,saratov,2010-10-04
Sokolovyj [Sokolovy],russia,6009,saratov,2010-10-04
Sovetskoje [Sovetskoye],russia,3348,saratov,2010-10-04
Stepnoje [Stepnoye],russia,13136,saratov,2010-10-04
Storoževka [Storozhevka],russia,3419,saratov,2010-10-04
Svobodnyj [Svobodny],russia,2160,saratov,2010-10-04
Tatiščevo [Tatishchevo],russia,7491,saratov,2010-10-04
Turki,russia,6122,saratov,2010-10-04
Vol'sk [Volsk],russia,66508,saratov,2010-10-04
Voskresenskoje [Voskresenskoye],russia,3309,saratov,2010-10-04
Alagir,russia,20949,north ossetia-alania,2010-10-04
Archonskaja [Arkhonskaya],russia,8149,north ossetia-alania,2010-10-04
Ardon,russia,18774,north ossetia-alania,2010-10-04
Beslan,russia,36728,north ossetia-alania,2010-10-04
Čermen [Chermen],russia,8508,north ossetia-alania,2010-10-04
Chumalag [Khumalag],russia,3728,north ossetia-alania,2010-10-04
Čikola [Chikola],russia,7017,north ossetia-alania,2010-10-04
Dačnoje [Dachnoye],russia,3851,north ossetia-alania,2010-10-04
Digora,russia,10856,north ossetia-alania,2010-10-04
Èl'chotovo [Elkhotovo],russia,12626,north ossetia-alania,2010-10-04
Gizel',russia,7814,north ossetia-alania,2010-10-04
Ir,russia,3428,north ossetia-alania,2010-10-04
Kadgaron,russia,3093,north ossetia-alania,2010-10-04
Kambilejevskoje [Kambileyevskoye],russia,7485,north ossetia-alania,2010-10-04
Kizljar [Kizlyar],russia,10813,north ossetia-alania,2010-10-04
Lukovskaja [Lukovskaya],russia,5222,north ossetia-alania,2010-10-04
Majskoje [Mayskoye],russia,7315,north ossetia-alania,2010-10-04
Michajlovskoje [Mikhaylovskoye],russia,9217,north ossetia-alania,2010-10-04
Mozdok,russia,38768,north ossetia-alania,2010-10-04
Nogir,russia,11480,north ossetia-alania,2010-10-04
Novoje [Novoye],russia,3258,north ossetia-alania,2010-10-04
Oktjabr'skoje [Oktyabrskoye],russia,10436,north ossetia-alania,2010-10-04
Ol'ginskoje [Olginskoye],russia,3060,north ossetia-alania,2010-10-04
Pavlodol'skaja [Pavlodolskaya],russia,5456,north ossetia-alania,2010-10-04
Sunža [Sunzha],russia,11715,north ossetia-alania,2010-10-04
Troickoje [Troitskoye],russia,3695,north ossetia-alania,2010-10-04
Vladikavkaz,russia,311693,north ossetia-alania,2010-10-04
Zavodskoj [Zavodskoy],russia,16792,north ossetia-alania,2010-10-04
Zmejskaja [Zmeyskaya],russia,6888,north ossetia-alania,2010-10-04
Chislaviči [Khislavichi],russia,4138,smolensk,2010-10-04
Cholm-Žirkovskij [Kholm-Zhirkovsky],russia,3491,smolensk,2010-10-04
Demidov,russia,7333,smolensk,2010-10-04
Desnogorsk,russia,29677,smolensk,2010-10-04
Dorogobuž [Dorogobuzh],russia,10720,smolensk,2010-10-04
Duchovščina [Dukhovshchina],russia,4371,smolensk,2010-10-04
Gagarin,russia,31721,smolensk,2010-10-04
Golynki,russia,3573,smolensk,2010-10-04
Gusino,russia,2843,smolensk,2010-10-04
Jarcevo [Yartsevo],russia,47848,smolensk,2010-10-04
Jel'nja [Yelnya],russia,10095,smolensk,2010-10-04
Kardymovo,russia,4659,smolensk,2010-10-04
Krasnyj [Krasny],russia,4349,smolensk,2010-10-04
Monastyrščina [Monastyrshchina],russia,4065,smolensk,2010-10-04
Novodugino,russia,3839,smolensk,2010-10-04
Novosel'cy [Novoseltsy],russia,...,smolensk,2010-10-04
Ozërnyj [Ozyorny],russia,5933,smolensk,2010-10-04
Pečersk [Pechersk],russia,3884,smolensk,2010-10-04
Počinok [Pochinok],russia,8776,smolensk,2010-10-04
Prževal'skoje [Przhevalskoye],russia,1683,smolensk,2010-10-04
Roslavl',russia,54900,smolensk,2010-10-04
Rudnja [Rudnya],russia,10030,smolensk,2010-10-04
Safonovo,russia,46116,smolensk,2010-10-04
Smolensk,russia,326861,smolensk,2010-10-04
Šumjači [Shumyachi],russia,4227,smolensk,2010-10-04
Syčëvka [Sychyovka],russia,8111,smolensk,2010-10-04
Ugra,russia,4278,smolensk,2010-10-04
Veliž [Velizh],russia,7620,smolensk,2010-10-04
Verchnedneprovskij [Verkhnedneprovsky],russia,12969,smolensk,2010-10-04
Vjaz'ma [Vyazma],russia,57101,smolensk,2010-10-04
Vjaz'ma-Brjanskaja [Vyazma-Bryanskaya],russia,4594,smolensk,2010-10-04
Ačikulak [Achikulak],russia,6100,stavropol,2010-10-04
Aleksandrija [Alexandriya],russia,3558,stavropol,2010-10-04
Aleksandrijskaja [Alexandryskaya],russia,11761,stavropol,2010-10-04
Aleksandrovskoje [Alexandrovskoye],russia,27471,stavropol,2010-10-04
Andžijevskij [Andzhiyevsky],russia,6680,stavropol,2010-10-04
Archangel'skoje [Arkhangelskoye],russia,4891,stavropol,2010-10-04
Arzgir,russia,14722,stavropol,2010-10-04
Balachonovskoje [Balakhonovskoye],russia,4443,stavropol,2010-10-04
Barsukovskaja [Barsukovskaya],russia,4712,stavropol,2010-10-04
Bešpagir [Beshpagir],russia,3925,stavropol,2010-10-04
Bezopasnoje [Bezopasnoye],russia,6598,stavropol,2010-10-04
Blagodarnyj [Blagodarny],russia,32725,stavropol,2010-10-04
Blagodatnoje [Blagodatnoye],russia,5132,stavropol,2010-10-04
Bol'šaja Džalga [Bolshaya Dzhalga],russia,3153,stavropol,2010-10-04
Borgustanskaja [Borgustanskaya],russia,4013,stavropol,2010-10-04
Budënnovsk [Budyonnovsk],russia,64624,stavropol,2010-10-04
Burlackoje [Burlatskoye],russia,3274,stavropol,2010-10-04
Černolesskoje [Chernolesskoye],russia,5557,stavropol,2010-10-04
Divnoje [Divnoye],russia,14085,stavropol,2010-10-04
Donskoje [Donskoye],russia,14927,stavropol,2010-10-04
Èdissija [Edissiya],russia,5801,stavropol,2010-10-04
Georgijevsk [Georgiyevsk],russia,72153,stavropol,2010-10-04
Georgijevskaja [Georgiyevskaya],russia,6189,stavropol,2010-10-04
Gofickoje [Gofitskoye],russia,5096,stavropol,2010-10-04
Gorjačevodskij [Goryachevodsky],russia,36967,stavropol,2010-10-04
Gračëvka [Grachyovka],russia,6657,stavropol,2010-10-04
Grigoropolisskaja [Grigoropolisskaya],russia,8988,stavropol,2010-10-04
Gruševskoje [Grushevskoye],russia,3019,stavropol,2010-10-04
Inozemcevo [Inozemtsevo],russia,28398,stavropol,2010-10-04
Ipatovo,russia,26053,stavropol,2010-10-04
Irgakly,russia,3965,stavropol,2010-10-04
Ivanovskoje [Ivanovskoye],russia,7518,stavropol,2010-10-04
Izobil'nyj [Izobilny],russia,40555,stavropol,2010-10-04
Jasnaja Poljana [Yasnaya Polyana],russia,5063,stavropol,2010-10-04
Jessentuki [Yessentuki],russia,100996,stavropol,2010-10-04
Jessentukskaja [Yessentukskaya],russia,20166,stavropol,2010-10-04
Juca [Yutsa],russia,9427,stavropol,2010-10-04
Kajasula [Kayasula],russia,5004,stavropol,2010-10-04
Kalinovskoje [Kalinovskoye],russia,3955,stavropol,2010-10-04
Kangly,russia,3235,stavropol,2010-10-04
Kaz'minskoje [Kazminskoye],russia,5676,stavropol,2010-10-04
Kislovodsk,russia,128553,stavropol,2010-10-04
Kitajevskoje [Kitayevskoye],russia,2782,stavropol,2010-10-04
Kočubejevskoje [Kochubeyevskoye],russia,26835,stavropol,2010-10-04
Komsomolec [Komsomolets],russia,3131,stavropol,2010-10-04
Konstantinovskaja [Konstantinovskaya],russia,8623,stavropol,2010-10-04
Konstantinovskoje [Konstantinovskoye],russia,5071,stavropol,2010-10-04
Krasnogvardejskoje [Krasnogvardeyskoye],russia,15992,stavropol,2010-10-04
Krasnokumskoje [Krasnokumskoye],russia,17137,stavropol,2010-10-04
Krasnyj Pachar' [Krasny Pakhar],russia,3081,stavropol,2010-10-04
Kugul'ta [Kugulta],russia,5574,stavropol,2010-10-04
Kursavka,russia,11830,stavropol,2010-10-04
Kurskaja [Kurskaya],russia,12045,stavropol,2010-10-04
Ladovskaja Balka [Ladovskaya Balka],russia,4740,stavropol,2010-10-04
Lermontov,russia,22541,stavropol,2010-10-04
Letnjaja Stavka [Letnyaya Stavka],russia,4437,stavropol,2010-10-04
Levokumka,russia,6715,stavropol,2010-10-04
Levokumskoje [Levokumskoye],russia,10302,stavropol,2010-10-04
Lysogorskaja [Lysogorskaya],russia,11174,stavropol,2010-10-04
Machmud-Mekteb [Makhmud-Mekteb],russia,3148,stavropol,2010-10-04
Mar'inskaja [Maryinskaya],russia,9080,stavropol,2010-10-04
Michajlovsk [Mikhaylovsk],russia,70981,stavropol,2010-10-04
Mineral'nyje Vody [Mineralnye Vody],russia,76728,stavropol,2010-10-04
Moskovskoje [Moskovskoye],russia,5623,stavropol,2010-10-04
Nadežda [Nadezhda],russia,10609,stavropol,2010-10-04
Neftekumsk,russia,27687,stavropol,2010-10-04
Nevinnomyssk,russia,118360,stavropol,2010-10-04
Nežinskij [Nezhinsky],russia,3664,stavropol,2010-10-04
Nezlobnaja [Nezlobnaya],russia,19746,stavropol,2010-10-04
Niny,russia,4121,stavropol,2010-10-04
Novoaleksandrovsk [Novoalexandrovsk],russia,26757,stavropol,2010-10-04
Novoblagodarnoje [Novoblagodarnoye],russia,3263,stavropol,2010-10-04
Novopavlovsk,russia,26562,stavropol,2010-10-04
Novoselickoje [Novoselitskoye],russia,8729,stavropol,2010-10-04
Novotroickaja [Novotroitskaya],russia,7819,stavropol,2010-10-04
Novozavedennoje [Novozavedennoye],russia,5147,stavropol,2010-10-04
Novyj [Novy],russia,2989,stavropol,2010-10-04
Obil'noje [Obilnoye],russia,6575,stavropol,2010-10-04
Oktjabr'skoje [Oktyabrskoye],russia,3511,stavropol,2010-10-04
Orlovka,russia,3339,stavropol,2010-10-04
Pelagiada,russia,6814,stavropol,2010-10-04
Pervomajskij [Pervomaysky],russia,4005,stavropol,2010-10-04
Pjatigorsk [Pyatigorsk],russia,142511,stavropol,2010-10-04
Pjatigorskij [Pyatigorsky],russia,4916,stavropol,2010-10-04
Podgornaja [Podgornaya],russia,5859,stavropol,2010-10-04
Podkumok,russia,3473,stavropol,2010-10-04
Pokojnoje [Pokoynoye],russia,8962,stavropol,2010-10-04
Praskoveja [Praskoveya],russia,10902,stavropol,2010-10-04
Pravokumskoje [Pravokumskoye],russia,4433,stavropol,2010-10-04
Pregradnoje [Pregradnoye],russia,3316,stavropol,2010-10-04
Privol'noje [Privolnoye],russia,3350,stavropol,2010-10-04
Ptičje [Ptichye],russia,5076,stavropol,2010-10-04
Rasševatskaja [Rasshevatskaya],russia,5326,stavropol,2010-10-04
Roždestvenskaja [Rozhdestvenskaya],russia,2816,stavropol,2010-10-04
Russkoje [Russkoye],russia,4681,stavropol,2010-10-04
Ryzdvjanyj [Ryzdvyany],russia,7710,stavropol,2010-10-04
Šaumjanskij [Shaumyansky],russia,3119,stavropol,2010-10-04
Severnoje [Severnoye],russia,3445,stavropol,2010-10-04
Soldato-Aleksandrovskoje [Soldato-Alexandrovskoye],russia,9516,stavropol,2010-10-04
Solnečnodol'sk [Solnechnodolsk],russia,12137,stavropol,2010-10-04
Soluno-Dmitrijevskoje [Soluno-Dmitriyevskoye],russia,3147,stavropol,2010-10-04
Sotnikovskoje [Sotnikovskoye],russia,4481,stavropol,2010-10-04
Sovetskaja [Sovetskaya],russia,7970,stavropol,2010-10-04
Spicevka [Spitsevka],russia,3478,stavropol,2010-10-04
Starodubskoje [Starodubskoye],russia,4370,stavropol,2010-10-04
Staromarjevka [Staromaryevka],russia,6044,stavropol,2010-10-04
Stavropol',russia,398539,stavropol,2010-10-04
Stepnoje [Stepnoye],russia,5611,stavropol,2010-10-04
Suchaja Bujvola [Sukhaya Buyvola],russia,3432,stavropol,2010-10-04
Suvorovskaja [Suvorovskaya],russia,17585,stavropol,2010-10-04
Svetlograd,russia,38520,stavropol,2010-10-04
Svobody,russia,18042,stavropol,2010-10-04
Tatarka,russia,6278,stavropol,2010-10-04
Temižbekskij [Temizhbeksky],russia,3866,stavropol,2010-10-04
Tiščenskoje [Tishchenskoye],russia,3325,stavropol,2010-10-04
Trunovskoje [Trunovskoye],russia,6121,stavropol,2010-10-04
Urožajnoje [Urozhaynoye],russia,4161,stavropol,2010-10-04
Veličajevskoje [Velichayevskoye],russia,5204,stavropol,2010-10-04
Verchnerusskoje [Verkhnerusskoye],russia,5206,stavropol,2010-10-04
Vinsady,russia,8882,stavropol,2010-10-04
Zaterečnyj [Zaterechny],russia,7696,stavropol,2010-10-04
Zavetnoje [Zavetnoye],russia,3998,stavropol,2010-10-04
Zelenokumsk,russia,35839,stavropol,2010-10-04
Železnovodsk [Zheleznovodsk],russia,24433,stavropol,2010-10-04
Zol'skaja [Zolskaya],russia,9330,stavropol,2010-10-04
Ačit [Achit],russia,4948,sverdlovsk,2010-10-04
Alapajevsk [Alapayevsk],russia,38192,sverdlovsk,2010-10-04
Aramil',russia,14224,sverdlovsk,2010-10-04
Artëmovskij [Artyomovsky],russia,33160,sverdlovsk,2010-10-04
Arti,russia,12881,sverdlovsk,2010-10-04
Asbest,russia,68893,sverdlovsk,2010-10-04
Atig,russia,3405,sverdlovsk,2010-10-04
Bajkalovo [Baykalovo],russia,5789,sverdlovsk,2010-10-04
Baltym,russia,2837,sverdlovsk,2010-10-04
Barančinskij [Baranchinsky],russia,9461,sverdlovsk,2010-10-04
Belojarskij [Beloyarsky],russia,12615,sverdlovsk,2010-10-04
Berëzovskij [Beryozovsky],russia,51651,sverdlovsk,2010-10-04
Bilimbaj [Bilimbay],russia,6044,sverdlovsk,2010-10-04
Bisert',russia,10233,sverdlovsk,2010-10-04
Bobrovskij [Bobrovsky],russia,5247,sverdlovsk,2010-10-04
Bogdanovič [Bogdanovich],russia,30670,sverdlovsk,2010-10-04
Bol'šoj Istok [Bolshoy Istok],russia,7281,sverdlovsk,2010-10-04
Bulanaš [Bulanash],russia,12504,sverdlovsk,2010-10-04
Cementnyj [Tsementny],russia,5808,sverdlovsk,2010-10-04
Čerëmuchovo [Cheryomukhovo],russia,5988,sverdlovsk,2010-10-04
Černoistočinsk [Chernoistochinsk],russia,3814,sverdlovsk,2010-10-04
Degtjarsk [Degtyarsk],russia,15522,sverdlovsk,2010-10-04
Družinino [Druzhinino],russia,3793,sverdlovsk,2010-10-04
Dvurečensk [Dvurechensk],russia,4935,sverdlovsk,2010-10-04
Gari,russia,2472,sverdlovsk,2010-10-04
Gornoural'skij [Gornouralsky],russia,3972,sverdlovsk,2010-10-04
Gornyj Ščit [Gorny Shchit],russia,6299,sverdlovsk,2010-10-04
Irbit,russia,38357,sverdlovsk,2010-10-04
Is,russia,4229,sverdlovsk,2010-10-04
Iset',russia,3215,sverdlovsk,2010-10-04
Istok,russia,5962,sverdlovsk,2010-10-04
Ivdel',russia,17775,sverdlovsk,2010-10-04
Jekaterinburg [Yekaterinburg],russia,1349772,sverdlovsk,2010-10-04
Jelanskij [Yelansky],russia,10038,sverdlovsk,2010-10-04
Jušala [Yushala],russia,3827,sverdlovsk,2010-10-04
Kačkanar [Kachkanar],russia,41426,sverdlovsk,2010-10-04
Kal'ja [Kalya],russia,5604,sverdlovsk,2010-10-04
Kamensk-Ural'skij [Kamensk-Uralsky],russia,174689,sverdlovsk,2010-10-04
Kamyšlov [Kamyshlov],russia,26870,sverdlovsk,2010-10-04
Karpinsk,russia,29113,sverdlovsk,2010-10-04
Kirovgrad,russia,21035,sverdlovsk,2010-10-04
Kosulino,russia,2644,sverdlovsk,2010-10-04
Krasnogvardejskij [Krasnogvardeysky],russia,4369,sverdlovsk,2010-10-04
Krasnotur'insk [Krasnoturyinsk],russia,59633,sverdlovsk,2010-10-04
Krasnoufimsk,russia,39765,sverdlovsk,2010-10-04
Krasnoural'sk [Krasnouralsk],russia,24980,sverdlovsk,2010-10-04
Kur'i [Kuryi],russia,4810,sverdlovsk,2010-10-04
Kušva [Kushva],russia,30167,sverdlovsk,2010-10-04
Lesnoj [Lesnoy],russia,50363,sverdlovsk,2010-10-04
Lobva,russia,8372,sverdlovsk,2010-10-04
Machnëvo [Makhnyovo],russia,3399,sverdlovsk,2010-10-04
Malyševa [Malysheva],russia,9544,sverdlovsk,2010-10-04
Martjuš [Martyush],russia,3994,sverdlovsk,2010-10-04
Michajlovsk [Mikhaylovsk],russia,9852,sverdlovsk,2010-10-04
Mičurinskij [Michurinsky],russia,164,sverdlovsk,2010-10-04
Monetnyj [Monetny],russia,5633,sverdlovsk,2010-10-04
Natal'insk [Natalyinsk],russia,1914,sverdlovsk,2010-10-04
Nev'jansk [Nevyansk],russia,24567,sverdlovsk,2010-10-04
Nikolo-Pavlovskoje [Nikolo-Pavlovskoye],russia,5042,sverdlovsk,2010-10-04
Nižnije Sergi [Nizhniye Sergi],russia,10336,sverdlovsk,2010-10-04
Nižnij Tagil [Nizhny Tagil],russia,361811,sverdlovsk,2010-10-04
Nižnjaja Salda [Nizhnyaya Salda],russia,17619,sverdlovsk,2010-10-04
Nižnjaja Tura [Nizhnyaya Tura],russia,22006,sverdlovsk,2010-10-04
Novaja Ljalja [Novaya Lyalya],russia,12734,sverdlovsk,2010-10-04
Novoural'sk [Novouralsk],russia,85522,sverdlovsk,2010-10-04
Novoutkinsk,russia,5360,sverdlovsk,2010-10-04
Patruši [Patrushi],russia,3274,sverdlovsk,2010-10-04
Pelym,russia,3376,sverdlovsk,2010-10-04
Pervoural'sk [Pervouralsk],russia,124528,sverdlovsk,2010-10-04
Petrokamenskoje [Petrokamenskoye],russia,3401,sverdlovsk,2010-10-04
Pionerskij [Pionersky],russia,3104,sverdlovsk,2010-10-04
Polevskoj [Polevskoy],russia,64220,sverdlovsk,2010-10-04
Privokzal'nyj [Privokzalny],russia,4035,sverdlovsk,2010-10-04
Pyšma [Pyshma],russia,9806,sverdlovsk,2010-10-04
Reftinskij [Reftinsky],russia,16496,sverdlovsk,2010-10-04
Revda,russia,61875,sverdlovsk,2010-10-04
Rež [Rezh],russia,38215,sverdlovsk,2010-10-04
Šabrovskij [Shabrovsky],russia,4526,sverdlovsk,2010-10-04
Sadovyj [Sadovy],russia,3242,sverdlovsk,2010-10-04
Šalja [Shalya],russia,6433,sverdlovsk,2010-10-04
Serov,russia,99373,sverdlovsk,2010-10-04
Severoural'sk [Severouralsk],russia,29263,sverdlovsk,2010-10-04
Sos'va [Sosva],russia,9634,sverdlovsk,2010-10-04
Sovchoznyj [Sovkhozny],russia,3939,sverdlovsk,2010-10-04
Sredneural'sk [Sredneuralsk],russia,20449,sverdlovsk,2010-10-04
Staroutkinsk,russia,2969,sverdlovsk,2010-10-04
Suchoj Log [Sukhoy Log],russia,34554,sverdlovsk,2010-10-04
Svobodnyj [Svobodny],russia,8198,sverdlovsk,2010-10-04
Sysert',russia,20465,sverdlovsk,2010-10-04
Talica [Talitsa],russia,16225,sverdlovsk,2010-10-04
Tavda,russia,35421,sverdlovsk,2010-10-04
Troickij [Troitsky],russia,10467,sverdlovsk,2010-10-04
Tugulym,russia,6001,sverdlovsk,2010-10-04
Turinsk,russia,17925,sverdlovsk,2010-10-04
Turinskaja Sloboda [Turinskaya Sloboda],russia,5955,sverdlovsk,2010-10-04
Ural'skij [Uralsky],russia,2444,sverdlovsk,2010-10-04
Verchneje Dubrovo [Verkhneye Dubrovo],russia,4791,sverdlovsk,2010-10-04
Verch-Nejvinskij [Verkh-Neyvinsky],russia,5098,sverdlovsk,2010-10-04
Verchnije Sergi [Verkhniye Sergi],russia,6105,sverdlovsk,2010-10-04
Verchnij Tagil [Verkhny Tagil],russia,11843,sverdlovsk,2010-10-04
Verchnjaja Pyšma [Verkhnyaya Pyshma],russia,59749,sverdlovsk,2010-10-04
Verchnjaja Salda [Verkhnyaya Salda],russia,46221,sverdlovsk,2010-10-04
Verchnjaja Sinjačicha [Verkhnyaya Sinyachikha],russia,9999,sverdlovsk,2010-10-04
Verchnjaja Tura [Verkhnyaya Tura],russia,9461,sverdlovsk,2010-10-04
Verchoturje [Verkhoturye],russia,8820,sverdlovsk,2010-10-04
Volčansk [Volchansk],russia,10010,sverdlovsk,2010-10-04
Vostočnyj [Vostochny],russia,4673,sverdlovsk,2010-10-04
Zajkovo [Zaykovo],russia,4344,sverdlovsk,2010-10-04
Zarečnyj [Zarechny],russia,26820,sverdlovsk,2010-10-04
Bokino,russia,4473,tambov,2010-10-04
Dmitrijevka [Dmitriyevka],russia,8421,tambov,2010-10-04
Donskoje [Donskoye],russia,4308,tambov,2010-10-04
Goreloje [Goreloye],russia,4154,tambov,2010-10-04
Inžavino [Inzhavino],russia,9592,tambov,2010-10-04
Kirsanov,russia,17224,tambov,2010-10-04
Kotovsk,russia,31850,tambov,2010-10-04
Krasnen'kaja [Krasnenkaya],russia,4908,tambov,2010-10-04
Mičurinsk [Michurinsk],russia,98758,tambov,2010-10-04
Mordovo,russia,6520,tambov,2010-10-04
Moršansk [Morshansk],russia,41556,tambov,2010-10-04
Mučkapskij [Muchkapsky],russia,7080,tambov,2010-10-04
Novaja Ljada [Novaya Lyada],russia,5207,tambov,2010-10-04
Novopokrovka,russia,2047,tambov,2010-10-04
Pervomajskij [Pervomaysky],russia,12654,tambov,2010-10-04
Petrovskoje [Petrovskoye],russia,5710,tambov,2010-10-04
Platonovka,russia,3475,tambov,2010-10-04
Pokrovo-Prigorodnoje [Pokrovo-Prigorodnoye],russia,5454,tambov,2010-10-04
Rasskazovo,russia,45484,tambov,2010-10-04
Ržaksa [Rzhaksa],russia,5196,tambov,2010-10-04
Satinka,russia,3567,tambov,2010-10-04
Sosnovka,russia,9189,tambov,2010-10-04
Sovchoza «Komsomolec» [Sovkhoza »Komsomolets«],russia,3923,tambov,2010-10-04
Sovchoza «Seleznëvskij» [Sovkhoza »Seleznyovsky«],russia,4503,tambov,2010-10-04
Starojurjevo [Staroyuryevo],russia,6144,tambov,2010-10-04
Stroitel',russia,18437,tambov,2010-10-04
Tambov,russia,280161,tambov,2010-10-04
Tokarëvka [Tokaryovka],russia,6929,tambov,2010-10-04
Umët [Umyot],russia,4740,tambov,2010-10-04
Ust'inskij [Ustyinsky],russia,3183,tambov,2010-10-04
Ustje [Ustye],russia,3782,tambov,2010-10-04
Uvarovo,russia,26830,tambov,2010-10-04
Zavoronežskoje [Zavoronezhskoye],russia,6039,tambov,2010-10-04
Žerdevka [Zherdevka],russia,15209,tambov,2010-10-04
Znamenka,russia,6167,tambov,2010-10-04
Agryz,russia,19300,tatarstan,2010-10-04
Ajša [Aysha],russia,2939,tatarstan,2010-10-04
Aksubajevo [Aksubayevo],russia,10008,tatarstan,2010-10-04
Aktanyš [Aktanysh],russia,8923,tatarstan,2010-10-04
Aktjubinskij [Aktyubinsky],russia,9237,tatarstan,2010-10-04
Aleksejevskoje [Alexeyevskoye],russia,11224,tatarstan,2010-10-04
Al'metjevsk [Almetyevsk],russia,146393,tatarstan,2010-10-04
Apastovo,russia,5145,tatarstan,2010-10-04
Arsk,russia,18114,tatarstan,2010-10-04
Aznakajevo [Aznakayevo],russia,34853,tatarstan,2010-10-04
Baltasi,russia,7711,tatarstan,2010-10-04
Bavly,russia,22109,tatarstan,2010-10-04
Bazarnyje Mataki [Bazarnye Mataki],russia,5899,tatarstan,2010-10-04
Bet'ki [Betki],russia,3322,tatarstan,2010-10-04
Bogatyje Saby [Bogatye Saby],russia,7671,tatarstan,2010-10-04
Bolgar,russia,8650,tatarstan,2010-10-04
Bol'šaja Atnja [Bolshaya Atnya],russia,3536,tatarstan,2010-10-04
Bol'šaja Šil'na [Bolshaya Shilna],russia,588,tatarstan,2010-10-04
Bol'šoje Afanasovo [Bolshoye Afanasovo],russia,3168,tatarstan,2010-10-04
Bugul'ma [Bugulma],russia,89204,tatarstan,2010-10-04
Buinsk,russia,20352,tatarstan,2010-10-04
Čeremšan [Cheremshan],russia,5927,tatarstan,2010-10-04
Čistopol' [Chistopol],russia,60755,tatarstan,2010-10-04
Džalil' [Dzhalil],russia,13937,tatarstan,2010-10-04
Gabiševo [Gabishevo],russia,2527,tatarstan,2010-10-04
Innopolis,russia,...,tatarstan,2010-10-04
Jelabuga [Yelabuga],russia,70728,tatarstan,2010-10-04
Kamskije Poljany [Kamskiye Polyany],russia,15795,tatarstan,2010-10-04
Kamskoje Ustje [Kamskoye Ustye],russia,4482,tatarstan,2010-10-04
Karabaš [Karabash],russia,5005,tatarstan,2010-10-04
Kazan',russia,1143535,tatarstan,2010-10-04
Krugloje Pole [Krugloye Pole],russia,3098,tatarstan,2010-10-04
Kujbyševskij Zaton [Kuybyshevsky Zaton],russia,2677,tatarstan,2010-10-04
Kujuki [Kuyuki],russia,368,tatarstan,2010-10-04
Kukmor,russia,16918,tatarstan,2010-10-04
Laiševo [Laishevo],russia,7735,tatarstan,2010-10-04
Leninogorsk,russia,64127,tatarstan,2010-10-04
Mamadyš [Mamadysh],russia,14435,tatarstan,2010-10-04
Mendelejevsk [Mendeleyevsk],russia,22075,tatarstan,2010-10-04
Menzelinsk,russia,16476,tatarstan,2010-10-04
Musljumovo [Muslyumovo],russia,7348,tatarstan,2010-10-04
Naberežnyje Čelny [Naberezhnye Chelny],russia,513193,tatarstan,2010-10-04
Nižnekamsk [Nizhnekamsk],russia,234044,tatarstan,2010-10-04
Nižnije Vjazovyje [Nizhniye Vyazovye],russia,8048,tatarstan,2010-10-04
Nižnjaja Maktama [Nizhnyaya Maktama],russia,9924,tatarstan,2010-10-04
Novoje Šigalejevo [Novoye Shigaleyevo],russia,305,tatarstan,2010-10-04
Novošešminsk [Novosheshminsk],russia,4561,tatarstan,2010-10-04
Nurlat,russia,32601,tatarstan,2010-10-04
Osinovo,russia,8725,tatarstan,2010-10-04
Pesčanyje Kovali [Peschanye Kovali],russia,1833,tatarstan,2010-10-04
Pestrecy [Pestretsy],russia,8102,tatarstan,2010-10-04
Russkij Aktaš [Russky Aktash],russia,4235,tatarstan,2010-10-04
Rybnaja Sloboda [Rybnaya Sloboda],russia,7684,tatarstan,2010-10-04
Sarmanovo,russia,7153,tatarstan,2010-10-04
Šemordan [Shemordan],russia,5943,tatarstan,2010-10-04
Sovchoza «Mamadyšskij» [Sovkhoza »Mamadyshsky«],russia,1998,tatarstan,2010-10-04
Staroje Drožžanoje [Staroye Drozhzhanoye],russia,3210,tatarstan,2010-10-04
Stolbišče [Stolbishche],russia,4018,tatarstan,2010-10-04
Teniševo [Tenishevo],russia,809,tatarstan,2010-10-04
Tetjuši [Tetyushi],russia,11596,tatarstan,2010-10-04
Tjuljači [Tyulyachi],russia,3265,tatarstan,2010-10-04
Urussu,russia,10681,tatarstan,2010-10-04
Usady,russia,1485,tatarstan,2010-10-04
Vasiljevo [Vasilyevo],russia,16953,tatarstan,2010-10-04
Verchnij Uslon [Verkhny Uslon],russia,4499,tatarstan,2010-10-04
Vysokaja Gora [Vysokaya Gora],russia,9589,tatarstan,2010-10-04
Zainsk,russia,41803,tatarstan,2010-10-04
Zelenodol'sk [Zelenodolsk],russia,97674,tatarstan,2010-10-04
Železnodorožnoj Stancii Vysokaja Gora [Railway Station Vysokaya Gora],russia,2968,tatarstan,2010-10-04
Abatskoje [Abatskoye],russia,7959,tyumen,2010-10-04
Agiriš [Agirish],russia,2856,tyumen,2010-10-04
Aksarka,russia,3133,tyumen,2010-10-04
Andra,russia,1830,tyumen,2010-10-04
Armizonskoje [Armizonskoye],russia,4776,tyumen,2010-10-04
Aromaševo [Aromashevo],russia,5373,tyumen,2010-10-04
Barsovo,russia,4990,tyumen,2010-10-04
Belojarskij [Beloyarsky],russia,20283,tyumen,2010-10-04
Belyj Jar [Bely Yar],russia,14580,tyumen,2010-10-04
Berdjužje [Berdyuzhye],russia,5158,tyumen,2010-10-04
Berëzovo [Beryozovo],russia,7287,tyumen,2010-10-04
Bol'šoje Sorokino [Bolshoye Sorokino],russia,5317,tyumen,2010-10-04
Červiševo [Chervishevo],russia,3910,tyumen,2010-10-04
Chanty-Mansijsk [Khanty-Mansiysk],russia,80151,tyumen,2010-10-04
Chanymej [Khanymey],russia,4707,tyumen,2010-10-04
Charp [Kharp],russia,6413,tyumen,2010-10-04
Dudareva,russia,113,tyumen,2010-10-04
Fëdorovskij [Fedorovsky],russia,20288,tyumen,2010-10-04
Gor'kovka [Gorkovka],russia,2396,tyumen,2010-10-04
Gornopravdinsk,russia,4844,tyumen,2010-10-04
Gubkinskij [Gubkinsky],russia,23335,tyumen,2010-10-04
Gyda,russia,3331,tyumen,2010-10-04
Igrim,russia,8775,tyumen,2010-10-04
Isetskoje [Isetskoye],russia,7479,tyumen,2010-10-04
Išim [Ishim],russia,65243,tyumen,2010-10-04
Izlučinsk [Izluchinsk],russia,17399,tyumen,2010-10-04
Jalutorovsk [Yalutorovsk],russia,36493,tyumen,2010-10-04
Jarkovo [Yarkovo],russia,7017,tyumen,2010-10-04
Jar-Sale [Yar-Sale],russia,6486,tyumen,2010-10-04
Jembajevo [Yembayevo],russia,2959,tyumen,2010-10-04
Jugorsk [Yugorsk],russia,34067,tyumen,2010-10-04
Jurginskoje [Yurginskoye],russia,4546,tyumen,2010-10-04
Kaskara,russia,7094,tyumen,2010-10-04
Kazanskoje [Kazanskoye],russia,5932,tyumen,2010-10-04
Kogalym,russia,58181,tyumen,2010-10-04
Kommunističeskij [Kommunistichesky],russia,2423,tyumen,2010-10-04
Kondinskoje [Kondinskoye],russia,3616,tyumen,2010-10-04
Krasnosel'kup [Krasnoselkup],russia,3974,tyumen,2010-10-04
Kuminskij [Kuminsky],russia,3116,tyumen,2010-10-04
Labytnangi,russia,26936,tyumen,2010-10-04
Langepas,russia,41670,tyumen,2010-10-04
Ljantor [Lyantor],russia,38992,tyumen,2010-10-04
Lugovoj [Lugovoy],russia,1756,tyumen,2010-10-04
Malinovskij [Malinovsky],russia,2755,tyumen,2010-10-04
Megion,russia,49449,tyumen,2010-10-04
Meždurečenskij [Mezhdurechensky],russia,11058,tyumen,2010-10-04
Mortka,russia,3798,tyumen,2010-10-04
Moskovskij [Moskovsky],russia,3646,tyumen,2010-10-04
Muravlenko,russia,33391,tyumen,2010-10-04
Muži [Muzhi],russia,3609,tyumen,2010-10-04
Nadym,russia,46611,tyumen,2010-10-04
Neftejugansk [Nefteyugansk],russia,122855,tyumen,2010-10-04
Nižnesortymskij [Nizhnesortymsky],russia,10314,tyumen,2010-10-04
Nižnevartovsk [Nizhnevartovsk],russia,251694,tyumen,2010-10-04
Nižnjaja Tavda [Nizhnyaya Tavda],russia,6846,tyumen,2010-10-04
Njagan' [Nyagan],russia,54890,tyumen,2010-10-04
Nojabr'sk [Noyabrsk],russia,110620,tyumen,2010-10-04
Novaja Zaimka [Novaya Zaimka],russia,4143,tyumen,2010-10-04
Novoagansk,russia,10343,tyumen,2010-10-04
Novotarmanskij [Novotarmansky],russia,3091,tyumen,2010-10-04
Novyj Urengoj [Novy Urengoy],russia,104107,tyumen,2010-10-04
Oktjabr'skoje [Oktyabrskoye],russia,3640,tyumen,2010-10-04
Omutinskoje [Omutinskoye],russia,9201,tyumen,2010-10-04
Onochino [Onokhino],russia,4120,tyumen,2010-10-04
Pangody,russia,10805,tyumen,2010-10-04
Patruševa [Patrusheva],russia,1423,tyumen,2010-10-04
Perevalovo,russia,1367,tyumen,2010-10-04
Pionerskij [Pionersky],russia,5390,tyumen,2010-10-04
Pojkovskij [Poykovsky],russia,25594,tyumen,2010-10-04
Pokači [Pokachi],russia,17171,tyumen,2010-10-04
Priobje [Priobye],russia,7215,tyumen,2010-10-04
Pyt'-Jach [Pyt-Yakh],russia,41488,tyumen,2010-10-04
Radužnyj [Raduzhny],russia,43399,tyumen,2010-10-04
Salechard [Salekhard],russia,42544,tyumen,2010-10-04
Salym,russia,6554,tyumen,2010-10-04
Singapaj [Singapay],russia,3133,tyumen,2010-10-04
Sladkovo,russia,3303,tyumen,2010-10-04
Solnečnyj [Solnechny],russia,10103,tyumen,2010-10-04
Sovetskij [Sovetsky],russia,26495,tyumen,2010-10-04
Strechnino [Strekhnino],russia,3954,tyumen,2010-10-04
Surgut,russia,306675,tyumen,2010-10-04
Tajëžnyj [Tayezhny],russia,2370,tyumen,2010-10-04
Talinka,russia,4121,tyumen,2010-10-04
Tarko-Sale,russia,20398,tyumen,2010-10-04
Tazovskij [Tazovsky],russia,6793,tyumen,2010-10-04
Tjumen' [Tyumen],russia,581907,tyumen,2010-10-04
Tobol'sk [Tobolsk],russia,99694,tyumen,2010-10-04
Turtas,russia,5397,tyumen,2010-10-04
Un''jugan [Unayugan],russia,4577,tyumen,2010-10-04
Uporovo,russia,5847,tyumen,2010-10-04
Uraj [Uray],russia,39457,tyumen,2010-10-04
Urengoj [Urengoy],russia,10066,tyumen,2010-10-04
Uspenka,russia,3272,tyumen,2010-10-04
Uvat,russia,4964,tyumen,2010-10-04
Vagaj [Vagay],russia,5013,tyumen,2010-10-04
Vagaj [Vagay],russia,2671,tyumen,2010-10-04
Vikulovo,russia,6995,tyumen,2010-10-04
Vysokij [Vysoky],russia,6933,tyumen,2010-10-04
Zapoljarnyj [Zapolyarny],russia,1024,tyumen,2010-10-04
Zavodoukovsk,russia,25647,tyumen,2010-10-04
Zelenoborsk,russia,2379,tyumen,2010-10-04
Aleksandrovskoje [Alexandrovskoye],russia,7211,tomsk,2010-10-04
Asino,russia,25618,tomsk,2010-10-04
Bakčar [Bakchar],russia,6128,tomsk,2010-10-04
Belyj Jar [Bely Yar],russia,7996,tomsk,2010-10-04
Bogašëvo [Bogashyovo],russia,3710,tomsk,2010-10-04
Kargasok,russia,8127,tomsk,2010-10-04
Kedrovyj [Kedrovy],russia,2451,tomsk,2010-10-04
Kislovka,russia,2929,tomsk,2010-10-04
Kolpaševo [Kolpashevo],russia,24124,tomsk,2010-10-04
Kornilovo,russia,1969,tomsk,2010-10-04
Koževnikovo [Kozhevnikovo],russia,8174,tomsk,2010-10-04
Krivošeino [Krivosheino],russia,5469,tomsk,2010-10-04
Mel'nikovo [Melnikovo],russia,8377,tomsk,2010-10-04
Molčanovo [Molchanovo],russia,5746,tomsk,2010-10-04
Morjakovskij Zaton [Moryakovsky Zaton],russia,5156,tomsk,2010-10-04
Parabel',russia,6096,tomsk,2010-10-04
Pervomajskoje [Pervomayskoye],russia,5641,tomsk,2010-10-04
Podgornoje [Podgornoye],russia,4983,tomsk,2010-10-04
Samus',russia,5797,tomsk,2010-10-04
Seversk,russia,108590,tomsk,2010-10-04
Streževoj [Strezhevoy],russia,42219,tomsk,2010-10-04
Svetlyj [Svetly],russia,7479,tomsk,2010-10-04
Tegul'det [Teguldet],russia,4385,tomsk,2010-10-04
Timirjazevskoje [Timiryazevskoye],russia,6406,tomsk,2010-10-04
Togur,russia,7575,tomsk,2010-10-04
Tomsk,russia,524669,tomsk,2010-10-04
Zonal'naja Stancija [Zonalnaya Stantsiya],russia,5813,tomsk,2010-10-04
Zyrjanskoje [Zyryanskoye],russia,5632,tomsk,2010-10-04
Aleksin,russia,61732,tula,2010-10-04
Arsenjevo [Arsenyevo],russia,4803,tula,2010-10-04
Barsuki,russia,3269,tula,2010-10-04
Belëv [Belyov],russia,13918,tula,2010-10-04
Bogorodick [Bogoroditsk],russia,31897,tula,2010-10-04
Bolochovo [Bolokhovo],russia,9622,tula,2010-10-04
Borodinskij [Borodinsky],russia,6126,tula,2010-10-04
Brusjanskij [Brusyansky],russia,3498,tula,2010-10-04
Čekalin [Chekalin],russia,994,tula,2010-10-04
Central'nyj [Tsentralny],russia,4434,tula,2010-10-04
Čern' [Chern],russia,6405,tula,2010-10-04
Chruščëvo [Khrushchyovo],russia,3404,tula,2010-10-04
Donskoj [Donskoy],russia,64552,tula,2010-10-04
Dubna,russia,5980,tula,2010-10-04
Dubovka,russia,8942,tula,2010-10-04
Gricovskij [Gritsovsky],russia,6192,tula,2010-10-04
Jasnogorsk [Yasnogorsk],russia,16795,tula,2010-10-04
Jefremov [Yefremov],russia,42350,tula,2010-10-04
Kimovsk,russia,28485,tula,2010-10-04
Kirejevsk [Kireyevsk],russia,25557,tula,2010-10-04
Kurkino,russia,5411,tula,2010-10-04
Leninskij [Leninsky],russia,7054,tula,2010-10-04
Lipki,russia,8719,tula,2010-10-04
Novogurovskij [Novogurovsky],russia,3590,tula,2010-10-04
Novomoskovsk,russia,131386,tula,2010-10-04
Odojev [Odoyev],russia,6144,tula,2010-10-04
Oktjabr'skij [Oktyabrsky],russia,3281,tula,2010-10-04
Osinovaja Gora [Osinovaya Gora],russia,186,tula,2010-10-04
Pervomajskij [Pervomaysky],russia,10058,tula,2010-10-04
Petrovskij [Petrovsky],russia,457,tula,2010-10-04
Plavsk,russia,16165,tula,2010-10-04
Plechanovo [Plekhanovo],russia,9171,tula,2010-10-04
Rassvet,russia,4165,tula,2010-10-04
Revjakino [Revyakino],russia,2970,tula,2010-10-04
Ščëkino [Shchyokino],russia,58139,tula,2010-10-04
Slavnyj [Slavny],russia,1862,tula,2010-10-04
Sovetsk,russia,7536,tula,2010-10-04
Suvorov,russia,18973,tula,2010-10-04
Švarcevskij [Shvartsevsky],russia,4913,tula,2010-10-04
Tëploje [Teploye],russia,5115,tula,2010-10-04
Tovarkovskij [Tovarkovsky],russia,7587,tula,2010-10-04
Tula,russia,501169,tula,2010-10-04
Uzlovaja [Uzlovaya],russia,55282,tula,2010-10-04
Venëv [Venyov],russia,15224,tula,2010-10-04
Volovo,russia,3853,tula,2010-10-04
Zaokskij [Zaoksky],russia,7117,tula,2010-10-04
Andreapol',russia,8286,tver,2010-10-04
Belyj [Bely],russia,3772,tver,2010-10-04
Belyj Gorodok [Bely Gorodok],russia,2432,tver,2010-10-04
Bežeck [Bezhetsk],russia,24522,tver,2010-10-04
Bologoje [Bologoye],russia,23494,tver,2010-10-04
Firovo,russia,2433,tver,2010-10-04
Izoplit,russia,1769,tver,2010-10-04
Kalašnikovo [Kalashnikovo],russia,5001,tver,2010-10-04
Kaljazin [Kalyazin],russia,13867,tver,2010-10-04
Kašin [Kashin],russia,16171,tver,2010-10-04
Kesova Gora,russia,3877,tver,2010-10-04
Kimry,russia,49628,tver,2010-10-04
Konakovo,russia,41291,tver,2010-10-04
Kozlovo,russia,3884,tver,2010-10-04
Krasnomajskij [Krasnomaysky],russia,5007,tver,2010-10-04
Krasnyj Cholm [Krasny Kholm],russia,5608,tver,2010-10-04
Kuvšinovo [Kuvshinovo],russia,10007,tver,2010-10-04
Kuženkino [Kuzhenkino],russia,2834,tver,2010-10-04
Lichoslavl' [Likhoslavl],russia,12257,tver,2010-10-04
Maksaticha [Maksatikha],russia,8744,tver,2010-10-04
Molokovo,russia,2331,tver,2010-10-04
Nelidovo,russia,22896,tver,2010-10-04
Novozavidovskij [Novozavidovsky],russia,7479,tver,2010-10-04
Olenino,russia,4918,tver,2010-10-04
Orša [Orsha],russia,2252,tver,2010-10-04
Ostaškov [Ostashkov],russia,18088,tver,2010-10-04
Ozërnyj [Ozyorny],russia,10882,tver,2010-10-04
Peno,russia,4220,tver,2010-10-04
Radčenko [Radchenko],russia,1537,tver,2010-10-04
Rameški [Rameshki],russia,4318,tver,2010-10-04
Redkino,russia,11703,tver,2010-10-04
Ržev [Rzhev],russia,61982,tver,2010-10-04
Sandovo,russia,3507,tver,2010-10-04
Seližarovo [Selizharovo],russia,6725,tver,2010-10-04
Solnečnyj [Solnechny],russia,2242,tver,2010-10-04
Sonkovo,russia,4164,tver,2010-10-04
Spirovo,russia,6267,tver,2010-10-04
Staraja Toropa [Staraya Toropa],russia,1995,tver,2010-10-04
Starica [Staritsa],russia,8607,tver,2010-10-04
Suchoverkovo [Sukhoverkovo],russia,670,tver,2010-10-04
Toropec [Toropets],russia,13015,tver,2010-10-04
Toržok [Torzhok],russia,47644,tver,2010-10-04
Tver',russia,403606,tver,2010-10-04
Udomlja [Udomlya],russia,31061,tver,2010-10-04
Vasiljevskij Moch [Vasilyevsky Mokh],russia,2122,tver,2010-10-04
Velikooktjabr'skij [Velikooktyabrsky],russia,2273,tver,2010-10-04
Vesjegonsk [Vesyegonsk],russia,7329,tver,2010-10-04
Vyšnij Voločëk [Vyshny Volochyok],russia,52370,tver,2010-10-04
Zapadnaja Dvina [Zapadnaya Dvina],russia,9378,tver,2010-10-04
Žarkovskij [Zharkovsky],russia,4014,tver,2010-10-04
Zubcov [Zubtsov],russia,6927,tver,2010-10-04
Ak-Dovurak,russia,13468,tuva,2010-10-04
Baj-Chaak [Bay-Khaak],russia,2981,tuva,2010-10-04
Balgazyn,russia,3096,tuva,2010-10-04
Čaa-Chol' [Chaa-Khol],russia,3250,tuva,2010-10-04
Čadan [Chadan],russia,9035,tuva,2010-10-04
Chandagajty [Khandagayty],russia,3207,tuva,2010-10-04
Chovu-Aksy [Khovu-Aksy],russia,3672,tuva,2010-10-04
Èrzin [Erzin],russia,3191,tuva,2010-10-04
Kaa-Chem [Kaa-Khem],russia,15044,tuva,2010-10-04
Kyzyl,russia,109918,tuva,2010-10-04
Kyzyl-Mažalyk [Kyzyl-Mazhalyk],russia,5072,tuva,2010-10-04
Mugur-Aksy,russia,4153,tuva,2010-10-04
Šagonar [Shagonar],russia,10956,tuva,2010-10-04
Samagaltaj [Samagaltay],russia,3233,tuva,2010-10-04
Saryg-Sep,russia,4417,tuva,2010-10-04
Sug-Aksy,russia,3184,tuva,2010-10-04
Sukpak,russia,4187,tuva,2010-10-04
Tèèli [Teeli],russia,3390,tuva,2010-10-04
Toora-Chem [Toora-Khem],russia,2387,tuva,2010-10-04
Turan,russia,4981,tuva,2010-10-04
Alnaši [Alnashi],russia,6303,udmurtiya,2010-10-04
Balezino,russia,16121,udmurtiya,2010-10-04
Chochrjaki [Khokhryaki],russia,5089,udmurtiya,2010-10-04
Debësy [Debyosy],russia,5720,udmurtiya,2010-10-04
Glazov,russia,95854,udmurtiya,2010-10-04
Grachovo [Grakhovo],russia,3245,udmurtiya,2010-10-04
Igra,russia,20737,udmurtiya,2010-10-04
Iževsk [Izhevsk],russia,627734,udmurtiya,2010-10-04
Jagul [Yagul],russia,3044,udmurtiya,2010-10-04
Jakšur-Bod'ja [Yakshur-Bodya],russia,7252,udmurtiya,2010-10-04
Jar [Yar],russia,6596,udmurtiya,2010-10-04
Jukamenskoje [Yukamenskoye],russia,4104,udmurtiya,2010-10-04
Kambarka,russia,11021,udmurtiya,2010-10-04
Karakulino,russia,4814,udmurtiya,2010-10-04
Kez,russia,11080,udmurtiya,2010-10-04
Kijasovo [Kiyasovo],russia,3207,udmurtiya,2010-10-04
Kizner,russia,9536,udmurtiya,2010-10-04
Krasnogorskoje [Krasnogorskoye],russia,4425,udmurtiya,2010-10-04
Malaja Purga [Malaya Purga],russia,7711,udmurtiya,2010-10-04
Možga [Mozhga],russia,47961,udmurtiya,2010-10-04
Novyj [Novy],russia,5742,udmurtiya,2010-10-04
Oktjabr'skij [Oktyabrsky],russia,3421,udmurtiya,2010-10-04
Pervomajskij [Pervomaysky],russia,2849,udmurtiya,2010-10-04
Pirogovo,russia,3075,udmurtiya,2010-10-04
Sarapul,russia,101381,udmurtiya,2010-10-04
Šarkan [Sharkan],russia,6614,udmurtiya,2010-10-04
Selty,russia,5276,udmurtiya,2010-10-04
Sigajevo [Sigayevo],russia,5648,udmurtiya,2010-10-04
Sjumsi [Syumsi],russia,5316,udmurtiya,2010-10-04
Uva,russia,19984,udmurtiya,2010-10-04
Vavož [Vavozh],russia,5816,udmurtiya,2010-10-04
Votkinsk,russia,99022,udmurtiya,2010-10-04
Zav'jalovo [Zavyalovo],russia,8986,udmurtiya,2010-10-04
Baryš [Barysh],russia,17149,ulyanovsk,2010-10-04
Bazarnyj Syzgan [Bazarny Syzgan],russia,5715,ulyanovsk,2010-10-04
Bol'šije Ključišči [Bolshiye Klyuchishchi],russia,3873,ulyanovsk,2010-10-04
Bol'šoje Nagatkino [Bolshoye Nagatkino],russia,5462,ulyanovsk,2010-10-04
Cemzavod [Tsemzavod],russia,1156,ulyanovsk,2010-10-04
Čerdakly [Cherdakly],russia,11440,ulyanovsk,2010-10-04
Cil'na [Tsilna],russia,4119,ulyanovsk,2010-10-04
Čufarovo [Chufarovo],russia,2240,ulyanovsk,2010-10-04
Dimitrovgrad,russia,122580,ulyanovsk,2010-10-04
Glotovka,russia,2428,ulyanovsk,2010-10-04
Ignatovka,russia,2285,ulyanovsk,2010-10-04
Imeni V.I. Lenina,russia,2515,ulyanovsk,2010-10-04
Inza,russia,18803,ulyanovsk,2010-10-04
Išejevka [Isheyevka],russia,10383,ulyanovsk,2010-10-04
Izmajlovo [Izmaylovo],russia,2494,ulyanovsk,2010-10-04
Jazykovo [Yazykovo],russia,4217,ulyanovsk,2010-10-04
Karsun,russia,7748,ulyanovsk,2010-10-04
Krasnyj Guljaj [Krasny Gulyay],russia,3000,ulyanovsk,2010-10-04
Kuzovatovo,russia,8022,ulyanovsk,2010-10-04
Majna [Mayna],russia,7109,ulyanovsk,2010-10-04
Mullovka,russia,6168,ulyanovsk,2010-10-04
Nikolajevka [Nikolayevka],russia,6389,ulyanovsk,2010-10-04
Novaja Majna [Novaya Mayna],russia,5948,ulyanovsk,2010-10-04
Novospasskoje [Novospasskoye],russia,11075,ulyanovsk,2010-10-04
Novoul'janovsk [Novoulyanovsk],russia,16033,ulyanovsk,2010-10-04
Oktjabr'skij [Oktyabrsky],russia,5678,ulyanovsk,2010-10-04
Pavlovka,russia,5626,ulyanovsk,2010-10-04
Radiščevo [Radishchevo],russia,4598,ulyanovsk,2010-10-04
Sengilej [Sengiley],russia,6958,ulyanovsk,2010-10-04
Silikatnyj [Silikatny],russia,2989,ulyanovsk,2010-10-04
Staraja Kulatka [Staraya Kulatka],russia,5685,ulyanovsk,2010-10-04
Staraja Majna [Staraya Mayna],russia,6521,ulyanovsk,2010-10-04
Starotimoškino [Starotimoshkino],russia,3897,ulyanovsk,2010-10-04
Surskoje [Surskoye],russia,6852,ulyanovsk,2010-10-04
Teren'ga [Terenga],russia,5330,ulyanovsk,2010-10-04
Ul'janovsk [Ulyanovsk],russia,614786,ulyanovsk,2010-10-04
Undory,russia,3698,ulyanovsk,2010-10-04
Veškajma [Veshkayma],russia,6619,ulyanovsk,2010-10-04
Žadovka [Zhadovka],russia,1753,ulyanovsk,2010-10-04
Aleksandrov [Alexandrov],russia,61551,vladimir,2010-10-04
Andrejevo [Andreyevo],russia,3798,vladimir,2010-10-04
Balakirevo,russia,10076,vladimir,2010-10-04
Bogoljubovo [Bogolyubovo],russia,4494,vladimir,2010-10-04
Gorochovec [Gorokhovets],russia,14016,vladimir,2010-10-04
Gorodišči [Gorodishchi],russia,5628,vladimir,2010-10-04
Gus'-Chrustal'nyj [Gus-Khrustalny],russia,60784,vladimir,2010-10-04
Gusevskij [Gusevsky],russia,3134,vladimir,2010-10-04
Jurjev-Pol'skij [Yuryev-Polsky],russia,19595,vladimir,2010-10-04
Kameškovo [Kameshkovo],russia,13103,vladimir,2010-10-04
Karabanovo,russia,14868,vladimir,2010-10-04
Kiržač [Kirzhach],russia,29965,vladimir,2010-10-04
Kol'čugino [Kolchugino],russia,45776,vladimir,2010-10-04
Kosterëvo [Kosteryovo],russia,9073,vladimir,2010-10-04
Kovrov,russia,145214,vladimir,2010-10-04
Krasnaja Gorbatka [Krasnaya Gorbatka],russia,8885,vladimir,2010-10-04
Kurlovo,russia,6764,vladimir,2010-10-04
Lakinsk,russia,15715,vladimir,2010-10-04
Melechovo [Melekhovo],russia,7039,vladimir,2010-10-04
Melenki,russia,15206,vladimir,2010-10-04
Mstëra [Mstyora],russia,4859,vladimir,2010-10-04
Murom,russia,116075,vladimir,2010-10-04
Nikologory,russia,5486,vladimir,2010-10-04
Petuški [Petushki],russia,15148,vladimir,2010-10-04
Pokrov,russia,17756,vladimir,2010-10-04
Radužnyj [Raduzhny],russia,18211,vladimir,2010-10-04
Snovicy [Snovitsy],russia,1765,vladimir,2010-10-04
Sobinka,russia,19482,vladimir,2010-10-04
Stavrovo,russia,7800,vladimir,2010-10-04
Strunino,russia,14369,vladimir,2010-10-04
Sudogda,russia,11848,vladimir,2010-10-04
Suzdal',russia,10535,vladimir,2010-10-04
Uršel'skij [Urshelsky],russia,3783,vladimir,2010-10-04
Vjazniki [Vyazniki],russia,41248,vladimir,2010-10-04
Vladimir,russia,345373,vladimir,2010-10-04
Vol'ginskij [Volginsky],russia,6089,vladimir,2010-10-04
Aleksejevskaja [Alexeyevskaya],russia,4204,volgograd,2010-10-04
Bereslavka,russia,4616,volgograd,2010-10-04
Bykovo,russia,7719,volgograd,2010-10-04
Černyškovskij [Chernyshkovsky],russia,5396,volgograd,2010-10-04
Danilovka,russia,5317,volgograd,2010-10-04
Dubovka,russia,14347,volgograd,2010-10-04
Frolovo,russia,39449,volgograd,2010-10-04
Gorodišče [Gorodishche],russia,21381,volgograd,2010-10-04
Ilovlja [Ilovlya],russia,11255,volgograd,2010-10-04
Jelan' [Yelan],russia,14833,volgograd,2010-10-04
Jerzovka [Yerzovka],russia,6128,volgograd,2010-10-04
Kalač-na-Donu [Kalach-na-Donu],russia,26910,volgograd,2010-10-04
Kamyšin [Kamyshin],russia,119565,volgograd,2010-10-04
Kletskaja [Kletskaya],russia,5323,volgograd,2010-10-04
Kotel'nikovo [Kotelnikovo],russia,20428,volgograd,2010-10-04
Kotovo,russia,24115,volgograd,2010-10-04
Krasnoslobodsk,russia,15998,volgograd,2010-10-04
Krasnyj Jar [Krasny Yar],russia,6992,volgograd,2010-10-04
Kumylženskaja [Kumylzhenskaya],russia,7953,volgograd,2010-10-04
Leninsk,russia,15504,volgograd,2010-10-04
Linëvo,russia,6037,volgograd,2010-10-04
Log,russia,3748,volgograd,2010-10-04
Medvedickij [Medveditsky],russia,1298,volgograd,2010-10-04
Michajlovka [Mikhaylovka],russia,59132,volgograd,2010-10-04
Nechajevskaja [Nekhayevskaya],russia,4679,volgograd,2010-10-04
Nikolajevsk [Nikolayevsk],russia,15075,volgograd,2010-10-04
Nižnij Čir [Nizhny Chir],russia,4038,volgograd,2010-10-04
Novoanninskij [Novoanninsky],russia,17912,volgograd,2010-10-04
Novonikolajevskij [Novonikolayevsky],russia,9931,volgograd,2010-10-04
Novyj Rogačik [Novy Rogachik],russia,7166,volgograd,2010-10-04
Oktjabr'skij [Oktyabrsky],russia,3489,volgograd,2010-10-04
Oktjabr'skij [Oktyabrsky],russia,6157,volgograd,2010-10-04
Ol'chovka [Olkhovka],russia,5401,volgograd,2010-10-04
Pallasovka,russia,16081,volgograd,2010-10-04
Petrov Val,russia,13239,volgograd,2010-10-04
Preobraženskaja [Preobrazhenskaya],russia,5533,volgograd,2010-10-04
Primorsk,russia,3159,volgograd,2010-10-04
Rudnja [Rudnya],russia,7387,volgograd,2010-10-04
Savinka,russia,3428,volgograd,2010-10-04
Sebrovo,russia,4935,volgograd,2010-10-04
Serafimovič [Serafimovich],russia,9368,volgograd,2010-10-04
Srednjaja Achtuba [Srednyaya Akhtuba],russia,14431,volgograd,2010-10-04
Staraja Poltavka [Staraya Poltavka],russia,4084,volgograd,2010-10-04
Surovikino,russia,20533,volgograd,2010-10-04
Svetlyj Jar [Svetly Yar],russia,12537,volgograd,2010-10-04
Urjupinsk [Uryupinsk],russia,41590,volgograd,2010-10-04
Volgograd,russia,1021215,volgograd,2010-10-04
Volžskij [Volzhsky],russia,327089,volgograd,2010-10-04
Zaplavnoje [Zaplavnoye],russia,3734,volgograd,2010-10-04
Žirnovsk [Zhirnovsk],russia,16872,volgograd,2010-10-04
Babajevo [Babayevo],russia,12073,vologda,2010-10-04
Belozersk,russia,9616,vologda,2010-10-04
Čagoda [Chagoda],russia,6920,vologda,2010-10-04
Čerepovec [Cherepovets],russia,312310,vologda,2010-10-04
Charovsk [Kharovsk],russia,10079,vologda,2010-10-04
Chochlovo [Khokhlovo],russia,2509,vologda,2010-10-04
Fedotovo,russia,5276,vologda,2010-10-04
Grjazovec [Gryazovets],russia,15528,vologda,2010-10-04
Imeni Babuškina [Imeni Babushkina],russia,4035,vologda,2010-10-04
Kadnikov,russia,4796,vologda,2010-10-04
Kaduj [Kaduy],russia,11284,vologda,2010-10-04
Kičmengskij Gorodok [Kichmengsky Gorodok],russia,6443,vologda,2010-10-04
Kirillov,russia,7728,vologda,2010-10-04
Krasavino,russia,7003,vologda,2010-10-04
Kuzino,russia,1131,vologda,2010-10-04
Lipin Bor,russia,3672,vologda,2010-10-04
Moločnoje [Molochnoye],russia,7535,vologda,2010-10-04
Nikol'sk [Nikolsk],russia,8511,vologda,2010-10-04
Njuksenica [Nyuksenitsa],russia,4271,vologda,2010-10-04
Sazonovo,russia,3226,vologda,2010-10-04
Šeksna [Sheksna],russia,20953,vologda,2010-10-04
Sjamža [Syamzha],russia,3950,vologda,2010-10-04
Sokol,russia,38452,vologda,2010-10-04
Suda,russia,5890,vologda,2010-10-04
Tarnogskij Gorodok [Tarnogsky Gorodok],russia,5368,vologda,2010-10-04
Tonšalovo [Tonshalovo],russia,4514,vologda,2010-10-04
Tot'ma [Totma],russia,9785,vologda,2010-10-04
Ustje [Ustye],russia,3938,vologda,2010-10-04
Ustjužna [Ustyuzhna],russia,9501,vologda,2010-10-04
Velikij Ustjug [Veliky Ustyug],russia,31665,vologda,2010-10-04
Verchovažje [Verkhovazhye],russia,5025,vologda,2010-10-04
Vochtoga [Vokhtoga],russia,6375,vologda,2010-10-04
Vologda,russia,301755,vologda,2010-10-04
Vožega [Vozhega],russia,6725,vologda,2010-10-04
Vytegra,russia,10488,vologda,2010-10-04
1-go Otdelenija Sovchoza «Maslovskij» [1st Otdeleniya Sovkhoza »Maslovsky«],russia,3742,voronezh,2010-10-04
Anna,russia,18032,voronezh,2010-10-04
Babjakovo [Babyakovo],russia,2678,voronezh,2010-10-04
Bobrov,russia,19738,voronezh,2010-10-04
Bogučar [Boguchar],russia,11811,voronezh,2010-10-04
Borisoglebsk,russia,65585,voronezh,2010-10-04
Buturlinovka,russia,27208,voronezh,2010-10-04
Chochol [Khokhol],russia,4512,voronezh,2010-10-04
Chochol'skij [Khokholsky],russia,7510,voronezh,2010-10-04
Chrenovoje [Khrenovoye],russia,4875,voronezh,2010-10-04
Davydovka,russia,5633,voronezh,2010-10-04
Devica [Devitsa],russia,4562,voronezh,2010-10-04
Drakino,russia,3253,voronezh,2010-10-04
Èrtil' [Ertil],russia,11387,voronezh,2010-10-04
Gremjačje [Gremyachye],russia,3373,voronezh,2010-10-04
Gribanovskij [Gribanovsky],russia,15686,voronezh,2010-10-04
Jamnoje [Yamnoye],russia,2309,voronezh,2010-10-04
Jelan'-Koleno [Yelan-Koleno],russia,4689,voronezh,2010-10-04
Jelan'-Kolenovskij [Yelan-Kolenovsky],russia,3916,voronezh,2010-10-04
Kalač [Kalach],russia,20046,voronezh,2010-10-04
Kamenka,russia,9192,voronezh,2010-10-04
Kantemirovka,russia,11943,voronezh,2010-10-04
Kaširskoje [Kashirskoye],russia,4342,voronezh,2010-10-04
Kolodeznyj [Kolodezny],russia,5736,voronezh,2010-10-04
Latnaja [Latnaya],russia,7528,voronezh,2010-10-04
Liski,russia,55864,voronezh,2010-10-04
Losevo,russia,4398,voronezh,2010-10-04
Mitrofanovka,russia,5395,voronezh,2010-10-04
Nižnedevick [Nizhnedevitsk],russia,5839,voronezh,2010-10-04
Nižnij Kisljaj [Nizhny Kislyay],russia,3967,voronezh,2010-10-04
Nižnij Mamon [Nizhny Mamon],russia,3801,voronezh,2010-10-04
Novaja Usman' [Novaya Usman],russia,29270,voronezh,2010-10-04
Novochopërsk [Novokhopyorsk],russia,6849,voronezh,2010-10-04
Novochopërskij [Novokhopyorsky],russia,7480,voronezh,2010-10-04
Novovoronež [Novovoronezh],russia,32635,voronezh,2010-10-04
Ol'chovatka [Olkhovatka],russia,3806,voronezh,2010-10-04
Orlovo,russia,4116,voronezh,2010-10-04
Ostrogožsk [Ostrogozhsk],russia,33842,voronezh,2010-10-04
Otradnoje [Otradnoye],russia,4581,voronezh,2010-10-04
Panino,russia,6672,voronezh,2010-10-04
Pavlovsk,russia,25126,voronezh,2010-10-04
Perelëšinskij [Perelyoshinsky],russia,3122,voronezh,2010-10-04
Peski,russia,6953,voronezh,2010-10-04
Petropavlovka,russia,5250,voronezh,2010-10-04
Podgorenskij [Podgorensky],russia,6136,voronezh,2010-10-04
Podgornoje [Podgornoye],russia,3785,voronezh,2010-10-04
Povorino,russia,17692,voronezh,2010-10-04
Prigorodnyj [Prigorodny],russia,4163,voronezh,2010-10-04
Ramon',russia,8354,voronezh,2010-10-04
Rep'ëvka [Repyovka],russia,5332,voronezh,2010-10-04
Rossoš' [Rossosh],russia,62865,voronezh,2010-10-04
Sadovoje [Sadovoye],russia,4298,voronezh,2010-10-04
Semiluki,russia,26023,voronezh,2010-10-04
Sloboda,russia,3686,voronezh,2010-10-04
Srednij Ikorec [Sredny Ikorets],russia,4946,voronezh,2010-10-04
Strelica [Strelitsa],russia,3937,voronezh,2010-10-04
Talovaja [Talovaya],russia,12219,voronezh,2010-10-04
Ternovka,russia,5671,voronezh,2010-10-04
Ugljanec [Uglyanets],russia,3658,voronezh,2010-10-04
Verchnij Mamon [Verkhny Mamon],russia,8561,voronezh,2010-10-04
Verchnjaja Chava [Verkhnyaya Khava],russia,8154,voronezh,2010-10-04
Volja [Volya],russia,7803,voronezh,2010-10-04
Vorob'ëvka [Vorobyovka],russia,4103,voronezh,2010-10-04
Voroncovka [Vorontsovka],russia,5166,voronezh,2010-10-04
Voronež [Voronezh],russia,975373,voronezh,2010-10-04
Zabrody,russia,9222,voronezh,2010-10-04
Zemljansk [Zemlyansk],russia,3043,voronezh,2010-10-04
Aginskoje [Aginskoye],russia,15596,zabaykalsky,2010-10-04
Akša [Aksha],russia,3941,zabaykalsky,2010-10-04
Aksënovo-Zilovskoje [Aksyonovo-Zilovskoye],russia,3443,zabaykalsky,2010-10-04
Amazar,russia,2374,zabaykalsky,2010-10-04
Atamanovka,russia,10381,zabaykalsky,2010-10-04
Bada,russia,4687,zabaykalsky,2010-10-04
Balej [Baley],russia,12533,zabaykalsky,2010-10-04
Borzja [Borzya],russia,31379,zabaykalsky,2010-10-04
Bukačača [Bukachacha],russia,2359,zabaykalsky,2010-10-04
Černyševsk [Chernyshevsk],russia,13359,zabaykalsky,2010-10-04
Chilok [Khilok],russia,11539,zabaykalsky,2010-10-04
Cholbon [Kholbon],russia,2611,zabaykalsky,2010-10-04
Čita [Chita],russia,324444,zabaykalsky,2010-10-04
Darasun,russia,7325,zabaykalsky,2010-10-04
Davenda,russia,812,zabaykalsky,2010-10-04
Domna,russia,6686,zabaykalsky,2010-10-04
Drovjanaja [Drovyanaya],russia,2871,zabaykalsky,2010-10-04
Dul'durga [Duldurga],russia,6651,zabaykalsky,2010-10-04
Gornyj [Gorny],russia,12341,zabaykalsky,2010-10-04
Itaka,russia,356,zabaykalsky,2010-10-04
Jasnogorsk [Yasnogorsk],russia,8873,zabaykalsky,2010-10-04
Kalanguj [Kalanguy],russia,2112,zabaykalsky,2010-10-04
Karymskoje [Karymskoye],russia,13037,zabaykalsky,2010-10-04
Klička [Klichka],russia,1786,zabaykalsky,2010-10-04
Ključevskij [Klyuchevsky],russia,1356,zabaykalsky,2010-10-04
Kokuj [Kokuy],russia,7179,zabaykalsky,2010-10-04
Krasnokamensk,russia,55666,zabaykalsky,2010-10-04
Krasnyj Čikoj [Krasny Chikoy],russia,7063,zabaykalsky,2010-10-04
Ksenjevka [Ksenyevka],russia,2980,zabaykalsky,2010-10-04
Kurort Darasun,russia,3120,zabaykalsky,2010-10-04
Kyra,russia,4563,zabaykalsky,2010-10-04
Makkavejevo [Makkaveyevo],russia,4145,zabaykalsky,2010-10-04
Mogoča [Mogocha],russia,13258,zabaykalsky,2010-10-04
Mogojtuj [Mogoytuy],russia,10231,zabaykalsky,2010-10-04
Mogzon,russia,3856,zabaykalsky,2010-10-04
Nerčinsk [Nerchinsk],russia,14959,zabaykalsky,2010-10-04
Nižnij Casučej [Nizhny Tsasuchey],russia,3363,zabaykalsky,2010-10-04
Novaja Čara [Novaya Chara],russia,4315,zabaykalsky,2010-10-04
Novokručininskij [Novokruchininsky],russia,10166,zabaykalsky,2010-10-04
Novoorlovsk,russia,3110,zabaykalsky,2010-10-04
Novopavlovka,russia,3941,zabaykalsky,2010-10-04
Olovjannaja [Olovyannaya],russia,8406,zabaykalsky,2010-10-04
Orlovskij [Orlovsky],russia,2194,zabaykalsky,2010-10-04
Pervomajskij [Pervomaysky],russia,12154,zabaykalsky,2010-10-04
Petrovsk-Zabajkal'skij [Petrovsk-Zabaykalsky],russia,18549,zabaykalsky,2010-10-04
Priargunsk,russia,7388,zabaykalsky,2010-10-04
Priiskovyj [Priiskovy],russia,1520,zabaykalsky,2010-10-04
Šerlovaja Gora [Sherlovaya Gora],russia,12489,zabaykalsky,2010-10-04
Šilka [Shilka],russia,13947,zabaykalsky,2010-10-04
Smolenka,russia,4243,zabaykalsky,2010-10-04
Sretensk,russia,6850,zabaykalsky,2010-10-04
Stancii Jasnaja [Station Yasnaya],russia,7785,zabaykalsky,2010-10-04
Ulëty [Ulyoty],russia,6061,zabaykalsky,2010-10-04
Urul'ga [Urulga],russia,3150,zabaykalsky,2010-10-04
Ust'-Karsk [Ust-Karsk],russia,1899,zabaykalsky,2010-10-04
Veršino-Darasunskij [Vershino-Darasunsky],russia,5946,zabaykalsky,2010-10-04
Zabajkal'sk [Zabaykalsk],russia,11769,zabaykalsky,2010-10-04
Zasopka,russia,3599,zabaykalsky,2010-10-04
Žireken [Zhireken],russia,4565,zabaykalsky,2010-10-04
Zolotorečensk [Zolotorechensk],russia,1442,zabaykalsky,2010-10-04
