Name,Status,State,36617,40269,43922
Abbeville,Urban Area,Louisiana,17348,19824,18078
Abbeville,Urban Area,South Carolina,6043,5243,4940
Aberdeen,Urban Area,South Dakota,24872,25977,27982
Aberdeen,Urban Area,Washington,,,26603
Abilene,Urban Area,Kansas,6699,7054,6605
Abilene,Urban Area,Texas,107041,110421,118138
Ada,Urban Area,Ohio,5661,5945,5343
Ada,Urban Area,Oklahoma,16463,17400,17264
Adairsville,Urban Area,Georgia,,,5799
Adel,Urban Area,Georgia,6521,6986,7034
Adel,Urban Area,Iowa,2928,3170,5674
Adrian,Urban Area,Michigan,,,29206
Ahoskie,Urban Area,North Carolina,4407,4951,4861
Akron,Urban Area,Ohio,577617,569499,541879
Alamogordo,Urban Area,New Mexico,37817,31862,30801
Alamosa,Urban Area,Colorado,9238,9751,10965
Albany,Urban Area,Georgia,,,85960
Albany,Urban Area,Oregon,44791,56997,62074
Albany - Schenectady,Urban Area,New York,568791,594962,593142
Albemarle,Urban Area,North Carolina,16375,16823,16988
Albert Lea,Urban Area,Minnesota,18162,17868,17992
Albertville,Urban Area,Alabama,29460,36815,38476
Albion,Urban Area,Michigan,,,8133
Albion,Urban Area,New York,7966,8171,7216
Albuquerque,Urban Area,New Mexico,598191,741318,769837
Alexander City,Urban Area,Alabama,9048,9400,8920
Alexandria,Urban Area,Indiana,,,6140
Alexandria,Urban Area,Louisiana,78504,82804,78305
Alexandria,Urban Area,Minnesota,13883,16983,18957
Algona,Urban Area,Iowa,5918,5340,5443
Alice,Urban Area,Texas,21182,20974,19413
Allegan,Urban Area,Michigan,6323,6322,7247
Allendale,Urban Area,Michigan,,,25094
Allentown - Bethlehem,Urban Area,Pennsylvania / New Jersey,579772,664651,621703
Alliance,Urban Area,Nebraska,8882,8486,8119
Alliance,Urban Area,Ohio,34750,32533,30944
Alma - St. Louis,Urban Area,Michigan,16561,16924,17417
Alpena,Urban Area,Michigan,15200,14258,15425
Alpine,Urban Area,California,,,13307
Alpine,Urban Area,Texas,5906,6013,6283
Altavista,Urban Area,Virginia,4593,4663,4597
Alton,Urban Area,Illinois,84655,83890,79260
Altoona,Urban Area,Pennsylvania,82520,79930,74426
Altus,Urban Area,Oklahoma,21188,19900,18870
Alva,Urban Area,Oklahoma,5861,5620,5145
Alvarado,Urban Area,Texas,3960,4133,5034
Amarillo,Urban Area,Texas,179312,196651,205860
Americus,Urban Area,Georgia,18825,19106,17407
Ames,Urban Area,Iowa,50726,60438,66342
Amherst Town - Northampton - Easthampton Town,Urban Area,Massachusetts,,,90570
Amory,Urban Area,Mississippi,7194,6566,5977
Amsterdam,Urban Area,New York,22088,22262,21753
Anaconda-Deer Lodge County,Urban Area,Montana,6223,6170,6697
Anacortes,Urban Area,Washington,15061,16712,18529
Anadarko,Urban Area,Oklahoma,,,5005
Anamosa,Urban Area,Iowa,5609,5497,5411
Anchorage,Urban Area,Alaska,225744,251243,249252
Anchorage Northeast,Urban Area,Alaska,24276,28568,29561
Andalusia,Urban Area,Alabama,6175,6655,6391
Anderson,Urban Area,Indiana,,,79517
Anderson - Clemson,Urban Area,South Carolina,70436,75702,118369
Andrews,Urban Area,Texas,10569,12346,15201
Angleton,Urban Area,Texas,,,19866
Angola,Urban Area,Indiana,10583,11196,12686
Anna,Urban Area,Illinois,6824,6078,6068
Ann Arbor,Urban Area,Michigan,283904,306022,317689
Anniston - Oxford,Urban Area,Alabama,75840,79796,78302
Antigo,Urban Area,Wisconsin,8941,8158,8071
Antioch,Urban Area,California,220407,277634,326205
Appleton,Urban Area,Wisconsin,187683,216154,230967
Arab,Urban Area,Alabama,6596,8012,7849
Aransas Pass - Port Aransas - Ingleside,Urban Area,Texas,16726,16522,21868
Arcadia,Urban Area,Florida,14199,17490,16128
Arcata,Urban Area,California,,,19714
Ardmore,Urban Area,Oklahoma,20539,20888,21403
Arizona City,Urban Area,Arizona,4102,10531,9640
Arkadelphia,Urban Area,Arkansas,10565,10491,10086
Arkansas City,Urban Area,Kansas,12165,13026,11878
Arlington,Urban Area,Tennessee,,11502,14230
Arroyo Grande - Grover Beach - Pismo Beach,Urban Area,California,47550,52000,50885
Artesia,Urban Area,New Mexico,11397,12764,14149
Arvin,Urban Area,California,13234,19573,19385
Asbury Lake - Middleburg,Urban Area,Florida,,,23649
Ashburn,Urban Area,Georgia,4971,4489,4738
Asheboro,Urban Area,North Carolina,31656,37792,37523
Asheville,Urban Area,North Carolina,221570,280648,285776
Ashland,Urban Area,Ohio,21405,20226,19206
Ashland,Urban Area,Pennsylvania,,,4249
Ashland,Urban Area,Wisconsin,7851,7293,7225
Ashtabula,Urban Area,Ohio,,29346,27421
Ashville,Urban Area,Ohio,5413,6222,6670
Aspen,Urban Area,Colorado,6186,7710,7674
Astoria,Urban Area,Oregon,13556,14115,15825
Atchison,Urban Area,Kansas,10482,11166,10907
Athens,Urban Area,Alabama,18277,24956,23204
Athens,Urban Area,Ohio,27396,28286,27355
Athens,Urban Area,Tennessee,15425,15985,15724
Athens,Urban Area,Texas,11161,12169,12050
Athens (Clarke County),Urban Area,Georgia,106482,128754,143213
Athol,Urban Area,Massachusetts,12634,12834,13557
Atlanta,Urban Area,Georgia,3542517,4515419,4999259
Atlanta,Urban Area,Texas,5705,5732,5531
Atlantic,Urban Area,Iowa,6804,6471,6608
Atlantic City - Ocean City - Villas,Urban Area,New Jersey,285527,299693,294921
Atmore,Urban Area,Alabama,7496,6565,6390
Atoka,Urban Area,Tennessee,,,13056
Aubrey,Urban Area,Texas,,4139,5116
Auburn,Urban Area,Alabama,60137,74741,100842
Auburn,Urban Area,Indiana,20594,21712,20346
Auburn,Urban Area,New York,32644,32274,31433
Auburn,Urban Area,California,,33157,31371
Au Gres,Urban Area,Michigan,,,1869
Augusta,Urban Area,Kansas,8549,9350,9231
Augusta,Urban Area,Maine,23897,22637,24005
Augusta (Richmond County),Urban Area,Georgia / South Carolina,338167,386787,431480
Aurora,Urban Area,Missouri,,,7466
Austin,Urban Area,Minnesota,23682,25103,25479
Austin,Urban Area,Texas,956114,1362416,1809888
Avalon,Urban Area,California,3096,3652,3362
Avenal,Urban Area,California,14641,15486,13304
Aztec,Urban Area,New Mexico,,8456,7301
Bainbridge,Urban Area,Georgia,11956,12118,13857
Baker City,Urban Area,Oregon,9605,9518,9768
Bakersfield,Urban Area,California,396125,523994,570235
Baltimore,Urban Area,Maryland,2099423,2203663,2212038
Bandon,Urban Area,Oregon,2732,3119,4104
Bangor,Urban Area,Maine,58983,61210,61539
Baraboo,Urban Area,Wisconsin,11780,13759,14201
Barbourville,Urban Area,Kentucky,4941,6300,5998
Bardstown,Urban Area,Kentucky,13794,18702,17682
Barnesville,Urban Area,Georgia,6729,7167,6825
Barnstable Town,Urban Area,Massachusetts,243667,246695,303269
Barre - Montpelier,Urban Area,Vermont,22022,21675,20014
Barstow,Urban Area,California,28234,28973,30522
Bartlesville,Urban Area,Oklahoma,38541,38874,39479
Bartow,Urban Area,Florida,,,16948
Basalt,Urban Area,Colorado,6325,8531,8127
Bastrop,Urban Area,Louisiana,16077,13979,12604
Bastrop,Urban Area,Texas,8631,13371,19384
Batavia,Urban Area,New York,17163,17834,17472
Batesburg-Leesville,Urban Area,South Carolina,5090,5267,4989
Batesville,Urban Area,Arkansas,10578,11513,10913
Batesville,Urban Area,Indiana,6924,7734,7941
Batesville,Urban Area,Mississippi,,,6273
Bath,Urban Area,New York,,,6335
Baton Rouge,Urban Area,Louisiana,497548,594309,631326
Battle Creek,Urban Area,Michigan,79135,78393,75513
Battlement Mesa,Urban Area,Colorado,4256,5071,6311
Baxley,Urban Area,Georgia,5204,5208,5354
Bayard,Urban Area,New Mexico,,4309,4975
Bay City,Urban Area,Michigan,74048,70585,68472
Bay City,Urban Area,Texas,19708,18745,19311
Bay Minette,Urban Area,Alabama,7718,7486,7685
Bayside Gardens - Manzanita,Urban Area,Oregon,,,2849
Bealeton,Urban Area,Virginia,,6621,6608
Beardstown,Urban Area,Illinois,6133,6530,6262
Beatrice,Urban Area,Nebraska,12982,12405,12142
Beaufort - Port Royal,Urban Area,South Carolina,46227,48807,52515
Beaumont,Urban Area,Texas,139304,147922,146649
Beaver Dam,Urban Area,Kentucky,,,5658
Beaver Dam,Urban Area,Wisconsin,16565,17833,18824
Beckley,Urban Area,West Virginia,,,57468
Bedford,Urban Area,Indiana,15582,14977,14432
Bedford,Urban Area,Pennsylvania,4592,4693,4392
Bedford,Urban Area,Virginia,6754,6829,7541
Beebe,Urban Area,Arkansas,4801,6714,7216
Beeville,Urban Area,Texas,,,14230
Bel Air - Aberdeen,Urban Area,Maryland,174598,213751,214647
Belding,Urban Area,Michigan,5911,5789,5611
Belfair,Urban Area,Washington,,3331,5141
Belfast,Urban Area,Maine,3305,3358,3754
Belgrade,Urban Area,Montana,6893,13797,18534
Bellefontaine,Urban Area,Ohio,12941,13235,14024
Bellefonte,Urban Area,Pennsylvania,11241,12888,15588
Belle Fourche,Urban Area,South Dakota,4476,5240,5089
Belle Glade,Urban Area,Florida,24218,24870,23009
Belle Plaine,Urban Area,Minnesota,3616,6174,7061
Bellevue,Urban Area,Ohio,8313,8413,8400
Bellingham,Urban Area,Washington,92639,114473,128979
Bellows Falls,Urban Area,Vermont / New Hampshire,,,3978
Beloit,Urban Area,Wisconsin / Illinois,56462,63835,63073
Belterra,Urban Area,Texas,,3731,8075
Belton,Urban Area,South Carolina,,5443,5301
Bemidji,Urban Area,Minnesota,12321,14626,14849
Bend,Urban Area,Oregon,57525,83794,106988
Bennettsville,Urban Area,South Carolina,,,9075
Bennington,Urban Area,Vermont,13220,12723,13759
Benson,Urban Area,Arizona,4312,4036,3830
Benton,Urban Area,Illinois,7902,7778,7491
Benton,Urban Area,Kentucky,4152,4447,4691
Benton,Urban Area,Louisiana,4357,5371,5591
Benton Harbor - Lincoln - St. Joseph,Urban Area,Michigan,61745,61022,61888
Berea,Urban Area,Kentucky,11390,15590,16158
Berlin,Urban Area,New Hampshire,,,9658
Berlin,Urban Area,Wisconsin,4866,4891,5289
Berryville,Urban Area,Arkansas,4241,4800,5057
Bethel,Urban Area,Alaska,4436,4434,5097
Beverly Hills - Homosassa Springs - Pine Ridge,Urban Area,Florida,62430,80962,96729
Big Bear,Urban Area,California,15123,15873,16498
Big Lake,Urban Area,Minnesota,,,11868
Big Pine Key,Urban Area,Florida,7389,7540,8441
Big Rapids,Urban Area,Michigan,,,10136
Big Spring,Urban Area,Texas,26299,27987,28955
Big Stone Gap,Urban Area,Virginia,7944,8240,6915
Billings,Urban Area,Montana,100317,114773,128787
Binghamton,Urban Area,New York,158884,158084,155942
Birch Bay,Urban Area,Washington,8159,12737,15833
Birdsboro - Amity,Urban Area,Pennsylvania,,,16999
Birmingham,Urban Area,Alabama,685940,749495,774956
Bisbee,Urban Area,Arizona,6098,5541,4637
Bishop,Urban Area,California,10359,9935,11013
Bismarck,Urban Area,North Dakota,74991,81955,98198
Blackfoot,Urban Area,Idaho,13374,15352,14231
Black River Falls,Urban Area,Wisconsin,,,4415
Blacksburg - Christiansburg,Urban Area,Virginia,,,72400
Blackwell,Urban Area,Oklahoma,7589,6916,6017
Blair,Urban Area,Nebraska,7269,7844,8001
Blairsville,Urban Area,Pennsylvania,,,6156
Bloomfield,Urban Area,New Mexico,,,7841
Bloomington,Urban Area,Indiana,92456,108657,110103
Bloomington - Normal,Urban Area,Illinois,112415,132600,134100
Bloomsburg - Berwick,Urban Area,Pennsylvania,,,39212
Blowing Rock,Urban Area,North Carolina,,,1412
Bluefield,Urban Area,West Virginia / Virginia,38737,44092,40750
Bluffton,Urban Area,Indiana,9670,9952,10346
Bluffton East - Hilton Head Island,Urban Area,South Carolina,40536,68998,71824
Bluffton West (Sun City Hilton Head),Urban Area,South Carolina,,12555,31096
Blythe,Urban Area,California / Arizona,12355,12967,11780
Blytheville,Urban Area,Arkansas,21501,18219,15873
Boerne,Urban Area,Texas,6184,10467,18320
Bogalusa,Urban Area,Louisiana,13257,12213,11019
Boise City,Urban Area,Idaho,272625,349684,433180
Bolivar,Urban Area,Missouri,8746,9693,10324
Bolivar,Urban Area,Tennessee,5902,5394,5281
Bonham,Urban Area,Texas,,,7799
Bonita Springs - Estero,Urban Area,Florida,236844,310298,425675
Bonne Terre,Urban Area,Missouri,,,6696
Boone,Urban Area,Iowa,12400,12793,12357
Boone,Urban Area,North Carolina,17151,22763,26306
Booneville,Urban Area,Mississippi,6019,6050,6438
Boonville,Urban Area,Indiana,6784,6258,6507
Boonville,Urban Area,Missouri,9272,9229,8034
Boothbay Harbor,Urban Area,Maine,,,3067
Borger,Urban Area,Texas,14501,13574,12848
Boston,Urban Area,Massachusetts / New Hampshire,4039235,4181019,4382009
Boulder,Urban Area,Colorado,112299,114591,120828
Boulder City,Urban Area,Nevada,12059,13866,14181
Bowie,Urban Area,Texas,5440,5143,5419
Bowling Green,Urban Area,Kentucky,58314,78306,97814
Bowling Green,Urban Area,Ohio,30031,30738,30989
Box Elder,Urban Area,South Dakota,7871,7885,11386
Boyne City,Urban Area,Michigan,3348,3501,3990
Bozeman,Urban Area,Montana,31591,43164,59080
Bradenton - Sarasota - Venice,Urban Area,Florida,559229,643260,779075
Bradford,Urban Area,Pennsylvania / New York,13169,12083,11182
Brady,Urban Area,Texas,5420,5357,4887
Brainerd,Urban Area,Minnesota,17126,19812,20687
Brandon,Urban Area,South Dakota,5211,8173,10959
Branson,Urban Area,Missouri,14359,22645,28640
Brattleboro,Urban Area,Vermont,8877,9980,10285
Brawley,Urban Area,California,22035,25032,26270
Brazil,Urban Area,Indiana,,,10587
Breaux Bridge,Urban Area,Louisiana,,18465,17542
Breckenridge,Urban Area,Colorado,4377,7179,8725
Breckenridge,Urban Area,Texas,6164,5839,5455
Breese,Urban Area,Illinois,,,4637
Bremen,Urban Area,Georgia,4371,6516,7327
Bremerton,Urban Area,Washington,178369,198979,224449
Brenham,Urban Area,Texas,13949,15682,17395
Brevard,Urban Area,North Carolina,11031,13121,13059
Brewton,Urban Area,Alabama,6752,6866,6371
Bridgeport - Stamford,Urban Area,Connecticut / New York,888890,923311,916408
Bridgeton,Urban Area,New Jersey,35787,35022,35666
Brigham City,Urban Area,Utah,,,25827
Bristol,Urban Area,Tennessee / Virginia,71188,69501,70638
Broadway - Timberville,Urban Area,Virginia,4246,6228,7188
Brockport,Urban Area,New York,,,13079
Brookfield,Urban Area,Missouri,4450,4281,3869
Brookhaven,Urban Area,Mississippi,12096,10635,10152
Brookings,Urban Area,Oregon,10030,10915,11294
Brookings,Urban Area,South Dakota,18563,22482,23674
Brooksville,Urban Area,Florida,,,12128
Brookville,Urban Area,Ohio,,,6372
Brookville,Urban Area,Pennsylvania,4746,4542,4644
Brownfield,Urban Area,Texas,,,8264
Browns Mills,Urban Area,New Jersey,,,27234
Brownsville,Urban Area,Tennessee,10199,9879,9621
Brownsville,Urban Area,Texas,168785,217585,216444
Brownwood,Urban Area,Texas,22044,22711,21562
Brunswick,Urban Area,Maine,31870,29159,31361
Brunswick,Urban Area,Maryland,6441,8495,8269
Brunswick - St. Simons,Urban Area,Georgia,,63250,68750
Brush,Urban Area,Colorado,5564,5816,5568
Bryan,Urban Area,Ohio,8944,9762,9238
Buchanan,Urban Area,Michigan,,,5640
Buckeye,Urban Area,Arizona,8818,19424,23897
Buckeye North,Urban Area,Arizona,,,6796
Buckhannon,Urban Area,West Virginia,9079,8731,8547
Bucyrus,Urban Area,Ohio,13415,12401,11772
Buellton,Urban Area,California,,,5161
Buena Vista,Urban Area,Colorado,3501,4483,5038
Buena Vista,Urban Area,Virginia,6162,6536,6603
Buffalo,Urban Area,Minnesota,10654,15972,16439
Buffalo,Urban Area,New York,976703,935906,948864
Buffalo,Urban Area,Wyoming,3702,4368,4516
Buies Creek - Lillington,Urban Area,North Carolina,,8944,7391
Bullhead City,Urban Area,Arizona / Nevada,36301,48656,54396
Burkburnett,Urban Area,Texas,10482,10002,10449
Burley,Urban Area,Idaho,12806,15977,17741
Burlington,Urban Area,Iowa / Illinois,30495,29569,28447
Burlington,Urban Area,North Carolina,94248,119911,145311
Burlington,Urban Area,Vermont,105365,108740,118032
Burlington,Urban Area,Wisconsin,22047,23534,24086
Burnet,Urban Area,Texas,3756,5428,5001
Burns,Urban Area,Oregon,4330,4131,4169
Burnt Store Marina,Urban Area,Florida,,3061,4191
Bushnell,Urban Area,Florida,3002,3500,3664
Butler,Urban Area,Pennsylvania,40622,40352,37954
Butte-Silver Bow,Urban Area,Montana,30615,30287,30258
Byron,Urban Area,Illinois,,,5625
Byron,Urban Area,Minnesota,3489,4864,6341
Cadillac,Urban Area,Michigan,11110,11690,12208
Cairo,Urban Area,Georgia,8978,9414,10346
Calexico,Urban Area,California,,,38491
Calhoun,Urban Area,Georgia,,,23066
California - Brownsville,Urban Area,Pennsylvania,,,10185
Calistoga,Urban Area,California,5190,5155,5173
Calumet (- Laurium),Urban Area,Michigan,,,5112
Camarillo,Urban Area,California,62798,71772,76338
Cambria,Urban Area,California,5746,5865,5478
Cambridge,Urban Area,Maryland,12550,14255,14978
Cambridge,Urban Area,Minnesota,,,10128
Cambridge,Urban Area,Ohio,16440,15232,14427
Camden,Urban Area,Arkansas,,,9873
Camden,Urban Area,Maine,4468,3968,4660
Camden - Lugoff,Urban Area,South Carolina,,,30655
Camdenton,Urban Area,Missouri,3175,3632,5849
Cameron,Urban Area,Missouri,8048,9782,8450
Cameron,Urban Area,Texas,5548,5389,5151
Camilla,Urban Area,Georgia,,,5270
Campbellsville,Urban Area,Kentucky,11733,11719,12789
Camp Verde,Urban Area,Arizona,,5305,5759
Canajoharie - Fort Plain,Urban Area,New York,5633,5730,5278
Canandaigua,Urban Area,New York,,,18049
Canastota,Urban Area,New York,,,5616
Canby,Urban Area,Oregon,,17119,19055
Cañon City,Urban Area,Colorado,26332,27139,24737
Canton,Urban Area,Illinois,,,13177
Canton,Urban Area,Mississippi,13389,15321,26257
Canton,Urban Area,New York,5966,6489,6812
Canton,Urban Area,North Carolina,,,8812
Canton,Urban Area,Ohio,269168,279245,295319
Canyon,Urban Area,Texas,12928,13440,16171
Canyon Lake,Urban Area,Texas,4513,5277,7918
Cape Coral,Urban Area,Florida,356854,530290,599242
Cape Girardeau,Urban Area,Missouri / Illinois,46968,52900,55546
Carbondale,Urban Area,Colorado,5959,7159,7361
Carbondale (incl. Murphysboro),Urban Area,Illinois,,,31488
Carlinville,Urban Area,Illinois,6229,5953,5602
Carlsbad,Urban Area,New Mexico,27439,29839,34442
Carmi,Urban Area,Illinois,5637,5568,5067
Caro,Urban Area,Michigan,5196,5113,5383
Carrizo Springs,Urban Area,Texas,6340,6050,5615
Carroll,Urban Area,Iowa,9942,9984,10150
Carrollton,Urban Area,Georgia,,,38385
Carrollton,Urban Area,Kentucky,4894,5165,5471
Carson City,Urban Area,Nevada,,58079,61629
Cartersville,Urban Area,Georgia,33685,52477,52351
Carthage,Urban Area,Missouri,14206,15496,16260
Carthage,Urban Area,New York,,,5160
Carthage,Urban Area,Texas,5804,6492,6328
Caruthersville,Urban Area,Missouri,6594,5786,5319
Casa Grande,Urban Area,Arizona,29815,51331,50981
Casper,Urban Area,Wyoming,57719,64548,67751
Castle Rock,Urban Area,Colorado,,,85350
Castroville - Prunedale,Urban Area,California,,,12334
Catskill,Urban Area,New York,7812,6453,7012
Cedar City,Urban Area,Utah,21978,33200,40899
Cedar Rapids,Urban Area,Iowa,155334,177844,192844
Cedartown,Urban Area,Georgia,12043,12502,12833
Celina,Urban Area,Ohio,,11259,12035
Center,Urban Area,Texas,5770,5234,5123
Centerville,Urban Area,Iowa,5667,5380,5269
Central City,Urban Area,Kentucky,,,5767
Centralia,Urban Area,Illinois,,,15301
Centralia,Urban Area,Washington,30733,39517,42338
Chadron,Urban Area,Nebraska,5473,5515,4930
Chambersburg,Urban Area,Pennsylvania,37872,50887,50094
Champaign,Urban Area,Illinois,123938,145361,147452
Chanute,Urban Area,Kansas,9228,9059,8710
Chapin,Urban Area,South Carolina,,,5701
Chardon,Urban Area,Ohio,,,6454
Charles City,Urban Area,Iowa,7471,7706,7255
Charleston,Urban Area,Illinois,,,17415
Charleston,Urban Area,West Virginia,,153199,140958
Charleston,Urban Area,South Carolina,432533,548404,684773
Charlestown,Urban Area,Indiana,6812,6921,6696
Charlestown,Urban Area,Rhode Island,3013,2942,4348
Charlevoix,Urban Area,Michigan,4688,4179,3777
Charlotte,Urban Area,Michigan,11539,12682,13026
Charlotte,Urban Area,North Carolina / South Carolina,829725,1249442,1379873
Charlottesville,Urban Area,Virginia,81449,92359,104191
Chatsworth,Urban Area,Georgia,,,12808
Chattanooga,Urban Area,Tennessee / Georgia,343509,381112,398569
Cheboygan,Urban Area,Michigan,4968,4517,5142
Chelan,Urban Area,Washington,3410,5704,6380
Chelsea,Urban Area,Michigan,4753,5329,5851
Cheney,Urban Area,Washington,8934,10569,13176
Cheraw,Urban Area,South Carolina,9040,8160,7480
Cherokee,Urban Area,Iowa,4828,4662,4705
Cherryville,Urban Area,North Carolina,5861,6340,6747
Chesapeake Beach,Urban Area,Maryland,,,16926
Chester,Urban Area,Illinois,,,6338
Chester,Urban Area,New York,,5691,5900
Chester,Urban Area,South Carolina,11242,9351,8611
Chestertown,Urban Area,Maryland,6371,7153,7392
Cheyenne,Urban Area,Wyoming,68202,73588,79250
Chicago,Urban Area,Illinois / Indiana,8337300,8608208,8671746
Chickasha,Urban Area,Oklahoma,15510,15739,15253
Chico,Urban Area,California,89221,98176,111411
Childress,Urban Area,Texas,5077,4707,4516
Chillicothe,Urban Area,Missouri,9096,9633,9122
Chillicothe,Urban Area,Ohio,30594,32263,31727
Chincoteague,Urban Area,Virginia,,,3223
Chino Valley,Urban Area,Arizona,6871,10783,13317
Chisholm,Urban Area,Minnesota,4960,4622,4586
Chittenango,Urban Area,New York,4958,5083,5054
Chowchilla,Urban Area,California,7592,11843,13196
Cienega Springs,Urban Area,Arizona,,,2041
Cincinnati,Urban Area,Ohio / Kentucky,1521499,1624827,1686744
Circleville,Urban Area,Ohio,15653,14965,15679
Clanton,Urban Area,Alabama,4765,5785,6423
Claremont,Urban Area,New Hampshire,9188,9598,9415
Claremore,Urban Area,Oklahoma,18957,25164,25415
Clarinda,Urban Area,Iowa,5536,5415,5213
Clarion,Urban Area,Pennsylvania,,,5662
Clarksburg,Urban Area,West Virginia,,,32882
Clarksdale,Urban Area,Mississippi,,,14408
Clarksville,Urban Area,Arkansas,5295,7313,7816
Clarksville,Urban Area,Tennessee / Kentucky,121775,158655,200947
Clay Center,Urban Area,Kansas,4526,4307,4131
Clayton,Urban Area,New York,,,2092
Clayton (- Archer Lodge),Urban Area,North Carolina,,,51898
Clearfield,Urban Area,Pennsylvania,,10903,10524
Clearlake,Urban Area,California,13873,15944,17351
Clear Lake,Urban Area,Iowa,8401,7944,8406
Clearlake Riviera,Urban Area,California,,2806,5461
Cleburne,Urban Area,Texas,,35122,43901
Cle Elum,Urban Area,Washington,3076,3539,3846
Cleveland,Urban Area,Mississippi,17265,15722,14346
Cleveland,Urban Area,Ohio,1821443,1780673,1712178
Cleveland,Urban Area,Tennessee,58192,66777,73918
Cleveland,Urban Area,Texas,,,7469
Clewiston,Urban Area,Florida,12780,12833,12849
Clifton Forge,Urban Area,Virginia,5967,5311,5127
Clifton Springs,Urban Area,New York,,6444,6383
Clinton,Urban Area,Illinois,,,7323
Clinton,Urban Area,Indiana,6920,6425,6484
Clinton,Urban Area,Missouri,8950,8740,8866
Clinton,Urban Area,New Jersey,,,16136
Clinton,Urban Area,North Carolina,9068,9538,9315
Clinton,Urban Area,Oklahoma,8418,8426,8022
Clinton,Urban Area,South Carolina,,,9143
Clinton - Fulton,Urban Area,Iowa / Illinois,33431,32332,31126
Clintonville,Urban Area,Wisconsin,4868,4481,4530
Cloquet,Urban Area,Minnesota,11582,12936,13213
Clover,Urban Area,South Carolina,4174,6513,7526
Cloverdale,Urban Area,California,7488,9166,9451
Clovis,Urban Area,New Mexico,38388,41570,39314
Clyde,Urban Area,Ohio,6441,6039,6549
Coal City - Braidwood,Urban Area,Illinois,,,15837
Coalinga,Urban Area,California,11724,12702,13049
Cobleskill,Urban Area,New York,5270,5618,5040
Cochran,Urban Area,Georgia,5636,6324,6159
Cody,Urban Area,Wyoming,8704,9338,9999
Coeur d'Alene,Urban Area,Idaho,74800,98378,121831
Coffeyville,Urban Area,Kansas / Oklahoma,11447,10909,9391
Colby,Urban Area,Kansas,5554,5463,5467
Colchester,Urban Area,Connecticut,,,5512
Cold Spring,Urban Area,Minnesota,3654,4324,5099
Cold Springs,Urban Area,Nevada,,,9686
Coldwater,Urban Area,Michigan,,,13721
Coleman,Urban Area,Texas,4706,4310,3599
College Station - Bryan,Urban Area,Texas,132500,171345,206137
Collins (Gowanda),Urban Area,New York,,,5448
Collinsville,Urban Area,Oklahoma,,4248,4706
Colonial Beach,Urban Area,Virginia,4281,3693,3975
Colorado City,Urban Area,Texas,6599,5948,5839
Colorado Springs,Urban Area,Colorado,466122,559409,632494
Columbia,Urban Area,Kentucky,4421,4579,5018
Columbia,Urban Area,Mississippi,7833,7294,6236
Columbia,Urban Area,Missouri,98779,124748,141831
Columbia,Urban Area,South Carolina,420537,549777,590407
Columbia (incl. Mount Pleasant),Urban Area,Tennessee,37886,38472,42423
Columbia City,Urban Area,Indiana,7371,9225,10256
Columbia Falls,Urban Area,Montana,4652,6029,6589
Columbiana,Urban Area,Ohio,,8101,9160
Columbus,Urban Area,Georgia / Alabama,242324,253602,267746
Columbus,Urban Area,Indiana,50227,54933,60982
Columbus,Urban Area,Mississippi,,,26895
Columbus,Urban Area,Nebraska,21018,22106,24838
Columbus,Urban Area,Ohio,1169987,1368035,1567254
Columbus,Urban Area,Wisconsin,4432,6623,6977
Colusa,Urban Area,California,6066,6791,6955
Colville,Urban Area,Washington,5281,4966,5058
Commerce,Urban Area,Georgia,4835,6624,7688
Commerce,Urban Area,Texas,7218,7717,8320
Concord,Urban Area,New Hampshire,,42611,42549
Concord,Urban Area,North Carolina,163461,214881,278612
Concordia,Urban Area,Kansas,5646,5340,5031
Concord - Walnut Creek,Urban Area,California,,,538583
Conesus Lake,Urban Area,New York,3534,4858,4867
Conneaut,Urban Area,Ohio,,,12072
Conneaut Lakeshore,Urban Area,Pennsylvania,,,2846
Connell,Urban Area,Washington,2910,4076,5437
Connellsville,Urban Area,Pennsylvania,,,30777
Connersville,Urban Area,Indiana,16770,15347,14401
Conway,Urban Area,Arkansas,43891,65277,66619
Conway,Urban Area,New Hampshire,,,5272
Cookeville,Urban Area,Tennessee,34784,44207,49089
Coolbaugh - Pocono Pines (Mount Pocono),Urban Area,Pennsylvania,14924,24216,24893
Coolidge,Urban Area,Arizona,7942,10919,12008
Coos Bay,Urban Area,Oregon,31471,31386,31688
Coquille,Urban Area,Oregon,4796,4359,4373
Corcoran,Urban Area,California,,,22377
Cordele,Urban Area,Georgia,13170,12416,10931
Corinth,Urban Area,Mississippi,11777,12469,12464
Corinth,Urban Area,New York,2945,3995,3870
Cornelia - Baldwin,Urban Area,Georgia,13408,18578,19489
Corning,Urban Area,California,7671,8553,8459
Corning,Urban Area,New York,18573,20477,19541
Corona de Tucson,Urban Area,Arizona,,5469,7866
Corpus Christi,Urban Area,Texas,293925,320069,339066
Corry,Urban Area,Pennsylvania,7158,6571,6224
Corsicana,Urban Area,Texas,23182,22599,24380
Cortez,Urban Area,Colorado,8061,8380,8628
Cortland,Urban Area,New York,26820,27493,24866
Corvallis,Urban Area,Oregon,58229,62433,66791
Corydon,Urban Area,Indiana,4071,5506,5696
Coshocton,Urban Area,Ohio,12125,11517,12334
Cottage Grove,Urban Area,Oregon,9652,11007,11826
Cottonwood - Verde Village,Urban Area,Arizona,22135,26650,29121
Covington,Urban Area,Tennessee,,,7320
Covington,Urban Area,Virginia,8478,8430,7745
Coxsackie,Urban Area,New York,,,5384
Craig,Urban Area,Colorado,9613,10021,9650
Crawfordsville,Urban Area,Indiana,16659,18012,17863
Crawfordville,Urban Area,Florida,,8342,10124
Creedmoor,Urban Area,North Carolina,,,7482
Crescent City,Urban Area,California,18812,18976,15620
Cresson,Urban Area,Pennsylvania,,,6512
Crestline,Urban Area,Ohio,,,4597
Crestline - Lake Arrowhead,Urban Area,California,21531,22175,22272
Creston,Urban Area,Iowa,7391,7617,7507
Crestview,Urban Area,Florida,21853,32432,46816
Creswell,Urban Area,Oregon,4771,6320,6137
Crete,Urban Area,Nebraska,5960,6948,6959
Crisfield,Urban Area,Maryland,3513,3600,3509
Crockett,Urban Area,Texas,6749,6292,5935
Crookston,Urban Area,Minnesota,8049,7964,7618
Crossett,Urban Area,Arkansas,9241,7835,7184
Crossville,Urban Area,Tennessee,11206,16337,19949
Crowley,Urban Area,Louisiana,15359,14908,13168
Crozet,Urban Area,Virginia,,5527,9378
Crystal City,Urban Area,Texas,7379,7236,6709
Crystal River,Urban Area,Florida,,4388,7834
Crystal Springs,Urban Area,Mississippi,6329,5269,5057
Cuero,Urban Area,Texas,7498,8099,7619
Cullman,Urban Area,Alabama,15867,18356,21165
Cullowhee,Urban Area,North Carolina,,,9134
Culpeper,Urban Area,Virginia,9530,17778,22563
Cumberland,Urban Area,Maryland / West Virginia / Pennsylvania,52115,51899,46296
Cushing,Urban Area,Oklahoma,8118,6742,6595
Cynthiana,Urban Area,Kentucky,6495,6421,6393
Dade City,Urban Area,Florida,,,20304
Dahlonega,Urban Area,Georgia,3064,4812,6508
Dalhart,Urban Area,Texas,6889,7716,8352
Dallas,Urban Area,Oregon,13030,15340,17625
Dallas - Fort Worth - Arlington,Urban Area,Texas,4189958,5121892,5732354
Dalton,Urban Area,Georgia,,,67830
Danbury,Urban Area,Connecticut / New York,154455,168136,171680
Dansville,Urban Area,New York,4947,5141,4806
Danville,Urban Area,Illinois,,,40044
Danville,Urban Area,Kentucky,17690,18887,19814
Danville,Urban Area,Virginia / North Carolina,50902,49344,46683
Danville - Mahoning,Urban Area,Pennsylvania,,,9771
Davenport,Urban Area,Iowa / Illinois,273975,280051,285211
Davis,Urban Area,California,66022,72794,77034
Dayton,Urban Area,Ohio,,,674046
Dayton,Urban Area,Tennessee,9050,10174,9688
Dayton,Urban Area,Texas,,,6879
Daytona Beach - Palm Coast - Port Orange,Urban Area,Florida,283494,349064,402126
Dayton Northeast,Urban Area,Nevada,,,6248
Dayton Southwest,Urban Area,Nevada,,,7547
Decatur,Urban Area,Alabama,,,60458
Decatur,Urban Area,Illinois,96454,93863,86287
Decatur,Urban Area,Indiana,10247,10440,10441
Decatur,Urban Area,Texas,5019,5910,6486
Decorah,Urban Area,Iowa,7577,8637,7993
Defiance,Urban Area,Ohio,17243,18306,17775
DeFuniak Springs,Urban Area,Florida,4337,5812,6977
DeKalb,Urban Area,Illinois,55805,68545,64736
Delano,Urban Area,California,,,44410
Delano,Urban Area,Minnesota,,5255,6178
Delavan,Urban Area,Wisconsin,11781,12158,12354
Delhi,Urban Area,California,,,10274
Delphos,Urban Area,Ohio,7403,7440,7266
Del Rio,Urban Area,Texas,40335,43914,42680
Delta,Urban Area,Colorado,6699,7849,8190
Deltona,Urban Area,Florida,147713,182169,210712
Deming,Urban Area,New Mexico,14687,14903,14913
Demopolis,Urban Area,Alabama,6576,6452,6227
Denison,Urban Area,Iowa,7108,8240,8142
Denton,Urban Area,Maryland,3109,4771,5009
Denton - Lewisville,Urban Area,Texas,299823,366174,429461
Denton Southwest,Urban Area,Texas,,3307,14105
Denver - Aurora,Urban Area,Colorado,2039681,2378323,2686147
De Queen,Urban Area,Arkansas,5827,6209,5894
DeRidder,Urban Area,Louisiana,11330,13341,12126
Desert Hot Springs,Urban Area,California,24333,39445,45767
Des Moines,Urban Area,Iowa,370505,450070,542486
De Soto,Urban Area,Missouri,7229,7203,7649
Detroit,Urban Area,Michigan,3907443,3734090,3776890
Detroit Lakes,Urban Area,Minnesota,7315,7973,10234
Devils Lake,Urban Area,North Dakota,7454,7444,7493
DeWitt,Urban Area,Iowa,4864,4639,5162
Dexter,Urban Area,Michigan,,,5285
Dexter,Urban Area,Missouri,8812,9053,9635
Diamondhead,Urban Area,Mississippi,4371,7855,9044
Dickinson,Urban Area,North Dakota,15920,17586,25674
Dickson,Urban Area,Tennessee,13552,16016,16543
Dillon,Urban Area,Montana,4306,4609,4429
Dillon,Urban Area,South Carolina,,,8484
Discovery Bay,Urban Area,California,9087,14044,15939
Dixon,Urban Area,California,16085,18445,18876
Dixon,Urban Area,Illinois,17585,16858,15987
Dodge City,Urban Area,Kansas,26164,27316,27702
Dodgeville,Urban Area,Wisconsin,3931,4756,4898
Donaldsonville,Urban Area,Louisiana,,,12461
Dos Palos,Urban Area,California,6327,6713,7721
Dothan,Urban Area,Alabama,60792,68781,72423
Douglas,Urban Area,Arizona,17225,17673,16582
Douglas,Urban Area,Georgia,12648,14154,14258
Douglas,Urban Area,Michigan,,2570,3259
Douglas,Urban Area,Wyoming,5324,6175,6498
Dover,Urban Area,Delaware,75600,110769,123101
Dover - Rochester,Urban Area,New Hampshire / Maine,,,72391
Dowagiac,Urban Area,Michigan,6302,6082,5896
Dublin,Urban Area,Georgia,19261,20999,20842
DuBois,Urban Area,Pennsylvania,12205,11898,11656
Dubuque,Urban Area,Iowa / Illinois,65251,67818,70332
Duluth,Urban Area,Minnesota / Wisconsin,118265,120378,119411
Dumas,Urban Area,Arkansas,5708,5023,4308
Dumas,Urban Area,Texas,13960,14836,14639
Duncan,Urban Area,Oklahoma,20075,21301,20353
Dundee,Urban Area,Michigan,3738,3799,5252
Dunkirk - Fredonia,Urban Area,New York,25857,25514,23410
Dunn,Urban Area,North Carolina,14591,14823,13707
Du Quoin,Urban Area,Illinois,6729,6467,5933
Durand,Urban Area,Michigan,5697,4854,5056
Durango,Urban Area,Colorado,15349,17982,19114
Durant,Urban Area,Oklahoma,13313,16402,19324
Durham,Urban Area,New Hampshire,,,12117
Durham,Urban Area,North Carolina,287796,350244,396118
Duvall,Urban Area,Washington,,,8165
Dyersburg,Urban Area,Tennessee,,,16790
Eagle,Urban Area,Colorado,3151,6073,7419
Eagle Mountain,Urban Area,Utah,,6277,10269
Eagle Pass,Urban Area,Texas,41829,49236,54083
Earlimart,Urban Area,California,,,7470
East Aurora,Urban Area,New York,,,8765
East Hampton North - Springs - Northwest Harbor,Urban Area,New York,9513,12604,21812
East Liverpool,Urban Area,Ohio / West Virginia / Pennsylvania,,,21126
Eastman,Urban Area,Georgia,5710,6053,6220
Easton,Urban Area,Maryland,12503,17132,18033
East Palestine,Urban Area,Ohio,5165,4944,4634
East Stroudsburg - Stroudsburg,Urban Area,Pennsylvania,,,47891
East Tawas,Urban Area,Michigan,4558,4372,4844
East Troy,Urban Area,Wisconsin,3768,4306,5309
Eaton,Urban Area,Colorado,2837,4392,5823
Eaton,Urban Area,Ohio,7714,8112,8067
Eaton Rapids,Urban Area,Michigan,5825,5408,5076
Eau Claire,Urban Area,Wisconsin,94791,102852,105475
Ebensburg,Urban Area,Pennsylvania,5734,4914,4880
Eden,Urban Area,North Carolina,18536,17187,16323
Edenton,Urban Area,North Carolina,5357,4790,4329
Edgerton,Urban Area,Wisconsin,6496,7208,8360
Edinboro,Urban Area,Pennsylvania,,,5730
Edna,Urban Area,Texas,5868,5374,5910
Edwards - Avon,Urban Area,Colorado,13065,17326,16518
Effingham,Urban Area,Illinois,13995,13800,13990
Elberton,Urban Area,Georgia,6313,5925,5700
Elburn,Urban Area,Illinois,,,6395
El Campo,Urban Area,Texas,11708,11719,13286
El Centro,Urban Area,California,,,74376
Eldersburg,Urban Area,Maryland,,,30486
Eldon,Urban Area,Missouri,5388,4555,4513
El Dorado,Urban Area,Arkansas,22146,18944,18698
El Dorado,Urban Area,Kansas,,,12774
Elgin,Urban Area,Texas,6116,10043,10779
Elizabeth City,Urban Area,North Carolina,19072,23905,22834
Elizabethtown - Radcliff,Urban Area,Kentucky,64504,73467,76441
Elk City,Urban Area,Oklahoma,9818,10855,11124
Elkhart,Urban Area,Indiana / Michigan,131226,143592,148199
Elkhorn,Urban Area,Wisconsin,8204,12484,11876
Elkins,Urban Area,West Virginia,9871,11061,11109
Elko,Urban Area,Nevada,17015,18948,21695
Elkton,Urban Area,Virginia,3100,3657,5032
Ellensburg,Urban Area,Washington,16675,20987,21518
Ellenville,Urban Area,New York,7306,6577,7090
Ellijay,Urban Area,Georgia,3241,3496,6738
Ellwood City,Urban Area,Pennsylvania,,13006,13155
Elmira,Urban Area,New York,67159,67983,62468
El Paso,Urban Area,Texas / New Mexico,674801,803086,854584
El Paso de Robles - Atascadero (Paso Robles),Urban Area,California,54762,65088,67804
El Reno,Urban Area,Oklahoma,14602,15069,14346
Elsa,Urban Area,Texas,,,12984
Elwood,Urban Area,Indiana,10504,9421,9199
Ely,Urban Area,Nevada,4348,4681,4455
Emmett,Urban Area,Idaho,8311,9192,10173
Emporia,Urban Area,Kansas,26876,24830,24082
Emporia,Urban Area,Virginia,9336,7143,6871
Enid,Urban Area,Oklahoma,45654,47609,50194
Ennis,Urban Area,Texas,15731,18258,19763
Enterprise,Urban Area,Alabama,,,31258
Ephraim,Urban Area,Utah,,,5049
Ephrata,Urban Area,Washington,6392,6956,8050
Erie,Urban Area,Pennsylvania,194804,196611,187820
Erwin,Urban Area,Tennessee,,,8678
Escalon,Urban Area,California,6267,7157,7480
Escanaba,Urban Area,Michigan,21032,20850,21159
Española,Urban Area,New Mexico,23272,26418,23931
Estacada,Urban Area,Oregon,3243,3838,5267
Estes Park,Urban Area,Colorado,6483,7082,7907
Estherville,Urban Area,Iowa,6554,6192,5774
Etowah,Urban Area,Tennessee,4887,4129,4513
Eudora,Urban Area,Kansas,4288,6140,6400
Eufaula,Urban Area,Alabama / Georgia,9344,9520,9184
Eugene,Urban Area,Oregon,224049,247421,270179
Eunice,Urban Area,Louisiana,,,10510
Eureka,Urban Area,California,43452,45034,45951
Eureka,Urban Area,Illinois,5211,5573,5401
Eureka,Urban Area,Missouri,17859,11260,14027
Evanston,Urban Area,Wyoming,11558,12017,11416
Evansville,Urban Area,Indiana,,,206855
Evansville,Urban Area,Wisconsin,4186,5669,6321
Evergreen,Urban Area,Colorado,,,10218
Excelsior Springs,Urban Area,Missouri,,,9840
Exeter,Urban Area,California,,,10973
Exeter,Urban Area,New Hampshire,,,16165
Fabens,Urban Area,Texas,7906,8042,7094
Fairbanks (incl. Eielson AFB),Urban Area,Alaska,57635,67457,71396
Fairbury,Urban Area,Nebraska,4307,3912,4011
Fairfield,Urban Area,California,121542,133683,150122
Fairfield,Urban Area,Illinois,5277,5039,4766
Fairfield,Urban Area,Iowa,,,9211
Fairfield Glade,Urban Area,Tennessee,3147,5584,8212
Fairhope - Daphne,Urban Area,Alabama,38110,57383,76807
Fairmont,Urban Area,Minnesota,,,8387
Fairmont,Urban Area,West Virginia,,33409,31694
Falcon,Urban Area,Colorado,,,21348
Falfurrias,Urban Area,Texas,5874,4929,4497
Fallbrook,Urban Area,California,,,41305
Fallon,Urban Area,Nevada,15337,16241,16753
Falls City,Urban Area,Nebraska,4419,4133,4133
Fargo,Urban Area,North Dakota / Minnesota,142477,176676,216214
Faribault,Urban Area,Minnesota,21426,23696,24013
Farmington,Urban Area,Missouri,,,32804
Farmington,Urban Area,New Mexico,,53049,51763
Farmville,Urban Area,North Carolina,3979,4815,4380
Farmville,Urban Area,Virginia,,,7916
Fayetteville,Urban Area,North Carolina,284267,310282,325008
Fayetteville,Urban Area,Tennessee,6678,9178,10120
Fayetteville - Springdale - Rogers,Urban Area,Arkansas / Missouri,184069,295083,373687
Fenton,Urban Area,Michigan,,,38156
Fergus Falls,Urban Area,Minnesota,13013,12081,13116
Fernandina Beach - Yulee,Urban Area,Florida,24023,32773,50805
Fernley,Urban Area,Nevada,7312,18979,19233
Ferriday,Urban Area,Louisiana,4756,5931,5169
Fillmore,Urban Area,California,13631,15081,16397
Findlay,Urban Area,Ohio,45284,48441,48144
Firebaugh,Urban Area,California,6483,7281,8117
Fire Island,Urban Area,New York,,,998
Firestone - Frederick,Urban Area,Colorado,6846,21474,35447
Fitzgerald,Urban Area,Georgia,11242,11638,11281
Flagstaff,Urban Area,Arizona,57050,71957,79842
Flemington - Raritan,Urban Area,New Jersey,,,24401
Flint,Urban Area,Michigan,,,298964
Flora,Urban Area,Illinois,4953,4872,4793
Florence,Urban Area,Alabama,71299,77074,78925
Florence,Urban Area,Oregon,8499,10177,11477
Florence,Urban Area,South Carolina,79380,89557,89436
Florence East,Urban Area,Arizona,,,14049
Florence West,Urban Area,Arizona,,,11636
Floresville,Urban Area,Texas,5551,6068,6313
Foley - Gulf Shores,Urban Area,Alabama,11951,26469,40920
Fond du Lac,Urban Area,Wisconsin,50058,54901,54731
Fontana-on-Geneva Lake (- Walworth),Urban Area,Wisconsin,,,10466
Forest City - Spindale,Urban Area,North Carolina,,,20760
Forest Lake,Urban Area,Minnesota,14867,21816,21882
Forney,Urban Area,Texas,4908,27051,41112
Forrest City,Urban Area,Arkansas,,,8557
Forsyth,Urban Area,Georgia,5276,4834,4852
Forsyth,Urban Area,Missouri,5464,6836,7423
Fort Atkinson,Urban Area,Wisconsin,,,13852
Fort Bragg,Urban Area,California,9325,10348,10668
Fort Collins,Urban Area,Colorado,216886,264465,326332
Fort Dodge,Urban Area,Iowa,25756,25122,24699
Fort Irwin,Urban Area,California,9315,8845,8096
Fort Leonard Wood - St. Robert - Waynesville,Urban Area,Missouri,20943,29257,31672
Fort Lupton,Urban Area,Colorado,,,7856
Fort Madison,Urban Area,Iowa / Illinois,11638,10848,10278
Fort Meade,Urban Area,Florida,,,4874
Fort Morgan,Urban Area,Colorado,13133,13178,13473
Fort Payne,Urban Area,Alabama,7533,7018,8380
Fort Polk South,Urban Area,Louisiana,,,9983
Fort Rucker - Daleville,Urban Area,Alabama,,,7157
Fort Scott,Urban Area,Kansas,7813,7895,7439
Fort Smith,Urban Area,Arkansas / Oklahoma,110501,122947,125811
Fort Stockton,Urban Area,Texas,9924,9339,8551
Fortuna,Urban Area,California,10483,13084,12784
Fort Valley,Urban Area,Georgia,10253,10605,9704
Fort Wayne,Urban Area,Indiana,287759,313492,335934
Fostoria,Urban Area,Ohio,15671,14694,14295
Four Corners,Urban Area,Florida,4478,35549,92396
Frankenmuth,Urban Area,Michigan,4667,4972,5045
Frankfort,Urban Area,Indiana,16810,16684,16775
Frankfort,Urban Area,Kentucky,34961,35734,37844
Frankfort,Urban Area,Michigan,,,2603
Franklin,Urban Area,Kentucky,9193,9442,11597
Franklin,Urban Area,Louisiana,,,9491
Franklin,Urban Area,New Hampshire,,,6659
Franklin,Urban Area,North Carolina,5594,6781,9358
Franklin,Urban Area,Pennsylvania,,,8500
Franklin,Urban Area,Virginia,9041,9209,8749
Fraser,Urban Area,Colorado,,2583,3178
Frederick,Urban Area,Maryland,119144,141576,176456
Fredericksburg,Urban Area,Texas,9804,11511,11641
Fredericksburg,Urban Area,Virginia,97102,141238,167679
Fredericktown,Urban Area,Missouri,4181,4217,4986
Freeland,Urban Area,Michigan,,,7412
Freeland,Urban Area,Pennsylvania,,,5754
Freeland,Urban Area,Washington,,,7907
Freeport,Urban Area,Illinois,27151,25980,24135
Fremont,Urban Area,Michigan,5029,4496,5165
Fremont,Urban Area,Nebraska,25734,27471,28292
Fremont,Urban Area,Ohio,25079,23332,22175
Fresno,Urban Area,California,554923,654628,717589
Friday Harbor,Urban Area,Washington,,,3542
Frisco,Urban Area,Colorado,,,3463
Front Royal,Urban Area,Virginia,,,16193
Frostproof,Urban Area,Florida,5468,7626,8092
Fulton,Urban Area,Kentucky / Tennessee,5694,4339,4256
Fulton,Urban Area,Missouri,11489,12197,12479
Fulton,Urban Area,New York,,,12788
Gadsden,Urban Area,Alabama,61709,64172,57975
Gaffney,Urban Area,South Carolina,20303,20844,19042
Gainesville,Urban Area,Florida,159508,187781,213748
Gainesville,Urban Area,Georgia,88680,130846,265218
Gainesville,Urban Area,Texas,15472,15746,16544
Galax,Urban Area,Virginia,6827,6915,6767
Galesburg,Urban Area,Illinois,37577,36001,33847
Galion,Urban Area,Ohio,,,11364
Galliano - Larose - Cut Off,Urban Area,Louisiana,20611,21437,20056
Gallup,Urban Area,New Mexico,21737,23114,24448
Galt,Urban Area,California,,24912,26618
Galveston - Texas City,Urban Area,Texas,151187,150405,191863
Garden City,Urban Area,Kansas,33142,29942,30976
Gardnerville,Urban Area,Nevada,17341,20107,21338
Gastonia,Urban Area,North Carolina,155129,169495,176897
Gatesville,Urban Area,Texas,15314,15310,15565
Gaylord - Bagley,Urban Area,Michigan,7769,8298,8476
Geneseo,Urban Area,Illinois,6459,6531,6435
Geneseo,Urban Area,New York,7644,8329,8025
Geneva,Urban Area,New York,29304,29990,29572
Geneva,Urban Area,Ohio,,7660,7355
Genoa,Urban Area,Illinois,,,5484
Georgetown,Urban Area,Delaware,6886,9034,9921
Georgetown,Urban Area,Kentucky,19158,30764,38912
Georgetown,Urban Area,South Carolina,12091,12320,11364
Germantown,Urban Area,Ohio,,,5577
Gettysburg - Cumberland (- Bonneauville),Urban Area,Pennsylvania,,,14733
Gillespie,Urban Area,Illinois,5508,5377,5037
Gillette,Urban Area,Wyoming,20560,32721,34422
Gilmer,Urban Area,Texas,4782,4978,5084
Gilroy - Morgan Hill,Urban Area,California,84620,98413,114833
Glasgow,Urban Area,Kentucky,12130,13569,14849
Glencoe,Urban Area,Minnesota,5413,5534,5738
Glendive,Urban Area,Montana,6188,6494,6675
Glens Falls,Urban Area,New York,57627,65443,71191
Glenwood,Urban Area,Iowa,,,5009
Glenwood,Urban Area,Minnesota,,,4202
Glenwood Springs,Urban Area,Colorado,9586,11581,10889
Globe,Urban Area,Arizona,14304,13515,12620
Gloversville,Urban Area,New York,29000,29226,26286
Gold Canyon,Urban Area,Arizona,,,9590
Goldsboro,Urban Area,North Carolina,57915,61054,54456
Gonzales,Urban Area,California,7695,8174,8682
Gonzales,Urban Area,Texas,7014,6877,6953
Goodland,Urban Area,Kansas,4840,4553,4439
Goodyear South (Estrella),Urban Area,Arizona,,11108,16042
Governors Club,Urban Area,North Carolina,,,4967
Grafton,Urban Area,West Virginia,,,4824
Grafton - Port Washington - Cedarburg,Urban Area,Wisconsin,,,44086
Graham,Urban Area,Texas,8816,9041,8585
Granbury,Urban Area,Texas,21623,28250,29706
Grand Forks,Urban Area,North Dakota / Minnesota,56573,61270,68160
Grand Island,Urban Area,Nebraska,45499,50440,55099
Grand Junction,Urban Area,Colorado,98608,128124,135973
Grand Lake,Urban Area,Colorado,,,1801
Grand Rapids,Urban Area,Michigan,539080,569935,605666
Grand Rapids,Urban Area,Minnesota,8525,9285,10348
Grandview,Urban Area,Washington,,,11187
Granite Falls,Urban Area,Washington,,6129,6349
Grants,Urban Area,New Mexico,,,9972
Grants Pass,Urban Area,Oregon,43811,50520,55724
Grantsville,Urban Area,Utah,4516,6673,9598
Grass Valley,Urban Area,California,34019,34308,36720
Grayson,Urban Area,Kentucky,4859,5716,5418
Great Bend,Urban Area,Kansas,15772,16177,14766
Great Falls,Urban Area,Montana,64387,65207,67097
Greeley,Urban Area,Colorado,93879,117825,137222
Green Bay,Urban Area,Wisconsin,187316,206520,224156
Greencastle,Urban Area,Indiana,9921,10625,10190
Greendale - Lawrenceburg - Hidden Valley,Urban Area,Indiana / Ohio,,,20087
Greeneville,Urban Area,Tennessee,19635,23957,22919
Greenfield,Urban Area,California,13220,16451,18858
Greenfield,Urban Area,Massachusetts,23574,22965,22294
Greenfield,Urban Area,Ohio,5472,5100,4771
Green River,Urban Area,Wyoming,11939,12672,11873
Greensboro,Urban Area,North Carolina,267884,311810,338928
Greensburg,Urban Area,Indiana,10416,11560,12529
Green Valley,Urban Area,Arizona,,,37315
Greenville,Urban Area,Alabama,5388,6026,5823
Greenville,Urban Area,Illinois,7039,6976,6765
Greenville,Urban Area,Kentucky,,,5516
Greenville,Urban Area,Michigan,7809,9743,10265
Greenville,Urban Area,Mississippi,,,29267
Greenville,Urban Area,North Carolina,84059,117798,120150
Greenville,Urban Area,Ohio,13676,13337,12983
Greenville,Urban Area,Pennsylvania,9064,10771,10553
Greenville,Urban Area,South Carolina,353781,400492,387271
Greenville,Urban Area,Texas,23422,23283,27054
Greenwood,Urban Area,Arkansas,6756,8619,9077
Greenwood,Urban Area,Mississippi,,,19475
Greenwood,Urban Area,South Carolina,37924,42103,41998
Grenada,Urban Area,Mississippi,12837,10481,10276
Gridley,Urban Area,California,7512,8393,8653
Griffin,Urban Area,Georgia,,,38311
Grinnell,Urban Area,Iowa,9069,9080,9486
Grissom AFB,Urban Area,Indiana,2582,6359,6856
Grove,Urban Area,Oklahoma,5501,7158,7934
Grove City,Urban Area,Pennsylvania,,,9830
Guadalupe,Urban Area,California,5651,7080,8046
Gulfport - Biloxi,Urban Area,Mississippi,205754,208948,236344
Gun Barrel City,Urban Area,Texas,17484,14884,18309
Gunnison,Urban Area,Colorado,6344,6343,7228
Gustine,Urban Area,California,4681,5521,6128
Guthrie,Urban Area,Oklahoma,8243,8191,9312
Guymon,Urban Area,Oklahoma,10461,11338,12516
Gypsum,Urban Area,Colorado,3323,5963,8841
Hagerstown,Urban Area,Maryland / West Virginia / Pennsylvania / Virginia,136919,182696,197557
Hailey,Urban Area,Idaho,8227,10453,12035
Half Moon Bay,Urban Area,California,22037,20713,21688
Hamburg - Vernon - Highland Lakes (- Franklin),Urban Area,New Jersey,,,28250
Hamilton,Urban Area,Montana,6070,6182,6870
Hammond,Urban Area,Louisiana,43458,67629,72526
Hammonton,Urban Area,New Jersey,10183,13152,12086
Hampshire,Urban Area,Illinois,2591,4619,5699
Hampstead,Urban Area,North Carolina,,10716,23340
Hampstead - Manchester,Urban Area,Maryland,,,14542
Hanford,Urban Area,California,,,66638
Hannibal,Urban Area,Missouri,17980,18472,17672
Hanover,Urban Area,Pennsylvania,,,56712
Harlan,Urban Area,Iowa,5091,4934,4713
Harlan,Urban Area,Kentucky,9243,7065,6147
Harlingen,Urban Area,Texas,,,118838
Harriman - Kingston - Rockwood,Urban Area,Tennessee,23035,23515,22348
Harrington,Urban Area,Delaware,3457,4448,4943
Harrisburg,Urban Area,Illinois,,,8283
Harrisburg,Urban Area,Pennsylvania,400477,444474,490859
Harrisburg,Urban Area,South Dakota,,3071,6663
Harrison,Urban Area,Arkansas,12923,13950,13950
Harrison,Urban Area,Ohio / Indiana,,12910,15007
Harrisonburg,Urban Area,Virginia,52647,66784,73377
Harrisonville,Urban Area,Missouri,8486,9358,9423
Harrodsburg,Urban Area,Kentucky,8539,8715,9791
Hartford,Urban Area,Connecticut,872025,924859,977158
Hartford,Urban Area,Wisconsin,,,23757
Hartford City,Urban Area,Indiana,6946,6160,6135
Hartselle,Urban Area,Alabama,,,15596
Hartsville,Urban Area,South Carolina,14907,15125,13946
Hartwell,Urban Area,Georgia,5105,5884,5963
Harvard,Urban Area,Illinois,8575,9940,9376
Hastings,Urban Area,Michigan,8075,7713,8041
Hastings,Urban Area,Minnesota,17888,22328,21635
Hastings,Urban Area,Nebraska,24094,24312,24807
Hattiesburg,Urban Area,Mississippi,61465,80358,80821
Havelock,Urban Area,North Carolina,,,17101
Havre,Urban Area,Montana,10413,9657,9826
Hayes (Harrison),Urban Area,Michigan,3785,3589,3796
Hays,Urban Area,Kansas,20499,21180,21880
Hazard,Urban Area,Kentucky,6492,7444,7808
Hazlehurst,Urban Area,Georgia,4091,4594,4917
Hazleton,Urban Area,Pennsylvania,,,50860
Heartland,Urban Area,Texas,,,9841
Heber,Urban Area,Utah,9792,17212,25059
Heber-Overgaard,Urban Area,Arizona,,,3573
Heber Springs,Urban Area,Arkansas,5684,6357,6743
Helena,Urban Area,Montana,38451,45055,52380
Helena-West Helena,Urban Area,Arkansas,13980,11321,8599
Hemet,Urban Area,California,117200,163379,173194
Hempstead,Urban Area,Texas,,,4890
Henderson,Urban Area,Kentucky,,,28430
Henderson,Urban Area,North Carolina,21246,20858,19894
Henderson,Urban Area,Tennessee,5428,6027,5906
Henderson,Urban Area,Texas,12968,15187,14924
Henryetta,Urban Area,Oklahoma,6934,6562,6207
Hereford,Urban Area,Texas,15301,15941,15520
Hermiston,Urban Area,Oregon,24177,27790,28938
Hibbing,Urban Area,Minnesota,12653,11616,12035
Hickory,Urban Area,North Carolina,187808,215767,201511
Hidden Meadows,Urban Area,California,,,4884
Higgins Lake,Urban Area,Michigan,,,2145
Higginsville,Urban Area,Missouri,4515,4621,4551
Highland,Urban Area,Illinois,,,10267
High Point,Urban Area,North Carolina,132844,166485,167830
Hillsboro,Urban Area,Illinois,5610,7261,6880
Hillsboro,Urban Area,Ohio,6253,6668,6613
Hillsboro,Urban Area,Texas,7933,8328,8068
Hillsborough,Urban Area,North Carolina,,,15800
Hillsdale,Urban Area,Michigan,8901,11646,10642
Hilo,Urban Area,Hawaii,,43925,41410
Hilton,Urban Area,New York,,,8057
Hinesville,Urban Area,Georgia,50360,51456,53107
Hobbs,Urban Area,New Mexico,30783,36696,44157
Holden Beach,Urban Area,North Carolina,2989,3136,8687
Holdenville,Urban Area,Oklahoma,,,4264
Holdrege,Urban Area,Nebraska,5669,5340,5454
Holland,Urban Area,Michigan,91795,99941,107034
Hollister,Urban Area,California,39923,42002,49611
Holly,Urban Area,Michigan,6817,8229,8934
Holly Springs,Urban Area,Mississippi,6708,6160,5559
Holts Summit,Urban Area,Missouri,,,5184
Holtville,Urban Area,California,6727,6876,6230
Hondo,Urban Area,Texas,7463,6427,6006
Honesdale,Urban Area,Pennsylvania,6134,5849,5404
Honolulu,Urban Area,Hawaii,718182,802459,853252
Hood River,Urban Area,Oregon / Washington,12236,14653,16171
Hoopeston,Urban Area,Illinois,5872,5116,4812
Hope,Urban Area,Arkansas,10540,9991,8855
Hopkinsville,Urban Area,Kentucky,31013,32491,31696
Hornell,Urban Area,New York,11196,10997,10566
Hornsby Bend,Urban Area,Texas,,,11337
Horse Cave,Urban Area,Kentucky,3735,4251,4262
Horseshoe Bay,Urban Area,Texas,,3134,5583
Hot Springs,Urban Area,Arkansas,51763,55121,59133
Hot Springs Village,Urban Area,Arkansas,5648,9144,12755
Houghton - Hancock,Urban Area,Michigan,14119,15452,15358
Houghton Lake,Urban Area,Michigan,8477,8300,8521
Houlton,Urban Area,Maine,4178,4128,4281
Houma,Urban Area,Louisiana,125929,144875,145482
Houston,Urban Area,Texas,3855592,4947260,5853575
Hudson,Urban Area,New York,13607,11512,10610
Hudson,Urban Area,Wisconsin / Minnesota,,22395,23743
Hugo,Urban Area,Oklahoma,5442,5028,4992
Humboldt,Urban Area,Iowa,5210,5243,5339
Humboldt,Urban Area,Tennessee,,,7160
Huntingburg,Urban Area,Indiana,5649,5501,6117
Huntingdon,Urban Area,Pennsylvania,10901,11385,11311
Huntington,Urban Area,Indiana,18328,18207,17555
Huntington,Urban Area,West Virginia / Kentucky / Ohio,,202637,200157
Huntsville,Urban Area,Alabama,213253,286692,329066
Huntsville,Urban Area,Texas,33656,36928,43415
Huntsville Southeast,Urban Area,Alabama,,,20165
Huron,Urban Area,California,6306,6754,6129
Huron,Urban Area,South Dakota,11916,12637,14294
Hurricane,Urban Area,Utah,8246,16336,19370
Hutchinson,Urban Area,Kansas,44052,44320,42475
Hutchinson,Urban Area,Minnesota,13166,14054,14670
Idabel,Urban Area,Oklahoma,6141,5940,5523
Idaho Falls,Urban Area,Idaho,66973,90733,105132
Ilion - Herkimer,Urban Area,New York,,,22267
Immokalee,Urban Area,Florida,21324,23160,23485
Incline Village,Urban Area,Nevada / California,17107,13022,19441
Independence,Urban Area,Iowa,5976,5743,6057
Independence,Urban Area,Kansas,,,8477
Indianapolis,Urban Area,Indiana,1235158,1487483,1699881
Indiana - White,Urban Area,Pennsylvania,27935,28807,27693
Indian Head,Urban Area,Maryland,,,5556
Indianola,Urban Area,Iowa,12948,14281,15344
Indianola,Urban Area,Mississippi,11891,10408,9341
Indiantown,Urban Area,Florida,,,5496
Indio - Palm Desert - Palm Springs,Urban Area,California,258095,345580,361075
Inman,Urban Area,South Carolina,,,13269
International Falls,Urban Area,Minnesota,7707,7055,6575
Iola,Urban Area,Kansas,6373,5729,5845
Ione,Urban Area,California,,,4673
Ionia,Urban Area,Michigan,14005,14409,15168
Iowa City,Urban Area,Iowa,85247,106621,126810
Iowa Falls,Urban Area,Iowa,4908,5070,5058
Iowa Park,Urban Area,Texas,6465,6285,6454
Ipswich,Urban Area,Massachusetts,,,9380
Iron Mountain - Kingsford,Urban Area,Michigan / Wisconsin,21904,19228,18336
Ironwood,Urban Area,Michigan / Wisconsin,8397,7134,7181
Irvine,Urban Area,Kentucky,4155,3503,4029
Isanti,Urban Area,Minnesota,,,6621
Ishpeming,Urban Area,Michigan,13091,12301,11298
Ithaca,Urban Area,New York,53528,53661,59102
Jackson,Urban Area,California,6227,7255,7781
Jackson,Urban Area,Georgia,4116,5218,5697
Jackson,Urban Area,Michigan,88050,90057,84307
Jackson,Urban Area,Mississippi,318103,351478,347693
Jackson,Urban Area,Tennessee,65086,71880,72809
Jackson,Urban Area,Wisconsin,,,7962
Jackson,Urban Area,Wyoming,10072,11407,10760
Jacksonville,Urban Area,Florida,890989,1065219,1247374
Jacksonville,Urban Area,Illinois,23512,22669,21003
Jacksonville,Urban Area,North Carolina,95514,105419,111224
Jacksonville,Urban Area,Texas,13607,14075,13881
Jackson - Wellston,Urban Area,Ohio,,,6749
Jamestown,Urban Area,New York,46070,43404,44424
Jamestown,Urban Area,North Dakota,15488,15284,15207
Janesville,Urban Area,Wisconsin,66034,69658,72285
Jasper,Urban Area,Alabama,13132,14156,13274
Jasper,Urban Area,Georgia,4989,5909,6384
Jasper,Urban Area,Indiana,13108,15759,16749
Jasper,Urban Area,Texas,8160,7790,7000
Jeanerette,Urban Area,Louisiana,,,5325
Jefferson,Urban Area,Georgia,,10443,11842
Jefferson,Urban Area,Wisconsin,,,7566
Jefferson City,Urban Area,Missouri,,,50775
Jennings,Urban Area,Louisiana,10222,9869,9378
Jerome,Urban Area,Idaho,7968,10892,12405
Jersey Shore,Urban Area,Pennsylvania,,9606,10009
Jerseyville,Urban Area,Illinois,8414,8989,8641
Jesup,Urban Area,Georgia,12738,12660,12772
Jewett City,Urban Area,Connecticut,,,4706
Johnson City,Urban Area,Tennessee,102456,120415,128519
Johnson Lane,Urban Area,Nevada,,5337,5268
Johnstown,Urban Area,Colorado,6698,13693,19773
Johnstown,Urban Area,Ohio,3248,4523,5449
Johnstown,Urban Area,Pennsylvania,,,61521
Jonesboro,Urban Area,Arkansas,51804,65419,73781
Jonesboro,Urban Area,Louisiana,4877,5609,5245
Joplin,Urban Area,Missouri,72089,82775,86679
Jordan,Urban Area,Minnesota,3650,5207,6648
Joshua Tree,Urban Area,California,,,4370
Junction City,Urban Area,Kansas,30962,38787,40723
Junction City,Urban Area,Oregon,5986,5966,7312
Juneau,Urban Area,Alaska,25220,24537,24756
Kahului - Wailuku,Urban Area,Hawaii,43187,55934,57905
Kailua - Holualoa (in: Hawaii County),Urban Area,Hawaii,25629,28850,33024
Kailua - Kaneohe (in: Honolulu County),Urban Area,Hawaii,117730,113682,118092
Kalamazoo,Urban Area,Michigan,187961,209703,204562
Kalispell,Urban Area,Montana,25336,31785,36131
Kankakee,Urban Area,Illinois,,,66530
Kansas City,Urban Area,Missouri / Kansas,1383445,1519417,1674218
Kapaa,Urban Area,Hawaii,16525,19063,18212
Kaplan,Urban Area,Louisiana,5401,4826,4656
Kasson,Urban Area,Minnesota,5481,7048,7649
Kaufman,Urban Area,Texas,5938,6268,6127
Kearney,Urban Area,Missouri,5314,7368,10174
Kearney,Urban Area,Nebraska,27404,31287,34526
Keene,Urban Area,New Hampshire,21436,22510,22687
Kekaha,Urban Area,Hawaii,5310,5313,5724
Kenai,Urban Area,Alaska,4248,4921,8642
Kendallville,Urban Area,Indiana,10464,10399,10587
Kennett,Urban Area,Missouri,11505,11241,10560
Kennewick - Richland - Pasco,Urban Area,Washington,153851,210975,255401
Kenosha,Urban Area,Wisconsin,110942,124064,125865
Kenton,Urban Area,Ohio,8934,8360,8033
Keokuk,Urban Area,Iowa / Illinois,13939,13411,12351
Kerman,Urban Area,California,8539,13487,16002
Kermit,Urban Area,Texas,5821,5821,6381
Kerrville,Urban Area,Texas,26227,28810,31844
Ketchikan,Urban Area,Alaska,10673,10352,11975
Ketchum,Urban Area,Idaho,4419,3919,6346
Kewanee,Urban Area,Illinois,12867,12857,12542
Key Largo,Urban Area,Florida,20699,18121,21687
Keyser,Urban Area,West Virginia / Maryland,,,6328
Keystone Heights,Urban Area,Florida,6538,6544,8218
Key West,Urban Area,Florida,35866,32095,32146
Kihei,Urban Area,Hawaii,22326,25819,26878
Kilgore,Urban Area,Texas,12301,15957,16719
Kill Devil Hills - Nags Head,Urban Area,North Carolina,15423,19095,23851
Killeen,Urban Area,Texas,167976,217630,257222
Kimberling City,Urban Area,Missouri,,3172,4467
King City,Urban Area,California,12054,14529,13760
Kingman,Urban Area,Arizona,32333,42107,46953
Kingsburg,Urban Area,California,,,12602
Kingsland,Urban Area,Texas,,6433,8093
Kingsland - St. Marys,Urban Area,Georgia,28192,34630,38567
Kings Mountain,Urban Area,North Carolina,,,12619
Kingsport,Urban Area,Tennessee / Virginia,98275,106571,98411
Kingston,Urban Area,New York,,,50254
Kingstree,Urban Area,South Carolina,,,5250
Kingsville,Urban Area,Texas,25618,26011,24945
Kinross (Kincheloe),Urban Area,Michigan,,,5100
Kinston,Urban Area,North Carolina,,,21050
Kirksville,Urban Area,Missouri,16672,15914,16846
Kirtland,Urban Area,New Mexico,,,5737
Kiryas Joel,Urban Area,New York,,,71582
Kissimmee - St. Cloud,Urban Area,Florida,186667,314071,418404
Kittanning - Ford City,Urban Area,Pennsylvania,16894,14072,14605
Klamath Falls - Altamont,Urban Area,Oregon,41153,41434,43208
Knoxville,Urban Area,Iowa,7778,7346,7561
Knoxville,Urban Area,Tennessee,469507,561701,597257
Kodiak - Mill Bay,Urban Area,Alaska,10768,9335,9530
Kokomo,Urban Area,Indiana,63739,62182,62576
Kosciusko,Urban Area,Mississippi,7000,6983,6716
Krum,Urban Area,Texas,,4173,5876
Kuna,Urban Area,Idaho,5866,15234,23565
Kutztown,Urban Area,Pennsylvania,8652,10002,8672
LaBelle,Urban Area,Florida,10151,12054,13053
Laconia,Urban Area,New Hampshire,20302,18636,27267
La Crosse,Urban Area,Wisconsin / Minnesota,94699,100868,98872
LaFayette,Urban Area,Georgia,6412,7364,6772
Lafayette,Urban Area,Indiana,125738,147725,157100
Lafayette,Urban Area,Louisiana,,,227316
Lafayette,Urban Area,Tennessee,3613,4545,6174
Lafayette - Erie - Louisville,Urban Area,Colorado,60387,79407,96485
La Follette,Urban Area,Tennessee,19641,21055,20114
Lago Vista,Urban Area,Texas,3580,5281,8463
La Grande,Urban Area,Oregon,14278,14909,14954
LaGrange,Urban Area,Georgia,30281,34879,35420
La Grange,Urban Area,Kentucky,,,24556
La Grange,Urban Area,Texas,5247,5343,5020
Lahaina - Napili-Honokowai,Urban Area,Hawaii,17492,21331,21398
Laie - Hauula,Urban Area,Hawaii,,,12488
La Junta,Urban Area,Colorado,8196,8191,7792
Lake Bryant,Urban Area,Florida,,3552,3632
Lake Charles,Urban Area,Louisiana,132977,143440,162501
Lake City,Urban Area,Florida,18311,25623,25334
Lake City,Urban Area,Minnesota,4914,5103,4912
Lake City,Urban Area,South Carolina,,,6915
Lake Conroe Eastshore,Urban Area,Texas,5688,10121,12188
Lake Conroe Westshore,Urban Area,Texas,11232,20569,29322
Lake Delton,Urban Area,Wisconsin,3943,5473,6546
Lake Erie Beach,Urban Area,New York,,,7643
Lake Geneva,Urban Area,Wisconsin,,,10955
Lake Havasu City,Urban Area,Arizona,42787,53427,59017
Lake Holiday,Urban Area,Illinois,,7072,7313
Lake Isabella,Urban Area,California,3727,3271,3698
Lake Jackson,Urban Area,Texas,,,56054
Lakeland,Urban Area,Florida,214755,262596,277915
Lake Mills,Urban Area,Wisconsin,5273,6581,6857
Lake Mohawk,Urban Area,New Jersey,,,13164
Lake Monticello,Urban Area,Virginia,6031,9528,9825
Lake of the Pines,Urban Area,California,,,4261
Lake of the Woods,Urban Area,Virginia,6391,9231,10902
Lake Placid,Urban Area,Florida,13350,16351,17816
Lake Placid,Urban Area,New York,3607,3581,3486
Lake Pocotopaug,Urban Area,Connecticut,,,7622
Lakeport,Urban Area,California,,,8994
Lake Royale,Urban Area,North Carolina,,,2942
Lakes of the Four Seasons,Urban Area,Indiana,,,13113
Lamar,Urban Area,Colorado,8866,7796,7502
Lambertville,Urban Area,New Jersey / Pennsylvania,,,10167
Lamesa,Urban Area,Texas,,,8731
Lamont,Urban Area,California,,,15271
Lampasas,Urban Area,Texas,6724,6080,6674
Lancaster,Urban Area,Ohio,38987,42557,43576
Lancaster,Urban Area,South Carolina,23553,23979,22709
Lancaster - Manheim,Urban Area,Pennsylvania,346035,402004,394530
Lander,Urban Area,Wyoming,6551,7225,6977
Landrum - Tryon,Urban Area,South Carolina / North Carolina,4401,4239,4518
Lansing,Urban Area,Michigan,300032,313532,318300
Lapeer,Urban Area,Michigan,13668,13424,12402
LaPlace - Lutcher - Gramercy,Urban Area,Louisiana,,,48681
La Plata,Urban Area,Maryland,,,10536
Laramie,Urban Area,Wyoming,28139,31965,32261
Laredo,Urban Area,Texas,175586,235730,251462
Larned,Urban Area,Kansas,,,3734
Las Cruces,Urban Area,New Mexico,104186,128600,139338
Las Vegas,Urban Area,New Mexico,17892,15609,14530
Las Vegas - Henderson - Paradise,Urban Area,Nevada,1314357,1886011,2196623
Laughlin,Urban Area,Nevada,4450,5949,6579
Laurel,Urban Area,Mississippi,25928,26131,25201
Laurel,Urban Area,Montana,7684,8505,8789
Laurens,Urban Area,South Carolina,12318,10336,11331
Laurinburg,Urban Area,North Carolina,,,16225
Lawrence,Urban Area,Kansas,79647,88053,94998
Lawrenceburg,Urban Area,Kentucky,9899,12475,13543
Lawrenceburg,Urban Area,Tennessee,10157,10100,11679
Lawrenceville,Urban Area,Illinois,,,4632
Lawton,Urban Area,Oklahoma,89556,94457,87464
Lead,Urban Area,South Dakota,3936,3750,4122
Leadville,Urban Area,Colorado,6090,5039,4538
Leavenworth,Urban Area,Kansas,44113,45283,47570
Lebanon,Urban Area,Indiana,14429,15415,16466
Lebanon,Urban Area,Kentucky,5805,5646,6209
Lebanon,Urban Area,Missouri,11628,14046,14710
Lebanon,Urban Area,New Hampshire / Vermont,27138,25690,30299
Lebanon,Urban Area,Oregon,17230,19744,22327
Lebanon,Urban Area,Pennsylvania,,,75485
Lebanon,Urban Area,Tennessee,20341,27653,36678
Lee,Urban Area,Massachusetts,8307,8049,8119
Leesburg - Eustis - Tavares,Urban Area,Florida,97497,131337,151523
Lee's Summit,Urban Area,Missouri,,85081,91960
Leesville,Urban Area,Louisiana,9586,9605,8328
Lehighton - Palmerton - Jim Thorpe,Urban Area,Pennsylvania,,,18503
Leisuretowne,Urban Area,New Jersey,,,5294
Leitchfield,Urban Area,Kentucky,5403,6802,6488
Le Mars,Urban Area,Iowa,9031,9237,10138
Lemoore,Urban Area,California,,,26957
Lemoore Station,Urban Area,California,5749,7438,6568
Leominster - Fitchburg,Urban Area,Massachusetts,118471,116960,111790
Leonardtown,Urban Area,Maryland,,4737,6092
Le Roy,Urban Area,New York,5090,4275,4645
Levelland,Urban Area,Texas,13511,13796,12601
Lewes - Rehoboth Beach,Urban Area,Delaware,15787,24129,39681
Lewisburg,Urban Area,Tennessee,9743,10464,11934
Lewisburg,Urban Area,West Virginia,6169,6959,7227
Lewiston,Urban Area,Idaho / Washington,50317,51924,54798
Lewiston,Urban Area,Maine,58003,59397,60743
Lewistown,Urban Area,Montana,6395,6090,6024
Lewistown,Urban Area,Pennsylvania,19313,22181,20999
Lexington,Urban Area,Nebraska,10110,10464,10438
Lexington,Urban Area,Tennessee,6003,6560,6357
Lexington,Urban Area,Virginia,7606,8762,9460
Lexington-Fayette,Urban Area,Kentucky,250994,290263,315631
Lexington Park - California - Chesapeake Ranch Estates,Urban Area,Maryland,43196,58875,62352
Libby,Urban Area,Montana,4248,3978,4341
Liberal,Urban Area,Kansas,19268,20329,19843
Liberty,Urban Area,New York,4398,4470,5284
Liberty,Urban Area,Texas,6824,5801,6387
Lihue,Urban Area,Hawaii,11527,13983,15885
Lima,Urban Area,Ohio,74071,72852,68630
Lincoln,Urban Area,Illinois,,,13990
Lincoln,Urban Area,Nebraska,226582,258719,291217
Lincoln,Urban Area,New Hampshire,,,2005
Lincoln Beach,Urban Area,Oregon,,,3626
Lincoln City,Urban Area,Oregon,,,10494
Lincolnton,Urban Area,North Carolina,19205,22686,22657
Lindale - Hideaway,Urban Area,Texas,5730,10021,11770
Lindsay,Urban Area,California,12644,14610,13942
Lindstrom - Chisago City,Urban Area,Minnesota,6802,8492,9152
Linton,Urban Area,Indiana,6357,5822,5298
Litchfield,Urban Area,Illinois,6939,6956,6350
Litchfield,Urban Area,Minnesota,6487,6624,6569
Litchfield Beach (- Pawleys Island),Urban Area,South Carolina,9113,11532,15225
Little Falls,Urban Area,Minnesota,9149,9024,9411
Little Falls,Urban Area,New York,5095,4956,4597
Littlefield,Urban Area,Texas,6192,5914,5626
Little Rock,Urban Area,Arkansas,373776,431388,461864
Littlestown,Urban Area,Pennsylvania,5083,6302,6442
Live Oak,Urban Area,California,6471,8547,9080
Live Oak,Urban Area,Florida,6460,6994,6668
Livermore - Pleasanton - Dublin,Urban Area,California,,,240381
Livingston,Urban Area,California,,,14255
Livingston,Urban Area,Montana,8322,8172,9350
Livingston,Urban Area,Texas,4831,5139,5592
Lockhart,Urban Area,Texas,10714,12337,12886
Lock Haven,Urban Area,Pennsylvania,,,14625
Lockport,Urban Area,New York,36311,36024,35958
Lodi,Urban Area,California,,68738,73090
Logan,Urban Area,Ohio,7782,8080,8209
Logan,Urban Area,Utah,76187,94983,113927
Logan,Urban Area,West Virginia,,,8821
Logansport,Urban Area,Indiana,21896,21561,20374
Lompoc,Urban Area,California,55667,51509,54287
London,Urban Area,Ohio,,,10259
London - Corbin,Urban Area,Kentucky,29469,37367,36861
Long Beach,Urban Area,Washington,,,3252
Longmont,Urban Area,Colorado,72929,90897,100776
Long Neck,Urban Area,Delaware,7315,14150,20169
Longview,Urban Area,Texas,86511,102542,107099
Longview,Urban Area,Washington / Oregon,60443,66466,69841
Lorain - Elyria,Urban Area,Ohio,193586,180956,199067
Los Alamos,Urban Area,New Mexico,10743,10893,13283
Los Angeles - Long Beach - Anaheim,Urban Area,California,11789487,12150996,12237376
Los Banos,Urban Area,California,26036,35917,45533
Los Lunas,Urban Area,New Mexico,,,53365
Los Osos,Urban Area,California,,,13978
Louisa,Urban Area,Kentucky / West Virginia,4205,4253,4582
Louisville (Jefferson County),Urban Area,Kentucky / Indiana,,,974397
Lovington,Urban Area,New Mexico,9718,11592,11765
Lowell,Urban Area,Indiana,7914,9844,10747
Lowell,Urban Area,Michigan,6221,6803,7530
Lubbock,Urban Area,Texas,205496,240585,272280
Ludington,Urban Area,Michigan,9758,10710,11883
Lufkin,Urban Area,Texas,38726,44927,41551
Luling,Urban Area,Texas,5183,5379,5391
Lumberton,Urban Area,North Carolina,,,22256
Luray,Urban Area,Virginia,4760,4770,4742
Luverne,Urban Area,Minnesota,4491,4620,4808
Lynchburg,Urban Area,Virginia,98714,116636,125596
Lynden,Urban Area,Washington,9148,14533,15995
Macclenny,Urban Area,Florida,7972,10984,10881
Macomb,Urban Area,Illinois,,,15656
Macon,Urban Area,Georgia,135170,137570,140111
Macon,Urban Area,Missouri,5202,5014,5359
Madera,Urban Area,California,58027,78413,81635
Madison,Urban Area,Georgia,3616,4401,4709
Madison,Urban Area,Indiana,17685,18271,17447
Madison,Urban Area,South Dakota,6097,6174,6169
Madison,Urban Area,Wisconsin,343100,401661,450305
Madisonville,Urban Area,Kentucky,,,21328
Madisonville,Urban Area,Tennessee,4063,5391,6070
Madras,Urban Area,Oregon,7252,8010,8087
Magalia,Urban Area,California,,,6900
Magnolia,Urban Area,Arkansas,10486,10438,10403
Mahanoy City,Urban Area,Pennsylvania,,,3720
Mahomet,Urban Area,Illinois,8395,11044,11922
Malone,Urban Area,New York,,,6885
Malvern,Urban Area,Arkansas,,,8833
Mammoth Lakes,Urban Area,California,5800,7693,7045
Manchester,Urban Area,Iowa,5300,5032,4913
Manchester,Urban Area,New Hampshire,143549,158377,163289
Manchester,Urban Area,Tennessee,8630,11379,12953
Mandeville - Covington,Urban Area,Louisiana,62866,88925,113763
Manhattan,Urban Area,Illinois,,,7826
Manhattan,Urban Area,Kansas,46671,54622,60454
Manistee,Urban Area,Michigan,9970,9606,8093
Manitowoc,Urban Area,Wisconsin,47218,46360,46558
Mankato,Urban Area,Minnesota,47115,57584,60206
Manning,Urban Area,South Carolina,4774,4998,4522
Manor,Urban Area,Texas,,5320,17006
Mansfield,Urban Area,Louisiana,6768,6061,5602
Mansfield,Urban Area,Ohio,79698,75250,73545
Manteca,Urban Area,California,,,86674
Manteno,Urban Area,Illinois,,,10437
Manteo,Urban Area,North Carolina,5213,5399,6070
Maquoketa,Urban Area,Iowa,6244,6159,6098
Marana,Urban Area,Arizona,,5456,10618
Marathon,Urban Area,Florida,9994,8965,9733
Marble Falls,Urban Area,Texas,,6131,7953
Marengo,Urban Area,Illinois,6854,7731,7509
Marianna,Urban Area,Florida,6607,6086,5560
Maricopa,Urban Area,Arizona,,42337,57771
Marietta,Urban Area,Ohio / West Virginia,,22428,21723
Marinette - Menominee (incl. Peshtigo),Urban Area,Wisconsin / Michigan,24689,22872,23551
Marion,Urban Area,Indiana,45867,43519,40961
Marion,Urban Area,North Carolina,9881,13363,12031
Marion,Urban Area,Ohio,45645,46384,42688
Marion,Urban Area,South Carolina,8465,7464,7009
Marion,Urban Area,Virginia,9688,7960,7281
Marion - Herrin,Urban Area,Illinois,,,39391
Marion Oaks,Urban Area,Florida,5399,14160,19077
Marksville,Urban Area,Louisiana,7205,7517,6682
Marlin,Urban Area,Texas,7967,5832,5396
Marquette,Urban Area,Michigan,24431,26946,24682
Marseilles,Urban Area,Illinois,6602,4877,4660
Marshall,Urban Area,Michigan,7615,7683,7471
Marshall,Urban Area,Minnesota,12650,13464,13508
Marshall,Urban Area,Missouri,12658,12665,13471
Marshall,Urban Area,Texas,21044,21979,21387
Marshalltown,Urban Area,Iowa,26123,26858,27381
Marshfield,Urban Area,Missouri,6032,6701,7537
Marshfield,Urban Area,Wisconsin,18109,19421,19462
Martin,Urban Area,Tennessee,9735,11397,10518
Martinsville,Urban Area,Indiana,12246,13276,12556
Martinsville,Urban Area,Virginia,,,31273
Marysville,Urban Area,Ohio,15645,22348,25674
Marysville,Urban Area,Washington,119449,145140,160440
Maryville,Urban Area,Missouri,11582,13220,11212
Mascoutah,Urban Area,Illinois,,7368,8528
Mason City,Urban Area,Iowa,28330,27115,25954
Massena,Urban Area,New York,11703,11259,10582
Mathis,Urban Area,Texas,,,5253
Mattawan,Urban Area,Michigan,,,5721
Mattoon,Urban Area,Illinois,19255,18978,17111
Mauldin - Simpsonville,Urban Area,South Carolina,77831,120577,159506
Mayfield,Urban Area,Kentucky,11065,11356,12256
Mayodan,Urban Area,North Carolina,4795,4382,4627
Maysville,Urban Area,Kentucky / Ohio,10186,11454,9799
Maytown - Marietta,Urban Area,Pennsylvania,,,7737
Mayville,Urban Area,Wisconsin,4971,5134,5189
McAlester,Urban Area,Oklahoma,19443,19501,19542
McAllen,Urban Area,Texas,526817,728825,779553
McCall,Urban Area,Idaho,,,3695
McComb,Urban Area,Mississippi,18569,16388,15327
McCook,Urban Area,Nebraska,7961,7563,7395
McFarland,Urban Area,California,10071,12826,14149
McGregor,Urban Area,Texas,4430,4893,5139
McHenry Northwest - Wonder Lake,Urban Area,Illinois,,,5758
McKenzie,Urban Area,Tennessee,5268,5066,5360
McKinleyville,Urban Area,California,,,14981
McKinney - Frisco,Urban Area,Texas,57756,175264,504803
McMinnville,Urban Area,Oregon,31087,38970,41831
McMinnville,Urban Area,Tennessee,14469,15386,15711
McPherson,Urban Area,Kansas,13699,13083,14039
Meadville,Urban Area,Pennsylvania,,,20652
Mecca,Urban Area,California,,,6875
Mechanicville,Urban Area,New York,,,11799
Medford,Urban Area,Oregon,133566,154081,171640
Medford,Urban Area,Wisconsin,4204,4046,4114
Medina,Urban Area,New York,,,6279
Medina,Urban Area,Ohio,,,46109
Melissa - Anna,Urban Area,Texas,,,34516
Memphis,Urban Area,Tennessee / Mississippi / Arkansas,978776,1060061,1056190
Mena,Urban Area,Arkansas,5227,5499,5534
Mendota,Urban Area,California,7870,11211,13382
Mendota,Urban Area,Illinois,7142,7195,6918
Menomonie,Urban Area,Wisconsin,16550,17844,17022
Merced,Urban Area,California,110483,136969,150052
Meredith,Urban Area,New Hampshire,,,3411
Meridian,Urban Area,Mississippi,,,33809
Merrill,Urban Area,Wisconsin,10031,10282,9519
Mesquite,Urban Area,Nevada / Arizona,8808,14284,19206
Metropolis,Urban Area,Illinois,,,5925
Mexia,Urban Area,Texas,6398,6898,6661
Mexico,Urban Area,Missouri,11115,11356,11351
Miami,Urban Area,Oklahoma,16852,16144,15348
Miami - Fort Lauderdale,Urban Area,Florida,4942483,5513341,6077522
Michigan City - La Porte,Urban Area,Indiana / Michigan,66199,66025,71367
Middlebury,Urban Area,Vermont,4786,5350,6154
Middleport,Urban Area,Ohio / West Virginia,,,5814
Middlesborough,Urban Area,Kentucky / Tennessee,,,13628
Middleton,Urban Area,Idaho,,,10265
Middletown,Urban Area,Delaware,6165,29415,41851
Middletown,Urban Area,New York,,58381,61516
Middletown,Urban Area,Ohio,,,93608
Midland,Urban Area,Michigan,,,52340
Midland,Urban Area,Texas,99221,117807,141997
Midlothian,Urban Area,Texas,,,30908
Milan,Urban Area,Michigan,6513,7514,7861
Milan,Urban Area,Tennessee,7574,7427,7578
Miles City,Urban Area,Montana,9720,9604,9227
Milford,Urban Area,Delaware,11407,18009,17754
Milledgeville,Urban Area,Georgia,,,22441
Millersburg,Urban Area,Pennsylvania,4263,4540,4375
Millington,Urban Area,Tennessee,,,12918
Millinocket,Urban Area,Maine,4801,3976,3812
Millsboro,Urban Area,Delaware,4700,9395,9844
Milton,Urban Area,Vermont,,,6417
Milton,Urban Area,Pennsylvania,27743,30806,28610
Milton-Freewater,Urban Area,Oregon,,,8131
Milwaukee,Urban Area,Wisconsin,,,1306795
Minden,Urban Area,Louisiana,13205,13338,12659
Mineola,Urban Area,Texas,4775,5608,5699
Mineral Wells,Urban Area,Texas,14185,16109,14211
Minneapolis - St. Paul,Urban Area,Minnesota,2458482,2650890,2914866
Minot,Urban Area,North Dakota,37679,42650,50925
Minster - New Bremen,Urban Area,Ohio,,,6138
Mission Viejo - Lake Forest - Laguna Niguel,Urban Area,California,533015,583681,646843
Missoula,Urban Area,Montana,69491,82157,88109
Mitchell,Urban Area,South Dakota,14525,14955,15690
Moab,Urban Area,Utah,6470,6883,7933
Moberly,Urban Area,Missouri,11839,13933,12163
Mobile,Urban Area,Alabama,317605,326183,321907
Mocksville,Urban Area,North Carolina,3795,5191,5971
Modesto,Urban Area,California,328891,358172,357301
Molalla,Urban Area,Oregon,5699,8752,10258
Monahans,Urban Area,Texas,7329,7686,9162
Monessen,Urban Area,Pennsylvania,,,49962
Monett,Urban Area,Missouri,7267,8470,9391
Monmouth,Urban Area,Illinois,10123,9654,9189
Monmouth - Independence,Urban Area,Oregon,13974,18167,20912
Monroe,Urban Area,Georgia,12585,15854,16650
Monroe,Urban Area,Louisiana,113818,116533,119964
Monroe,Urban Area,Michigan,53153,51240,57260
Monroe,Urban Area,Washington,,,24635
Monroe,Urban Area,Wisconsin,10990,10883,10725
Monroeville,Urban Area,Alabama,,,4284
Montauk,Urban Area,New York,,2719,3845
Mont Belvieu,Urban Area,Texas,3248,3094,12180
Montesano - Elma,Urban Area,Washington,10836,8522,12682
Montevallo,Urban Area,Alabama,,,6438
Montevideo,Urban Area,Minnesota,5289,5338,5391
Montgomery,Urban Area,Alabama,238152,263907,254348
Monticello,Urban Area,Arkansas,,,7974
Monticello,Urban Area,Illinois,5137,5410,5985
Monticello,Urban Area,Indiana,9789,8634,10635
Monticello,Urban Area,Kentucky,6236,6716,6681
Monticello,Urban Area,Minnesota,,,15760
Monticello,Urban Area,New York,7556,7868,14328
Montrose,Urban Area,Colorado,15676,22706,24513
Montrose,Urban Area,Minnesota,,4470,5539
Morehead,Urban Area,Kentucky,6396,7282,9375
Morehead City - Emerald Isle - Atlantic Beach,Urban Area,North Carolina,39585,44798,44300
Morgan City,Urban Area,Louisiana,29389,32022,30236
Morgantown,Urban Area,West Virginia,55997,70350,77620
Morrilton,Urban Area,Arkansas,5594,6272,6340
Morris,Urban Area,Illinois,13927,15668,15740
Morris,Urban Area,Minnesota,4863,5123,5030
Morristown (incl. White Pine),Urban Area,Tennessee,54368,62097,66539
Morro Bay,Urban Area,California,,,13163
Moscow,Urban Area,Idaho,21791,24212,25914
Moses Lake,Urban Area,Washington,25112,32978,38751
Moultrie,Urban Area,Georgia,15642,18677,19217
Moundsville,Urban Area,West Virginia,,,11398
Mountain Grove,Urban Area,Missouri,4558,4603,4219
Mountain Home,Urban Area,Arkansas,12522,14180,17783
Mountain Home,Urban Area,Idaho,13380,16531,17799
Mountain Lake Park,Urban Area,Maryland,4810,4720,4548
Mountain Top,Urban Area,Pennsylvania,,,10520
Mount Airy,Urban Area,North Carolina,,,17354
Mount Carmel,Urban Area,Illinois,7828,7300,6963
Mount Horeb,Urban Area,Wisconsin,5723,6997,7730
Mount Pleasant,Urban Area,Iowa,8404,8636,9284
Mount Pleasant,Urban Area,Michigan,,,30738
Mount Pleasant,Urban Area,Texas,13450,15987,15419
Mount Plymouth,Urban Area,Florida,,,6165
Mount Shasta,Urban Area,California,,,5203
Mount Sterling,Urban Area,Kentucky,10195,10835,13920
Mount Vernon,Urban Area,Illinois,17472,16008,15288
Mount Vernon,Urban Area,Indiana,7770,7011,6715
Mount Vernon,Urban Area,Iowa,5006,6455,6509
Mount Vernon,Urban Area,Ohio,,,18993
Mount Vernon,Urban Area,Washington,51174,62966,66825
Mount Washington,Urban Area,Kentucky,,,21516
Mukwonago,Urban Area,Wisconsin,,,15287
Muleshoe,Urban Area,Texas,4383,5105,5159
Mullins,Urban Area,South Carolina,6038,5512,4924
Muncie,Urban Area,Indiana,90673,90580,84382
Muncy,Urban Area,Pennsylvania,,,7544
Munds Park,Urban Area,Arizona,,,773
Murfreesboro,Urban Area,Tennessee,,133228,177313
Murray,Urban Area,Kentucky,16201,19072,18958
Muscatine,Urban Area,Iowa,23534,25342,25144
Muskegon - Norton Shores,Urban Area,Michigan,154729,161280,166414
Muskogee,Urban Area,Oklahoma,42517,42052,35798
Myrtle Beach - North Myrtle Beach,Urban Area,South Carolina / North Carolina,130931,215304,298954
Mystic Island - Little Egg Harbor,Urban Area,New Jersey,,22217,23074
Nacogdoches,Urban Area,Texas,30877,34546,33732
Nampa,Urban Area,Idaho,95909,151499,177561
Nantucket,Urban Area,Massachusetts,7551,8250,12011
Napa,Urban Area,California,79867,83913,84619
Napoleon,Urban Area,Ohio,9210,8724,8868
Nappanee,Urban Area,Indiana,6947,6937,7250
Nashua,Urban Area,New Hampshire / Massachusetts,205059,226400,242984
Nashville,Urban Area,Georgia,4132,4601,4844
Nashville-Davidson,Urban Area,Tennessee,,969587,1158642
Natchez,Urban Area,Mississippi / Louisiana,31316,28199,25902
Natchitoches,Urban Area,Louisiana,19020,19763,18935
Navarre - Miramar Beach - Destin (incl. Fort Walton Beach),Urban Area,Florida,,191917,226213
Navasota,Urban Area,Texas,7854,8273,7458
Nebraska City,Urban Area,Nebraska,7083,7066,7020
Needles,Urban Area,California / Arizona,,,6739
Nelsonville,Urban Area,Ohio,,,4709
Neosho,Urban Area,Missouri,10478,11955,12580
Nephi,Urban Area,Utah,4531,5249,6330
Nevada,Urban Area,Iowa,6426,6728,6881
Nevada,Urban Area,Missouri,8630,8832,8529
New Albany,Urban Area,Mississippi,6046,6632,6763
Newark,Urban Area,New York,,13799,13568
Newark,Urban Area,Ohio,70001,76068,81223
New Bedford,Urban Area,Massachusetts,146730,149443,155491
Newberg,Urban Area,Oregon,22137,27001,30893
New Bern,Urban Area,North Carolina,38788,50503,47988
Newberry,Urban Area,South Carolina,12120,12046,12342
New Boston,Urban Area,Texas,7874,4707,4502
New Braunfels,Urban Area,Texas,,,100736
New Carlisle,Urban Area,Ohio,,,5507
New Castle,Urban Area,Colorado,2823,5449,5844
New Castle,Urban Area,Indiana,,,18555
New Castle,Urban Area,Pennsylvania,43222,41907,40243
New Freedom - Shrewsbury,Urban Area,Pennsylvania,,,12094
New Haven,Urban Area,Connecticut,531314,562839,561456
New Iberia,Urban Area,Louisiana,,,37897
New Lexington,Urban Area,Ohio,4626,4940,4602
New London,Urban Area,Wisconsin,7621,7643,7804
Newman,Urban Area,California,7408,10223,12387
New Martinsville,Urban Area,West Virginia / Ohio,6666,6138,5608
New Orleans,Urban Area,Louisiana,1080142,899703,914531
New Paltz,Urban Area,New York,,,9969
New Philadelphia - Dover,Urban Area,Ohio,45072,46366,46776
Newport,Urban Area,Arkansas,7062,6288,5947
Newport,Urban Area,Oregon,9292,11188,11731
Newport,Urban Area,Tennessee,11106,11603,11576
New Prague,Urban Area,Minnesota,5122,7850,8156
New Richmond,Urban Area,Wisconsin,6467,8275,9486
New Roads,Urban Area,Louisiana,,,6794
New Tazewell -Tazewell,Urban Area,Tennessee,5143,4598,5374
Newton,Urban Area,Iowa,16252,15655,15943
Newton,Urban Area,Kansas,19318,20654,20378
Newton,Urban Area,New Jersey,,11941,12813
Newton Falls,Urban Area,Ohio,,,6604
New Ulm,Urban Area,Minnesota,13385,13367,13435
New York - Jersey City - Newark,Urban Area,New York / New Jersey,17832182,18351295,19426449
Nice,Urban Area,California,,,8555
Nicholasville,Urban Area,Kentucky,19895,28058,31434
Nipomo,Urban Area,California,,15882,20303
Nogales,Urban Area,Arizona,,,19168
Norfolk,Urban Area,Nebraska,26257,26769,27407
Norman,Urban Area,Oklahoma,86478,103898,120191
North Adams,Urban Area,Massachusetts,,18470,25432
North Bend,Urban Area,Washington,,,11762
North Branch,Urban Area,Minnesota,4336,6447,6368
North East,Urban Area,Pennsylvania,8477,6456,6513
Northfield,Urban Area,Minnesota,18216,21535,22686
North Manchester,Urban Area,Indiana,6281,6031,5188
North Platte,Urban Area,Nebraska,24124,25213,23582
North Vernon,Urban Area,Indiana,,,6936
North Windham,Urban Area,Maine,,,10271
Norwalk,Urban Area,Ohio,20413,20806,19269
Norwich,Urban Area,New York,8505,8265,7740
Norwich - New London,Urban Area,Connecticut,,,167432
Oakdale,Urban Area,California,,,25408
Oakdale,Urban Area,Louisiana,,,6700
Oak Harbor,Urban Area,Washington,30648,33004,37449
Oak Island,Urban Area,North Carolina,6371,11226,15592
Oakland,Urban Area,Tennessee,,7057,9389
Oak Ridge (Jefferson Township North),Urban Area,New Jersey,,,8871
Oberlin,Urban Area,Ohio,,7966,8176
Ocala,Urban Area,Florida,121881,156909,182647
Ocean Park,Urban Area,Washington,2517,3288,5411
Ocean Pines - Ocean City,Urban Area,Maryland / Delaware,27879,33105,37946
Ocean Shores,Urban Area,Washington,3060,5218,6766
Ocean View,Urban Area,Delaware,7330,12342,18025
Odessa,Urban Area,Missouri,4829,5199,5529
Odessa,Urban Area,Texas,111395,126405,154818
Oelwein,Urban Area,Iowa,6424,6994,6585
Ogallala,Urban Area,Nebraska,4556,4424,4721
Ogden - Layton,Urban Area,Utah,438673,546026,608857
Ogdensburg,Urban Area,New York,12668,11344,10246
Oil City,Urban Area,Pennsylvania,,,13666
Okeechobee - Taylor Creek,Urban Area,Florida,20432,25378,26670
Oklahoma City,Urban Area,Oklahoma,747003,861505,982276
Okmulgee,Urban Area,Oklahoma,,,11016
Olean,Urban Area,New York,23497,22324,21144
Olney,Urban Area,Illinois,8717,9177,8642
Olympia - Lacey,Urban Area,Washington,143826,176617,208157
Omaha,Urban Area,Nebraska / Iowa,629601,725008,819508
Omak,Urban Area,Washington,8466,8229,8165
Oneida,Urban Area,New York,,,12481
Oneonta,Urban Area,Alabama,4578,5374,5624
Oneonta,Urban Area,New York,15773,17229,16028
Ontario - Payette,Urban Area,Oregon / Idaho,24213,25539,27806
Opelousas,Urban Area,Louisiana,30946,25534,23498
Opp,Urban Area,Alabama,4351,4806,5325
Orange,Urban Area,Texas,,,40796
Orange,Urban Area,Virginia,4032,4902,4802
Orangeburg,Urban Area,South Carolina,,,29072
Orange City,Urban Area,Iowa,6499,6842,7093
Orange Cove,Urban Area,California,7720,9774,9716
Orangetree,Urban Area,Florida,,7624,9791
Oregon,Urban Area,Wisconsin,7851,11059,11551
Orland,Urban Area,California,7575,9282,9422
Orlando,Urban Area,Florida,1185401,1510516,1853896
Oronoko - Berrien Springs,Urban Area,Michigan,9714,7358,6725
Orosi,Urban Area,California,,,12795
Oroville,Urban Area,California,34474,37122,40190
Orrville,Urban Area,Ohio,8835,8563,8703
Osage Beach,Urban Area,Missouri,,3706,6668
Osceola,Urban Area,Arkansas,,,6244
Osceola,Urban Area,Iowa,4264,4819,5283
Oscoda - Au Sable,Urban Area,Michigan,7082,6384,8558
Oshkosh,Urban Area,Wisconsin,71070,74495,76190
Oskaloosa,Urban Area,Iowa,12122,12545,12541
Oswego,Urban Area,New York,,,24421
Othello,Urban Area,Washington,7862,11207,10865
Otsego - Plainwell,Urban Area,Michigan,10871,11740,11819
Ottawa,Urban Area,Illinois,20235,20612,20122
Ottawa,Urban Area,Kansas,11735,12450,12461
Ottawa,Urban Area,Ohio,5267,5270,5418
Ottumwa,Urban Area,Iowa,25218,24771,25019
Owatonna,Urban Area,Minnesota,22245,25394,26278
Owego,Urban Area,New York,,,4365
Owensboro,Urban Area,Kentucky,67665,70543,76433
Owosso,Urban Area,Michigan,22719,22426,22329
Oxford,Urban Area,Mississippi,19410,25768,33518
Oxford,Urban Area,North Carolina,9234,9174,8925
Oxford,Urban Area,Ohio,21954,21376,23221
Oxford,Urban Area,Pennsylvania,,,9925
Oxnard - San Buenaventura,Urban Area,California,337591,367260,376117
Ozark,Urban Area,Alabama,,12066,12218
Pacific,Urban Area,Missouri,,,8522
Paducah,Urban Area,Kentucky / Illinois,48035,48791,50833
Page,Urban Area,Arizona,6521,6665,7022
Pagosa Springs,Urban Area,Colorado,3604,4909,5632
Pahokee,Urban Area,Florida,8545,7179,6683
Pahrump,Urban Area,Nevada,14719,28446,37498
Paintsville,Urban Area,Kentucky,6171,6027,5717
Palatka,Urban Area,Florida,,,20032
Palestine,Urban Area,Texas,17967,19254,18615
Palm Bay - Melbourne,Urban Area,Florida,393289,452791,510675
Palmdale - Lancaster,Urban Area,California,263532,341219,359559
Palmyra,Urban Area,New York,,,4477
Palmyra,Urban Area,Pennsylvania,,,3772
Pampa,Urban Area,Texas,18322,18166,16865
Pana,Urban Area,Illinois,,,5309
Panama City - Panama City Beach,Urban Area,Florida,132419,149097,162060
Panther Valley,Urban Area,New Jersey,,,4279
Paola,Urban Area,Kansas,5182,5399,5553
Paragould,Urban Area,Arkansas,19270,24620,25089
Paris,Urban Area,Illinois,9376,8953,8316
Paris,Urban Area,Kentucky,10691,11042,11269
Paris,Urban Area,Tennessee,10240,10642,10303
Paris,Urban Area,Texas,26142,26349,26292
Park City - Snyderville,Urban Area,Utah,8574,13352,16168
Parker,Urban Area,Arizona / California,4627,4768,5329
Parkersburg,Urban Area,West Virginia / Ohio,,67229,62500
Parlier,Urban Area,California,11138,14490,14522
Parsons,Urban Area,Kansas,11212,10298,9433
Pascagoula - Gautier,Urban Area,Mississippi,54190,54385,51454
Patterson,Urban Area,California,12121,20781,23660
Pauls Valley,Urban Area,Oklahoma,5895,5835,5608
Paw Paw,Urban Area,Michigan,,,5662
Paw Paw Lake,Urban Area,Michigan,,,7526
Paxton,Urban Area,Illinois,4802,4916,4528
Payson,Urban Area,Arizona,10703,14210,17022
Payson - Santaquin,Urban Area,Utah,,,31132
Pea Ridge,Urban Area,Arkansas,,,6026
Pearsall,Urban Area,Texas,8227,9460,9063
Pecan Plantation,Urban Area,Texas,4402,6366,6831
Pecos,Urban Area,Texas,10819,11785,13081
Peculiar,Urban Area,Missouri,,,5564
Pella,Urban Area,Iowa,9287,9745,10160
Pell City,Urban Area,Alabama,3978,11096,11500
Pembroke,Urban Area,North Carolina,,,5694
Pendleton,Urban Area,Oregon,17310,17216,17488
Pennsburg - Upper Hanover - East Greenville,Urban Area,Pennsylvania,,,17239
Penn Yan,Urban Area,New York,6536,6777,8399
Pensacola,Urban Area,Florida / Alabama,323783,340067,390172
Peoria,Urban Area,Illinois,259437,266921,259781
Pepperell,Urban Area,Massachusetts,,,6103
Perry,Urban Area,Florida,6565,6933,6531
Perry,Urban Area,Georgia,,,14884
Perry,Urban Area,Iowa,7740,7628,7628
Perry,Urban Area,New York,4419,3688,4066
Perry,Urban Area,Oklahoma,5155,5052,4445
Perryton,Urban Area,Texas,7727,8801,8391
Perryville,Urban Area,Missouri,7826,8419,8062
Peru,Urban Area,Indiana,15648,13095,12458
Peru - LaSalle,Urban Area,Illinois,28697,32048,29763
Petaluma,Urban Area,California,59958,64078,65227
Petoskey,Urban Area,Michigan,8158,8210,12233
Philadelphia,Urban Area,Mississippi,6613,7759,7114
Philadelphia (incl. Pottstown),Urban Area,Pennsylvania / New Jersey / Delaware / Maryland,5190255,5549249,5696125
Philipsburg,Urban Area,Pennsylvania,8737,10015,9379
Phoenix - Mesa - Scottsdale,Urban Area,Arizona,2934703,3629114,3976313
Phoenix West - Goodyear - Avondale,Urban Area,Arizona,73248,197041,419946
Picayune,Urban Area,Mississippi,14773,16792,16301
Pickens,Urban Area,South Carolina,,,5068
Pierre,Urban Area,South Dakota,13982,14425,14755
Pikeville,Urban Area,Kentucky,5624,7936,10710
Pine Bluff,Urban Area,Arkansas,58584,53495,46683
Pinehurst - Magnolia,Urban Area,Texas,,3195,9667
Pinehurst - Southern Pines,Urban Area,North Carolina,30653,39786,50319
Pinetop-Lakeside,Urban Area,Arizona,8614,8805,9393
Piqua,Urban Area,Ohio,21246,21104,20890
Pittsburg,Urban Area,Kansas,21508,22918,23120
Pittsburgh,Urban Area,Pennsylvania,1786041,1733853,1745039
Pittsfield,Urban Area,Massachusetts,,,50720
Placerville - Diamond Springs,Urban Area,California,,,23291
Plainview,Urban Area,Texas,,,22615
Platte City,Urban Area,Missouri,4578,8958,10707
Platteville,Urban Area,Wisconsin,10012,11236,11838
Plattsburgh,Urban Area,New York,27076,29438,28958
Plattsmouth,Urban Area,Nebraska,,6596,6655
Pleasant Hill,Urban Area,Missouri,5533,8049,8737
Pleasanton,Urban Area,Texas,11904,12468,13983
Plumas Lake,Urban Area,California,,5252,7337
Plymouth,Urban Area,Indiana,11942,12498,12279
Plymouth,Urban Area,New Hampshire,3957,4959,6166
Plymouth,Urban Area,Wisconsin,8476,8799,9011
Pocahontas,Urban Area,Arkansas,5756,5854,7164
Pocatello,Urban Area,Idaho,62498,69809,72211
Poinciana,Urban Area,Florida,11846,41922,53267
Poinciana Southwest,Urban Area,Florida,,5501,16966
Point Pleasant - Gallipolis,Urban Area,West Virginia / Ohio,12493,11217,10544
Point Roberts,Urban Area,Washington,,,1191
Polk City,Urban Area,Iowa,,3122,5375
Polson,Urban Area,Montana,4247,4763,5564
Ponca City,Urban Area,Oklahoma,26382,26047,24990
Pontiac,Urban Area,Illinois,,,11078
Poolesville,Urban Area,Maryland,4740,4620,5685
Poplar Bluff,Urban Area,Missouri,19282,20463,20449
Portage,Urban Area,Pennsylvania,,,5661
Portage,Urban Area,Wisconsin,9841,10391,10555
Portales,Urban Area,New Mexico,11625,12610,12202
Port Angeles,Urban Area,Washington,21434,22863,24445
Port Arthur,Urban Area,Texas,,,116819
Port Charlotte - North Port,Urban Area,Florida,122421,169541,199998
Porterville,Urban Area,California,60261,70272,69862
Port Hadlock-Irondale,Urban Area,Washington,3804,4305,5372
Port Huron,Urban Area,Michigan,86486,87106,82226
Port Isabel - South Padre Island - Laguna Vista,Urban Area,Texas,12535,14950,12413
Port Jervis,Urban Area,New York / Pennsylvania,14392,16787,16187
Portland,Urban Area,Indiana,6804,6006,6364
Portland,Urban Area,Maine,196017,203914,205356
Portland,Urban Area,Michigan,4082,5020,5263
Portland,Urban Area,Oregon / Washington,1583138,1849898,2104238
Portland,Urban Area,Tennessee / Kentucky,8489,10869,12285
Port Lavaca,Urban Area,Texas,12076,11817,12055
Portsmouth (incl. Kennebunk),Urban Area,New Hampshire / Maine,,96440,95090
Portsmouth,Urban Area,Ohio / Kentucky,39343,36232,35346
Port St. Lucie,Urban Area,Florida,270774,376047,437745
Port Townsend,Urban Area,Washington,7785,8400,10042
Poteau,Urban Area,Oklahoma,7326,7791,7826
Potsdam,Urban Area,New York,,,8237
Pottsville,Urban Area,Pennsylvania,,,29600
Poughkeepsie - Newburgh,Urban Area,New York,,,314766
Powell,Urban Area,Wyoming,5704,6389,6485
Prairie du Chien,Urban Area,Wisconsin / Iowa,7341,6872,6119
Prairie du Sac - Sauk City,Urban Area,Wisconsin,6743,7733,7846
Prairie Grove,Urban Area,Arkansas,2541,3213,5496
Pratt,Urban Area,Kansas,6407,6546,6589
Prescott - Prescott Valley,Urban Area,Arizona,65583,84744,92427
Prescott Valley East,Urban Area,Arizona,,,7229
Presque Isle,Urban Area,Maine,6081,6081,5361
Prestonsburg,Urban Area,Kentucky,5418,5965,6271
Price,Urban Area,Utah,12683,14187,13346
Princess Anne,Urban Area,Maryland,,,6406
Princeton,Urban Area,Illinois,7555,8043,7979
Princeton,Urban Area,Indiana,8354,8645,8343
Princeton,Urban Area,Kentucky,6166,5890,6058
Princeton,Urban Area,Minnesota,3967,4942,4956
Princeton,Urban Area,Texas,,,18184
Princeville,Urban Area,Hawaii,,2653,2544
Prineville,Urban Area,Oregon,10290,10905,12407
Prosser,Urban Area,Washington,,,6589
Providence,Urban Area,Rhode Island / Massachusetts,1174548,1190956,1285806
Provincetown,Urban Area,Massachusetts,3431,3152,5698
Provo - Orem,Urban Area,Utah,340956,482819,588609
Pryor Creek,Urban Area,Oklahoma,8270,9325,9436
Pueblo,Urban Area,Colorado,,,120642
Pueblo West,Urban Area,Colorado,,,25413
Pukalani - Haiku-Pauwela - Makawao,Urban Area,Hawaii,,,23305
Pulaski,Urban Area,Tennessee,7900,7741,8158
Pulaski,Urban Area,Virginia,,16066,16588
Pullman,Urban Area,Washington,24688,29729,32691
Punxsutawney,Urban Area,Pennsylvania,7470,6394,6199
Pupukea,Urban Area,Hawaii,14893,13770,15509
Purcell,Urban Area,Oklahoma,7166,6877,7327
Purcellville,Urban Area,Virginia,6303,11951,16475
Putnam - Killingly,Urban Area,Connecticut,,,34582
Quartzsite,Urban Area,Arizona,,,2280
Quincy,Urban Area,Florida,10042,9292,8541
Quincy,Urban Area,Illinois,45326,45228,43427
Quincy,Urban Area,Washington,5212,6986,7846
Racine,Urban Area,Wisconsin,129545,133700,134877
Radford,Urban Area,Virginia,,,19521
Rainbow Springs (Rainbow Lakes Estates),Urban Area,Florida,4515,5155,4667
Raleigh,Urban Area,North Carolina,563157,884891,1106646
Ramona,Urban Area,California,,,14837
Rancho Calaveras,Urban Area,California,4142,7457,8164
Ranson - Charles Town,Urban Area,West Virginia,10506,21019,21569
Rantoul,Urban Area,Illinois,14472,14071,13654
Rapid City,Urban Area,South Dakota,66780,81251,85679
Rathdrum,Urban Area,Idaho,4730,6539,9241
Raton,Urban Area,New Mexico,6879,6551,5629
Ravena - Bethlehem,Urban Area,New York,,5358,9346
Rawlins,Urban Area,Wyoming,8894,9272,7700
Raymond,Urban Area,New Hampshire,,,5266
Raymondville,Urban Area,Texas,,,12986
Rayne,Urban Area,Louisiana,9105,9385,8493
Reading,Urban Area,Pennsylvania,249445,266254,276278
Red Bluff,Urban Area,California,17633,18434,19826
Redding,Urban Area,California,105267,117731,120602
Redmond,Urban Area,Oregon,15029,27685,33293
Red Oak,Urban Area,Iowa,6180,5597,5516
Red Wing,Urban Area,Minnesota,14774,14367,14857
Redwood Falls,Urban Area,Minnesota,5229,4958,4608
Reedley - Dinuba,Urban Area,California,38662,46247,49614
Reedsburg,Urban Area,Wisconsin,7855,9190,10067
Reedsport,Urban Area,Oregon,4613,4487,4503
Reidsville,Urban Area,North Carolina,14346,14067,14653
Reno,Urban Area,Nevada / California,306440,392141,446529
Rensselaer,Urban Area,Indiana,6096,6048,5509
Republic,Urban Area,Missouri,,,18446
Rexburg,Urban Area,Idaho,19110,26852,41330
Rhinelander,Urban Area,Wisconsin,9645,9010,9738
Rice Lake,Urban Area,Wisconsin,9374,9507,10156
Richfield,Urban Area,Utah,6797,7340,8393
Richland Center,Urban Area,Wisconsin,4972,5021,4924
Richlands,Urban Area,Virginia,9176,9588,8746
Richmond,Urban Area,Indiana / Ohio,45245,44136,43130
Richmond,Urban Area,Kentucky,30389,35540,42999
Richmond,Urban Area,Michigan,5103,6140,6034
Richmond,Urban Area,Missouri,5931,5307,5857
Richmond,Urban Area,Virginia,818836,953556,1059150
Ridgecrest,Urban Area,California,27274,31155,29307
Ridgefield,Urban Area,Connecticut,,,25683
Ridgefield,Urban Area,Washington,,4259,10356
Ridgway,Urban Area,Pennsylvania,4705,4410,4259
Rifle,Urban Area,Colorado,8012,10479,11469
Rigby,Urban Area,Idaho,3574,8729,10283
Rincon,Urban Area,Georgia,6524,12111,14113
Rio Grande City - Roma,Urban Area,Texas,42013,46344,47070
Rio Verde,Urban Area,Arizona,,,2765
Rio Vista,Urban Area,California,4064,7097,9942
Ripley,Urban Area,Tennessee,,,6922
Ripon,Urban Area,California,,,15829
Ripon,Urban Area,Wisconsin,7017,7930,8059
Rising Sun,Urban Area,Maryland,,,5788
River Falls,Urban Area,Wisconsin,12908,15351,16344
Riverhead - Southold,Urban Area,New York,,,51120
Riverside - San Bernardino,Urban Area,California,1511713,1932666,2276703
Riverton,Urban Area,Wyoming,10432,12265,11234
Roanoke,Urban Area,Virginia,197442,210111,217312
Roanoke Rapids,Urban Area,North Carolina,23730,24450,23400
Roaring Spring,Urban Area,Pennsylvania,,,6239
Robertsdale,Urban Area,Alabama,4650,7601,7429
Robinson,Urban Area,Illinois,,,6134
Robstown,Urban Area,Texas,13579,11991,10775
Rochelle,Urban Area,Illinois,11306,11342,11013
Rochester,Urban Area,Indiana,7354,7309,7333
Rochester,Urban Area,Minnesota,91271,107677,121587
Rochester,Urban Area,New York,718867,720572,704327
Rockaway Beach,Urban Area,Oregon,,,1761
Rockdale,Urban Area,Texas,6028,5459,5464
Rockford,Urban Area,Illinois,270414,296863,276443
Rock Hill,Urban Area,South Carolina,70007,104996,218443
Rockingham,Urban Area,North Carolina,25552,25404,23833
Rockland,Urban Area,Maine,10619,8775,9868
Rockmart,Urban Area,Georgia,6210,7646,7743
Rockport,Urban Area,Texas,13934,16322,16217
Rock Springs,Urban Area,Wyoming,21555,26352,25853
Rocky Mount,Urban Area,North Carolina,65629,68243,63297
Rocky Mount,Urban Area,Virginia,,,5411
Rogersville,Urban Area,Tennessee,5144,6444,6154
Rolla,Urban Area,Missouri,16919,20160,20610
Rome,Urban Area,Georgia,58287,60851,60403
Rome,Urban Area,New York,,,29222
Roosevelt,Urban Area,Utah,3994,5915,6316
Rosamond,Urban Area,California,12077,16000,17538
Roseburg,Urban Area,Oregon,38212,41700,43484
Roswell,Urban Area,New Mexico,47176,49727,48831
Round Lake Beach - McHenry - Grayslake,Urban Area,Illinois / Wisconsin,,,261835
Roxboro,Urban Area,North Carolina,9731,9660,9500
Roxborough Park,Urban Area,Colorado,4071,8503,9090
Royse City,Urban Area,Texas,,,13922
Ruidoso,Urban Area,New Mexico,9331,9596,11042
Rumford,Urban Area,Maine,5683,4987,5585
Running Springs,Urban Area,California,4941,4811,5313
Rupert,Urban Area,Idaho,5764,6346,6534
Rushville,Urban Area,Indiana,7301,6738,6469
Russell,Urban Area,Kansas,4331,4108,4066
Russells Point,Urban Area,Ohio,7657,6523,6451
Russellville,Urban Area,Alabama,9151,9866,9939
Russellville,Urban Area,Arkansas,26635,32733,31870
Russellville,Urban Area,Kentucky,6815,6714,6641
Ruston,Urban Area,Louisiana,26967,27724,28839
Rutland,Urban Area,Vermont,20501,19840,19550
Sacramento,Urban Area,California,1425794,1723634,1946618
Safford,Urban Area,Arizona,14862,19151,18331
Saginaw,Urban Area,Michigan,140985,126265,116058
Sahuarita,Urban Area,Arizona,,,17276
Salamanca,Urban Area,New York,6471,5738,6375
Salem,Urban Area,Illinois,,,7153
Salem,Urban Area,Indiana,6340,6544,6617
Salem,Urban Area,Missouri,5012,4921,4684
Salem,Urban Area,New Jersey,6555,5724,5927
Salem,Urban Area,Ohio,,,15924
Salem,Urban Area,Oregon,210498,240324,268331
Salida,Urban Area,Colorado,,,5953
Salina,Urban Area,Kansas,45654,47493,46547
Salinas,Urban Area,California,,,177532
Salisbury,Urban Area,Maryland / Delaware,,,78075
Sallisaw,Urban Area,Oklahoma,6710,8179,7513
Salt Lake City,Urban Area,Utah,887650,1021243,1178533
San Angelo,Urban Area,Texas,87969,92984,99982
San Antonio,Urban Area,Texas,1371700,1758210,1992689
Sandersville,Urban Area,Georgia,7111,7288,7097
San Diego,Urban Area,California,2681237,2956746,3070300
San Diego Country Estates,Urban Area,California,,,7002
Sandpoint,Urban Area,Idaho,8312,10840,12824
Sandusky - Port Clinton,Urban Area,Ohio,61618,62339,61743
Sandy,Urban Area,Oregon,6037,9954,13173
Sanford,Urban Area,Maine,15286,13584,15067
Sanford,Urban Area,North Carolina,25151,33120,36641
San Francisco - Oakland,Urban Area,California,3228605,3281212,3269385
Sanger,Urban Area,California,20541,26604,27325
Sanger,Urban Area,Texas,4477,5972,8279
San Jose,Urban Area,California,1538312,1664496,1837446
San Luis,Urban Area,Arizona,12990,24091,24790
San Luis Obispo,Urban Area,California,53498,59219,56904
San Marcos,Urban Area,Texas,,52826,70801
San Rafael - Novato,Urban Area,California,,,246548
Santa Barbara,Urban Area,California,196263,195861,202197
Santa Clarita,Urban Area,California,189233,258653,278031
Santa Cruz,Urban Area,California,157348,163703,169038
Santa Fe,Urban Area,New Mexico,80337,89284,94241
Santa Maria,Urban Area,California,,130447,143609
Santa Paula,Urban Area,California,29070,29742,30675
Santa Rosa,Urban Area,California,,,297329
Saranac Lake,Urban Area,New York,,,5163
Saratoga Springs,Urban Area,New York,51172,64100,75684
Sauk Centre,Urban Area,Minnesota,3851,4253,4849
Sault Ste. Marie,Urban Area,Michigan,16437,13114,12877
Savannah,Urban Area,Georgia,225129,265845,309466
Savannah,Urban Area,Missouri,4621,5138,5253
Savannah,Urban Area,Tennessee,7883,8347,8828
Sayre - Waverly,Urban Area,Pennsylvania / New York,18209,17991,17262
Scappoose,Urban Area,Oregon,,,9652
Schuyler,Urban Area,Nebraska,5346,6255,6522
Schuylkill Haven - Orwigsburg,Urban Area,Pennsylvania,,,14265
Scott City,Urban Area,Missouri,5199,5216,4949
Scottsbluff,Urban Area,Nebraska,24525,25946,25104
Scottsboro,Urban Area,Alabama,10080,10069,10791
Scottsburg,Urban Area,Indiana,,,7578
Scottsville,Urban Area,Kentucky,3927,4251,4637
Scranton,Urban Area,Pennsylvania,385237,381502,366713
Seabrook Island,Urban Area,South Carolina,,,3371
Seaford - Laurel - Bridgeville,Urban Area,Delaware,,,29147
Sealy,Urban Area,Texas,4773,5562,6385
Searcy,Urban Area,Arkansas,22415,25979,26652
Seaside,Urban Area,Oregon,7420,8489,9183
Seaside - Monterey - Pacific Grove,Urban Area,California,125503,114237,123495
Seattle - Tacoma,Urban Area,Washington,2712205,3059393,3544011
Sebastopol,Urban Area,California,,,18734
Sebring - Avon Park,Urban Area,Florida,45123,61625,63297
Sedalia,Urban Area,Missouri,24291,26178,26043
Sedona,Urban Area,Arizona,7827,6761,9190
Seguin,Urban Area,Texas,,24122,28998
Selma,Urban Area,Alabama,24775,23821,21207
Selma,Urban Area,California,,,32546
Seminole,Urban Area,Oklahoma,5640,5931,6283
Seminole,Urban Area,Texas,5912,6477,7068
Senatobia,Urban Area,Mississippi,7866,6531,6817
Seneca,Urban Area,South Carolina,,,23105
Sequim,Urban Area,Washington,9022,19286,24864
Severance,Urban Area,Colorado,,2670,6408
Sevierville,Urban Area,Tennessee,16728,22108,34032
Seward,Urban Area,Nebraska,6288,6636,7473
Seymour,Urban Area,Indiana,20300,20695,24247
Seymour,Urban Area,Tennessee,,,15219
Shafter,Urban Area,California,13668,18098,19278
Shamokin - Mount Carmel,Urban Area,Pennsylvania,28997,30185,28461
Sharon - Hermitage,Urban Area,Pennsylvania / Ohio,,,42169
Shawano,Urban Area,Wisconsin,9412,10527,12229
Shawnee,Urban Area,Oklahoma,31696,34255,34245
Sheboygan,Urban Area,Wisconsin,68600,71313,74369
Shelby,Urban Area,North Carolina,26207,27374,25955
Shelby,Urban Area,Ohio,10119,9305,9317
Shelbyville,Urban Area,Illinois,5124,4974,4872
Shelbyville,Urban Area,Indiana,19198,20795,21208
Shelbyville,Urban Area,Kentucky,13448,20621,23143
Shelbyville,Urban Area,Tennessee,15362,20005,22552
Sheldon,Urban Area,Iowa,4612,4887,5381
Shelley,Urban Area,Idaho,3978,4701,5109
Shelton,Urban Area,Washington,,,14907
Shenandoah,Urban Area,Iowa,5574,5203,4872
Shenandoah - Frackville,Urban Area,Pennsylvania,,,12025
Sheridan,Urban Area,Arkansas,3765,4458,4710
Sheridan,Urban Area,Oregon,,,6464
Sheridan,Urban Area,Wyoming,17046,18786,19430
Sherman - Denison,Urban Area,Texas,56168,61900,66691
Shinnston,Urban Area,West Virginia,,,4361
Shippensburg,Urban Area,Pennsylvania,12832,17008,17014
Shiprock,Urban Area,New Mexico,6469,6669,6190
Show Low,Urban Area,Arizona,,10409,12173
Shreveport,Urban Area,Louisiana,275213,298317,288052
Sidney,Urban Area,Montana,5253,5438,6522
Sidney,Urban Area,Nebraska,6134,6373,6232
Sidney,Urban Area,New York,,,4247
Sidney,Urban Area,Ohio,20437,21956,20734
Sierra Vista,Urban Area,Arizona,46941,52745,54274
Sikeston,Urban Area,Missouri,17696,16536,17683
Siler City,Urban Area,North Carolina,7778,9076,8616
Siloam Springs,Urban Area,Arkansas / Oklahoma,14143,19326,18027
Silsbee,Urban Area,Texas,8994,9531,9234
Silver City,Urban Area,New Mexico,11950,12705,11817
Silver Creek,Urban Area,New York,4234,3799,3566
Silver Lakes,Urban Area,California,3980,5394,5908
Silverthorne - Keystone,Urban Area,Colorado,,,13867
Silverton,Urban Area,Oregon,,9614,10909
Simi Valley,Urban Area,California,112345,125206,127364
Sinton,Urban Area,Texas,6127,6071,5661
Sioux Center,Urban Area,Iowa,5244,6649,8222
Sioux City,Urban Area,Iowa / Nebraska / South Dakota,106119,106494,113066
Sioux Falls,Urban Area,South Dakota,124269,156777,194283
Sitka,Urban Area,Alaska,7322,7027,7668
Skiatook,Urban Area,Oklahoma,5132,6768,7342
Skowhegan,Urban Area,Maine,4964,4751,4795
Slatington,Urban Area,Pennsylvania,,,8362
Slaton,Urban Area,Texas,6056,5938,5678
Slidell,Urban Area,Louisiana,79926,91151,91587
Slippery Rock,Urban Area,Pennsylvania,5438,6716,7226
Smithfield,Urban Area,North Carolina,,,21921
Smithfield,Urban Area,Virginia,8197,10215,9725
Smithville,Urban Area,Tennessee,3559,4050,4825
Smithville,Urban Area,Missouri,,,9684
Snoqualmie,Urban Area,Washington,,,17070
Snowflake,Urban Area,Arizona,,,5342
Snowmass Village,Urban Area,Colorado,,,2392
Snyder,Urban Area,Texas,10957,11557,11547
Socorro,Urban Area,New Mexico,8399,8991,8122
Soldotna,Urban Area,Alaska,,,4646
Soledad,Urban Area,California,,,18946
Solvang - Santa Ynez,Urban Area,California,,,10295
Somerset,Urban Area,Kentucky,22594,29042,30832
Somerset,Urban Area,Pennsylvania,,,10098
Somerton,Urban Area,Arizona,,,13847
Sonoma,Urban Area,California,31487,32678,31479
Sonora - Twain Harte,Urban Area,California,25033,28255,29013
Sonterra,Urban Area,Texas,,,9024
South Bend,Urban Area,Indiana / Michigan,276498,278165,278921
South Berwick,Urban Area,Maine / New Hampshire,,,5584
South Boston,Urban Area,Virginia,,,7413
Southbridge Town,Urban Area,Massachusetts,,,20789
South Haven,Urban Area,Michigan,6632,5791,6357
South Hill,Urban Area,Virginia,4570,4834,5076
South Lake Tahoe,Urban Area,California / Nevada,35262,29107,31363
South Lyon - Hamburg - Genoa,Urban Area,Michigan,106139,119509,145963
South Paris,Urban Area,Maine,3887,4780,4371
South Pittsburg - Bridgeport,Urban Area,Tennessee / Alabama,,5373,4687
Sparta,Urban Area,Michigan,,4041,5630
Sparta,Urban Area,Tennessee,4089,5449,5691
Sparta,Urban Area,Wisconsin,8866,9907,10185
Spartanburg,Urban Area,South Carolina,145058,180786,196943
Spearfish,Urban Area,South Dakota,10354,11459,13206
Spencer,Urban Area,Iowa,10927,10952,10967
Spencer,Urban Area,Massachusetts,,,8196
Spicer - New London,Urban Area,Minnesota,3052,3188,3358
Spirit Lake,Urban Area,Iowa,11434,10826,12956
Spokane,Urban Area,Washington,347037,387847,447279
Spout Springs,Urban Area,North Carolina,3844,14488,18281
Springfield,Urban Area,Illinois,153516,161316,159265
Springfield,Urban Area,Massachusetts / Connecticut,,,442145
Springfield,Urban Area,Missouri,,,282651
Springfield,Urban Area,Ohio,89684,85256,82369
Springfield,Urban Area,Tennessee,,17357,18430
Springfield,Urban Area,Vermont,4979,4872,5140
Spring Hill (Brooksville),Urban Area,Florida,102193,148220,169050
Spring Hill,Urban Area,Kansas,2707,5452,7344
Springhill,Urban Area,Louisiana,6365,6012,5931
Spring Hill,Urban Area,Tennessee,6389,31208,60309
Stafford Springs,Urban Area,Connecticut,5937,5581,5107
St. Albans,Urban Area,Vermont,9762,9054,11368
Stansbury Park,Urban Area,Utah,2989,9061,12804
Stanwood,Urban Area,Washington,5047,6289,7678
Star,Urban Area,Idaho,,5751,10673
Starke,Urban Area,Florida,5631,5676,6486
Starkville,Urban Area,Mississippi,25973,30307,32812
State College,Urban Area,Pennsylvania,71301,87454,83674
Statesboro,Urban Area,Georgia,26605,36314,44488
Statesville,Urban Area,North Carolina,,,39829
St. Augustine,Urban Area,Florida,53519,69173,91786
Staunton,Urban Area,Illinois,,,4866
Staunton - Waynesboro,Urban Area,Virginia,53212,56611,59065
Stayton,Urban Area,Oregon,9027,10291,11122
St. Clair,Urban Area,Missouri,5261,5971,6303
St. Cloud,Urban Area,Minnesota,91305,110621,117638
Steamboat Springs,Urban Area,Colorado,9970,12888,14455
Ste. Genevieve,Urban Area,Missouri,4205,4329,4988
Stephenville,Urban Area,Texas,15140,16796,20852
Sterling,Urban Area,Colorado,,,12278
Sterling,Urban Area,Illinois,30595,28827,27602
Steubenville - Weirton,Urban Area,Ohio / West Virginia / Pennsylvania,,,64981
Stevens Point,Urban Area,Wisconsin,40983,44223,44185
Stevensville - Chester - Romancoke,Urban Area,Maryland,,,18874
Stewartville,Urban Area,Minnesota,5398,5877,6635
St. Francis,Urban Area,Minnesota,2916,6212,6157
St. George,Urban Area,Utah,62630,98370,134109
St. Helen,Urban Area,Michigan,,,2522
St. Helena,Urban Area,California,6793,6727,6086
St. Helens,Urban Area,Oregon,,,19112
St. Ignace,Urban Area,Michigan,2801,2531,3457
Stillwater,Urban Area,Minnesota / Wisconsin,,,31474
Stillwater,Urban Area,Oklahoma,38288,44515,48237
St. James,Urban Area,North Carolina,,2604,7029
St. James City,Urban Area,Florida,,,2055
St. Johns,Urban Area,Michigan,7712,8425,8370
St. Johnsbury,Urban Area,Vermont,4703,5073,4883
St. Joseph,Urban Area,Missouri / Kansas,77231,81176,77187
St. Louis,Urban Area,Missouri / Illinois,2086746,2150706,2156323
St. Martinville,Urban Area,Louisiana,,,6399
St. Marys,Urban Area,Ohio,9288,9373,9452
St. Marys,Urban Area,Pennsylvania,10613,9585,9402
Stockton,Urban Area,California,313392,370583,414847
Storm Lake,Urban Area,Iowa,10635,11364,11860
Storrs,Urban Area,Connecticut,,,17747
Stoughton,Urban Area,Wisconsin,,,15511
St. Peter,Urban Area,Minnesota,10278,11634,12145
Strasburg,Urban Area,Virginia,4249,7015,7572
Streator,Urban Area,Illinois,18447,17797,16209
Sturgeon Bay,Urban Area,Wisconsin,8795,8617,9429
Sturgis,Urban Area,Michigan,13468,13040,11943
Sturgis,Urban Area,South Dakota,6451,6583,7076
Stuttgart,Urban Area,Arkansas,9770,9233,8132
Suffolk,Urban Area,Virginia,,,42480
Sugarmill Woods,Urban Area,Florida,,8816,12948
Sullivan,Urban Area,Illinois,4541,4567,4414
Sullivan,Urban Area,Indiana,4855,4518,4874
Sullivan,Urban Area,Missouri,,,7227
Sullivan - Sylvan Beach,Urban Area,New York,,3451,3251
Sulphur,Urban Area,Oklahoma,4658,4733,4847
Sulphur Springs,Urban Area,Texas,13064,14196,14683
Sultan,Urban Area,Washington,,,5665
Summerset,Urban Area,South Dakota,,,5325
Summerville,Urban Area,Georgia,11122,11041,10227
Summit Park,Urban Area,Utah,5727,6088,7317
Sumter,Urban Area,South Carolina,64320,73107,68825
Sunbury,Urban Area,Ohio,,,7017
Sunbury,Urban Area,Pennsylvania,27422,29541,28249
Sunderland - South Deerfield,Urban Area,Massachusetts,,5028,5048
Sunnyside,Urban Area,Washington,15884,17327,17140
Susanville,Urban Area,California,,,8995
Sutherlin,Urban Area,Oregon,7788,8653,9656
Swainsboro,Urban Area,Georgia,6793,7484,7251
Swansboro - Cedar Point,Urban Area,North Carolina,,16335,20542
Swatara (Jonestown - Fredericksburg),Urban Area,Pennsylvania,,,6312
Sweet Home,Urban Area,Oregon,8350,9569,10088
Sweetwater,Urban Area,Tennessee,4951,5430,6468
Sweetwater,Urban Area,Texas,11205,10247,10372
Sylacauga,Urban Area,Alabama,18616,17991,16980
Sylva,Urban Area,North Carolina,,,5118
Sylvester,Urban Area,Georgia,6589,6685,6146
Syracuse,Urban Area,Indiana,5660,6908,7393
Syracuse,Urban Area,New York,402267,412317,413660
Taft,Urban Area,California,13302,14985,15022
Tahlequah,Urban Area,Oklahoma,16614,18521,17975
Talladega,Urban Area,Alabama,14640,13493,12609
Tallahassee,Urban Area,Florida,204260,240223,252934
Tallulah,Urban Area,Louisiana,,,6988
Tama,Urban Area,Iowa,5024,4904,5263
Tamaqua,Urban Area,Pennsylvania,16915,15200,15158
Tampa - St. Petersburg,Urban Area,Florida,2097378,2441770,2783045
Taneytown,Urban Area,Maryland,5102,6599,7158
Taos,Urban Area,New Mexico,12121,13686,15665
Tarboro,Urban Area,North Carolina,,,12059
Taylor,Urban Area,Texas,12956,14436,15147
Taylorville,Urban Area,Illinois,,,11525
Tazewell,Urban Area,Virginia,4519,4950,4666
Tea,Urban Area,South Dakota,,3784,5595
Tecumseh,Urban Area,Michigan,,,13684
Tehachapi - Golden Hills,Urban Area,California,12990,16540,17298
Tell City,Urban Area,Indiana / Kentucky,9901,9610,9541
Tellico Village,Urban Area,Tennessee,,,7156
Telluride - Mountain Village,Urban Area,Colorado,,,4587
Temecula - Murrieta - Menifee,Urban Area,California,229810,441546,528991
Temple,Urban Area,Texas,71937,90390,114632
Terre Haute,Urban Area,Indiana,,,79862
Terrell,Urban Area,Texas,11392,14834,16581
Texarkana,Urban Area,Texas / Arkansas,72288,78162,78744
The Dalles,Urban Area,Oregon,16568,17665,17398
The Pinery,Urban Area,Colorado,,,14662
The Villages - Lady Lake,Urban Area,Florida,60190,112991,161736
The Woodlands - Conroe,Urban Area,Texas,136237,239938,402454
Thief River Falls,Urban Area,Minnesota,9176,8883,8892
Thomaston,Urban Area,Georgia,15359,14416,14765
Thomasville,Urban Area,Georgia,21322,24139,25231
Thomson,Urban Area,Georgia,8182,8540,8788
Thousand Oaks,Urban Area,California,210990,214811,213986
Three Rivers,Urban Area,Michigan,9808,10820,10166
Thurmont,Urban Area,Maryland,6405,6854,6789
Tiffin,Urban Area,Ohio,20921,19546,20284
Tifton,Urban Area,Georgia,21461,23757,24580
Tillamook,Urban Area,Oregon,,,6166
Tiltonsville - Brilliant,Urban Area,Ohio,,,4115
Tippecanoe,Urban Area,Indiana,,,3713
Tipton,Urban Area,Indiana,,,5668
Titusville,Urban Area,Florida,52922,54386,62459
Titusville,Urban Area,Pennsylvania,6663,5732,5219
Toccoa,Urban Area,Georgia,10089,10846,11807
Toledo,Urban Area,Ohio / Michigan,510069,507643,497952
Tomah,Urban Area,Wisconsin,8167,9002,9818
Tonganoxie,Urban Area,Kansas,2794,4941,5489
Tooele,Urban Area,Utah,21834,31058,34892
Topeka,Urban Area,Kansas,142411,150003,148956
Toppenish,Urban Area,Washington,,,10057
Torrington,Urban Area,Connecticut,,,35212
Torrington,Urban Area,Wyoming,6842,7155,6436
Towanda,Urban Area,Pennsylvania,4338,4588,4029
Tracy - Mountain House,Urban Area,California,59020,97185,120912
Traverse City - Garfield,Urban Area,Michigan,39726,47109,56890
Treasure Lake,Urban Area,Pennsylvania,3958,2982,4677
Tremonton,Urban Area,Utah,7237,9890,11898
Trenton,Urban Area,Missouri,6135,5596,5426
Trenton (incl. Twin Rivers - Hightstown),Urban Area,New Jersey,338449,360705,370422
Tri-City - Myrtle Creek,Urban Area,Oregon,7798,8492,8656
Trinidad,Urban Area,Colorado,9297,9181,8323
Troy,Urban Area,Alabama,11903,15897,14466
Troy,Urban Area,Missouri,8307,13231,16669
Troy,Urban Area,Ohio,,,43259
Truckee,Urban Area,California,8018,12139,12756
Trumann,Urban Area,Arkansas,8074,7095,7233
Truth or Consequences,Urban Area,New Mexico,8840,7918,7713
Tuba City,Urban Area,Arizona,8810,8858,7942
Tucson,Urban Area,Arizona,746420,843168,875441
Tucumcari,Urban Area,New Mexico,5930,5283,5217
Tulare,Urban Area,California,,,70628
Tullahoma,Urban Area,Tennessee,17130,17250,19297
Tulsa,Urban Area,Oklahoma,598583,655479,722810
Tupelo,Urban Area,Mississippi,37365,40995,40233
Tupper Lake,Urban Area,New York,4593,4204,3683
Turlock,Urban Area,California,,,79203
Tuscaloosa,Urban Area,Alabama,116888,139114,156450
Tuscola,Urban Area,Illinois,4636,4791,4942
Tuskegee,Urban Area,Alabama,12005,9536,9003
Twentynine Palms,Urban Area,California,12496,12895,12881
Twentynine Palms North (Twentynine Palms Base),Urban Area,California,14090,8384,11665
Twin Falls,Urban Area,Idaho,39219,48836,58808
Twin Lakes,Urban Area,Wisconsin / Illinois,,,12603
Tybee Island,Urban Area,Georgia,3441,3202,3316
Tyler,Urban Area,Texas,,,131028
Tyrone,Urban Area,Pennsylvania,7683,7622,10442
Ukiah,Urban Area,California,28871,29709,28987
Ulysses,Urban Area,Kansas,6259,6279,5865
Union,Urban Area,Missouri,6593,8658,12019
Union,Urban Area,South Carolina,10790,10033,9729
Union City,Urban Area,Indiana / Ohio,5652,5443,5079
Union City,Urban Area,Tennessee,10376,10303,10605
Union Grove,Urban Area,Wisconsin,,,5899
Uniontown,Urban Area,Pennsylvania,,,32560
Upper Sandusky,Urban Area,Ohio,6161,6055,6628
Urbana,Urban Area,Maryland,,,12966
Urbana,Urban Area,Ohio,11675,11699,11122
Utica,Urban Area,New York,113409,117328,119059
Uvalde,Urban Area,Texas,,,15926
Vacaville,Urban Area,California,90264,93141,101027
Vail,Urban Area,Arizona,,9164,12835
Vail,Urban Area,Colorado,3370,5823,6080
Valdosta,Urban Area,Georgia,63151,77085,76769
Vallejo,Urban Area,California,158967,165074,175132
Valley City,Urban Area,North Dakota,6790,6689,6547
Valley - Lanett,Urban Area,Alabama / Georgia,21826,20760,20466
Valparaiso - Shorewood Forest,Urban Area,Indiana,,,51867
Vandalia,Urban Area,Illinois,7809,7309,8110
Van Wert,Urban Area,Ohio,10886,10747,11069
Veneta,Urban Area,Oregon,3946,5979,6987
Vermillion,Urban Area,South Dakota,10184,10492,11659
Vernal,Urban Area,Utah,11569,17321,19620
Vernon,Urban Area,Texas,11215,10572,9524
Vero Beach - Sebastian,Urban Area,Florida,120962,149422,174292
Versailles,Urban Area,Kentucky,13617,15907,16855
Vicksburg,Urban Area,Mississippi / Louisiana,31009,29022,25888
Victoria,Urban Area,Texas,61529,63683,65986
Victorville - Hesperia - Apple Valley,Urban Area,California,209444,328454,355816
Vidalia,Urban Area,Georgia,12598,13442,13709
Village of Four Seasons,Urban Area,Missouri,,4451,7489
Village of Oak Creek (Big Park),Urban Area,Arizona,4647,5309,6128
Villa Rica,Urban Area,Georgia,,,23202
Ville Platte,Urban Area,Louisiana,,,8097
Vincennes,Urban Area,Indiana,21126,21302,19800
Vineland,Urban Area,New Jersey,88724,95259,87226
Vineyard Haven - Edgartown - Oak Bluffs,Urban Area,Massachusetts,5626,10082,14064
Vinita,Urban Area,Oklahoma,6316,6002,5068
Vinton,Urban Area,Iowa,4926,5044,4780
Virginia,Urban Area,Minnesota,14235,12883,12724
Virginia Beach - Norfolk,Urban Area,Virginia,,,1451578
Viroqua,Urban Area,Wisconsin,3972,4097,3987
Visalia,Urban Area,California,,,160578
Vistancia (Peoria),Urban Area,Arizona,,6615,19593
Wabash,Urban Area,Indiana,11883,10418,10254
Waco,Urban Area,Texas,153198,172378,192844
Waconia,Urban Area,Minnesota,6684,10748,13048
Wadena,Urban Area,Minnesota,4211,3927,4110
Wadesboro,Urban Area,North Carolina,6741,5791,4903
Wagoner,Urban Area,Oklahoma,7180,8043,7470
Wahoo,Urban Area,Nebraska,3936,4450,4782
Wahpeton,Urban Area,North Dakota / Minnesota,12184,11113,11290
Waikoloa Village,Urban Area,Hawaii,2875,4089,6824
Walden (incl. Maybrook),Urban Area,New York,,14524,15784
Waldorf (St. Charles),Urban Area,Maryland,82526,109919,118601
Waldport,Urban Area,Oregon,3505,3434,5394
Wales,Urban Area,Wisconsin,,,5364
Walhalla,Urban Area,South Carolina,,,5392
Walla Walla,Urban Area,Washington / Oregon,,,50013
Walnut Ridge,Urban Area,Arkansas,6509,6346,6540
Walterboro,Urban Area,South Carolina,10064,9502,9229
Wamego,Urban Area,Kansas,4220,4418,4899
Wapakoneta,Urban Area,Ohio,10453,10684,10849
Wapato,Urban Area,Washington,7294,7607,7071
Ware,Urban Area,Massachusetts,,,5662
Warner Robins,Urban Area,Georgia,,,141132
Warren,Urban Area,Arkansas,6055,5801,5278
Warren,Urban Area,Pennsylvania,16521,15420,14294
Warrensburg,Urban Area,Missouri,18025,20677,19934
Warrenton,Urban Area,Missouri,5277,9079,9398
Warrenton - New Baltimore,Urban Area,Virginia,,,24437
Warsaw,Urban Area,Indiana,25368,30166,29904
Warwick,Urban Area,New York,,,7084
Wasco,Urban Area,California,,,22235
Waseca,Urban Area,Minnesota,9803,9537,9211
Washington,Urban Area,Indiana,12100,12462,12920
Washington,Urban Area,Iowa,6807,6628,6846
Washington,Urban Area,Missouri,13019,14316,14616
Washington,Urban Area,New Jersey,,,10138
Washington,Urban Area,North Carolina,14418,16429,16509
Washington - Arlington,Urban Area,District of Columbia / Virginia / Maryland,3958648,4586770,5174759
Washington Court House,Urban Area,Ohio,14671,15168,15029
Wasilla - Knik-Fairview - North Lakes,Urban Area,Alaska,21041,44236,53444
Waterbury,Urban Area,Connecticut,189026,194535,199317
Waterford,Urban Area,California,7016,9104,9746
Waterloo,Urban Area,Illinois,7419,9604,9933
Waterloo,Urban Area,Iowa,108298,113418,114139
Watertown,Urban Area,New York,,,51832
Watertown,Urban Area,South Dakota,19434,21111,20643
Watertown,Urban Area,Wisconsin,21579,23347,22712
Waterville,Urban Area,Maine,24424,25689,25529
Watford City,Urban Area,North Dakota,,,6687
Watseka,Urban Area,Illinois,5590,5055,4671
Watsonville,Urban Area,California,66500,73534,68668
Wauchula,Urban Area,Florida,,,9790
Waupaca,Urban Area,Wisconsin,8102,7755,8293
Waupun,Urban Area,Wisconsin,11047,11373,11673
Wausau,Urban Area,Wisconsin,68221,74632,77429
Wauseon,Urban Area,Ohio,7034,7193,7623
Waverly,Urban Area,Iowa,7657,8621,9159
Waverly,Urban Area,Ohio,,,4969
Waycross,Urban Area,Georgia,25692,25723,24985
Wayland,Urban Area,Michigan,4496,4518,4957
Wayne,Urban Area,Nebraska,5513,5557,5980
Waynesboro,Urban Area,Georgia,5552,5830,6103
Waynesboro,Urban Area,Pennsylvania / Maryland,,,22267
Waynesburg,Urban Area,Pennsylvania,8488,8665,8754
Waynesville,Urban Area,North Carolina,,,24285
Weatherford,Urban Area,Oklahoma,9526,10713,12076
Weatherford,Urban Area,Texas,23778,34824,48112
Webster City,Urban Area,Iowa,7849,7761,7606
Weiser,Urban Area,Idaho / Oregon,5612,5659,5599
Wellington,Urban Area,Colorado,2605,6224,11071
Wellington,Urban Area,Kansas,8453,7783,7398
Wellington,Urban Area,Ohio,4134,4845,4783
Wellston,Urban Area,Ohio,,,5655
Wellsville,Urban Area,New York,,,5339
Wenatchee (incl. Cashmere),Urban Area,Washington,60527,71952,78142
Wendell,Urban Area,North Carolina,,,8915
West Bend,Urban Area,Wisconsin,,,34552
West Columbia,Urban Area,Texas,,4976,5888
Westerly,Urban Area,Rhode Island / Connecticut,,,30955
West Frankfort,Urban Area,Illinois,,,7935
West Jefferson - Lake Darby,Urban Area,Ohio,4346,4572,8828
West Milford (Hewitt - Greenwood Lake),Urban Area,New Jersey / New York,,,17659
West Milton,Urban Area,Ohio,,,4646
Westminster,Urban Area,Maryland,,,40040
Weston,Urban Area,West Virginia,,,4430
West Plains,Urban Area,Missouri,10065,11242,11852
West Point,Urban Area,Mississippi,9594,9173,8134
West Point - Highland Falls,Urban Area,New York,,12141,12156
West Salem,Urban Area,Wisconsin,,,5557
Westville,Urban Area,Indiana,,,5189
West Wendover,Urban Area,Nevada / Utah,5447,5365,5238
Wetumpka,Urban Area,Alabama,5146,6659,6488
Wharton,Urban Area,Texas,9137,8964,8526
Wheeling,Urban Area,West Virginia / Ohio,,,57695
Whitefish,Urban Area,Montana,5485,6300,7898
Whitehall,Urban Area,Michigan,,,8678
White House,Urban Area,Tennessee,,,15587
Whitehouse,Urban Area,Texas,,,9139
Whiteman AFB - Knob Noster,Urban Area,Missouri,6504,5387,5577
White Rock,Urban Area,New Mexico,5487,5039,5169
Whiteville,Urban Area,North Carolina,,,5216
Whitewater,Urban Area,Wisconsin,13218,14227,14544
Wichita,Urban Area,Kansas,422301,472870,500231
Wichita Falls,Urban Area,Texas,99396,99437,97039
Wickenburg,Urban Area,Arizona,4897,3624,4801
Wildwood,Urban Area,Florida,,,13899
Wilkesboro - North Wilkesboro,Urban Area,North Carolina,16795,18264,19890
Willard,Urban Area,Missouri,,5531,6854
Willard,Urban Area,Ohio,10016,6309,6666
Williams,Urban Area,California,3537,5181,5558
Williamsburg,Urban Area,Kentucky,5715,5969,6365
Williamsburg,Urban Area,Virginia,,75689,89585
Williamsport,Urban Area,Pennsylvania,58693,56142,55344
Williamston,Urban Area,Michigan,,,4850
Williamston,Urban Area,North Carolina,5675,5361,5522
Williamston,Urban Area,South Carolina,,,10350
Willimantic,Urban Area,Connecticut,,,24332
Williston,Urban Area,North Dakota,13054,15127,29510
Willits,Urban Area,California,8053,8053,7552
Willmar,Urban Area,Minnesota,19161,20244,21586
Willows,Urban Area,California,7410,7346,7578
Wilmington,Urban Area,Illinois,,,6388
Wilmington,Urban Area,North Carolina,161149,219957,255329
Wilmington,Urban Area,Ohio,11519,12374,12546
Wilmore,Urban Area,Kentucky,5665,5508,5727
Wilson,Urban Area,North Carolina,44003,49190,48326
Winchendon,Urban Area,Massachusetts,,,4866
Winchester,Urban Area,Indiana,4959,4978,4797
Winchester,Urban Area,Kentucky,22265,25831,26253
Winchester,Urban Area,Tennessee,10915,11681,12702
Winchester,Urban Area,Virginia,53559,69449,83377
Winder,Urban Area,Georgia,13269,37831,50189
Wind Lake,Urban Area,Wisconsin,,,4856
Winfield,Urban Area,Kansas,11804,12029,11617
Winnemucca,Urban Area,Nevada,9362,10268,10546
Winnfield,Urban Area,Louisiana,6019,5376,4671
Winnsboro,Urban Area,Louisiana,6414,5361,5142
Winnsboro,Urban Area,South Carolina,5825,5141,4710
Winona,Urban Area,Minnesota,29440,30712,29633
Winslow,Urban Area,Arizona,,,7667
Winsted,Urban Area,Connecticut,,,7804
Winston-Salem,Urban Area,North Carolina,325446,391024,420924
Winter Haven,Urban Area,Florida,153924,201289,253251
Winters,Urban Area,California,6496,7082,7073
Winterset,Urban Area,Iowa,4851,5043,5077
Wisconsin Rapids,Urban Area,Wisconsin,30448,29169,29550
Wise - Norton,Urban Area,Virginia,,,8913
Woodburn,Urban Area,Oregon,,,27577
Woodlake,Urban Area,California,6895,7465,7514
Woodland,Urban Area,California,49168,55513,61133
Woodland,Urban Area,Washington,4107,5863,7217
Woodland Park,Urban Area,Colorado,10379,10528,11548
Woodmont,Urban Area,Georgia,,,6673
Woodstock,Urban Area,Illinois,20219,25308,25298
Woodstock,Urban Area,Virginia,,,5852
Woodward,Urban Area,Oklahoma,11088,11344,11458
Wooster,Urban Area,Ohio,30192,30430,32449
Worcester,Urban Area,Massachusetts / Connecticut,,,482085
Worland,Urban Area,Wyoming,5593,5465,4889
World Golf Village,Urban Area,Florida,,6622,19679
Worthington,Urban Area,Minnesota,11095,12616,13800
Worth - Lexington,Urban Area,Michigan,,,3310
Wrightwood,Urban Area,California,3705,4096,3927
Wynne,Urban Area,Arkansas,8140,7722,7564
Wytheville,Urban Area,Virginia,6836,7212,7154
Xenia,Urban Area,Ohio,,,26614
Yakima,Urban Area,Washington,112816,129534,133145
Yankton,Urban Area,South Dakota,13184,14637,16022
Yazoo City,Urban Area,Mississippi,14856,15546,15060
Yelm,Urban Area,Washington,6034,12387,14924
Yoakum,Urban Area,Texas,5663,5624,5598
York,Urban Area,Nebraska,7805,7633,7968
York,Urban Area,Pennsylvania,192903,232045,238549
York,Urban Area,South Carolina,6967,7931,8631
Youngstown,Urban Area,Ohio,,,320901
Yreka,Urban Area,California,7327,7598,7617
Yuba City,Urban Area,California,97645,116719,125706
Yucca Valley,Urban Area,California,,,18293
Yuma,Urban Area,Arizona / California,119906,135267,135717
Zachary,Urban Area,Louisiana,,,16600
Zanesville,Urban Area,Ohio,41841,42132,42301
Zapata - Medina,Urban Area,Texas,8580,10719,10942
Zebulon,Urban Area,North Carolina,,,8158
Zephyrhills,Urban Area,Florida,,,55133
Zimmerman,Urban Area,Minnesota,,,6360
