prov_id,names,owner,population,year
14,Sandefjord,NWY,67062,2026
17,Gnesen; Gniezno,POL,59444,2025
21,Orkanger,NWY,,
22,Hammerfest,NWY,,
27,Fagernes,NWY,,
32,Nokia,FIN,36571,2025
35,Västerås,SWE,104147,2025
45,Yurya,SOV,,
46,Östersund,SWE,55493,2023
49,Bollnäs,SWE,13918,2023
53,Stavanger,NWY,205533,2025
64,Vadsø,NWY,5808,2026
66,Kokkola,FIN,,
67,Lahti,FIN,57174,2025
68,Rochester,USA,,
72,Konosha,SOV,,
73,Shar'ya; Sharya,SOV,,
75,Vozhega,SOV,,
83,Haapsalu,EST,9338,2026
85,Bezhetsk,SOV,,
91,Finnsnes,NWY,,
110,Valday,SOV,,
122,Alver,NWY,,
123,Gainy,SOV,,
124,Rovaniemi,FIN,66191,2025
125,Ljusdal,SWE,,
126,Kingisepp,SOV,48355,2025
130,Härnösand,SWE,18236,2023
144,Ringerike,NWY,,
155,Segezha,SOV,,
156,Leksand,SWE,,
164,Buy,SOV,,
166,Vytegra,SOV,,
169,Pori,FIN,83010,2025
179,Kongsvinger,NWY,,
182,Örnsköldsvik,SWE,33399,2023
185,Kuressaare,EST,12729,2026
186,Kotlas,SOV,55614,2025
192,Narvik,NWY,21647,2026
201,Pajala,SWE,,
204,Turku,FIN,104248,2025
206,Chaykovsky,SOV,,
214,Gus-Khrustalny,SOV,,
231,Uglich,SOV,,
232,Morshansk,SOV,,
233,Pastavy; Postavy,BLR,,
238,Novgorod-Severskiy; Novhorod-Sivers'kyy; Novhorod-Siverskyi,UKR,,
242,Växjö,SWE,74052,2023
243,Hohensalza; Inowrocław,POL,65095,2025
252,Rostov,SOV,27050,2025
257,Kuznetsk,SOV,68549,2025
260,Arsk,SOV,19968,2025
265,Bauska,LAT,9701,2025
266,Giżycko; Lötzen,POL,26482,2025
272,Kirovo-Chepetsk,SOV,54225,2025
277,Maladzyechna; Molodechno,BLR,,
286,Inza,SOV,15737,2025
289,Krichev; Krychaw,BLR,,
291,Birsk,SOV,44611,2025
294,Barysaw; Borisov,BLR,85274,2025
295,Trollhättan,SWE,50069,2023
299,Kalmar,SWE,43462,2023
300,Belyov,SOV,,
303,Tullamore,IRE,,
305,Uva,SOV,18400,2025
309,Oldenburg,GER,147302,2025
310,Daugavpils,LAT,51342,2025
315,Starodub,SOV,,
317,Flensburg,GER,75426,2025
318,Vawkavysk; Volkovytsk,BLR,,
324,Saransk,SOV,298291,2025
326,Vol'sk; Volsk,SOV,,
327,Trakai,LIT,5659,2026
328,Livny,SOV,50685,2025
334,Chojnice; Konitz,POL,38109,2025
335,Gagarin,SOV,25051,2025
337,Letterkenny,IRE,17550,2022
340,Tambov,SOV,310658,2025
341,Rēzekne,LAT,26425,2025
348,Sovetsk; Tilsit; Tilžė; Tylża,SOV,,
360,Mar'ina Gorka; Maryina Horka,BLR,,
362,Danzig; Gdańsk,POL,398019,2025
363,Nybro,SWE,13584,2023
370,Glazov,SOV,82436,2025
371,Unecha,SOV,,
373,Saint-Pierre,FRA,,
376,Zubova Polyana,SOV,,
383,Gothenberg,SWE,599675,2025
385,Londonderry,GBR,,
386,Asipovichy; Osipovichi,BLR,,
388,Piła; Schneidemühl,POL,68762,2025
391,Amsterdam,NRD,1223407,2025
394,Hjørring,DMK,25908,2025
398,Pochep,SOV,,
399,Esbjerg,DMK,71554,2025
400,Augustów,POL,28518,2025
402,Siedlce,POL,75113,2025
408,Visby,SWE,26305,2023
414,Soroca; Soroki,MLD,21135,2024
417,Neusandez; Nowy Sącz,POL,71561,2025
421,Šumperk,CZE,24735,2024
425,Wernigerode,GER,,
429,Gulyaipole; Hulyaipole,UKR,,
437,Kalach,SOV,,
442,Tarnau; Tarnów,POL,71927,2025
444,Schwiebus; Świebodzin,POL,20480,2025
445,Hradec Králové,CZE,68044,2025
457,Shchigry,SOV,,
463,Romny,UKR,37765,2022
476,Zhmerynka,UKR,,
479,Kandrzin-Cosel; Kędzierzyn-Koźle,POL,53140,2025
485,Dieppe,FRA,,
486,Pavlograd; Pavlohrad,UKR,76283,2025
487,Mikhaylovka,SOV,,
488,Smela; Smila,UKR,57144,2025
503,Angers,FRA,162720,2025
504,Belaya Tserkov'; Bila Tserkva,UKR,185038,2025
507,Crawley,GBR,106964,2025
509,Morozovsk,SOV,23753,2025
511,Poltava,UKR,230006,2025
516,Brussel; Brussels; Bruxelles,BLG,1468754,2025
517,Qingyang; Qìngyáng,PRC,56809,2025
525,Kiev; Kyiv,UKR,2575199,2025
528,Eugene,USA,241885,2025
531,Longnan; Lǒngnán,PRC,123692,2025
534,Stary Oskol,SOV,100351,2025
535,Sarny,UKR,28626,2022
536,Sheptitskiy; Sheptyts'kyy; Sheptytskyi; Szeptycki,UKR,,
538,Naumburg,GER,,
540,Plymouth,GBR,252928,2025
541,Nitra,SLO,55299,2025
542,Quipmer,FRA,,
551,Sézanne,FRA,,
552,Glogau; Głogów,POL,60605,2025
553,Alençon,FRA,,
554,Miyaly; Mïyalı,KAZ,,
556,Dingxi; Dìngxī,PRC,110323,2025
557,Znojmo,CZE,34172,2024
559,Lubny,UKR,44089,2022
560,Pinsk,BLR,124613,2023
562,Ostrowiec Świętokrzyski,POL,60246,2025
564,Kassel,GER,238931,2025
565,Ungen'; Ungheni,MLD,26457,2024
568,Skadovs'k; Skadovsk,UKR,,
569,Třebíč,CZE,34530,2024
570,Svatove; Svatoveo,UKR,,
574,Kazanka,UKR,,
577,Chernivtsi; Chernovtsy,UKR,225829,2025
580,Kurchatov,SOV,,
581,Poprad,SLO,48034,2025
584,Wieluń,POL,19771,2025
586,Weiden in der Oberpfalz,GER,,
589,Frankfurt Airport,GER,,
592,Võru,EST,11813,2026
595,Angoulême,FRA,54289,2025
596,Maribor,SLV,80272,2025
603,Verona,ITA,216582,2025
606,Bijeljina,BSH,41121,2013
607,Albany,USA,99833,2025
610,Eureka,USA,14027,2020
620,Limoges,FRA,105730,2025
628,Udine,ITA,101454,2025
634,Fredericton,CAN,64614,2021
638,Athens,USA,12050,2020
642,Kul'sary; Kulsary; Qūlsary,KAZ,,
648,Chalon-sur-Saône,FRA,,
652,Ağrı,TUR,145032,2025
657,Mangalia,ROM,31950,2021
662,Lugoj,ROM,35450,2021
663,Zurich; Zurigo; Zürich,SWI,689208,2025
664,Dalnerechensk,SOV,,
666,Shali,SOV,,
667,Nevers,FRA,,
671,Lienz,ASA,12105,2026
673,Innsbruck,ASA,144226,2025
678,Mulhouse; Mülhausen,FRA,187082,2025
686,Sopron,HUN,55594,2025
687,Tulcea,ROM,65624,2021
688,Salzburg,ASA,143452,2025
689,Toledo,USA,194259,2025
701,Székesfehérvár,HUN,75063,2025
703,Rhinelander,USA,9738,2020
704,St Pölten,ASA,,
705,Yevpatoriya,UKR,90934,2025
714,Cherkessk,SOV,137895,2025
719,Gelendzhik,SOV,,
723,Vaslui,ROM,63035,2021
724,Villa Real,POR,,
726,León,SPA,145844,2025
728,Terekli-Mekteb,SOV,,
732,Freistadt,ASA,,
735,Armavir,SOV,178118,2025
743,Bayonne,FRA,89012,2025
744,Suceava,ROM,89152,2025
746,Satu Mare; Szatmárnémeti,ROM,79655,2025
749,Niagra Falls,CAN,75875,2025
750,Yeysk,SOV,58632,2025
758,Santiago de Compostela,SPA,100842,2025
759,Yashkul; Yashkul',SOV,,
762,Valence,FRA,71751,2025
768,Redding,USA,120602,2020
769,Brioude,FRA,,
772,Zugdidi,GEO,46955,2024
773,Cremona,ITA,50804,2025
775,Sal'sk; Salsk,SOV,57098,2025
782,Ravenna,ITA,90309,2025
784,Isparta,TUR,226042,2025
789,Trabzon,TUR,328138,2025
793,Knezha,BUL,,
804,Kırıkkale,TUR,186960,2022
806,Osmaniye,TUR,297348,2025
813,Calatayud,SPA,,
814,Pingquan; Píngquán,PRC,94823,2025
818,Slatina,ROM,57761,2025
819,Naples; Napoli,ITA,2885079,2025
832,Albacete,SPA,137538,2025
848,Wonsan; Wŏnsan,DPK,370729,2025
854,Gerona; Girona,SPA,122502,2025
855,Okha,SOV,,
856,Tavşanlı,TUR,61528,2025
857,Soria,SPA,,
858,Toledo,SPA,87074,2025
860,Montgomery,USA,117537,2025
869,Aksaray,TUR,144904,2025
871,Teruel,SPA,,
872,Lleida; Lérida,SPA,138521,2025
876,Kovancılar,TUR,24764,2022
878,Kǎrdzhali,BUL,,
880,Butler,USA,37954,2020
881,Luanping; Luánpíng,PRC,,
882,Erie,USA,111537,2025
883,Foggia,ITA,126645,2025
885,Burgos,SPA,151942,2025
893,Smolyan,BUL,,
900,Zunhua; Zūnhuà,PRC,169536,2025
901,,SYR,,
904,Ereğli,TUR,,
907,Kumanovo,NMA,70031,2025
910,Siena,ITA,53180,2026
916,Changtu; Chāngtú,PRC,89349,2025
918,Zamora,SPA,59857,2025
924,Santarem,POR,29790,2021
928,Manisa,TUR,406110,2025
929,Condom,FRA,,
930,Changling; Chánglĭng,PRC,58658,2025
934,Chaoyang; Cháoyáng,PRC,448412,2025
935,Pernik,BUL,65317,2025
939,Ávila,SPA,59480,2025
944,Yanji; Yánjí,PRC,426296,2025
950,Linares,SPA,55689,2025
955,Salerno,ITA,128967,2025
962,Alicante,SPA,400711,2025
965,Vratsa,BUL,,
966,Kozani; Kozáni,GRC,42139,2021
967,Ancona,ITA,77488,2025
975,Giresun,TUR,121465,2025
976,Lamia; Lamía,GRC,47532,2021
981,Simav,TUR,26872,2022
986,San Luis Obispo,USA,56904,2020
989,Taourirt; Tāwrirt,MRC,,
1001,Baoying; Băoyīng,PRC,,
1004,Yuzhou; Yŭzhōu,PRC,245470,2025
1006,Changting; Chángtīng,PRC,119482,2025
1009,Ragusa,ITA,74122,2026
1013,Aš-Šalif; Chlef,ALG,216910,2025
1018,Qinzhou; Qīnzhōu,PRC,193678,2025
1029,Ganyu; Gànyú,PRC,194501,2025
1037,Sidi Bouzid; Sīdī Bū Zayd,TUN,58168,2025
1038,Nada; Nàdà,PRC,,
1046,Al-Kāf; Le Kef,TUN,50809,2025
1047,Guangzhou; Guăngzhōu,PRC,42987704,2025
1053,Yudu; Yúdū,PRC,223353,2025
1054,Chinju; Jinju,ROK,352403,2020
1056,Salamiyah; Salamiyya,SYR,69464,2025
1058,Tibissa; Tébessa,ALG,260482,2025
1060,Al Jaghbub; Al-Jaġhbūb,LYB,,
1061,Gandhidham; Gāndhīdhām,IND,307941,2025
1068,Al-Fayyūm; Faiyum,EGY,741406,2025
1069,Jinan; Jìnán,PRC,3824875,2025
1070,Qionghai; Qiónghǎi,PRC,146854,2025
1074,Dar'ā; Daraa,SYR,129915,2025
1075,Agartala; Āgaratalā,IND,721130,2025
1076,Xinyi; Xīnyí,PRC,197050,2025
1079,Khouribga; Khurībga,MRC,,
1081,Gumi; Kumi,ROK,416603,2020
1083,Anqing; Ānqìng,PRC,469919,2025
1084,Binzhou; Bīnzhōu,PRC,696958,2025
1086,Arīḥā; Jericho; Yericho,ISR,,
1089,Taixing; Tàixīng,PRC,466711,2025
1094,Fuan; Fú'ān,PRC,356776,2025
1095,Adrar; Adrār,ALG,107335,2025
1099,Maanshan; Mă'ānshān,PRC,1071589,2025
1100,Ch'ungju; Chungju,ROK,218412,2020
1102,Aṣ-Ṣawīra; Essaouira,MRC,,
1104,Longkou; Lóngkŏu,PRC,,
1109,Chalcis; Chalkís,GRC,,
1110,Nancheng; Nánchéng,PRC,137937,2025
1120,Shaoguan; Sháoguān,PRC,451567,2025
1121,Suining; Suīníng,PRC,,
1122,Manavgat,TUR,150381,2025
1125,Huangshan; Huángshān,PRC,372354,2025
1127,Ajdabiya; Ajdābiyā,LYB,91768,2025
1128,'Īn Wusāra; Aïn Oussera,ALG,147459,2025
1130,Tobruk; Ṭubruq,LYB,115429,2025
1131,Gaozhou; Gāozhōu,PRC,515770,2025
1132,Wilmington,USA,,
1137,Yuxian; Yùxiàn,PRC,86310,2025
1138,Shaowu; Shàowŭ,PRC,105235,2025
1139,Jiaozuo; Jiāozuò,PRC,723575,2025
1140,Tazirbu; Tāzirbū,LYB,6600,2006
1141,Henšela; Khenchela,ALG,160444,2025
1144,Surendranagar; Surēndranagara,IND,310315,2025
1145,Al-Jazā'ir; Algiers,ALG,3316232,2025
1146,Chuzhou; Chúzhōu,PRC,295742,2025
1149,Tripoli; Ṭarābulus,LYB,1248354,2025
1150,Dailan; Dàlián,PRC,3599519,2025
1152,Midelt,MRC,,
1153,Jingdezhen; Jĭngdézhèn,PRC,460993,2025
1155,B'īr al-'Abd; Bir al-Abd,EGY,27012,2023
1160,Souk Ahras; Sūq Ahrās,ALG,222438,2025
1161,Lingbi; Língbì,PRC,122748,2025
1162,Heyuan; Héyuán,PRC,466335,2025
1166,Minhou; Mĭnhòu,PRC,80161,2025
1168,Wenling; Wēnlĭng,PRC,339655,2025
1169,Weixian; Wèixiàn,PRC,,
1175,Hualien; Huālián,ROC,137533,2025
1177,Cheju; Jeju,ROK,492306,2020
1187,Yunfu; Yúnfú,PRC,207901,2025
1190,Bhuj,IND,186749,2025
1195,Yongkang; Yŏngkāng,PRC,373295,2025
1203,Xinzhou; Xīnzhōu,PRC,229257,2025
1205,Agrinio; Agrínion,GRC,,
1207,Banī Mallāl; Beni Mellal,MRC,,
1239,Balkhash; Balqaş,KAZ,60602,2025
1262,Lethbridge,CAN,63048,2025
1275,Khammam; Khammaṁ,IND,339172,2025
1294,Petukhovo,SOV,,
1305,Sterlitamak,SOV,240965,2025
1317,Nalgonda; Nalgoṁḍa,IND,174421,2025
1323,Kamloops,CAN,92442,2021
1336,Krasnokamsk,SOV,47051,2025
1344,Chittur; Cittūru,IND,,
1352,Topeka,USA,148956,2020
1359,Bidar; Bīdar,IND,303956,2025
1369,Prokop'yevsk; Prokopyevsk,SOV,,
1371,Shalkar; Şalqar,KAZ,,
1378,Kumertau,SOV,56748,2025
1380,Chernushka,SOV,,
1381,Tañcāvūr; Thanjavur,IND,437549,2025
1387,Yalutorovsk,SOV,,
1399,Severo-Kurilsk,SOV,,
1409,Dindigul; Tiṇṭukkal,IND,406544,2025
1410,Nhulunbuy,AUS,,
1418,Kokshetau; Kökşetau,KAZ,142171,2025
1430,Ongole; Oṁgōlu,IND,244578,2025
1450,Akhty,SOV,,
1454,Gold Coast,AUS,279191,2025
1463,Yüksekova,TUR,103169,2025
1472,Biloela,AUS,,
1474,Tongren; Tóngrén,PRC,255612,2025
1478,Townsville,AUS,,
1489,Zhangbei; Zhāngbĕi,PRC,101319,2025
1498,Şanlıurfa,TUR,762062,2025
1506,Roanoke,USA,217312,2020
1510,Chirimiri; Cirīmirī,IND,57331,2025
1514,Katherene,AUS,,
1517,Jañaözen; Zhanaozen,KAZ,168146,2025
1527,Peoria,USA,259781,2020
1536,Shirvan; Şirvan,AZJ,,
1538,Kendujhar; Keonjhar,IND,,
1540,Geraldton,AUS,42104,2025
1541,Sivān; Siwan,IND,292602,2025
1559,Bastrop,USA,19384,2020
1569,Begusarai; Begūsarāy,IND,1193508,2025
1571,Qitaihe; Qītáihé,PRC,90592,2025
1575,Yuncheng; Yùnchéng,PRC,,
1578,Ra's Al-'Aīn; Ras Al-Ayn,SYR,,
1581,Imphal,IND,829904,2025
1587,Tuscaloosa,USA,156450,2020
1595,Fort Wayne,USA,108272,2025
1597,Laibin; Láibīn,PRC,260628,2025
1603,Luanchuan; Luánchuān,PRC,89924,2025
1606,Tall Abyaḍ; Tell Abyad,SYR,,
1609,Baharampur,IND,,
1610,Agdzhabedi; Agjabedi; Ağcabədi,AZJ,,
1611,Lismore,AUS,27856,2025
1612,Jingmen; Jīngmén,PRC,159550,2025
1615,Hattiesburg,USA,80821,2020
1618,Muskogee,USA,35798,2020
1625,Longlin; Lónglín,PRC,,
1627,Baicheng; Báichéng,PRC,298421,2025
1630,Baiyin; Báiyín,PRC,222677,2025
1635,Les Cayes,HAI,83543,2025
1640,Liuyang; Liúyáng,PRC,456892,2025
1643,Lafayette,USA,,
1647,Pingliang; Píngliàng,PRC,461066,2025
1667,Albury,AUS,,
1668,Aiagöz; Ayagoz,KAZ,,
1676,Shagonar,SOV,,
1680,Stepnogorsk,KAZ,,
1684,Salekhard,SOV,53827,2025
1690,Spokane,USA,308681,2025
1708,Chöchek; Tacheng; Tǎchéng,PRC,105710,2025
1718,Asino,SOV,24401,2025
1732,Hegang; Hègăng,PRC,504410,2025
1734,Duluth,USA,119411,2020
1735,Ust'-Kut; Ust-Kut,SOV,35821,2025
1747,Rapid City,USA,85679,2020
1750,Irbit,SOV,36178,2025
1758,Chattanooga,USA,398569,2020
1759,Traralgon,AUS,44085,2025
1768,Salym,SOV,,
1773,Mount Gambier,AUS,30875,2025
1776,Oroqen; Orčonu; Èlúnchūn,PRC,,
1779,Belokurikha,SOV,,
1788,Estevan,CAN,10629,2021
1793,Prescott,USA,,
1794,Aleysk,SOV,,
1806,Tulsa,USA,434183,2025
1809,Colorado Springs,USA,445670,2025
1812,Khanty-Mansiysk,SOV,65656,2025
1828,Aeropuerto Internacional de la Ciudad de México; Mexico City International Airport,MEX,,
1832,Sandpoint,USA,12824,2020
1836,Bismark,USA,,
1840,Shelek; Şelek,KAZ,29032,2021
1844,Karamay; Kèlāmǎyī; Qaramay,PRC,311815,2025
1845,Tynda,SOV,27626,2025
1854,Whitefish,USA,7898,2020
1864,Ridder,KAZ,,
1867,Marshall,USA,21387,2020
1873,Steinbach,CAN,17589,2021
1876,Tayshet,SOV,,
1884,Xingyi; Xīngyì,PRC,212962,2025
1900,Comitán de Domínguez,MEX,113479,2020
1908,Sikar; Sīkar,IND,294150,2025
1913,Fort Myers,USA,,
1915,Abilene,USA,62024,2025
1918,Maerkang; Mǎ'ěrkāng,PRC,,
1920,'Amrān; Amram,YEM,176305,2025
1923,Muhayil; Muḥā'yil,KSA,97967,2022
1933,Tianshui; Tiānshuǐshì,PRC,584189,2025
1939,Mlolongo,KEN,136351,2019
1945,Guasave,MEX,84062,2025
1949,Vidisha; Vidiśā,IND,247130,2025
1952,Matehuala,MEX,91143,2025
1955,Al-Khafjī; Khafji,KSA,78691,2022
1958,Tindouf; Tindūf,ALG,,
1959,Wuhai; Wūhǎi; Üqai,PRC,162776,2025
1967,Al-Aghwāṭ; Laghouat,ALG,235439,2025
1977,Halaib; Ḥalāyib,EGY,,
1983,Baharāic; Bahraich,IND,517750,2025
1985,Haiyuan; Hǎiyuán,PRC,66365,2025
1988,Bluefields,NCG,56421,2023
1998,Midland,USA,88806,2025
2002,Sirasā; Sirsa,IND,280987,2025
2005,Mirzapur; Mirzāpur,IND,703502,2025
2013,Al-Mayādīn; Mayadin,SYR,83827,2025
2014,Rìkāzé; Shigatse; Xigazê,PRC,56970,2025
2015,Shāchē; Yarkand; Yarkent,PRC,165031,2025
2019,Bandera,USA,,
2021,Coatzacoalcos,MEX,303635,2025
2027,Al-'Ulā; Al-Ula,KSA,40760,2022
2028,Jiuquan; Jiǔquán,PRC,181625,2025
2036,Orai; Uraī,IND,297192,2025
2049,Ghardaïa; Ġardāya,ALG,149916,2025
2051,Colima,MEX,307483,2025
2054,Alavar; Alwar,IND,541266,2025
2067,Xichang; Xīchāng,PRC,281791,2025
2069,Heroica Caborca,MEX,76332,2025
2075,Puerto Cabezas,NCG,,
2076,Mandi; Maṁḍī,IND,,
2077,Belize City,BLZ,76331,2025
2083,Ciudad Victoria,MEX,328571,2025
2092,Baram; Bārām,IND,,
2114,Ballarat,AUS,67880,2025
2116,Central Coast,AUS,,
2176,Mpanda,TZN,116981,2025
2186,Gazakh; Qazax,AZJ,,
2206,Babati,TZN,67445,2022
2356,Petrozavodsk,SOV,217903,2025
2843,Jashore; Yaśor,BAN,552981,2025
2853,Manzanillo,MEX,176405,2025
2947,San Miguel de Allende,MEX,92834,2025
2999,Vyshny Volochyok,SOV,,
3013,Mikkeli,FIN,51551,2025
3021,Hamar,NWY,33817,2026
3022,Stjørdal,NWY,,
3033,Kondopoga,SOV,24689,2025
3059,Geilo,NWY,,
3065,Bereznik,SOV,,
3082,Skjervøy,NWY,,
3088,Mo i Rana,NWY,,
3090,Sunnfjord,NWY,,
3095,Kiruna,SWE,17284,2023
3102,Luza,SOV,,
3116,Nerekhta,SOV,,
3122,Vaasa,FIN,,
3125,Kajaani,FIN,36370,2025
3130,Plesetsk,SOV,,
3140,Tikhvin,SOV,,
3143,Krasny Kholm,SOV,,
3150,Dundee,GBR,158327,2025
3154,Kirillov,SOV,,
3155,Zheshart,SOV,,
3161,Kouvola,FIN,77625,2025
3171,Fredrikstad,NWY,52114,2025
3172,Jakobstad,FIN,,
3174,Pärnu,EST,40934,2026
3177,Demyanovo,SOV,,
3182,Skutskär,SWE,,
3183,Røros,NWY,,
3187,Sortavala,SOV,14593,2025
3188,Leikanger,NWY,,
3192,Karmøy,NWY,,
3199,Lebedyan; Lebedyan',SOV,,
3206,Randers,DMK,64511,2025
3211,Den Haag; The Hague,NRD,,
3216,Otradny,SOV,,
3225,Shostka,UKR,59079,2025
3226,Dyatkovo,SOV,,
3229,Oskarshamn,SWE,18817,2023
3230,Płock,POL,71016,2025
3240,Ivanovo-Severnyy,SOV,,
3241,Hereford,GBR,55483,2025
3246,Novospasskoye,SOV,,
3254,Suwałki,POL,67937,2025
3258,Neubrandenburg,GER,59494,2025
3260,Slagelse,DMK,35817,2025
3262,Breda,NRD,177734,2025
3265,Buguruslan,SOV,41792,2025
3266,Zemetchino,SOV,,
3268,Kovrov,SOV,122872,2025
3272,Marijampolė,LIT,,
3273,Glasgow Airport,GBR,,
3274,Aberystwyth,GBR,,
3276,Barysh,SOV,,
3277,Kolding,DMK,63645,2025
3288,Klaipėda; Memel,LIT,103210,2025
3292,Shchyokino,SOV,,
3293,Svetlogorsk; Svietlahorsk,BLR,,
3296,Ventspils,LAT,32719,2025
3298,Alūksne,LAT,6188,2025
3299,Ingolstadt,GER,88782,2025
3305,Nykøbing Falster,DMK,,
3309,Slonim,BLR,49113,2023
3311,Douglas,GBR,,
3315,Volzhsk,SOV,,
3317,Nikolsk,SOV,,
3321,Ostashkov,SOV,,
3326,Bremen,GER,425974,2025
3335,Bryansk,SOV,131385,2025
3341,Herning,DMK,51782,2025
3344,Toropets,SOV,,
3346,Yelets,SOV,71183,2025
3350,Babruysk; Bobruysk,BLR,177154,2025
3352,Sergach,SOV,,
3356,Skopin,SOV,24055,2025
3357,Buzuluk,SOV,65616,2025
3359,Drogheda,IRE,,
3362,Yartsevo,SOV,,
3363,Omutninsk,SOV,18878,2025
3371,Kovylkino,SOV,19314,2025
3375,Skövde,SWE,40422,2023
3376,Yefremov,SOV,,
3377,Obninsk,SOV,104005,2025
3378,Bychaŭ; Bykhov,BLR,,
3387,Kasimov,SOV,27234,2025
3392,Brest,BLR,397637,2025
3402,Saint-Quentin,FRA,,
3409,Volchansk; Vovchans'k; Vovchansk,UKR,,
3427,Ejin Horo; Ejin Qoroga; Yījīnhuòluò,PRC,,
3430,Kam'yanets'-Podil's'kyy; Kamenets-Podol'skiy; Kamianets-Podilskyi,UKR,84179,2025
3431,Veshenskaya,SOV,,
3434,Przemyśl,POL,54622,2025
3438,Grünberg; Zielona Góra,POL,159472,2025
3443,Zimovniki,SOV,,
3452,Kirovograd; Kirovohrad; Kropivnits'kyy; Kropivnitskiy; Kropyvnytskyi,UKR,195361,2025
3455,Akhtyrka; Okhtyrka,UKR,,
3457,Khmel'nyts'kyy; Khmel'nytskiy; Khmelnytskyi,UKR,224407,2025
3463,Exeter,GBR,110292,2025
3466,Krasnoarmeysk; Krasnoarmiisk; Krasnoarmiys'k; Pokrovs'k; Pokrovsk,UKR,55117,2025
3468,Svetlovodsk; Svitlovods'k; Svitlovodsk,UKR,,
3470,Zviahel,UKR,,
3479,Artemivsk; Bakhmut,UKR,68173,2025
3480,Nezhin; Nizhyn,UKR,,
3482,Petrikau; Piotrków Trybunalski,POL,50882,2025
3483,Tarnopol; Ternopil; Ternopil'; Ternopol',UKR,183217,2025
3488,Eupen,BLG,20145,2026
3490,Novouzensk,SOV,,
3491,Krasnyi Lyman; Krasnyy Lyman; Lyman,UKR,,
3495,Laval,FRA,,
3499,Brandenburg an der Havel,GER,73945,2025
3501,Dover,GBR,,
3509,Le Mans,FRA,140414,2025
3511,Shepetivka; Shepetovka,UKR,,
3513,Salem,USA,228920,2025
3514,Görlitz,GER,55065,2025
3519,Millerovo,SOV,34246,2025
3524,Marburg,GER,73571,2025
3527,Liski,SOV,51778,2025
3529,Volgograd,SOV,632650,2025
3530,Karlsruhe,GER,299990,2025
3537,Banská Bystrica,SLO,60513,2025
3544,Warsaw; Warschau; Warszawa,POL,1999986,2025
3545,Legnica; Liegnitz,POL,77540,2025
3548,Mukachevo,UKR,70871,2025
3549,Évreux,FRA,,
3550,Prešov,SLO,77203,2025
3556,Luninets,BLR,,
3558,Ludwigshafen am Rhein,GER,177355,2025
3566,Borisoglebsk,SOV,57845,2025
3569,Brno,CZE,313582,2025
3573,Nova Kakhovka; Novaya Kakhovka,UKR,,
3580,Kursk,SOV,278148,2025
3583,Ostrava,CZE,150766,2025
3587,Egorlykskaya,SOV,,
3601,Karlovac,CRO,41869,2021
3605,Kingston,CAN,88900,2025
3606,Chilpancingo de los Bravo,MEX,225728,2020
3609,Šabac,SRB,51163,2022
3621,Guéret,FRA,,
3623,Sombor,SRB,41814,2022
3630,Băilești,ROM,15928,2021
3631,Kranj,SLV,38089,2026
3639,Pitești,ROM,147709,2025
3645,Târgu Jiu,ROM,63417,2025
3655,Bourges,FRA,53520,2025
3658,Kutaisi,GEO,132035,2025
3660,Davos,SWI,10733,2025
3663,Ploiești,ROM,187350,2025
3672,Urus-Martan,SOV,63830,2025
3673,Klagenfurt am Wörthersee,ASA,105734,2026
3676,Brassó; Brașov,ROM,230438,2025
3679,Stuggart,GER,,
3681,Auxerre,FRA,,
3682,Khasavyurt,SOV,207881,2025
3689,Csíkszereda; Miercurea Ciuc,ROM,34484,2021
3696,Nagyvárad; Oradea,ROM,164899,2025
3700,Eisenstadt,ASA,16396,2026
3701,Izmail; Izmayil,UKR,,
3705,Augsburg,GER,338257,2025
3710,Worcester,USA,134217,2025
3712,Concord,USA,285553,2025
3714,Rize,TUR,125883,2025
3719,Fargo,USA,131027,2025
3720,Maykop,SOV,124382,2025
3724,Comrat; Komrat,MLD,19120,2024
3728,Piatra Neamț,ROM,70378,2025
3730,Nyíregyháza,HUN,78595,2025
3731,Eger,HUN,48686,2025
3732,Portland,USA,,
3738,Ochakiv; Ochakov,UKR,,
3739,Svetlaya,SOV,,
3747,Oswego,USA,24421,2020
3748,Ipatovo,SOV,25163,2025
3751,Albi,FRA,,
3762,Gap,FRA,,
3765,Tikhoretsk,SOV,62800,2025
3768,Grenoble,FRA,348043,2025
3769,Swift Current,CAN,16304,2021
3771,Brive-la-Gaillarde,FRA,,
3775,Toronto,CAN,5566382,2025
3776,Mantua,ITA,,
3778,Ottawa,CAN,604618,2025
3780,Milan; Milano,ITA,3135553,2025
3783,Wafangdian; Wăfángdiàn,PRC,319394,2025
3786,İnegöl,TUR,214533,2025
3787,Spassk-Dal'ny; Spassk-Dalny,SOV,,
3788,Beyşehir,TUR,48583,2022
3796,Pleven,BUL,88058,2025
3799,Requena,SPA,,
3803,Hyesan,DPK,241782,2025
3810,Pozoblanco,SPA,,
3814,Lingyuan; Língyuán,PRC,170997,2025
3815,Jixi; Jīxī,PRC,413446,2025
3819,Gabrovo,BUL,43229,2025
3823,Charlottesville,USA,104191,2020
3828,Aohan; Auqan; Áohàn,PRC,,
3830,Qian'an; Qiān'ān,PRC,190878,2025
3838,Ajaccio,FRA,57575,2025
3844,Katerini; Kateríni,GRC,61557,2021
3847,York,USA,72506,2025
3851,Yalova,TUR,181686,2025
3854,Masaka,UGA,141042,2025
3861,Caldas da Rainha,POR,27790,2021
3862,Yozgat,TUR,92643,2022
3868,Dubrovnik,CRO,26922,2021
3870,Talas,TUR,164352,2022
3877,Tongliao; Tüngliyou; Tōngliáo,PRC,498536,2025
3878,JFK International Airport,USA,,
3879,Tekirdağ,TUR,155929,2025
3881,Jinzhou; Jĭnzhōu,PRC,854828,2025
3885,Perugia,ITA,55989,2025
3888,Meihekou; Méihékŏu,PRC,223906,2025
3892,Bragança,POR,22851,2021
3893,Lüleburgaz,TUR,82322,2025
3895,Benxi; Bĕnxī,PRC,773946,2025
3898,Andorra la Vella,ADR,,
3900,Changli; Chānglí,PRC,124655,2025
3901,Cosenza,ITA,84898,2025
3902,Logroño,SPA,167010,2025
3903,Sivas,TUR,401054,2025
3905,Bolu,TUR,132376,2025
3912,Huichon; Hŭich'ŏn,DPK,144337,2025
3913,Liaoyuan; Liáoyuán,PRC,328966,2025
3914,Ioannina; Ioánnina,GRC,94900,2025
3919,Karabük,TUR,197055,2025
3921,Elbistan,TUR,122644,2025
3923,Campobasso,ITA,,
3926,Portalegre,POR,13960,2021
3932,Huadian; Huàdiàn,PRC,130717,2025
3933,Pampalona,SPA,302466,2025
3934,Fuxin; Fùxīn,PRC,522330,2025
3935,Tokat,TUR,122160,2025
3937,Velingrad,BUL,19843,2025
3939,Novi Pazar,SRB,93110,2025
3943,Zadar,CRO,68048,2025
3945,Cuenca,SPA,53761,2025
3947,Dunhua; Dūnhuà,PRC,201611,2025
3954,Alcañiz,SPA,,
3956,Užice,SRB,,
3957,Washington,USA,3471725,2025
3958,Potenza,ITA,63403,2026
3963,Lidoga,SOV,,
3969,Castelo Branco,POR,33450,2021
3970,Fengcheng; Fèngchéng,PRC,,
3973,Volos; Vólos,GRC,99656,2025
3977,Ussuriysk,SOV,129677,2025
3979,Gümüşhane,TUR,38105,2022
3983,Afyonkarahisar,TUR,142324,2025
3984,Čačak,SRB,70622,2025
3988,Thessaloniki; Thessaloníki,GRC,783450,2025
4008,Alanya,TUR,131344,2025
4009,Zaoyang; Zăoyáng,PRC,155165,2025
4017,Ma'an; Ma'ān,JOR,,
4029,Eau Claire,USA,105475,2020
4032,Hengshui; Héngshuĭ,PRC,742818,2025
4047,Sirte; Surt,LYB,59423,2025
4051,Az-Zintān; Zintan,LYB,26187,2006
4052,Namp'o; Nampo,DPK,144643,2025
4053,Shanghang; Shàngháng,PRC,72050,2025
4055,Al-Jīzah; Giza,EGY,,
4056,Busan; Pusan,ROK,3263408,2025
4058,Wuan; Wŭ'ān,PRC,204431,2025
4061,Al-Qaṣrayn; Kasserine,TUN,83463,2025
4062,Haladiẏā; Haldia,IND,200827,2011
4064,Mahesāna; Mehsana,IND,376010,2025
4066,Taikang; Tàikāng,PRC,86916,2025
4068,Al-Quṣayr; Quseer,EGY,52558,2023
4070,Pucheng; Pŭchéng,PRC,60883,2025
4073,As-Suways; Suez,EGY,557510,2025
4074,Xingxian; Xīngxiàn,PRC,115918,2025
4076,Al-Iskandariyah; Alexandria,EGY,6931369,2025
4077,Baise; Bǎisè,PRC,119254,2025
4078,Tripoli; Trípolis,GRC,,
4079,Mengcheng; Mĕngchéng,PRC,120365,2025
4082,Binhai; Bīnhăi,PRC,,
4083,Fengcheng; Fēngchéng,PRC,,
4084,Khénifra; Ḵunayfira,MRC,,
4086,Gyeongsang; Kyŏngsang,ROK,,
4088,Ashkelon,ISR,105812,2025
4090,Junagadh; Junāga,IND,357101,2025
4091,Rugao; Rúgāo,PRC,139223,2025
4093,Zhuozhou; Zhuōzhōu,PRC,157065,2025
4095,Baza,SPA,,
4097,Taza; Tāza,MRC,,
4103,Yeongju; Yŏngju,ROK,103818,2020
4104,Balasore; Bāleśwar,IND,203378,2025
4105,Xuancheng; Xuānchéng,PRC,427032,2025
4107,Haeju,DPK,263992,2025
4109,Athens; Athínai,GRC,3166757,2025
4111,Damascus; Dimashq,SYR,3771638,2025
4112,Çeşme,TUR,33259,2022
4116,Tilimsān; Tlemcen,ALG,294082,2025
4123,Baoying; Băoyīng,PRC,,
4125,Yongzhou; Yǒngzhōu,PRC,416168,2025
4126,Namwon; Namwŏn,ROK,78097,2020
4130,Tianmen; Tiānmén,PRC,402718,2025
4135,Gibraltar,GBR,,
4139,Kalaat Sraghna; Qal'at As-Sarāghna,MRC,,
4144,Hebi; Hèbì,PRC,238324,2025
4146,Al-Madiya; Médéa,ALG,156467,2025
4151,Al Bayda; Al-Bayḍā',LYB,,
4156,Yongxin; Yŏngxīn,PRC,,
4157,Zhucheng; Zhūchéng,PRC,,
4159,Messina,ITA,178836,2025
4162,Faridpur,BAN,326743,2025
4169,Ningde; Níngdé,PRC,350783,2025
4171,Kahama,TZN,147472,2025
4173,Ningguo; Níngguó,PRC,374587,2025
4174,Xiaoyi; Xiàoyì,PRC,165448,2025
4185,Poyang; Póyáng,PRC,188396,2025
4186,Laiyang; Láiyáng,PRC,265847,2025
4189,Macau; Àomén,MCU,,
4190,Xinji; Xīnjí,PRC,204940,2025
4192,Xuanwei; Xuānwēi,PRC,382363,2025
4196,Fuzhou; Fúzhōu,PRC,,
4203,Jinzhai; Jīnzhài,PRC,,
4204,Bankura; Baṁkuṛā,IND,300434,2025
4205,Rongcheng; Róngchéng,PRC,174923,2025
4206,Tall 'Abīb-Yāfā; Tel Aviv; Tel Aviv-Yafo,ISR,2628335,2025
4208,Fuping; Fùpíng,PRC,,
4209,Zavodoukovsk,SOV,27357,2025
4229,Guadalajara,MEX,4138350,2025
4237,Kakinada; Kākināḍa,IND,496994,2025
4238,Atbasar,KAZ,29751,2026
4242,Kargapole,SOV,,
4261,Gay,SOV,,
4274,Bend,USA,106988,2020
4278,Shivamogga; Śivamogga,IND,404349,2025
4285,St. John,CAN,,
4300,Ayteke Bi; Ayteke-Bi; Äyteke Bï,KAZ,50309,2025
4311,Beloretsk,SOV,66427,2025
4327,Tirunelveli; Tirunelvēli,IND,371087,2025
4353,Barshi; Bārśī,IND,132865,2025
4354,Salavat,SOV,93693,2025
4360,Charlottetown,CAN,52390,2021
4374,Aral; Aral'sk,KAZ,37375,2026
4386,Butwal; Buṭavala,NPL,194335,2021
4400,Sarapul,SOV,81805,2025
4414,Anantapur; Anaṁtapuraṁ,IND,420001,2025
4420,Hosur; Hōcūr,IND,388678,2025
4428,Abbotsford,CAN,110036,2025
4435,Gantok; Gāntok,IND,132116,2025
4441,Cairns,AUS,57591,2025
4442,Youngstown,USA,320901,2020
4458,Khachmaz; Xaçmaz,AZJ,,
4459,Betiyā; Bettiah,IND,589703,2025
4462,Mackay,AUS,89761,2025
4476,Camagüey,CUB,286045,2025
4478,Dubbo,AUS,42452,2025
4481,Bundaberg,AUS,79283,2025
4487,Airlie Beach - Cannonvale,AUS,16597,2025
4503,Nongan; Nóng'ān,PRC,112174,2025
4504,Liupanshui; Liùpánshuǐ,PRC,924182,2025
4516,Bodh Gaya; Bodh Gayā,IND,,
4519,Dengzhou; Dèngzhōu,PRC,1095052,2025
4540,Sikeston,USA,17683,2020
4544,Bihar Sharif; Bihār Śarīph,IND,599180,2025
4547,Xichuan; Xīchuān,PRC,127044,2025
4551,Tongjiang; Tóngjiāng,PRC,76727,2025
4557,Gondia; Goṁdiyā,IND,272964,2025
4569,St. Louis,USA,797220,2025
4572,Gongzhuling; Gōngzhŭlĭng,PRC,196813,2025
4583,Iğdır,TUR,99682,2025
4592,Suihua; Suíhuà,PRC,289983,2025
4598,Puerto Plata,DMR,128131,2025
4600,Pinar del Río,CUB,150119,2025
4606,Jiyuan; Jìyuán,PRC,405860,2025
4607,Carson City,USA,61629,2020
4610,Buffalo,USA,,
4614,Shamakhy; Shemaka; Şamaxı,AZJ,,
4619,Xianning; Xiánníng,PRC,276077,2025
4625,Jonesboro,USA,5245,2020
4632,Emerald,AUS,15238,2025
4633,Songyuan; Sōngyuán,PRC,218036,2025
4634,Hongdong; Hóngdòng,PRC,,
4642,Siping; Sìpíng,PRC,508075,2025
4653,Greeneville,USA,22919,2020
4659,Tobol'sk; Tobolsk,SOV,58512,2025
4660,Kapan,ARM,,
4664,Rochester,USA,,
4669,Labytnangi,SOV,26462,2025
4677,Borzya,SOV,,
4681,Belyi Yar,SOV,,
4682,Aral; Ālā'ěr,PRC,65117,2025
4690,Minusinsk,SOV,55421,2025
4719,Krasnokamensk,SOV,51358,2025
4720,Zitácuaro,MEX,112349,2025
4723,Cheyenne,USA,79250,2020
4724,Achinsk,SOV,77038,2025
4726,Aldan,SOV,21837,2025
4727,Blythe,USA,11780,2020
4728,Petropavlovsk-Kamchatskiy,SOV,,
4743,Yakutsk,SOV,139152,2025
4747,Richland,USA,,
4749,Scottsbluff,USA,25104,2020
4751,Ölgii,MON,,
4759,Williston,USA,29510,2020
4766,Khyagt,SOV,,
4776,Bendigo,AUS,106493,2025
4778,Moscow,USA,25914,2020
4783,Ejen; Ejin; Éjǐnà,PRC,,
4787,Uruapan del Progreso,MEX,299523,2020
4789,Tayga,SOV,,
4800,Gorno-Altaysk,SOV,,
4803,Biysk,SOV,162866,2025
4806,Karasuk,SOV,24569,2025
4813,Tavda,SOV,31773,2025
4817,Surgut,SOV,68952,2025
4823,Altay; Ālètài,PRC,63646,2025
4827,Kargasok,SOV,,
4831,Tepic,MEX,420020,2025
4845,Dzharkent; Jarkent; Zharkent,KAZ,54229,2025
4854,Marquette,USA,24682,2020
4857,Billings,USA,80942,2025
4859,Svetlogorsk,SOV,,
4861,Akureyri,ICE,20467,2026
4878,Xalapa-Enríquez,MEX,,
4883,Bhandara; Bhaṁḍārā,IND,173162,2025
4887,Zamora de Hidalgo,MEX,154546,2020
4904,Ciudad del Carmen,MEX,215256,2025
4908,Guaymas,MEX,125094,2025
4920,Samara; Smāra,MRC,,
4925,Chengdu; Chéngdū,PRC,5609627,2025
4933,Al-Rāshīdiyya; Errachidia,MRC,,
4946,Santiago Papasquiaro,MEX,,
4950,Baitūl; Betul,IND,177044,2025
4955,Odessa,USA,84419,2025
4964,Yushu; Yùshù; Yüshu,PRC,,
4965,Playa del Carmen,MEX,236352,2025
4970,Al-Wādī; El Oued,ALG,281360,2025
4977,Navojoa,MEX,110580,2025
4987,Birgunj; Vīraganja,NPL,90237,2025
4988,Bowling Green,USA,30989,2020
4993,Sohar; Ṣuḥār,OMA,139036,2025
5002,Rudrapur,IND,66325,2025
5007,Weinan; Wèinán,PRC,273989,2025
5012,Boujdour; Bouǧdour,MRC,,
5015,San Fernando,MEX,,
5019,Nanded; Nāṁdeḍ,IND,759900,2025
5022,Waco,USA,52607,2025
5025,Guyuan; Gùyuán,PRC,,
5031,Alaša Barayun; Alxa Right; Ālāshàn Yòu,PRC,,
5032,Ballari; Baḷḷāri,IND,574842,2025
5035,Ouargla; Warqalah,ALG,250308,2025
5040,Satna; Satnā,IND,504984,2025
5046,Guelmim; Gulmīm,MRC,,
5048,Dazhou; Dázhōu,PRC,771803,2025
5052,Lagos de Moreno,MEX,118084,2025
5055,Fatehpur; Phatehpur,IND,89377,2025
5059,Huntsville,USA,100172,2025
5063,Latur; Lātūr,IND,493859,2025
5066,Zihuatanejo,MEX,86848,2025
5074,Ja'ar; Ja'ār,YEM,87954,2025
5078,Mut,EGY,,
5086,Farrukhabad; Farrūxābād,IND,576426,2025
5092,Shangluo; Shāngluò,PRC,110703,2025
5096,Sagar; Sāgar,IND,571737,2025
5100,Zhangye; Zhāngyè,PRC,198224,2025
5104,Yadgiri; Yādgiri,IND,126731,2025
5157,Haridvār; Haridwar,IND,684947,2025
5160,Eldoret,KEN,439307,2025
5170,Karaköprü,TUR,241558,2022
5175,Kalgoorlie-Boulder,AUS,31016,2025
5181,Devonport,AUS,32938,2025
5206,Malatya,TUR,510425,2025
5207,Kununurra,AUS,,
5224,Handeni,TZN,,
5291,Verdun,FRA,,
5310,Janakpur,NPL,,
6009,Porvoo,FIN,,
6038,Levanger,NWY,20807,2026
6041,Namsos,NWY,,
6042,Elverum,NWY,21937,2026
6050,Stockholm,SWE,1543892,2025
6082,Lappeenranta,FIN,73241,2025
6084,Lindesberg,SWE,,
6095,Kirishi,SOV,,
6103,London,GBR,10408332,2025
6114,Dombås,NWY,,
6118,Oppdal,NWY,,
6125,Kalix,SWE,,
6132,Umeå,SWE,64854,2025
6135,Furmanov,SOV,28609,2025
6141,Äänekoski,FIN,17492,2025
6143,Poshekhonye,SOV,,
6147,Mora,SWE,12830,2023
6149,Uren,SOV,,
6163,Jämsä,FIN,19020,2025
6164,Karlskoga,SWE,27686,2023
6165,Luleå,SWE,49646,2023
6167,Rybinsk,SOV,,
6175,Kostomuksha,SOV,,
6176,Hå,NWY,20087,2026
6178,Viljandi,EST,17000,2026
6181,Kandalaksha,SOV,,
6187,Brønnøysund,NWY,,
6188,Kumla,SWE,17889,2023
6195,Torsby,SWE,,
6196,Lerwick,GBR,,
6209,Norrtälje,SWE,23606,2023
6214,Rognan,NWY,,
6224,Urzhum,SOV,,
6226,Syzran; Syzran',SOV,111241,2025
6231,Murom,SOV,95975,2025
6232,Mazyr; Mozyr',BLR,,
6235,Aalborg,DMK,101029,2025
6236,Arnswalde; Choszczno,POL,,
6242,Opochka,SOV,,
6243,Desnogorsk,SOV,24406,2025
6246,Neftekamsk,SOV,129583,2025
6249,Polatsk; Polotsk,BLR,,
6253,Vurnary,SOV,,
6257,Neumünster,GER,64451,2025
6262,Tula,SOV,306559,2025
6278,Agryz,SOV,19822,2025
6281,Alytus,LIT,49952,2026
6282,Stetten; Szczecin,POL,311037,2025
6283,Sergiyev Posad,SOV,99478,2025
6284,Sasovo,SOV,20534,2025
6286,Zwolle,NRD,120061,2025
6287,Copenhagen; København,DMK,1258202,2025
6290,Serpukhov,SOV,125982,2025
6291,Nizhny Lomov,SOV,,
6306,Ivatsevichi; Ivatsevichy,BLR,,
6310,Uddevalla,SWE,35639,2023
6311,Motala,SWE,31367,2023
6313,Limerick,IRE,,
6314,Palanga,LIT,19198,2026
6315,Novomoskovsk,SOV,62102,2025
6317,Usman,SOV,19165,2025
6318,Manchester,GBR,2539907,2025
6319,Rechitsa; Rečyca,BLR,,
6323,Yelabuga,SOV,,
6324,Ostrov,SOV,20655,2025
6326,Navapolatsk; Novopolotsk,BLR,,
6328,Rtishchevo,SOV,,
6335,Blackpool,GBR,189730,2025
6336,Leeuwarden,NRD,92944,2025
6338,Zelenodolsk,SOV,59300,2025
6345,Helsingborg,SWE,106339,2025
6346,Kalyazin,SOV,,
6350,Stranraer,GBR,,
6351,Salisbury,GBR,,
6354,Gorki; Horki,BLR,,
6357,Alatyr; Alatyr',SOV,,
6358,Vichuga,SOV,,
6360,Raseiniai,LIT,9348,2026
6361,Rønne,DMK,13675,2025
6365,Kozel'sk; Kozelsk,SOV,,
6367,Nelidovo,SOV,17530,2025
6369,Gryazi,SOV,,
6373,Zhlobin; Žlobin,BLR,,
6375,Allenstein; Olsztyn,POL,148647,2025
6376,Šiauliai,LIT,111018,2026
6377,Hannover,GER,663997,2025
6379,Sorochinsk,SOV,,
6380,Moscow; Moskva,SOV,14384082,2025
6382,Serdobsk,SOV,29225,2025
6383,Sovetsk,SOV,,
6388,Mozhga,SOV,,
6390,Stargard; Stargard an der Ihna,POL,59566,2025
6391,Ruzayevka,SOV,,
6393,Roskilde,DMK,53354,2025
6397,Mjölby,SWE,14282,2023
6402,Elbing; Elbląg,POL,110758,2025
6406,Borås,SWE,50459,2025
6408,Valga,EST,11732,2026
6409,Kamenka,SOV,32477,2025
6411,Karachev,SOV,,
6412,Halmstad,SWE,72979,2023
6413,Lida,BLR,103915,2023
6416,Kielce,POL,167460,2025
6432,Valuyki,SOV,,
6435,Rivne; Rovno; Równe,UKR,214365,2025
6449,Cherbourg-en-Cotentin,FRA,57244,2025
6454,Serafimovich,SOV,,
6455,Mohyliv-Podilskyi,UKR,,
6464,Gleiwitz; Gliwice,POL,97807,2025
6470,Karlovy Vary,CZE,,
6480,Haisyn,UKR,,
6483,Drogobich; Drohobych; Drohobycz,UKR,83120,2025
6485,Neisse; Nysa,POL,39887,2025
6486,Akhtubinsk,SOV,,
6488,Frankfurt am Main,GER,760656,2025
6490,Volgodonsk,SOV,129475,2025
6494,Pavlovsk,SOV,21409,2025
6495,Kremenchuk,UKR,130957,2025
6499,Mielec,POL,52872,2025
6500,Venlo,NRD,,
6501,Jena,GER,82104,2025
6502,Balakovo,SOV,117879,2025
6503,Kotel'nikovo; Kotelnikovo,SOV,,
6504,Arras,FRA,60903,2025
6505,Alchevs'k; Alchevsk,UKR,150118,2025
6506,Kamyshin,SOV,91669,2025
6511,Radom,POL,176099,2025
6513,Göttingen,GER,110420,2025
6516,Znamensk,SOV,,
6517,Shebekino,SOV,,
6524,Erfurt,GER,174628,2025
6526,Truro,GBR,,
6529,Colmar,FRA,64537,2025
6533,Blois,FRA,,
6535,Münster,GER,269164,2025
6536,Lorient,FRA,72374,2025
6538,Ust-Tsilma,SOV,,
6539,Krasnoarmeysk,SOV,,
6543,Sudzha,SOV,,
6545,Châlons-en-Champagne,FRA,,
6547,Chatres,FRA,66599,2025
6550,Chios; Chíos,GRC,,
6552,Krems an der Donau,ASA,25581,2026
6558,Posen; Poznań,POL,531736,2025
6560,Bruges; Brugge,BLG,67047,2025
6562,Olomouc,CZE,82848,2025
6568,Mannheim,GER,456549,2025
6573,Košice,SLO,223173,2025
6576,Zlín,CZE,,
6577,Gubkin,SOV,83150,2025
6583,Luxembourg City; Stad Lëtzebuerg; Stadt Luxemburg; Ville de Luxembourg,LUX,,
6585,Beauvais,FRA,,
6592,Plzeň,CZE,,
6595,Neusalz; Nowa Sól,POL,35230,2025
6597,Pervomaisk; Pervomays'k,UKR,51647,2025
6598,Saint-Nicholas; Sint-Niklaas,BLG,,
6600,Bel'tsy; Bălți,MLD,53610,2025
6606,Bologna,ITA,456780,2025
6610,Owen Sound,CAN,22318,2021
6611,Gospić,CRO,6362,2021
6613,Lyon,FRA,1194741,2025
6614,Bihać,BSH,39690,2013
6619,Prijedor,BSH,27970,2013
6620,Kharabali,SOV,,
6626,Trieste,ITA,178655,2025
6634,Požarevac,SRB,42530,2022
6635,Novara,ITA,92131,2025
6647,Osijek,CRO,69144,2025
6658,Giurgiu,ROM,54551,2021
6666,Lausanne; Losanna,SWI,288888,2025
6670,Baja,HUN,32401,2025
6671,Gori,GEO,50343,2024
6672,Murska Sobota,SLV,10859,2026
6673,Villach,ASA,66051,2026
6677,Călărași,ROM,58211,2021
6679,Nagyszeben; Sibiu,ROM,134213,2025
6680,Dornbirn,ASA,52252,2026
6682,Arad,ROM,120149,2025
6685,Kaposvár,HUN,58459,2025
6687,Judenburg,ASA,9441,2026
6690,Leoben,ASA,24455,2026
6694,Modesto,USA,334845,2025
6700,Kecskemét,HUN,73080,2025
6703,Dunaújváros,HUN,41193,2025
6710,Detroit,USA,1918653,2025
6712,Freiburg im Breisgau,GER,238078,2025
6716,Szolnok,HUN,65564,2025
6718,Pyatigorsk,SOV,208441,2025
6720,Győr,HUN,88498,2025
6729,Bârlad,ROM,52475,2021
6730,Kizlyar,SOV,72757,2025
6732,Boston,USA,1669310,2025
6734,Ourense,SPA,90571,2025
6739,Liezen,ASA,,
6742,Missoula,USA,88109,2020
6747,Bacău,ROM,129974,2025
6750,Budyonnovsk,SOV,56616,2025
6751,Miskolc,HUN,115425,2025
6761,Rădăuți,ROM,24292,2021
6766,Toulouse,FRA,712882,2025
6769,Lansing,USA,111165,2025
6770,Mende,FRA,,
6773,Aurillac,FRA,,
6775,Agen,FRA,,
6776,Ugledar; Vuhledar,UKR,,
6777,Arcachon,FRA,,
6780,Torino; Turin,ITA,1243448,2025
6785,Corpus Christi,USA,239777,2025
6788,Genoa; Genova,ITA,523194,2025
6790,Piacenza,ITA,95643,2025
6794,Elista,SOV,96053,2025
6799,Tuzla,BSH,55006,2025
6812,Tortosa,SPA,,
6814,Stara Zagora,BUL,77342,2025
6817,Castellón de la Plana,SPA,159760,2025
6818,Viseu,POR,60570,2021
6828,Laiyuan; Láiyuán,PRC,99405,2025
6831,Vasto,ITA,,
6837,Huludao; Húlúdăo,PRC,497401,2025
6842,Veliko Tǎrnovo,BUL,60067,2025
6843,Barletta,ITA,92131,2025
6845,Philadelphia,USA,2286396,2025
6851,Anshan; Ānshān,PRC,1495743,2025
6857,Blagoevgrad,BUL,64171,2025
6860,Kuandian; Kuāndiàn,PRC,91876,2025
6862,Viterbo,ITA,66767,2026
6864,Çanakkale,TUR,128856,2025
6866,Cáceres,SPA,96598,2025
6867,Salamanca,SPA,143062,2025
6868,Qingyuan; Qīngyuán,PRC,,
6871,Hendek,TUR,70580,2025
6875,Grosseto,ITA,52134,2025
6880,Faro,POR,49360,2021
6882,Newark,USA,81223,2020
6887,Grand Junction,USA,78680,2025
6890,Cleveland,USA,722540,2025
6894,Seydişehir,TUR,47138,2022
6895,Çorlu,TUR,123052,2025
6900,Durrës,ALB,131865,2025
6905,Fusong; Fŭsōng,PRC,,
6906,Valencia,SPA,1404208,2025
6912,Bandırma,TUR,121652,2025
6917,Carcassonne,FRA,,
6922,Tanch'ŏn; Tanchon,DPK,77317,2025
6924,Aveiro,POR,62130,2021
6926,Assisi,ITA,,
6929,Hagerstown,USA,197557,2020
6930,Larissa; Lárisa,GRC,118892,2025
6932,Sanmexia; Sānménxiá,PRC,237530,2025
6933,Évora,POR,40373,2021
6936,Palencia,SPA,57573,2025
6937,Weichang; Wéichăng,PRC,74299,2025
6938,Kastamonu,TUR,86877,2025
6944,Rason; Rasŏn,DPK,128331,2025
6946,Pisa,ITA,65764,2025
6951,Xinmin; Xīnmín,PRC,193801,2025
6957,Livno,BSH,7927,2013
6959,Gandia,SPA,,
6961,Nakhodka,SOV,83146,2025
6967,Sliven,BUL,77832,2025
6969,Xinglong; Xīnglóng,PRC,50721,2025
6971,Charleston,USA,,
6975,Guillestre,FRA,,
6979,Lecce,ITA,82977,2025
6981,Dandong; Dāndōng,PRC,714738,2025
6982,Pazardzhik,BUL,,
6983,Banja Luka,BSH,90140,2025
6984,Frederick,USA,176456,2020
6989,Arsen'yev; Arsenyev,SOV,,
6990,Serres; Sérrai,GRC,,
6997,Nakhchivan; Nakhchyvan; Nakhch’yvan; Naxçıvan,AZJ,,
6999,Chongqing; Chóngqìng,PRC,8449690,2025
7004,Dayu; Dàyú,PRC,80228,2025
7005,Gabès; Qābis,TUN,177608,2025
7011,Cairo International Airport; Maṭār Al-Qāhirah Al-Dawli,EGY,,
7014,Shanghai; Shànghăi,PRC,30678616,2025
7019,Fangxian; Fángxiàn,PRC,57912,2025
7021,Gangneung; Kangnŭng,ROK,118784,2025
7025,Peixian; Pèixiàn,PRC,154588,2025
7026,Silifke,TUR,66641,2022
7027,Huian; Huì'ān,PRC,325256,2025
7033,M'Sila; Āl-Msyla,ALG,201841,2025
7035,Susong; Sùsōng,PRC,100719,2025
7054,Guixi; Guìxī,PRC,,
7055,Xintai; Xīntài,PRC,236800,2025
7058,Ninghai; Nínghăi,PRC,,
7065,Al-'Ulma; El Eulma,ALG,196881,2025
7066,Bani Waled; Banī Walīd,LYB,37332,2006
7067,Lufeng; Lùfēng,PRC,310570,2025
7069,Ad-Dār Al-Bayḍā; Casablanca,MRC,,
7070,Koksan,DPK,93927,2025
7071,Xiamen; Xiàmén,PRC,,
7079,As-Sallūm; Sallum,EGY,18118,2023
7082,Darnah; Derna,LYB,59569,2025
7088,Fort Portal,UGA,55643,2025
7089,Gaomi; Gāomì,PRC,599934,2025
7091,Kafr Ash-Shaykh; Kafr El-Shaikh,EGY,,
7092,Qinghe; Qīnghé,PRC,141229,2025
7096,Corinth; Kórinthos,GRC,,
7097,Xiangtan; Xiāngtán,PRC,102212,2025
7099,Longyan; Lóngyán,PRC,392112,2025
7100,Al-Khemisāt; Khemisset,MRC,,
7101,Changde; Chángdé,PRC,603681,2025
7105,Laizhou; Láizhōu,PRC,279120,2025
7107,Ram'allah; Ramallah; Rām Allāh,PST,1054623,2025
7108,Huizhou; Huìzhōu,PRC,1061952,2025
7111,Lorca,SPA,98613,2025
7114,Eivissa; Ibiza,SPA,53270,2025
7120,Yixing; Yíxīng,PRC,452718,2025
7124,Kushtia; Kuṣṭiẏā,BAN,407149,2025
7125,Seoul; Sŏul,ROK,22261692,2025
7129,Caoxian; Cáoxiàn,PRC,209734,2025
7130,Torbalı,TUR,52098,2025
7133,Arua,UGA,215726,2025
7137,Nanning; Nánníng,PRC,3695575,2025
7143,Karaman,TUR,125344,2025
7146,Linhai; Línhăi,PRC,343381,2025
7147,Sciacca,ITA,,
7150,Ankleshwar; Aṁkalēśvara,IND,284472,2025
7151,As-Salṭ; Salt,JOR,,
7153,Ronda,SPA,,
7158,Ulagančab; Ulanqab; Wūlánchábù,PRC,272964,2025
7162,Al-Qayrawān; Kairouan,TUN,81409,2025
7166,Bordj Bou Arréridj; Burğ Bū 'Urairīğ,ALG,209845,2025
7177,Jalagon; Jaḷagāṁ,IND,,
7180,Zaghouan; Zaghwān,TUN,,
7183,Dos Hermanas,SPA,97844,2025
7186,Taipei; Táiběi,ROC,9686521,2025
7191,Hangzhou; Hángzhōu,PRC,6387064,2025
7193,Lemesós; Limasol; Limassol,CYP,191161,2025
7195,Kahului,USA,51668,2025
7199,Xingguo; Xīngguó,PRC,168176,2025
7204,Asan,ROK,340518,2020
7205,Burhanpur; Burhānpurs,IND,330992,2025
7210,Wuzhou; Wúzhōu,PRC,370101,2025
7214,Hsinchu; Xīnzhú,ROC,713497,2025
7215,Al-Nāẓūr; Nador,MRC,,
7220,Kharagpur; Khaṛgpur,IND,760857,2025
7221,P'yŏngt'aek; Pyeongtaek,ROK,159972,2025
7222,Dingyuan; Dìngyuăn,PRC,131594,2025
7232,Ratnagiri; Ratnāgirī,IND,222402,2025
7240,Suining; Suìníng,PRC,,
7250,Bagalkot; Bāgalkōṭ,IND,53622,2025
7256,Guangyuan; Guǎngyuán,PRC,441909,2025
7273,Leh; Lehh; Lēh,IND,30870,2011
7274,Iskitim,SOV,56509,2025
7279,Zhangjiajie; Zhāngjiājiè,PRC,163528,2025
7294,Panzhihua; Pānzhīhuā,PRC,292350,2025
7304,Truro,CAN,23583,2021
7306,Cedar Rapids,USA,55742,2025
7310,Tirupati,IND,482025,2025
7314,Yulin; Yúlín,PRC,,
7317,Ekibastuz; Ekıbastūz,KAZ,114479,2025
7340,Bhimavaram; Bhīmavaraṁ,IND,246577,2025
7341,Hromtau; Khromtau,KAZ,,
7359,Balezino,SOV,,
7364,Celaya,MEX,381192,2025
7374,Dhanagaḍhī; Dhangadhi,NPL,198792,2021
7394,Cork,IRE,137272,2025
7395,Udupi; Uḍupi,IND,303722,2025
7418,Ankang; Ānkāng,PRC,807066,2025
7420,Traverse City,USA,,
7425,Shakhtinsk; Şahtinsk,KAZ,,
7429,Jitiqara; Zhitikhara,KAZ,,
7430,Akola; Akolā,IND,671544,2025
7436,Vellore; Vēlūr,IND,765930,2025
7444,Askino,SOV,,
7450,Coffs Harbour,AUS,,
7451,Santa Clara,CUB,222229,2025
7462,Augusta,USA,,
7465,Jagdalpur,IND,138047,2025
7466,Beckley,USA,57468,2020
7470,Erciş,TUR,145965,2025
7471,Tamworth,AUS,46024,2025
7475,Purnia; Pūrṇiyāṁ,IND,461747,2025
7480,Mobile,USA,93512,2025
7481,Subshine Coast,AUS,,
7522,Hervey Bay,AUS,63312,2025
7523,Yushu; Yúshù,PRC,,
7526,Bayan; Bāyàn,PRC,,
7530,Batman,TUR,481850,2025
7535,Nambour,AUS,,
7537,Bhagalpur; Bhāgalpur,IND,343274,2025
7538,Sydney Airport,AUS,,
7540,Shangcai; Shàngcài,PRC,169321,2025
7545,Shangdu; Shāngdū; Šangdu,PRC,61146,2025
7549,Kaili; Kǎilǐ,PRC,386453,2025
7551,Lafayette,USA,,
7564,Brisbane,AUS,1359105,2025
7565,Malda; Māldā,IND,185762,2025
7568,Tongbai; Tóngbǎi,PRC,82568,2025
7571,Linfen; Línfén,PRC,1090241,2025
7575,Ongnigud; Ongniud; Wēngniútè,PRC,63234,2025
7580,Suizhou; Suízhōu,PRC,249979,2025
7591,Wuchang; Wŭcháng,PRC,164689,2025
7593,Deoghar; Devghar,IND,403639,2025
7596,Badong; Bādōng,PRC,,
7607,Columbia,USA,,
7619,Caṁdrapūr; Chandrapur,IND,421688,2025
7620,Kâhta,TUR,81166,2025
7624,Derbent,SOV,112956,2025
7625,Xiaogan; Xiàogăn,PRC,812534,2025
7629,Burlington,USA,24086,2020
7632,Barahona,DMR,,
7637,Wuxue; Wŭxué,PRC,199876,2025
7643,Asheville,USA,285776,2020
7651,Rockhampton,AUS,83508,2025
7660,La Romana,DMR,248412,2025
7661,Baku; Bakı,AZJ,,
7662,Chapai Nawabganj; Cāṁpāi Nabābgañj,BAN,785704,2025
7668,Biloxi,USA,,
7672,Birobidzhan,SOV,,
7702,Kucha; Kuqa; Kùchē,PRC,158060,2025
7717,Sükhbaatar,MON,,
7736,Bagdarin,SOV,,
7753,Chilliwack,CAN,81622,2021
7755,Shepparton - Mooroopna,AUS,55332,2025
7756,Elko,USA,21695,2020
7757,Yurga,SOV,,
7767,Tieli; Tiĕlì,PRC,74235,2025
7777,Jetısai; Zhetisay,KAZ,,
7787,Red Deer,CAN,107275,2025
7796,Nyagan; Nyagan',SOV,,
7798,Melbourne,AUS,4010658,2025
7811,Warrnambool,AUS,36689,2025
7813,Cuernavaca,MEX,866396,2025
7815,Nazarovo,SOV,43770,2025
7822,Sheregesh,SOV,,
7830,León,MEX,1384014,2025
7831,Carbondale,USA,7361,2020
7832,Heihe; Hēihé,PRC,131222,2025
7844,Neryungri,SOV,,
7846,Yarkovo,SOV,,
7852,Grand Island,USA,55099,2020
7859,Canberra,AUS,,
7860,Petrovsk-Zabaykalsky,SOV,,
7862,Aberdeen,USA,26603,2020
7866,Bole; Bólè; Börtala,PRC,,
7869,Acapulco,MEX,668457,2025
7886,Mariinsk,SOV,39883,2025
7893,Saguenay,CAN,,
7894,Jalan Ayil; Zalantun; Zhālántún,PRC,117266,2025
7895,Yugorsk,SOV,50484,2025
7899,Thunder Bay,CAN,95266,2021
7905,Tonk; Ṭōṁk,IND,216165,2025
7913,Pachuca de Soto,MEX,297848,2020
7921,El Salto,MEX,,
7935,Cuauhtémoc,MEX,125931,2025
7938,Rewa; Rīvā,IND,361737,2025
7949,Tumshuq; Tumxuk; Túmùshūkè,PRC,,
7971,Yumen; Yùmén,PRC,,
7976,Baoshan; Bǎoshān,PRC,66212,2025
7986,El Centro,USA,74376,2020
7999,Durango,USA,19114,2020
8010,Thimphu,BHU,,
8012,Nogales,MEX,,
8020,Ja'alān Banī Bū 'Alī; Jalan Bani Buali,OMA,,
8032,Lázaro Cárdenas,MEX,168921,2025
8041,Línzhī; Nyingchi,PRC,,
8049,Tongchuan; Tóngchuān,PRC,130607,2025
8067,Tirucceṅkōṭu; Tiruchengode,IND,155978,2025
8070,Roswell,USA,48831,2020
8072,Zhushan; Zhúshān,PRC,54621,2025
8073,Jizan; Jīzān,KSA,65731,2025
8077,'Īn Ṣalāḥ; Aïn Salah,ALG,,
8079,Pánuco,MEX,,
8081,Wuzhong; Wúzhōng,PRC,245268,2025
8087,Mahbubnagar; Mahābubnagar,IND,226080,2025
8089,Tehuacán,MEX,223264,2025
8092,'Umluj; Umluj,KSA,46229,2022
8100,Tumakur; Tumakūru,IND,371851,2025
8101,Sakaka; Sakākā,KSA,117237,2025
8114,Shahjahanpur; Śāhajahāṁpur,IND,652810,2025
8120,Bilaspur; Bilāspur,IND,789909,2025
8130,Esperance,AUS,12580,2025
8133,Mandera,KEN,130114,2025
8144,Kigoma,TZN,347892,2025
8152,Karratha,AUS,19659,2025
8155,Mezhdunarodnyy Aeroport Erevan; Zvartnots International Airport; Zvart’nots’ Odanavakayan,ARM,,
8165,Perth,AUS,1357382,2025
8183,Tanga,TZN,252499,2025
8201,Masasi,TZN,72492,2025
8205,Morogoro,TZN,407719,2025
8206,Elâzığ,TUR,437440,2025
8209,Broome,AUS,16506,2025
8228,Bunbury,AUS,84332,2025
8236,Juchitán de Zaragoza,MEX,,
8237,Van,TUR,623590,2025
8243,Albany,AUS,38287,2025
8249,Mildura,AUS,,
8653,Fresnillo,MEX,151503,2025
9032,Vinstra,NWY,,
9038,Seinäjoki,FIN,67283,2025
9043,Soligalich,SOV,,
9054,Kristinehamn,SWE,18358,2023
9061,Joensuu,FIN,79129,2025
9065,Vokhma,SOV,,
9075,Inverness,GBR,66600,2024
9093,Lycksele,SWE,,
9097,Sosnovy Bor,SOV,,
9098,Luga,SOV,36454,2025
9104,Iisalmi,FIN,20205,2025
9105,Priozersk,SOV,17920,2025
9108,Piteå,SWE,23824,2023
9109,Katrineholm,SWE,23953,2023
9116,Kirkenes,NWY,,
9117,Sandviken,SWE,25035,2023
9124,Veliky Ustyug,SOV,,
9126,Bodø,NWY,53638,2026
9127,Ålesund,NWY,59663,2026
9132,Steinkjer,NWY,24007,2026
9138,Arvika,SWE,14186,2023
9140,Zapolyarny,SOV,,
9146,Slobodskoy,SOV,,
9149,Uppsala,SWE,133611,2025
9151,Sundsvall,SWE,,
9160,Jyväskylä,FIN,56663,2025
9172,Shakhun'ya; Shakhunya,SOV,,
9185,Köping,SWE,18605,2023
9186,Boden,SWE,18457,2023
9190,Podporozhye,SOV,,
9193,Borlänge,SWE,44299,2023
9194,Salo,FIN,50339,2025
9195,Kem; Kem',SOV,,
9196,Evje,NWY,,
9197,Volkhov,SOV,,
9201,Apatity,SOV,48410,2025
9204,Drammen,NWY,51726,2025
9206,Vyborg,SOV,70443,2025
9209,Örebro,SWE,94012,2025
9211,Sorsele,SWE,,
9214,Kotel'nich; Kotelnich,SOV,,
9221,Tartu,EST,74087,2025
9228,Mariehamn,FIN,11957,2025
9239,Oxford,GBR,168021,2025
9240,Cēsis,LAT,15020,2025
9243,Chapayevsk,SOV,59670,2025
9248,Onega,SOV,15691,2025
9257,Kineshma,SOV,,
9259,Kanash,SOV,,
9260,Zheleznogorsk,SOV,67435,2025
9262,Liepāja,LAT,67398,2025
9268,Northampton,GBR,219781,2025
9269,York,GBR,151629,2025
9271,Sukhodol,SOV,,
9278,Alexandrov,SOV,50202,2025
9279,Malmö,SWE,339007,2025
9288,Gomel'; Homieĺ,BLR,571257,2025
9296,Kristiansand,NWY,119287,2026
9301,Kirov,SOV,,
9302,Volokolamsk,SOV,25394,2025
9303,Galway,IRE,73625,2025
9304,Baranavichy; Baranovichi,BLR,179059,2025
9306,Neustettin; Szczecinek,POL,37101,2025
9316,Ostrołęka,POL,47351,2025
9322,Boston,GBR,,
9325,Lyskovo,SOV,21030,2025
9329,Jönköping,SWE,64999,2025
9332,Harrogate,GBR,65246,2025
9337,Pugachyov,SOV,,
9341,Glybokoye; Hlybokaye,BLR,,
9342,Dobrush,BLR,,
9343,Torzhok,SOV,,
9346,Osterode; Ostróda,POL,30755,2025
9347,Hamburg,GER,1733898,2025
9349,Tuymazy,SOV,,
9354,Buinsk,SOV,19495,2025
9355,Oryol,SOV,281342,2025
9358,Gorodets,SOV,,
9359,Navahrudak; Novogrudok,BLR,,
9360,Vyksa,SOV,43842,2025
9361,Koszalin; Köslin,POL,94411,2025
9364,Wrexham,GBR,66958,2024
9373,Novocheboksarsk,SOV,89352,2025
9375,Wolfsburg,GER,70340,2025
9379,Leeds,GBR,1053955,2025
9383,Falkirk,GBR,59626,2025
9388,Stralsund,GER,55481,2025
9393,Linköping,SWE,84828,2025
9400,Skierniewice,POL,44814,2025
9402,Yoshkar-Ola,SOV,286454,2025
9407,Sarov,SOV,,
9412,Bielitz-Biala; Bielsko-Biała,POL,137192,2025
9414,Liberec,CZE,86841,2025
9417,Rostov-na-Donu; Rostov-on-Don,SOV,1028672,2025
9419,Nikopol; Nikopol',UKR,109993,2025
9421,Příbram,CZE,32773,2024
9422,Uvarovo,SOV,22754,2025
9427,Krakau; Kraków,POL,723413,2025
9433,Dneprodzerzhinsk; Dniprodzerzhins'k; Dniprodzerzhynsk; Kam'yans'ke; Kamianske,UKR,196341,2025
9434,Le Havre,FRA,168169,2025
9436,Frolovo,SOV,33933,2025
9437,Pryluky,UKR,51637,2022
9438,Panevėžys,LIT,69938,2025
9441,Zwickau,GER,61730,2025
9446,Roven'ky; Rovenky,UKR,50426,2025
9450,Chicago,USA,5318735,2025
9452,Chełm,POL,51036,2025
9454,Zolochev; Zolochiv; Złoczów,UKR,,
9462,Jımpïtı; Zhympity,KAZ,,
9463,Novomoskovsk,UKR,59345,2025
9471,Chemnitz,GER,241511,2025
9477,Konotop,UKR,66496,2025
9490,Troyes,FRA,101937,2025
9496,Frankfurt an der Oder,GER,,
9501,Valmiera,LAT,22811,2025
9502,Uryupinsk,SOV,,
9503,Strasbourg; Straßburg,FRA,419245,2025
9505,Saint-Dizier,FRA,,
9508,Lodsch; Łódź,POL,,
9509,Bielefeld,GER,238107,2025
9511,Opole; Oppeln,POL,91438,2025
9515,Regensburg,GER,150502,2025
9522,Aachen,GER,218507,2025
9525,Saint-Brieuc,FRA,56276,2025
9531,Izyum,UKR,,
9536,Bergen; Mons,BLG,,
9541,České Budějovice,CZE,83564,2025
9543,Pereiaslav,UKR,,
9544,Zamość,POL,58691,2025
9548,Storozhinets; Storozhynets; Storozhynets',UKR,,
9551,Žilina,SLO,66636,2025
9556,Chuguyev; Chuhuiv,UKR,,
9559,Thionville,FRA,,
9561,Compiègne,FRA,,
9570,Breslau; Wrocław,POL,531845,2025
9571,Berdyans'k; Berdyansk,UKR,70026,2025
9574,Genk,BLG,68101,2026
9575,Trier,GER,88553,2025
9576,Kotovs'k; Kotovsk; Podils'k; Podilsk; Podol'sk,UKR,,
9577,Yershov,SOV,,
9591,Doboj,BSH,24349,2013
9595,Slavonski Brod,CRO,45005,2021
9596,Celje,SLV,38175,2026
9598,Trento,ITA,91890,2025
9600,Lugano,SWI,91995,2025
9601,Trois-Rivières,CAN,97591,2025
9604,Sovetskaya Gavan; Sovetskaya Gavan',SOV,,
9607,Vichy,FRA,,
9610,Ruse,BUL,83022,2025
9611,Varaždin,CRO,36187,2021
9614,Silistra,BUL,26470,2025
9617,Bucharest; București,ROM,1971350,2025
9618,Interlaken,SWI,,
9619,Deva; Déva,ROM,53113,2021
9622,Neuchâtel; Neuenburg,SWI,51772,2025
9626,Tchinval; Tskhinvali,SOS,,
9628,Nazran; Nazran',SOV,144166,2025
9629,Châteauroux,FRA,,
9630,Bolzano; Bozen,ITA,,
9637,Monterey,USA,,
9642,Besançon,FRA,98834,2025
9647,Prokhladny,SOV,55604,2025
9649,Karachayevsk,SOV,,
9651,Buzău,ROM,93987,2025
9654,South Bend,USA,109857,2025
9658,Langres,FRA,,
9660,Ferenc Liszt International Airport; Liszt Ferenc Nemzetközi Repülőtér,HUN,,
9661,Wiener Neustadt,ASA,50025,2026
9666,Kempten,GER,,
9668,Sepsiszentgyörgy; Sfântu Gheorghe,ROM,50080,2021
9670,Marosvásárhely; Târgu Mureș,ROM,127546,2025
9671,San Francisco,USA,4718349,2025
9677,Feodosia,UKR,54744,2025
9680,Kerch; Kerch',UKR,77377,2025
9685,Beszterce; Bistrița,ROM,52236,2025
9687,Zalău; Zilah,ROM,52359,2021
9690,Vác,HUN,33871,2025
9692,Trnava,SLO,56412,2025
9696,Belorechensk,SOV,68957,2025
9697,Chico,USA,91702,2025
9698,Berezivka,UKR,,
9701,Focșani,ROM,70273,2025
9709,Kropotkin,SOV,68370,2025
9725,Étampes,FRA,,
9730,Fort Bragg,USA,10668,2020
9731,Telšiai,LIT,21454,2026
9732,Le Puy-en-Velay,FRA,,
9737,Bordeaux,FRA,642756,2025
9740,Fort Albany,CAN,,
9741,Alessandria,ITA,63955,2025
9751,Périgueux,FRA,,
9752,Parma,ITA,148518,2025
9753,Al-Quds; Jerusalem; Yerushalayim,ISR,1022929,2025
9759,Tonghua; Tōnghuà,PRC,316018,2025
9763,Ereğli,TUR,,
9764,Barcelona,SPA,3908362,2025
9768,Fengning; Fēngníng,PRC,62946,2025
9771,Vidin,BUL,33127,2025
9772,Sassari,ITA,90913,2025
9773,Lubbock,USA,178647,2025
9778,Ciudad Real,SPA,54362,2025
9780,Shkodër,ALB,77144,2025
9781,Liaoyang; Liáoyáng,PRC,640795,2025
9783,Shumen,BUL,,
9786,Dover,USA,123101,2020
9787,Coimbra,POR,106655,2021
9790,Kaech'ŏn; Kaechon,DPK,200016,2025
9794,Terni,ITA,92463,2025
9797,Manresa,SPA,63542,2025
9799,Edremit,TUR,125324,2022
9803,Baishan; Báishān,PRC,596610,2025
9806,Beypazarı,TUR,39740,2022
9814,Los Angeles International Airport,USA,,
9815,Huelva,SPA,126787,2025
9817,Porto,POR,1060250,2025
9820,Scranton,USA,74951,2025
9821,Budva,MNT,,
9823,Suruç,TUR,97691,2025
9830,Niğde,TUR,98173,2025
9832,New London,USA,7804,2020
9833,Istanbul; İstanbul,TUR,14210222,2025
9843,Beijing Capital International Airport; Běijīng Shǒudū Guójì Jīchǎng,PRC,,
9844,Çankırı,TUR,84239,2025
9845,Mahón; Maó,SPA,,
9849,Prizren,KOS,111237,2025
9853,Perpignan,FRA,124596,2025
9854,Zhuanghe; Zhuānghé,PRC,132632,2025
9856,Policoro,ITA,,
9858,Muş,TUR,117955,2025
9861,Nevşehir,TUR,89205,2025
9862,Khaskovo,BUL,,
9863,Olbia,ITA,61739,2026
9868,Erzincan,TUR,75190,2025
9871,Tosya,TUR,29133,2022
9873,Ningcheng; Ningčėng; Níngchéng,PRC,80595,2025
9886,Bayburt,TUR,48762,2022
9888,Yambol,BUL,,
9894,Mostar,BSH,60195,2013
9897,Wangqing; Wāngqīng,PRC,80912,2025
9900,Çorum,TUR,247552,2025
9901,Polatlı,TUR,81439,2025
9904,Roma; Rome,ITA,2476089,2025
9905,Qinhuangdao; Qínhuángdăo,PRC,727667,2025
9906,Leskovac,SRB,51941,2025
9907,Firenze; Florence,ITA,711105,2025
9908,Amarillo,USA,138829,2025
9909,Nice,FRA,393492,2025
9912,Adıyaman,TUR,229020,2025
9913,Jiahoe; Jiāohé,PRC,131614,2025
9914,Elbasan,ALB,68429,2025
9915,Amasya,TUR,97375,2025
9917,Plasencia,SPA,,
9919,Burgas,BUL,102154,2025
9921,Akhisar,TUR,120412,2025
9923,Morgantown,USA,77620,2020
9924,Rimini,ITA,126273,2025
9925,Mérida,SPA,60319,2025
9934,Anlu; Ānlù,PRC,341145,2025
9936,Ch'unch'ŏn; Chuncheon,ROK,229165,2025
9937,Linquan; Línquán,PRC,173937,2025
9939,Sinan; Sīnán,PRC,,
9940,Heraklion; Irákleion,GRC,159049,2025
9941,Bodrum,TUR,66904,2025
9944,Jiangshan; Jiāngshān,PRC,59933,2025
9945,Tiṭwan; Tétouan,MRC,,
9946,Balangir; Balāṅgīr,IND,195340,2025
9947,Sharm El-Sheikh; Sharm ash-Shaykh,EGY,,
9951,Sambhal,IND,420976,2025
9953,Dafeng; Dàfēng,PRC,138525,2025
9956,Lanling; Lánlíng,PRC,215497,2025
9963,Yangjiang; Yángjiāng,PRC,490069,2025
9969,Bazhou; Bàzhōu,PRC,134472,2025
9972,Longquan; Lóngquán,PRC,76470,2025
9973,Ayodhya; Ayodhyā,IND,,
9974,Zhoushan; Zhōushān,PRC,55248,2025
9975,Anand; Ānand,IND,639522,2025
9978,Puning; Pŭníng,PRC,935668,2020
9982,Chenzhou; Chēnzhōu,PRC,617070,2025
9984,Fuzhou; Fŭzhōu,PRC,,
9987,Shenxian; Shēnxiàn,PRC,111749,2025
9994,Banzart; Bizerte,TUN,178254,2025
9995,Huaibei; Huáibĕi,PRC,886634,2025
9997,Lianzhou; Liánzhōu,PRC,138395,2025
10000,Qingdao; Qīngdăo,PRC,3682893,2025
10001,Srikakulam; Śrīkākuḷaṁ,IND,200889,2025
10004,Fangchenggang; Fángchénggǎng,PRC,,
10005,Al-Manṣūrah; Mansoura,EGY,,
10006,Jishou; Jíshǒu,PRC,190543,2025
10007,Rhodes; Ródos,GRC,,
10008,Tianchang; Tiāncháng,PRC,115627,2025
10012,Wuyishan; Wŭyíshān,PRC,84944,2025
10017,Tongcheng; Tóngchéng,PRC,117455,2025
10019,Malegaon; Mālegāv,IND,552385,2025
10021,Haldvānī; Haldwani,IND,445612,2025
10022,Renqiu; Rènqiū,PRC,373140,2025
10024,Cartagena,SPA,111592,2025
10030,Yavatamāḷ; Yavatmal,IND,358165,2025
10035,Barishal; Bariśāl,BAN,432532,2025
10038,Aydın,TUR,,
10042,Nanping; Nánpíng,PRC,,
10043,Tengzhou; Téngzhōu,PRC,1033769,2025
10045,Sa'īda; Saïda,ALG,191803,2025
10053,Pingshan; Píngshān,PRC,88929,2025
10056,Kahramanmaraş,TUR,554382,2025
10058,Taizhou; Táizhōu,PRC,,
10062,Hong Kong; Xiānggǎng,HKG,,
10068,Binhai; Bīnhǎi,PRC,,
10069,Fuding; Fúdĭng,PRC,95283,2025
10072,Dongping; Dōngpíng,PRC,112726,2025
10074,Palermo,ITA,666321,2025
10076,Changshu; Chángshú,PRC,795441,2025
10077,Bardhaman; Bardhamān,IND,216948,2025
10079,Bozhou; Bózhōu,PRC,627970,2025
10081,Greensboro,USA,147671,2025
10082,Douz; Dūz,TUN,,
10084,Ninghua; Nínghuà,PRC,67800,2025
10087,Tartus; Ṭarṭūs,SYR,79503,2025
10089,Madaba; Mādabā,JOR,151891,2025
10091,Nabeul; Nābul,TUN,,
10093,Zhangpu; Zhāngpŭ,PRC,107312,2025
10095,Xinghua; Xīnghuà,PRC,429553,2025
10099,Aṭ-Ṭūr; El-Tor,EGY,,
10101,Changxiang; Chángxīng,PRC,61835,2025
10107,Ouarzazate; Warzāzāt,MRC,,
10111,Jaén,SPA,88443,2025
10112,Ruijin; Ruìjīn,PRC,211192,2025
10113,Al-'Arā'ish; Larache,MRC,,
10117,Bin Jawad,LYB,,
10119,Dezhou; Dézhōu,PRC,459282,2025
10122,Fethiye,TUR,107454,2025
10133,Revda,SOV,58831,2025
10142,Mesyagutovo,SOV,,
10146,Konaev; Konayev; Qonaev,KAZ,,
10155,Yakima,USA,100894,2025
10159,Alturas,USA,,
10163,Giannitsá; Yannitsa,GRC,,
10168,Lisakovsk,KAZ,,
10170,Tselinnoe,SOV,,
10174,St. Georges,CAN,,
10189,Tugulym,SOV,,
10190,Kanhangad; Kāññaṅṅāṭ,IND,100444,2025
10196,Yasny,SOV,,
10203,Corfu; Kérkyra,GRC,,
10208,Davangere; Dāvaṇgere,IND,536080,2025
10210,Satara; Sātārā,IND,345256,2025
10213,Troitsk,SOV,,
10220,Satbayev; Sätbaev,KAZ,,
10230,Sherbrooke,CAN,87477,2025
10239,Koshi; Koshy; Qosshy,KAZ,65084,2026
10253,Kandyagash; Qandıağaş,KAZ,,
10254,Nassau,BHA,261235,2025
10257,Hanzhong; Hànzhōng,PRC,371212,2025
10259,Raichur; Rāycūru,IND,314663,2025
10262,Beyneu; Beıneý,KAZ,,
10278,Ceṉṉai; Chennai,IND,11466400,2025
10284,Rudny,KAZ,,
10296,Nandyala; Naṁdyāla,IND,244975,2025
10303,Alpena,USA,15425,2020
10304,Fuling; Fúlíng,PRC,,
10311,Jalna; Jālanā,IND,383638,2025
10329,Zlatoust,SOV,66803,2025
10332,Singrauli; Siṁgraulī,IND,55673,2025
10352,Pensacola,USA,390172,2020
10358,Chaibasa; Cāībāsā,IND,124116,2025
10361,Muzaffarpur,IND,396590,2011
10367,Luliang; Lǚliáng,PRC,87888,2025
10370,Springfield,USA,,
10377,Shaoyang; Shàoyáng,PRC,95963,2025
10389,Dinajpur; Dinājpur,BAN,400029,2025
10397,Chicheng; Chìchéng,PRC,,
10399,Bingöl,TUR,113230,2025
10401,Dhamtari; Dhamtarī,IND,144195,2025
10403,Ardahan,TUR,23295,2022
10407,Tallahassee,USA,80597,2025
10413,Jinghong; Jǐnghóng,PRC,95370,2025
10422,Reno,USA,233376,2025
10428,Sambalpur,IND,248582,2025
10430,Toowoomba,AUS,92941,2025
10431,Hechi; Héchí,PRC,91277,2025
10443,Baguṛā; Bogura,BAN,650822,2025
10445,Warwick,AUS,16197,2025
10446,Gushi; Gùshĭ,PRC,188007,2025
10451,Ordos; È'ěrduōsī; Ôrdôs,PRC,162978,2025
10455,Wagga Wagga,AUS,58117,2025
10457,Springfield,USA,,
10462,Macheng; Máchéng,PRC,136894,2025
10463,Jiamusi; Jiāmùsī,PRC,705051,2025
10466,Pereyaslavka,SOV,,
10471,Medininagar; Medinīnagar,IND,262681,2025
10472,Kars,TUR,75346,2025
10473,Heydar Aliyev International Airport; Heydər Əliyev Adına Beynəlxalq Hava Limanı; Mezhdunarodnyy Aeroport Baku,AZJ,,
10474,Gucheng; Gŭchéng,PRC,115583,2025
10477,Conway,USA,5272,2020
10478,Davenport,USA,88647,2025
10492,Macon,USA,5359,2020
10497,Siirt,TUR,166361,2025
10501,Ji'an; Jí'ān,PRC,248029,2025
10503,Shangzhi; Shàngzhì,PRC,114330,2025
10511,Mancherial; Maṁciryāl,IND,179447,2025
10519,Shuangyashan; Shuāngyāshān,PRC,224673,2025
10528,Gusinoozyorsk,SOV,,
10531,Ust'-Koksa; Ust-Koksa,SOV,,
10532,Hays,USA,21880,2020
10534,Teziutlán,MEX,106774,2025
10536,Novy Urengoy,SOV,58144,2025
10537,Kamen'-na-Obi; Kamen-on-Ob,SOV,,
10547,Taldykorgan; Taldyqorğan,KAZ,146374,2025
10550,Sarkand; Sarqan,KAZ,,
10557,Mirny,SOV,,
10579,Ukhta,SOV,,
10586,Paducah,USA,50833,2020
10596,Zhigalovo,SOV,,
10601,Saryagash; Saryağaş,KAZ,,
10603,Kulan; Qulan,KAZ,,
10610,Zaisan,KAZ,,
10612,Manjur; Manjuur; Mănzhōulĭ,PRC,213243,2025
10614,Turpan; Tǔlǔfān,PRC,,
10616,Anshun; Ānshùn,PRC,582993,2025
10617,Kolpashevo,SOV,,
10627,Kyzyl,SOV,89448,2025
10629,Bayannagur; Bayannur; Bāyànnào'ĕr,PRC,270742,2025
10630,Aksu; Aqsu,KAZ,,
10635,Ciudad de México; Mexico City,MEX,17639164,2025
10648,Krasnotur'yinsk; Krasnoturyinsk,SOV,,
10649,Abakan,SOV,167068,2025
10657,Knoxville,USA,597257,2020
10670,Ishim,SOV,63183,2025
10676,Lincoln,USA,226804,2025
10678,Zeya,SOV,,
10690,Kennewick,USA,129729,2025
10698,Yuchun; Yīchūn,PRC,,
10699,Ust'-Ilimsk; Ust-Ilimsk,SOV,77034,2025
10706,Glendive,USA,6675,2020
10708,Choibalsan,MON,,
10711,Casper,USA,67751,2020
10712,Sharypovo,SOV,,
10715,Querétaro,MEX,908964,2025
10717,Kansas City,USA,398610,2025
10728,Matagalpa,NCG,134380,2025
10729,Patiala; Paṭiālā,IND,694312,2025
10731,Bešār; Béchar,ALG,200687,2025
10732,Poza Rica de Hidalgo,MEX,180057,2020
10738,Río Grande,MEX,,
10746,Monclova,MEX,290389,2025
10749,Illizi; Ilyzy,ALG,,
10751,Mau; Maū,IND,472585,2025
10760,Sur; Ṣūr,OMA,,
10761,Garissa,KEN,422143,2025
10763,Bijie; Bìjíe,PRC,533543,2025
10772,Moga; Mōgā,IND,188038,2025
10773,Huajuapan de León,MEX,,
10778,Tyler,USA,131028,2020
10807,Bhind; Bhiṇḍ,IND,396784,2025
10810,Itanagar; Īṭānagar,IND,53883,2025
10815,Turaif; Ṭuraīf,KSA,61395,2022
10816,Sehore; Sīhor,IND,161580,2025
10830,Delicias,MEX,132480,2025
10832,Iguala de la Independencia,MEX,132854,2020
10834,Golmud; Gé'ěrmù,PRC,238704,2025
10840,Dhamar; Dhamār,YEM,337585,2025
10841,Ya'an; Yǎ'ān,PRC,376578,2025
10842,Quetzaltenango,GTM,295633,2025
10845,Songea,TZN,228440,2025
10860,Naivasha,KEN,244868,2025
10863,Mangshi; Mángshì,PRC,,
10869,Gómez Palacio,MEX,301742,2020
10878,Darbhanga; Darbhaṁgā,IND,991525,2025
10884,Gadamis; Ghadāmis,LYB,,
10904,Ras Al-Khaimah; Rā's Al-Khaymah,UAE,259127,2025
10905,Anantanāg; Anantnag; Āslām Ābād,IND,273306,2025
10907,Aguascalientes,MEX,878455,2025
10916,Hidalgo del Parral,MEX,115314,2025
10936,Erzurum,TUR,162678,2025
10941,Newcastle,AUS,205366,2025
10962,Meru,KEN,117463,2025
10969,Darwin,AUS,145019,2025
10977,Hobart,AUS,69906,2025
10979,Viranşehir,TUR,136940,2025
11006,Wollongong,AUS,149057,2025
11017,Musoma,TZN,189131,2025
11027,Makaryev,SOV,,
11028,Lillehammer,NWY,29669,2026
11029,Skien,NWY,56906,2026
11034,Båtsfjord,NWY,,
11040,Hudiksvall,SWE,16792,2023
11048,Borovichi,SOV,,
11049,Åre,SWE,,
11050,Tromsø,NWY,53615,2025
11059,Lodeynoye Pole,SOV,,
11064,Kirkwall,GBR,,
11066,Hämeenlinna,FIN,68614,2025
11071,Kargopol,SOV,,
11074,Velsk,SOV,,
11077,Alta,NWY,22074,2026
11080,Gatchina,SOV,,
11082,Nyköping,SWE,39770,2023
11085,Alakurtti,SOV,,
11091,Gävle,SWE,88274,2023
11092,Medvezh'yegorsk; Medvezhyegorsk,SOV,,
11098,Inta,SOV,18737,2025
11099,Danilov,SOV,,
11100,Molde,NWY,33291,2026
11105,Helsinki,FIN,1001125,2025
11109,Staraya Russa,SOV,,
11113,Tynset,NWY,,
11114,Karlstad,SWE,72759,2023
11121,Oulu,FIN,84384,2025
11125,Tornio,FIN,20823,2025
11127,Rakvere,EST,15345,2026
11129,Sollefteå,SWE,,
11141,Kuopio,FIN,126572,2025
11142,Nikel; Nikel',SOV,,
11145,Lodwar,KEN,68119,2025
11147,Söderhamn,SWE,12038,2023
11148,Strömsund,SWE,,
11151,Halden,NWY,32082,2026
11155,Gällivare,SWE,12385,2023
11157,Sortland,NWY,,
11160,Kristianstad,SWE,41198,2023
11161,Fort William,GBR,,
11176,Arendal,NWY,46603,2026
11182,Usinsk,SOV,31192,2025
11184,Lillestrøm,NWY,96771,2026
11188,Eskilstuna,SWE,51933,2025
11192,Kichmengskii Gorodok,SOV,,
11197,Ludvika,SWE,15675,2023
11201,Skellefteå,SWE,39146,2023
11202,Pskov,SOV,145668,2025
11207,Elgin,GBR,,
11211,Hanko,FIN,,
11215,Karlskrona,SWE,36423,2023
11216,Dzerzhinsk; Dzyarzhynsk,BLR,,
11218,Dumfries,GBR,,
11219,Perleberg,GER,,
11220,Orsha,BLR,70876,2025
11221,Luton,GBR,268353,2025
11230,Kastsyukovichy; Kostyukovichi,BLR,,
11234,Velikiye Luki,SOV,61885,2025
11237,Waterford,IRE,,
11241,Vitebsk,BLR,382195,2025
11253,Cambridge,GBR,136064,2025
11255,Yaransk,SOV,,
11256,Pokhvistnevo,SOV,,
11264,Meppen,GER,,
11274,Łomża,POL,65068,2025
11293,Dublin,IRE,1124520,2025
11297,Hull,GBR,321006,2025
11299,Berwick-upon-Tweed,GBR,,
11305,Schwerin,GER,50236,2025
11313,Salihorsk; Soligorsk,BLR,,
11318,Groningen,NRD,167782,2025
11319,Dimitrovgrad,SOV,95281,2025
11324,Pochinki,SOV,,
11325,Klintsy,SOV,,
11331,Lübeck,GER,175411,2025
11332,Carlisle,GBR,74911,2025
11336,Roslavl; Roslavl',SOV,,
11339,Bolgar,SOV,,
11340,Semyonov,SOV,,
11344,Arzamas,SOV,92653,2025
11345,Stoke-on-Trent,GBR,329688,2025
11349,Rzhev,SOV,,
11359,Stendal,GER,,
11363,Shatsk,SOV,,
11368,Mtsensk,SOV,,
11370,Minsk,BLR,2093512,2025
11371,Sligo,IRE,,
11376,Lund,SWE,93091,2025
11378,Cockburnspath,GBR,,
11380,Norrköping,SWE,90149,2025
11381,Michurinsk,SOV,66261,2025
11385,Wyszków,POL,25656,2025
11386,Ełk; Lyck,POL,58889,2025
11387,Morki,SOV,,
11388,Osnabrück,GER,118523,2025
11389,Al'met'yevsk; Almetyevsk,SOV,114543,2025
11390,Västervik,SWE,21615,2023
11391,Smarhoń; Smorgon',BLR,,
11407,Bastenaken; Bastogne,BLG,,
11408,Balashov,SOV,72854,2025
11410,Rubtsovsk,SOV,125380,2025
11411,Ivano-Frankivs'k; Ivano-Frankivsk; Ivano-Frankovsk,UKR,223969,2025
11412,Rossosh; Rossosh',SOV,52521,2025
11414,Waldenburg; Wałbrzych,POL,97546,2025
11415,Cottbus,GER,,
11417,Würzburg,GER,120858,2025
11418,Novocherkassk,SOV,89495,2025
11420,Abbeville,FRA,,
11424,Uman; Uman',UKR,73559,2025
11432,Ústí nad Labem,CZE,59097,2025
11436,Zherdevka,SOV,,
11441,Vladimir-Volyns'kiy; Volodymyr-Volyns'kyy; Volodymyr-Volynskyi; Włodzimierz-Wołyński,UKR,,
11445,Fulda,GER,53458,2025
11449,Atkarsk,SOV,21583,2025
11450,Kamensk-Shakhtinsky,SOV,57220,2025
11461,Lozova; Lozovaya,UKR,57204,2025
11465,Nantes,FRA,472262,2025
11466,Biała Podlaska,POL,53470,2025
11467,Częstochowa; Tschenstochau,POL,163595,2025
11475,Voronezh,SOV,863684,2025
11477,Korosten,UKR,,
11478,Gorzów Wielkopolski; Landsberg,POL,96212,2025
11479,L'viv; L'vov; Lviv; Lwów ,UKR,604320,2025
11483,Lille,FRA,907123,2025
11491,Montereau-Fault-Yonne,FRA,,
11492,Żyrardów,POL,38281,2025
11496,Chistopol,SOV,58396,2025
11499,Ulm,GER,115346,2025
11504,Myrhorod,UKR,37886,2022
11506,Paris,FRA,9328385,2025
11507,Stalowa Wola,POL,54025,2025
11510,Aksay; Aqsay,KAZ,,
11513,Starobel'sk; Starobil's'k; Starobilsk,UKR,,
11514,Zhytomyr,UKR,210457,2025
11515,Konin,POL,65233,2025
11516,Nancy,FRA,217203,2025
11518,Meaux,FRA,52429,2025
11529,Ansbach,GER,,
11531,Saarbrücken,GER,125456,2025
11534,Botoșani,ROM,98975,2025
11535,Caen,FRA,149422,2025
11540,Ertil,SOV,,
11542,Prag; Prague; Praha,CZE,1201278,2025
11544,Nuremburg; Nürnberg,GER,645853,2025
11546,Yuzhnoukrainsk; Yuzhnoukrayins'k,UKR,,
11547,Kaiserslauten,GER,80641,2025
11556,Jihlava,CZE,54624,2024
11557,Brovary,UKR,118929,2025
11558,Kalisch; Kalisz,POL,82185,2025
11560,Mainz,GER,223888,2025
11562,Maastricht,NRD,124921,2025
11564,Rijelka,CRO,,
11572,Zenica,BSH,65296,2025
11573,Annecy,FRA,123116,2025
11574,Brčko,BSH,66146,2025
11582,Ruffec,FRA,,
11584,Venezia; Venice,ITA,61951,2025
11586,Kragujevac,SRB,140856,2025
11592,Resicabánya; Reșița,ROM,58393,2021
11596,Poiters,FRA,93032,2025
11597,Bazargic; Dobrich,BUL,,
11599,Aqwa; Sokhumi; Sukhum; Sukhumi,ABZ,,
11600,La Roche-sur-Yon,FRA,,
11603,Oltenița,ROM,22624,2021
11604,Lucerna; Lucerne; Luzern,SWI,146604,2025
11610,Pécs,HUN,123329,2025
11613,Cholet,FRA,,
11614,Nal'chik; Nalchik,SOV,224566,2025
11622,Alba Iulia,ROM,64227,2021
11627,Szombathely,HUN,56106,2025
11633,Kislovodsk,SOV,123534,2025
11635,Evansville,USA,67985,2025
11636,Brăila,ROM,162041,2025
11639,Medgyes; Mediaș,ROM,39505,2021
11644,Békés,HUN,17282,2025
11645,Mingechaur; Mingechevir; Mingəçevir,AZJ,,
11646,Békéscsaba,HUN,53944,2025
11647,Gagra,ABZ,,
11650,Elmira,USA,62468,2020
11652,Râmnicu Sărat,ROM,29774,2021
11655,Onești,ROM,,
11656,Ann Arbor,USA,75954,2025
11657,Drobeta-Turnu Severin,ROM,81560,2025
11662,Plattsburgh,USA,28958,2020
11669,Flint,USA,298964,2020
11673,Braga,POR,93376,2025
11674,Gandzha; Ganja; Gəncə,AZJ,,
11676,Baia Mare; Nagybánya,ROM,100934,2025
11678,Nevinnomyssk,SOV,103094,2025
11686,Căușeni; Kaushany,MLD,13458,2024
11688,Santander,SPA,206302,2025
11691,Uzhgorod; Uzhorod,UKR,121222,2025
11692,Lugo,SPA,100071,2025
11697,Pau,FRA,95976,2025
11699,Tarbes,FRA,,
11702,Montauban,FRA,,
11705,Orhei; Orkhey,MLD,22183,2024
11709,Millau,FRA,,
11711,Alès,FRA,,
11713,Montélimar,FRA,,
11715,Velikaya Aleksandrovka; Velyka Oleksandrivka,UKR,,
11717,Tupelo,USA,40233,2020
11721,Cuneo,ITA,55747,2026
11723,Alba,ITA,,
11730,Asti,ITA,73604,2026
11735,Pular,CRO,,
11741,Srebrenica,BSH,,
11745,Dal'negorsk; Dalnegorsk,SOV,,
11747,Ankara Esenboga Airport; Ankara Esenboğa Havalimanı,TUR,,
11753,Artvin,TUR,26180,2022
11759,Siverek,TUR,191657,2025
11767,Vlorë,ALB,,
11771,Shenyang; Shĕnyáng,PRC,6175250,2025
11773,Cagliari,ITA,257468,2025
11774,Xanthi; Xánthi,GRC,58749,2021
11778,Balıkesir,TUR,318029,2025
11785,Harrisburg,USA,81707,2025
11786,Trikala; Tríkala,GRC,61607,2021
11787,Zrenjanin,SRB,61395,2025
11796,Uşak,TUR,197267,2025
11797,Tunceli,TUR,36291,2022
11801,Chengde; Chéngdé,PRC,131203,2025
11805,Lisboa; Lisbon,POR,1974574,2025
11808,Tieling; Tiĕlĭng,PRC,183324,2025
11819,Monzón,SPA,,
11820,Talavera de la Reina,SPA,57079,2025
11821,Huesca,SPA,55033,2025
11822,Caofeidian; Cáofēidiàn,PRC,56120,2025
11824,Oristano,ITA,,
11828,Kanggye,DPK,314915,2025
11831,Kütahya,TUR,179126,2025
11832,Vranje,SRB,50954,2022
11834,Marseille,FRA,911934,2025
11835,Sinuiju; Sinŭiju,DPK,308840,2025
11837,Taranto,ITA,136105,2025
11839,Sungurlu,TUR,30275,2022
11842,Edirne,TUR,143148,2025
11843,Ponferrada,SPA,63112,2025
11844,Kırşehir,TUR,129610,2025
11845,Trebinje,BSH,22987,2013
11846,Latina,ITA,82137,2025
11848,Bergama,TUR,58457,2025
11849,Avignon,FRA,78051,2025
11851,Badajoz,SPA,105442,2025
11856,Bitola,NMA,59416,2025
11860,Akşehir,TUR,56239,2025
11862,Antu; Āntú,PRC,56129,2025
11866,Zonguldak,TUR,200396,2025
11875,Aix-en-Provence,FRA,81548,2025
11881,Samsun,TUR,643552,2025
11886,Suizhong; Suízhōng,PRC,91626,2025
11887,Niš,SRB,219095,2025
11891,Sanremo,ITA,,
11894,Ordu,TUR,154937,2025
11902,Rouyn-Noranda,CAN,23186,2021
11905,Alexandroupoli; Alexandroúpolis,GRC,,
11906,Mudanjiang; Mŭdānjiāng,PRC,758112,2025
11910,Aḍ-Ḍab'ah; El Dabaa,EGY,30332,2023
11913,Nanjing; Nánjīng,PRC,78589,2025
11915,Sariwon; Sariwŏn,DPK,401117,2025
11919,Sidon; Ṣaydā,HEZ,,
11920,Quzhou; Qúzhōu,PRC,959819,2025
11921,Al-Mahdiyah; Mahdia,TUN,,
11923,Sidi Bel Abbès; Sīdī Bu Al-'Abbās,ALG,265431,2025
11927,Myrtle Beach,USA,,
11928,Qidong; Qĭdōng,PRC,404692,2025
11929,Narayanganj; Nārāẏaṇgañj,BAN,,
11933,Puyang; Púyáng,PRC,871559,2025
11935,Gafsa; Qafṣah,TUN,127458,2025
11937,Tongling; Tónglíng,PRC,363353,2025
11939,Tizi Ouzou; Tizi Wuzu,ALG,121426,2025
11943,Al-Jadīda; El Jadida,MRC,,
11945,Xinfeng; Xìnfēng,PRC,104523,2025
11947,Lishui; Lìshuĭ,PRC,468870,2025
11948,Mokp'o; Mokpo,ROK,224509,2020
11950,Karimnagar; Karīṁnagar,IND,342883,2025
11952,Bharuch; Bharūch,IND,398029,2025
11954,Banghāzī; Benghazi,LYB,599691,2025
11957,Jarjīs; Zarzis,TUN,56320,2025
11958,Changchŏn; Jangjon,DPK,,
11959,Taichung; Táizhōng,ROC,2318377,2025
11962,Linqing; Línqīng,PRC,282112,2025
11963,Basuo; Bāsuǒ,PRC,,
11965,Kalamáta; Kalmata,GRC,63419,2021
11967,Marsa Matrouh; Marsā Maṭrūḥ,EGY,191313,2025
11968,Cumilla; Kumillā,BAN,,
11969,Tunis; Tūnis,TUN,2790169,2025
11974,Asyut; Asyūṭ,EGY,1152515,2025
11975,Savannah,USA,115676,2025
11977,Gunsan; Kunsan,ROK,269023,2020
11980,Cangzhou; Cāngzhōu,PRC,635841,2025
11983,Yulin; Yùlín,PRC,,
11984,Kuzey Lefkoşa; Northern Nicosia; Vóreia Lefkosía,NCP,,
11988,Xiushui; Xiūshuĭ,PRC,106401,2025
11991,Zhuji; Zhūjì,PRC,522884,2025
11992,Seosan; Sŏsan,ROK,176379,2020
11993,Nandurbar; Naṁdurabār,IND,207515,2025
11999,Aswan; Aswān,EGY,472978,2025
12000,Tataouine; Taṭāwīn,TUN,62686,2025
12002,Al-Ghurdaqah; Hurghada,EGY,137973,2025
12003,Il-Belt Valletta; Valletta,MLT,366066,2025
12004,Al-Qāhirah; Cairo,EGY,25230325,2025
12010,Feni; Phenī,BAN,396626,2025
12012,Xiangcheng; Xiàngchéng,PRC,231203,2025
12015,Pingyi; Píngyì,PRC,169009,2025
12016,Burdur,TUR,71347,2025
12017,Huaihua; Huáihuà,PRC,,
12018,Al-Mašrya; Mécheria,ALG,112802,2025
12021,Hilo,USA,41410,2020
12029,Antakya,TUR,,
12030,Ningdu; Níngdū,PRC,159642,2025
12034,Al-Ǧilfah; Djelfa,ALG,612877,2025
12037,Porbandar; Pōrabaṁdara,IND,231312,2025
12039,Zuwara; Zuwārah,LYB,27662,2006
12040,Kaesong; Kaesŏng,DPK,280963,2025
12041,Sri Ganganagar; Śrī Gaṁgānagar,IND,322863,2025
12044,Sawhāj; Sohag,EGY,,
12045,Laiwu; Láiwú,PRC,369299,2025
12049,Būr Sa'īd; Port Said,EGY,874651,2025
12051,Skikda; Skykda,ALG,252926,2025
12052,Kunshan; Kūnshān,PRC,1652159,2020
12054,Fayetteville,USA,10120,2020
12058,Chania; Chanía,GRC,66403,2025
12060,Ch'angwŏn; Changwon,ROK,668434,2025
12061,Lujiang; Lújiāng,PRC,140133,2025
12063,Bhadrak,IND,277332,2025
12067,Sheyang; Shèyáng,PRC,152273,2025
12068,Tainan; Táinán,ROC,1010792,2025
12069,Yuncheng; Yùnchéng,PRC,,
12071,Al-Uqṣur; Luxor,EGY,6314420,2025
12078,Yangquan; Yángquán,PRC,465981,2025
12080,Pithampur; Pīthampur,IND,125022,2025
12084,Anxi; Ānxī,PRC,184535,2025
12085,Sunch'ŏn; Suncheon,ROK,272449,2020
12086,Gong'an; Gōng'ān,PRC,123573,2025
12098,Catanzaro,ITA,82708,2026
12105,Gadag,IND,,
12106,Shadrinsk,SOV,,
12119,Artush; Atush; Ātúshí,PRC,120961,2025
12141,Leshan; Lèshān,PRC,728228,2025
12145,Brandon,CAN,50532,2021
12146,Mandya; Maṁḍya,IND,209511,2025
12157,Miass,SOV,78620,2025
12164,Cuddalore; Kaṭalūr,IND,435629,2025
12172,Oktyabrsky,SOV,,
12187,Cherdyn,SOV,,
12200,Sibay,SOV,,
12216,Kungur,SOV,53897,2025
12226,Udagīr; Udgir,IND,203505,2025
12241,Jaẏpur; Jeypore,IND,119477,2025
12244,Votkinsk,SOV,75832,2025
12247,Karur; Karūr,IND,281322,2025
12259,Port Hardy,CAN,,
12262,Puer; Pǔ'ěr,PRC,,
12263,Komsomol'sk-na-Amure; Komsomolsk-on-Amur,SOV,193295,2025
12274,Bazhong; Bāzhōng,PRC,,
12275,Palakkad; Pālakkāṭ,IND,368312,2025
12285,Novoishim; Novoishimkoye,KAZ,,
12287,Ozersk,SOV,,
12308,Gladstone,AUS,48505,2025
12309,Batumi,GEO,168438,2025
12310,Loudi; Lóudǐ,PRC,686965,2025
12312,Rockford,USA,151022,2025
12318,Tatvan,TUR,56119,2025
12323,Carnarvon,AUS,,
12327,Jinchang; Jīnchāng,PRC,144055,2025
12340,Jaŋatas; Zhanatas,KAZ,,
12342,Fujin; Fùjĭn,PRC,263095,2025
12344,Jincheng; Jìnchéng,PRC,921145,2025
12347,Holguín,CUB,313757,2025
12348,Siliyin hota; Xilinhot; Xīlínhàotè,PRC,290629,2025
12356,Yan'an; Yán'ān,PRC,401686,2025
12375,Raigarh; Rāygaṛh,IND,151048,2025
12380,Vanadzor,ARM,,
12387,Cizre,TUR,139569,2025
12393,Pechora,SOV,,
12395,Shillong,IND,552378,2025
12397,Turkestan; Turkistan; Türkıstan,KAZ,213680,2025
12401,Shreveport,USA,288052,2020
12406,Sydney,AUS,4375394,2025
12408,Yunxi; Yúnxī,PRC,58817,2025
12414,Enshi; Ēnshī,PRC,625489,2025
12416,Ceylanpınar,TUR,58587,2025
12423,Sunamganj; Sunāmgañj,BAN,248062,2025
12424,Moranbah,AUS,,
12427,Zyrian; Zyryanovsk,KAZ,,
12434,Cəlilabad; Dzhalil'abad; Jalilabad,AZJ,,
12437,Bloomington,USA,56286,2025
12441,Gyumri,ARM,84760,2025
12446,Yuzhno-Sakhalinsk,SOV,106912,2025
12448,Erenhot; Eriyen Qota; Èrliánhàotè,PRC,116563,2025
12451,Goondiwindi,AUS,,
12459,Bangor,USA,61539,2020
12462,Brahmapur,IND,603330,2025
12467,Xiantao; Xiāntáo,PRC,278585,2025
12469,Holingol; Huòlínguōlè; Qoolin Gool,PRC,,
12476,Silopi,TUR,170924,2025
12478,Kailu; Kāilŭ; Ḵayilü,PRC,,
12480,Ambikapur; Aṁbikāpur,IND,213440,2025
12498,Columbus,USA,,
12505,St. John's,CAN,75023,2025
12520,Khovd,MON,,
12523,Kodinsk,SOV,,
12527,Berezniki,SOV,96387,2025
12529,Usharal; Üşaral,KAZ,20392,2026
12535,Pocatello,USA,72211,2020
12537,Gegen Gool; Genhe; Gēnhé,PRC,,
12540,Cheremkhovo,SOV,,
12544,Uliastai,MON,,
12546,Cherlak,SOV,,
12553,Baker City,USA,9768,2020
12559,Nikolayevsk-na-Amure; Nikolayevsk-on-Amur,SOV,,
12571,Prince George,CAN,67339,2021
12575,Severobaykalsk,SOV,,
12578,Kelowna,CAN,72915,2025
12582,Sault Ste. Marie,CAN,51849,2025
12584,Snezhinsk,SOV,,
12585,Bozeman,USA,59080,2020
12594,Shemonaikha; Şemonaiha,KAZ,,
12595,Lesosibirsk,SOV,54451,2025
12602,Lyantor,SOV,,
12603,Regina,CAN,241949,2025
12606,Kuybyshev,SOV,,
12612,Sainshand,MON,,
12618,Nenjiang; Nènjiāng,PRC,137649,2025
12621,Kansk,SOV,85182,2025
12626,Osa,SOV,19068,2025
12627,Pueblo,USA,120642,2020
12633,Rock Springs,USA,25853,2020
12634,Veracruz,MEX,680672,2025
12637,Pikeville,USA,10710,2020
12645,Launceston,AUS,92993,2025
12646,Sioux City,USA,113066,2020
12649,Murun; Mörön,MON,42423,2021
12654,Belogorsk,SOV,59901,2025
12657,Svobodny,SOV,,
12667,Sioux Falls,USA,79285,2025
12669,Dalanzadgad,MON,28854,2021
12670,Clarksville,USA,200947,2020
12672,Nizhnevartovsk,SOV,195705,2025
12674,Akranes,ICE,8607,2026
12679,Tatarsk,SOV,23210,2025
12683,Magadan,SOV,61572,2025
12684,Santa Fe,USA,94241,2020
12687,Norilsk,SOV,,
12695,Ulaangom,MON,31354,2021
12699,St. George,USA,134109,2020
12705,Zigong; Zìgòng,PRC,414628,2025
12706,Otog; Ètuōkè,PRC,,
12708,Shimla; Śimalā,IND,209366,2025
12721,Linares,MEX,73193,2025
12727,Al-Kharj,KSA,,
12733,Jesús María,MEX,,
12734,Robertson Pet; Rābarṭsan Pēṭ,IND,162230,
12736,Ciudad Constitución,MEX,63242,2025
12738,León,NCG,155985,2025
12743,Banswara; Bāṁsavāḍa,IND,170990,2025
12746,Puerto Vallarta,MEX,190176,2025
12753,Tapachula de Córdova y Ordóñez,MEX,217550,2020
12760,Tiaret; Tyāret,ALG,246774,2025
12764,Siwa; Sīwa,EGY,27409,2023
12765,Flagstaff,USA,79842,2020
12776,Wuwei; Wǔwēi,PRC,100155,2025
12777,Raebareli; Rāyabarelī,IND,434558,2025
12778,Fort Smith,USA,125811,2020
12779,Proddatur; Prodduṭūr,IND,235589,2025
12791,Las Cruces,USA,61230,2025
12797,Wushan; Wǔshān,PRC,79422,2025
12804,Guadalupe,MEX,,
12811,Ciudad Acuña,MEX,117262,2025
12815,Maqin; Maqên; Mǎqìn,PRC,,
12820,Dunhuang; Dūnhuáng,PRC,,
12821,'Atāq; Ataq,YEM,50785,2025
12822,Pathankot; Paṭhānakōṭ,IND,292356,2025
12827,Nuevo Casas Grandes,MEX,53484,2025
12829,Udaipur,IND,161945,2025
12833,San Luis Río Colorado,MEX,202388,2025
12835,Ciudad Sabinas Hidalgo,MEX,,
12841,Zhaotong; Zhāotōng,PRC,295990,2025
12844,Nagaur; Nāgaur,IND,190920,2025
12857,Tiznit; Tiznīt,MRC,,
12865,Choluteca,HDU,128000,2025
12866,Hun; Hūn,LYB,19943,2006
12868,Hisar; Hisāra,IND,518588,2025
12870,Al-Majma'ah,KSA,70243,2022
12873,Tuxpan,MEX,,
12883,Rabigh; Rābigh,KSA,72928,2022
12886,Pali; Pālī,IND,251608,2025
12892,Biratnagar; Birāṭnagar,NPL,987897,2025
12897,Ojinaga,MEX,,
12904,Khankendi; Stepanakert; Xankəndi,AKH,,
12906,Erevan; Yerevan,ARM,1027656,2025
12915,Kilis,TUR,103014,2025
12926,Sumgayt; Sumqayit; Sumqayıt,AZJ,,
12929,Jinja,UGA,245759,2025
12934,Geelong,AUS,165825,2025
12936,Mardin,TUR,84641,2025
12944,Mtwara,TZN,116731,2025
12960,Mount Pleasant,GBR,,
12967,Ifakara,TZN,98174,2025
12992,Diyarbakır,TUR,648874,2025
12993,Melbourne Airport,AUS,,
13003,Tórshavn,DMK,,
13010,Hamilton,GBR,,
13011,Reims,FRA,190718,2025
13070,Maidstone,GBR,105233,2025
13074,Al-Bayaḍ; El Bayadh,ALG,,
13081,Charleroi,BLG,222465,2025
13085,Puerto Barrios,GTM,66989,2025
13093,San Miguel,ESV,165222,2025
13116,Bamberg,GER,72467,2025
13131,Mezhdunarodnyy Aeroport Tbilisi; Tbilisi International Airport; Tbilisis Saertashoriso Aerodromi,GEO,,
13150,Hulunbuir; Hūlúnbèi'ĕr; Kölön Buyir,PRC,210423,2025
13162,Huejutla de Reyes,MEX,54453,2025
13165,Morelia,MEX,635588,2025
13166,Puebla,MEX,1949860,2025
13169,Perth International Airport,AUS,,
13171,Rustavi,GEO,132047,2024
13172,Tblisi,GEO,988278,2025
13186,Irapuato,MEX,468285,2025
13188,Toluca,MEX,1594046,2025
13190,Valle de Santiago,MEX,90148,2025
13196,Tejupilco de Hidalgo,MEX,,
13205,Katowice; Kattowitz,POL,879406,2025
13206,Grodno; Hrodna,BLR,395330,2025
13218,Oviedo,SPA,223576,2025
13227,Segovia,SPA,52189,2025
13228,Cádiz,SPA,114582,2025
13233,Vitoria-Gasteiz,SPA,252151,2025
13252,Čakovec,CRO,15078,2021
13262,Holstebro,DMK,37487,2025
13264,Vimmerby,SWE,,
13265,Tranås,SWE,14611,2023
13271,Ísafjörthur; Ísafjörður,ICE,2807,2026
13293,Minneapolis,USA,,
13313,Al-Manāmah; Manama,BHR,1361833,2025
13315,St. Paul,USA,,
13364,Gisenyi,RWA,,
13368,Fremont,USA,22175,2020
13369,San Jose,USA,1837446,2020
13370,Sacramento,USA,1697184,2025
13374,Sacramento International Airport,USA,,
13375,Santa Barbara,USA,96521,2025
13376,San Diego,USA,1977279,2025
13378,Los Angeles,USA,13474333,2025
13381,San Bernardino,USA,,
13383,Las Vegas,USA,2371780,2025
13384,Henderson,USA,14924,2020
13386,Salt Lake City,USA,1108953,2025
13387,Provo,USA,534552,2025
13389,Ogden,USA,138934,2025
13390,Phoenix,USA,2608874,2025
13393,Phoenix-Mesa Gateway Airport,USA,,
13394,Tuscon,USA,,
13396,Portland,USA,,
13399,Vancouver,USA,,
13400,Seattle,USA,2099643,2025
13402,Tacoma,USA,330414,2025
13407,Albuquerque,USA,456285,2025
13408,Denver,USA,2425086,2025
13409,Lakewood,USA,,
13411,Denver International Airport,USA,,
13413,Boulder,USA,95315,2025
13415,Tampa,USA,709023,2025
13416,St. Petersburg,USA,,
13417,Clearwater,USA,,
13419,Miami,USA,5733042,2025
13421,Fort Lauderdale,USA,,
13422,West Palm Beach,USA,,
13423,Orlando,USA,1231650,2025
13427,Orlando International Airport,USA,,
13428,Jacksonville,USA,379643,2025
13430,Des Moines,USA,242765,2025
13438,Overland Park,USA,,
13439,Oklahoma City,USA,492130,2025
13444,League City,USA,,
13446,Houston,USA,4301461,2025
13451,Cypress,USA,,
13454,Dallas,USA,2577308,2025
13455,Fort Worth,USA,102173,2025
13456,Dallas Fort Worth International Airport,USA,,
13458,,USA,,
13465,Austin,USA,1580153,2025
13467,San Antonio,USA,1513874,2025
13471,New Orleans,USA,821135,2025
13473,Baton Rouge,USA,226126,2025
13474,Wilmington,USA,,
13478,Springfield,USA,,
13480,Yarmouth,USA,,
13481,Providence,USA,437121,2025
13483,Hartford,USA,187629,2025
13484,New Haven,USA,147121,2025
13485,Sikorsky Memorial Airport,USA,,
13488,Birmingham,USA,136700,2025
13490,,USA,,
13492,Nashville,USA,280464,2025
13495,Nashville International Airport,USA,,
13496,Memphis,USA,402281,2025
13499,Augusta,USA,,
13501,Atlanta,USA,602708,2025
13504,Marietta,USA,21723,2020
13507,Hartsfield-Jackson Atlanta International Airport,USA,,
13510,Charleston,USA,,
13513,Columbia,USA,,
13514,Charlotte,USA,229305,2025
13518,Raleigh,USA,152973,2025
13519,Durham,USA,396118,2020
13520,Milwaukee,USA,833927,2025
13521,Milwaukee Mitchell International Airport,USA,,
13528,Grand Rapids,USA,293006,2025
13537,Anchorage,USA,225128,2025
13538,Ted Stevens Anchorage International Airport,USA,,
13543,Gary,USA,,
13546,Naperville,USA,,
13549,Indianapolis,USA,418057,2025
13553,Louisville,USA,505690,2025
13557,Lexington,USA,295164,2025
13560,Cincinnati,USA,414286,2025
13562,Dayton,USA,153881,2025
13563,Akron,USA,119274,2025
13566,Columbus,USA,,
13569,Green Bay,USA,95228,2025
13570,Alexandria,USA,18957,2020
13571,Dulles International Airport,USA,,
13572,Richmond,USA,151924,2025
13575,Newport News,USA,97456,2025
13576,Norfolk,USA,622410,2025
13579,Baltimore,USA,1127338,2025
13589,Toms River,USA,,
13593,Pittsburgh,USA,490508,2025
13601,New York City,USA,14197659,2025
13602,Buffalo,USA,,
13607,Toronto Pearson International Airport,CAN,,
13608,Gatineau,CAN,119332,2025
13613,Hamilton,CAN,446367,2025
13614,London,CAN,365269,2025
13615,Montreal; Montréal,CAN,3221844,2025
13619,Quebec City; Ville de Québec,CAN,,
13621,Winnipeg,CAN,752808,2025
13625,Calgary,CAN,1524649,2025
13627,Calgary International Airport,CAN,,
13630,Edmonton,CAN,1144486,2025
13635,Medicine Hat,CAN,63382,2021
13639,Nanaimo,CAN,78391,2025
13640,Victoria,CAN,250760,2025
13642,Vancouver,CAN,2198107,2025
13648,Dublin Airport,IRE,,
13650,Belfast,GBR,437125,2025
13653,Bournemouth,GBR,382597,2025
13654,Newport,GBR,,
13655,Basingstoke,GBR,109991,2025
13656,Southampton,GBR,374413,2025
13658,Portsmouth,GBR,480317,2025
13659,Brighton,GBR,456337,2025
13661,Reading,GBR,273287,2025
13662,Heathrow Airport,GBR,,
13666,Norwich,GBR,188535,2025
13667,Chatham,GBR,,
13668,Southend-on-Sea,GBR,265744,2025
13671,Llanfairpwllgwyngyll,GBR,,
13673,Cardiff,GBR,388460,2025
13674,Newport,GBR,,
13676,Swansea,GBR,150621,2025
13679,Bristol,GBR,680809,2025
13680,Gloucester,GBR,145718,2025
13681,Liverpool,GBR,1243206,2025
13685,Manchester Airport,GBR,,
13689,Birmingham,GBR,2617211,2025
13690,Wolverhampton,GBR,,
13695,Nottingham,GBR,650703,2025
13696,Derby,GBR,271899,2025
13698,Leicester,GBR,527124,2025
13700,Sheffield,GBR,665294,2025
13702,Doncaster,GBR,125305,2025
13708,Middlesbrough,GBR,351680,2025
13710,Newcastle,GBR,,
13711,Sunderland,GBR,180833,2025
13713,Aberdeen,GBR,193155,2025
13716,Edinburgh,GBR,530165,2025
13719,Glasgow,GBR,992059,2025
13727,Sevastopol; Sevastopol',UKR,220792,2025
13731,Simferopol; Simferopol',UKR,292024,2025
13737,Kherson,UKR,246357,2025
13740,Lysychans'k; Lysychansk,UKR,60335,2025
13741,Donets'k; Dontesk,UKR,690522,2025
13742,Donetsk International Airport; Mezhdunarodnyy Aeroport Donetsk; Mizhnarodnyy Aeroport Donets'k,UKR,,
13743,Avdeevka; Avdiivka,UKR,,
13747,Lugansk; Luhans'k; Luhansk,UKR,342311,2025
13751,Gorlovka; Horlivka,UKR,143612,2025
13753,Mariupol; Mariupol',UKR,363415,2025
13754,Madison,USA,147384,2025
13756,Severodonetsk; Sivers'kodonets'k; Siverskodonetsk,UKR,84490,2025
13760,Zaporizhzhia; Zaporozh'ye,UKR,624951,2025
13763,Melitopol; Melitopol',UKR,111892,2025
13765,Tokmak,UKR,29573,2022
13767,Khar'kov; Kharkiv,UKR,1284380,2025
13768,Kharkiv International Airport; Mezhdunarodnyy Aeroport Khar'kov; Mizhnarodnyy Aeroport Kharkiv,UKR,,
13774,Kryvoy Rog; Kryvyi Rih,UKR,471275,2025
13779,Dnipro; Dnipropetrovsk,UKR,761540,2025
13782,Mykolaiv; Mykolayiv; Nikolayev,UKR,412070,2025
13785,Slavyansk; Slov'yans'k; Slovyansk,UKR,91074,2025
13786,Kramators'k; Kramatorsk,UKR,99066,2025
13787,Konstantinovka; Kostyantynivka,UKR,,
13788,Tiraspol,TRZ,,
13789,Rybnitsa,TRZ,,
13790,Bendery,TRZ,,
13792,Dubossary,TRZ,,
13797,Odesa; Odessa,UKR,977813,2025
13798,Mezhdunarodnyy Aeroport Odessa; Mizhnarodnyy Aeroport Odesa; Odesa International Airport,UKR,,
13799,Belgorod-Dnestrovskiy; Bilhorod-Dnistrovs'kyy; Bilhorod-Dnistrovsky,UKR,,
13802,Vinnytsia,UKR,355789,2025
13805,Luts'k; Lutsk; Łuck,UKR,201606,2025
13808,Chernigov; Chernihiv,UKR,223890,2025
13811,Gostomel'; Hostomel; Hostomel',UKR,,
13815,Sumy,UKR,177433,2025
13818,Cherkassy; Cherkasy,UKR,233431,2025
13820,Vilnius; Wilno,LIT,339420,2025
13822,Lotnisko Wilno; Tarptautinis Vilniaus oro Uostas; Vilnius International Airport,LIT,,
13823,Kaunas,LIT,236910,2025
13827,Riga; Rīga,LAT,516897,2025
13831,Riga Airport; Rīgas Lidosta,LAT,,
13833,Tallinn,EST,449861,2025
13834,Tallinn Airport; Tallinna Lennujaam,EST,,
13836,Varna,EST,,
13837,Skopje,NMA,402733,2025
13840,Prishtina,KOS,218971,2025
13841,Tirana; Tirona,ALB,995789,2025
13842,Trenton,USA,179668,2025
13844,Split,CRO,215968,2025
13846,Zagreb,CRO,643962,2025
13848,Franjo Tuđman International Airport; Zračna luka Franjo Tuđman Zagreb,CRO,,
13851,Ljubljana,SLV,252736,2025
13855,Koper,SLV,,
13856,Podgorica,MNT,152731,2025
13857,Nikshic,MNT,52875,2025
13860,Sarajevo,BSH,235739,2025
13864,Belgrade; Beograd,SRB,1200547,2025
13867,Aerodrom Nikola Tesla Beograd; Nikola Tesla Airport,SRB,,
13869,Novi Sad,SRB,286753,2025
13874,Rostock,GER,160700,2025
13876,Leipzig,GER,585335,2025
13879,Dresden,GER,566233,2025
13881,Wittenberg,GER,,
13884,Berlin,GER,3549997,2025
13887,Spandau,GER,,
13889,Berlin Brandenburg Airport,GER,,
13891,Magdeburg,GER,216131,2025
13892,Haale,GER,,
13893,Erlangen,GER,113282,2025
13896,Munich; München,GER,1827704,2025
13899,Munich Airport; München Flughafen,GER,,
13901,Syracuse,USA,155391,2025
13902,Ludwigsburg,GER,93002,2025
13908,Wiesbaden,GER,416574,2025
13909,Kiel,GER,231582,2025
13920,Bremerhaven,GER,136384,2025
13922,Bonn,GER,756475,2025
13923,Cologne; Köln,GER,1156303,2025
13927,Düsseldorf,GER,,
13929,Düsseldorf; Flughafen Düsseldorf,GER,,
13930,Duisburg,GER,500810,2025
13932,Essen,GER,2718996,2025
13933,Dortmund,GER,709615,2025
13934,Neuwied,GER,60145,2025
13935,Metz,FRA,139827,2025
13939,Flughafen Danzig; Lech Wałęsa Airport; Lotnisko im. Lecha Wałęsy,POL,,
13942,Gdingen; Gdynia,POL,216994,2025
13943,Dirschau; Tczew,POL,57325,2025
13944,Stolp; Słupsk,POL,82930,2025
13947,Leslau; Włocławek,POL,72910,2025
13948,Thorn; Toruń,POL,176296,2025
13949,Bromberg; Bydgoszcz,POL,269011,2025
13951,Białystok,POL,299386,2025
13955,Flughafen Warschau; Lotnisko Chopina Warszawa; Warsaw Chopin Airport,POL,,
13960,Lublin,POL,304641,2025
13972,Appleton,USA,74931,2025
13974,Leszno; Lissa,POL,57192,2025
13982,Dombrowa; Dąbrowa Górnicza,POL,111309,2025
13986,Flughafen Krakau; John Paul II Airport; Lotnisko Jana Pawła II,POL,,
13988,Zakopane,POL,24921,2025
13989,Rzeszów,POL,197420,2025
13990,Tourcoing,FRA,,
13993,Lens,FRA,147145,2025
13994,Dunkerque; Dunkirk,FRA,129033,2025
13995,Calais,FRA,72072,2025
13997,Amiens,FRA,102612,2025
13999,Brest,FRA,127489,2025
14000,Rennes,FRA,251924,2025
14003,Halifax,CAN,227622,2025
14004,Rouen,FRA,309210,2025
14010,Aéroport de Charles-de-Gaulle; Charles de Gaulle Airport,FRA,,
14012,Versailles,FRA,,
14016,Saint-Nazaire,FRA,56337,2025
14020,Orléans,FRA,219332,2025
14022,Tours,FRA,223834,2025
14027,Aéroport de Toulouse–Blagnac; Toulouse-Blagnac Airport,FRA,,
14029,Montpellier,FRA,337381,2025
14030,Béziers,FRA,69194,2025
14036,La Rochelle,FRA,84391,2025
14038,Dijon,FRA,219337,2025
14041,Aéroport de Lyon-Saint Exupéry; Lyon-Saint Exupéry Airport,FRA,,
14044,Saint-Étienne,FRA,180472,2025
14045,Clermont-Ferrand,FRA,203170,2025
14046,Windsor,CAN,244810,2025
14047,Monaco,MCO,,
14048,Cannes,FRA,212941,2025
14051,Toulon,FRA,290434,2025
14053,Aéroport Marseille-Provence; Marseille Provence Airport,FRA,,
14056,Aéroport de Bruxelles; Brussels Airport; Luchthaven Brussel,BLG,,
14057,Waterloo,BLG,30386,2026
14058,Antwerp; Antwerpen; Anvers,BLG,767652,2025
14061,Gand; Gent; Ghent,BLG,250379,2025
14064,Liège; Luik; Lüttich,BLG,373662,2025
14067,Almere,NRD,185506,2025
14068,Nijmegen,NRD,190473,2025
14070,Enschede,NRD,129372,2025
14071,Almelo,NRD,74875,2025
14072,Eindhoven,NRD,293438,2025
14074,Rotterdam,NRD,868135,2021
14077,Utrecht,NRD,519237,2025
14078,Amsterdam Airport Schiphol; Luchthaven Schiphol,NRD,,
14080,Bratislava,SLO,310204,2025
14082,Letisko M. R. Štefánika; M. R. Štefánik Airport,SLO,,
14084,Flughafen Prag; Letiště Václava Havla; Václav Havel Airport,CZE,,
14089,Geneva; Genf; Genève; Ginevra,SWI,433727,2025
14090,Basel; Basilea; Basle; Bâle,SWI,285823,2025
14092,Aeroporto di Zurigo; Aéroport de Zurich; Flughaven Zürich; Zurich Airport,SWI,,
14094,Bern; Berna; Berne,SWI,193474,2025
14096,Vaduz,LTN,,
14101,Aeroporto di Palermo; Palermo Airport,ITA,,
14102,Catania,ITA,455595,2025
14103,Syracuse,ITA,95712,2025
14105,Bari,ITA,311280,2025
14108,Koblenz,GER,133939,2025
14117,La Spezia,ITA,87709,2025
14119,Prato,ITA,198327,2026
14121,San Marino,SNM,,
14122,Città del Vaticano; Vatican City,VCY,,
14123,Aeroporto Leonardo da Vinci; Leonardo da Vinci Airport,ITA,,
14128,Rieti,ITA,,
14130,Pescara,ITA,212590,2025
14132,Ferrara,ITA,91055,2025
14135,Modena,ITA,155015,2025
14141,Monza,ITA,123672,2026
14142,Aeroporto di Milano Malpensa; Milano Malpensa Airport,ITA,,
14143,Bergamo,ITA,448364,2025
14146,Slutsk,BLR,,
14147,Nacyjanaĺny Aeraport Minsk; National Airport Minsk; Natsional'nyy Aeroport Minsk,BLR,,
14153,Mogilev; Mogilyov,BLR,,
14156,Vladivostok,SOV,436926,2025
14157,Mezhdunarodnyy Aeroport Vladivostok; Vladivostok International Airport,SOV,,
14158,Khabarovsk,SOV,538466,2025
14160,Blagoveshchensk,SOV,192405,2025
14163,Irkutsk,SOV,434849,2025
14164,Irkutsk International Airport; Mezhdunarodnyy Aeroport Irkutsk,SOV,,
14166,Bratsk,SOV,80231,2025
14167,Ulan-Ude,SOV,245016,2025
14168,Chita,SOV,215428,2025
14169,Sayanogorsk,SOV,,
14171,Krasnoyarsk,SOV,559535,2025
14177,Makhachkala,SOV,740512,2025
14178,Haifa; Hefa,ISR,449588,2025
14180,Makhachkala International Airport; Mezhdunarodnyy Aeroport Makhachkala,SOV,,
14181,Grozny,SOV,113095,2025
14182,Eilat,ISR,,
14183,Stavropol; Stavropol',SOV,357344,2025
14184,Port Stanley,GBR,,
14185,Krasnodar,SOV,753688,2025
14188,Krasnodar International Airport; Mezhdunarodnyy Aeroport Krasnodar,SOV,,
14189,Novorossiysk,SOV,244138,2025
14190,'Azzā; Gaza; Ghazzah,HMS,,
14191,Sochi,SOV,188724,2025
14192,Al-Khalīl; Hebron; Ḥeḇrōn,PST,414422,2025
14193,Kaliningrad; Karaliaučius; Królewiec; Königsberg,SOV,438435,2025
14194,Aeroport Khrabrovo; Airport Khrabrovo; Flughafen Königsberg; Kaliningrado oro Uostas; Lotnisko Królewiec,SOV,,
14196,Polevskoy,SOV,,
14197,Astrakhan; Astrakhan',SOV,520145,2025
14199,Azov,SOV,70429,2025
14200,Bataysk,SOV,111055,2025
14202,Aeroport Rostov-na-Donu; Rostov-on-Don Airport,SOV,,
14203,Kenosha,USA,77138,2025
14204,Taganrog,SOV,237019,2025
14205,Shakhty,SOV,125197,2025
14208,Volzhskiy,SOV,236086,2025
14210,Saratov,SOV,761437,2025
14211,Engels,SOV,162465,2025
14215,Belgorod,SOV,364359,2025
14216,Ben Gurion Airport; Maṭār Tall 'Abīb; Nimel Hitofa Ben Goryon,ISR,,
14218,Murmansk,SOV,272712,2025
14220,Kola,SOV,,
14221,Severomorsk,SOV,44486,2025
14222,Sankt-Peterburg; St. Petersburg,SOV,,
14226,Aeroport Pulkovo; Pulkovo Airport,SOV,,
14229,Smolensk,SOV,279694,2025
14231,Khimki,SOV,,
14234,Aeroport imeni Aleksandra S. Pushkina; Alexander S. Pushkin Airport,SOV,,
14236,Lyubertsy,SOV,,
14237,Podol'sk; Podolsk,SOV,414099,2025
14238,Kolomna,SOV,101135,2025
14240,Lipetsk,SOV,270711,2025
14244,Kaluga,SOV,267853,2025
14249,Veliky Novgorod,SOV,148374,2025
14250,Tver; Tver',SOV,339394,2025
14255,Archangel'sk; Archangelsk,SOV,213275,2025
14256,Severodvinsk,SOV,136041,2025
14260,Vorkuta,SOV,55702,2025
14265,Lesnoi,SOV,,
14266,Syktyvkar,SOV,128829,2025
14268,Kemerovo,SOV,431190,2025
14271,Novokuznetsk,SOV,288930,2025
14274,Leninsk-Kuznetskiy,SOV,,
14276,Barnaul,SOV,445561,2025
14279,Novosibirsk,SOV,1342711,2025
14282,Mezhdunarodnyy Aeroport Novosibirsk; Novosibirsk International Airport,SOV,,
14284,Tomsk,SOV,465966,2025
14285,Seversk,SOV,92893,2025
14286,Tevriz,SOV,,
14288,Omsk,SOV,869415,2025
14291,Mezhdunarodnyy Aeroport Omsk; Omsk International Airport,SOV,,
14292,Tara,SOV,26874,2025
14294,Isil'kul; Isilkul,SOV,,
14326,Tyumen; Tyumen',SOV,627661,2025
14331,Uvat,SOV,,
14334,Kamensk-Ural'sky; Kamensk-Uralsky,SOV,68037,2025
14339,Nizhny Tagil,SOV,202217,2025
14340,Alapayevsk,SOV,,
14342,Serov,SOV,68460,2025
14346,Yekaterinburg,SOV,1102145,2025
14350,Aeroport Kol'tsovo; Koltsovo Airport,SOV,,
14351,Pervoural'sk; Pervouralsk,SOV,69983,2025
14356,Kurgan,SOV,151394,2025
14358,Yurgamysh,SOV,,
14359,Asha,SOV,,
14361,Kartaly,SOV,26675,2025
14363,Chelyabinsk,SOV,809268,2025
14369,Magnitogorsk,SOV,351850,2025
14371,Orsk,SOV,105622,2025
14373,Orenburg,SOV,406414,2025
14377,Ufa,SOV,872395,2025
14384,Mezhdunarodnyy Aeroport Ufa; Ufa International Airport,SOV,,
14385,Samara,SOV,942553,2025
14386,Novokuybyshevsk,SOV,,
14388,Tolyatti,SOV,172659,2025
14394,Gubakha,SOV,,
14395,Perm; Perm',SOV,,
14398,Ul'yanovsk; Ulyanovsk,SOV,378459,2025
14402,Aeroport Kazan'; Kazan Airport,SOV,,
14403,Kazan; Kazan',SOV,1127086,2025
14405,Naberezhnye Chelny,SOV,499389,2025
14406,Nizhnekamsk,SOV,158702,2025
14409,Izhevsk,SOV,584048,2025
14412,Cheboksary,SOV,437913,2025
14414,Ryazan; Ryazan',SOV,427330,2025
14417,Penza,SOV,436253,2025
14419,Vologda,SOV,245776,2025
14421,Cherepovets,SOV,274714,2025
14423,Yaroslavl; Yaroslavl',SOV,524797,2025
14426,Vladimir,SOV,227182,2025
14428,Ivanovo,SOV,368358,2025
14430,Kostroma,SOV,220222,2025
14431,Kirov,SOV,,
14436,Dzerzhinsk,SOV,167436,2025
14437,Nizhny Novgorod,SOV,1189993,2025
14440,Vienna; Wien,ASA,2056565,2025
14443,Vienna Airport; Wien-Flughafen,ASA,,
14444,Graz,ASA,306742,2025
14447,Linz,ASA,243243,2025
14448,Wels,ASA,54304,2025
14451,Budapest,HUN,1743875,2025
14455,Szeged,HUN,122060,2025
14456,Debreccen,HUN,139471,2025
14457,Cluj-Napoca; Kolozsvár,ROM,321095,2025
14459,Fresno,USA,747154,2025
14462,Bakersfield,USA,644121,2025
14464,Stockton,USA,408517,2025
14469,Boise,USA,348689,2025
14471,Honolulu,USA,541957,2025
14472,San Juan,USA,,
14476,New Braunfels,USA,100736,2020
14482,El Paso,USA,639026,2025
14483,Wichita,USA,238760,2025
14485,Omaha,USA,368050,2025
14488,Little Rock,USA,81252,2025
14491,Jackson,USA,10760,2020
14493,Aeroporto Humberto Delgado; Humberto Delgado Airport,POR,,
14495,Setúbal,POR,99295,2025
14496,Portimão,POR,43810,2021
14497,A Coruña,SPA,271212,2025
14498,Vigo,SPA,291792,2025
14499,Gijón,SPA,258571,2025
14500,Valladolid,SPA,309896,2025
14501,Bilbao,SPA,729222,2025
14502,Aeropuerto de Bilbao; Bilbao Airport,SPA,,
14503,Madrid,SPA,5680137,2025
14504,Adolfo Suárez Madrid-Barajas Airport; Aeropuerto Adolfo Suárez Madrid–Barajas,SPA,,
14506,Getafe,SPA,195628,2025
14508,Zaragoza,SPA,624271,2025
14510,Aeroport Josep Tarradellas; Aeropuerto Josep Tarradellas; Josep Tarradellas Airport,SPA,,
14512,Tarrasa; Terrassa,SPA,261366,2025
14514,Tarragona,SPA,152944,2025
14515,Palma,SPA,,
14520,Murcia,SPA,341431,2025
14521,Molina de Segura,SPA,78210,2025
14522,Sevilla; Seville,SPA,696193,2025
14523,Aeropuerto de Sevilla; Seville Airport,SPA,,
14525,Málaga,SPA,522827,2025
14527,Marbella,SPA,169908,2025
14528,Granada,SPA,362800,2025
14529,Almería,SPA,176307,2025
14530,Córdoba,SPA,239916,2025
14534,Al-Kharijah; Kharga,EGY,,
14535,Būr Fo'ād; Fouad,EGY,,
14537,Al-'Arīsh; Arish,EGY,115903,2025
14540,Damietta; Dumyāṭ,EGY,727330,2025
14542,Tanta; Ṭanṭā,EGY,941974,2025
14549,Al-Jawf,LYB,,
14550,Ghat; Ghāt,LYB,11943,2006
14552,Birāk; Brak,LYB,,
14553,Sabha; Sabhā,LYB,118712,2025
14558,Maṭār Ṭarābulus Al-Dawli; Tripoli International Airport,LYB,,
14560,Az-Zāwiyah; Zawiya,LYB,,
14563,Misrata; Miṣrātah,LYB,310800,2025
14571,Baruun-Urt,MON,19827,2021
14583,Altai,MON,,
14585,Ulaanbaatar,MON,1634097,2025
14587,Chinggis Khaan Olon Upsyn Nisėch Buudal; Ghengis Khan International Airport,MON,,
14591,Choyr,MON,,
14592,Baganuur,MON,29433,2021
14593,Chinggis,MON,,
14594,Darkhan,MON,,
14597,Erdenet; Ėrdėnėt,MON,97743,2025
14598,Tsetserleg; Tsėtsėrlėg,MON,,
14604,P'yŏngyang; Pyongyang,DPK,2868313,2025
14605,P'yŏngyang Kukche Pihaengjang; Pyongyang Gukjegonghang; Pyongyang International Airport,DPK,,
14607,Ch'ŏngjin; Chongjin,DPK,683870,2025
14609,Hamhung; Hamhŭng,DPK,393816,2025
14612,Inch'ŏn; Incheon,ROK,2945454,2020
14614,Goyang; Koyang,ROK,1045497,2020
14616,Gimhae Gukjegonghang; Gimhae International Airport; Kimhae Kukchegonghang,ROK,,
14617,Ulsan,ROK,887568,2025
14618,Gyeongju; Kyŏngju,ROK,261778,2020
14619,Daegu; Taegu,ROK,2300085,2025
14621,Inch'ŏn Kukchegonghang; Incheon Gukjegonghang; Incheon International Airport,ROK,,
14622,Wonju; Wŏnju,ROK,218041,2025
14623,Gwangju; Kwangju,ROK,1428492,2025
14625,Daejeon; Taejŏn,ROK,1504229,2025
14626,Ch'ŏngju; Cheongju,ROK,,
14627,Chech'ŏn; Jecheon,ROK,134768,2020
14628,Chŏnju; Jeonju,ROK,631782,2025
14637,Chamdo; Chāngdū; Qamdo,PRC,,
14638,Lhasa; Lāsà,PRC,273179,2025
14642,Nagqu; Nàqū,PRC,50126,2025
14657,Kashgar; Kāshí; Qeshqer,PRC,498252,2025
14658,Aksu; Aqsu; Ākèsū,PRC,293005,2025
14661,Hotan; Hétián; Xoten,PRC,216546,2025
14662,Makit; Mekit; Màigàití,PRC,,
14667,,PRC,,
14670,Wūlǔmùqí Tiānshān Guójìjīchǎng; Ürümchi Tianshan Xelqara Ayroporti; Ürümqi Tianshan International Airport,PRC,,
14671,Changji; Chāngjí; Sanji,PRC,,
14672,Ghulja; Yining; Yīníng,PRC,,
14673,Korla; Kù'ěrlè,PRC,871121,2025
14674,Shuozhou; Shuòzhōu,PRC,324877,2025
14676,Hami; Hāmì; Qumul,PRC,252812,2025
14680,Lijiang; Lìjiāng,PRC,150969,2025
14685,Kunming; Kūnmíng,PRC,3218010,2025
14686,Kunming International Airport; Kūnmíng Chángshuǐ Guójì Jīchǎng,PRC,,
14690,Dali; Dàlǐ,PRC,89851,2025
14694,Gejiu; Gèjiù,PRC,197814,2025
14695,Mengzi; Méngzì,PRC,,
14696,Qujing; Qūjìng,PRC,701652,2025
14697,Songming; Sōngmíng,PRC,63235,2025
14700,Haikou; Hǎikǒu,PRC,73175,2025
14702,Sanya; Sānyà,PRC,421522,2025
14705,Shenzen; Shēnzhèn,PRC,,
14707,Zhongshan; Zhōngshān,PRC,66367,2025
14708,Foshan; Fóshān,PRC,,
14710,	Guǎngzhōu Báiyún Guójì Jīchǎng; Guangzhou Baiyun International Airport,PRC,,
14711,Zhanjiang; Zhànjiāng,PRC,463739,2025
14712,Maoming; Màomíng,PRC,584253,2025
14713,Shantou; Shàntóu,PRC,10579303,2025
14715,Chaozou; Cháozhōu,PRC,,
14716,Jieyang; Jiēyáng,PRC,,
14717,Qingyuan; Qīngyuăn,PRC,,
14719,Zhaoqing; Zhàoqìng,PRC,592201,2025
14723,Guigang; Guìgăng,PRC,261422,2025
14725,Liuzhou; Liŭzhōu,PRC,1318051,2025
14728,Guilin; Guìlín,PRC,965076,2025
14739,Delingha; Délìnghā; Dêrlinka,PRC,,
14749,Xining; Xīníng; Zi-ling,PRC,1423665,2025
14759,Jiayuguan; Jiāyùguān,PRC,199681,2025
14762,Lanzhou; Lánzhōu,PRC,2689402,2025
14766,Tianjin; Tiānjīn,PRC,7330648,2025
14771,Bejing; Běijīng,PRC,18150576,2025
14777,Yinchuan; Yínchuān,PRC,1913287,2025
14779,Zhongwei; Zhōngwèi,PRC,173279,2025
14780,Chengdu Tianfu International Airport; Chéngdū Tiānfǔ Guójì Jīchǎng,PRC,,
14784,Deyang; Déyáng,PRC,810107,2025
14785,Yibin; Yíbīn,PRC,234841,2025
14789,Luzhou; Lúzhōu,PRC,446058,2025
14790,Mianyang; Miányáng,PRC,538166,2025
14792,Nanchong; Nánchōng,PRC,,
14798,Hechuan; Héchuān,PRC,273191,2025
14801,Jiangjin; Jiāngjīn,PRC,,
14802,Wanzhou; Wànzhōu,PRC,395844,2025
14804,Kaizhou; Kāizhōu,PRC,105588,2025
14807,Guiyang; Guìyáng,PRC,129943,2025
14817,Zunyi; Zūnyì,PRC,,
14821,Changsha; Chángshā,PRC,3246971,2025
14825,Zhuzhou; Zhūzhōu,PRC,1005568,2025
14827,Yueyang; Yuèyáng,PRC,120188,2025
14828,Hengyang; Héngyáng,PRC,809271,2025
14829,Yiyang; Yìyáng,PRC,86028,2025
14830,Shenmu; Shénmù,PRC,274814,2025
14831,Xi'an; Xī'ān,PRC,5298992,2025
14832,Xianyang; Xiányáng,PRC,564731,2025
14835,Xi'an Xianyang International Airport; Xī'ān Xiányáng Guójì Jīchǎng,PRC,,
14841,Baoji; Băojī,PRC,773901,2025
14848,Taiyuan; Tàiyuán,PRC,4332180,2025
14849,Jinzhong; Jìnzhōng,PRC,445102,2025
14850,Changzhi; Chángzhì,PRC,590098,2025
14851,Datong; Dàtóng,PRC,1571547,2025
14854,Alaša Jegün; Alxa Left; Ālāshàn Zuŏ,PRC,,
14857,Baotou; Bugutu; Bāotóu,PRC,1645072,2025
14860,Hohhot; Hūhéhàotè; Kökeqota,PRC,2029813,2025
14870,Jiagedaqi; Jiāgédáqí,PRC,,
14873,Xuguit; Yakeshi; Yákèshí,PRC,,
14875,Jalaid; Zhalaite; Zhālàitè,PRC,69540,2025
14876,Ulahan; Ulanhot; Wūlánhàotè,PRC,221373,2025
14877,Jarud; Zhalute; Zhālŭtè,PRC,54968,2025
14878,Linsi; Linxi; Línxī,PRC,,
14879,Chifeng; Chìfēng; Ulaganqada,PRC,549177,2025
14881,Fushun; Fŭshùn,PRC,852128,2025
14885,Shenyang Taoxian International Airport; Shěnyáng Táoxiān Guójì Jīchǎng,PRC,,
14887,Panjin; Pánjĭn,PRC,577712,2025
14889,Jilin; Jílín,PRC,,
14890,Changchun; Chángchūn,PRC,3519692,2025
14895,Harbin; Hā'ĕrbīn,PRC,4591886,2025
14897,Harbin Taiping International Airport; Hārbīn Tàipíng Guójì Jīchǎng,PRC,,
14900,Daqing; Dàqìng,PRC,421411,2025
14901,Qiqihar; Qíqíhā'ĕr,PRC,901649,2025
14902,Mohe; Mòhé,PRC,,
14904,Zhaodong; Zhàodōng,PRC,471428,2025
14905,Beian; Bĕi'ān,PRC,109509,2025
14907,Hailun; Hăilún,PRC,124959,2025
14909,Grimsby,GBR,126609,2025
14910,Tangshan; Tángshān,PRC,2651179,2025
14913,Zhangjiakou; Zhāngjiākŏu,PRC,587854,2025
14914,Handan; Hándān,PRC,2099937,2025
14916,Xingtai; Xíngtái,PRC,139787,2025
14917,Langfang; Lángfāng,PRC,512854,2025
14918,Baoding; Băodìng,PRC,883758,2025
14920,Xushui; Xúshuĭ,PRC,,
14922,Gaodeidian; Gāobēidiàn,PRC,186474,2025
14923,Shijiazhuang; Shíjiāzhuāng,PRC,3100270,2025
14926,Ningjin; Níngjìn,PRC,71337,2025
14927,Dingzhou; Dìngzhōu,PRC,240736,2025
14930,Qingdao Jiaodong International Airport; Qīngdǎo Jiāodōng Guójì Jīchǎng,PRC,,
14931,Weihai; Wēihăi,PRC,535089,2025
14933,Yantai; Yāntái,PRC,,
14935,Weifang; Wéifāng,PRC,961428,2025
14936,Shouguang; Shòuguāng,PRC,350722,2025
14937,Heze; Hézé,PRC,450572,2025
14938,Zaozhuang; Zăozhuāng,PRC,200465,2025
14939,Jining; Jìníng,PRC,849585,2025
14940,Zoucheng; Zōuchéng,PRC,462609,2025
14944,Zouping; Zōupíng,PRC,233401,2025
14945,Zibo; Zībó,PRC,1680283,2025
14946,Qingzhou; Qīngzhōu,PRC,338584,2025
14947,Rizhao; Rìzhào,PRC,459144,2025
14950,Linyi; Línyí,PRC,1555397,2025
14951,Liaocheng; Liáochéng,PRC,530299,2025
14952,Qufu; Qŭfù,PRC,243583,2025
14954,Dongying; Dōngyíng,PRC,126739,2025
14955,Tai'an; Tài'ān,PRC,707595,2025
14956,Yichang; Yíchāng,PRC,1573289,2025
14957,Xiangyang; Xiāngyáng,PRC,938344,2025
14959,Shiyan; Shíyàn,PRC,1129747,2025
14960,Jingzhou; Jīngzhōu,PRC,625685,2025
14963,Wuhan; Wŭhàn,PRC,8079484,2025
14966,Ezhou; Èzhōu,PRC,583820,2025
14967,Huanggang; Huánggāng,PRC,,
14968,Wuhan Tianhe International Airport; Wǔhàn Tiānhé Guójì Jīchǎng,PRC,,
14971,Zhongxiang; Zhōngxiáng,PRC,157863,2025
14972,Anyang; Ānyáng,PRC,1736590,2025
14973,Shangqiu; Shāngqiū,PRC,779507,2025
14974,Xinyang; Xìnyáng,PRC,350067,2025
14975,Nanyang; Nányáng,PRC,768610,2025
14976,Zhengzhou; Zhèngzhōu,PRC,5126112,2025
14978,Luoyang; Luòyáng,PRC,1603585,2025
14980,Kaifeng; Kāifēng,PRC,1296334,2025
14982,Zhoukou; Zhōukŏu,PRC,788576,2025
14983,Xuchang; Xŭchāng,PRC,1821624,2025
14984,Zhumaidan; Zhùmădiàn,PRC,909144,2025
14985,Xinxiang; Xīnxiāng,PRC,870471,2025
14986,Pingdingshan; Píngdĭngshān,PRC,703495,2025
14987,Xinzheng; Xīnzhèng,PRC,311647,2025
14988,Fangcheng; Fāngchéng,PRC,75931,2025
14991,Luohe; Luòhé,PRC,1183149,2025
14992,Chongming; Chóngmíng,PRC,135058,2025
14993,Shanghai Pudong International Airport; Shànghǎi Pǔdōng Guójì Jīchǎng,PRC,,
14996,Xuzhou; Xúzhōu,PRC,1310475,2025
14997,Lianyungang; Liányúngăng,PRC,,
14998,Pizhou; Pīzhōu,PRC,,
14999,Suqian; Sùqiān,PRC,957665,2025
15000,Shuyang; Shùyáng,PRC,363144,2025
15001,Huaian; Huái'ān,PRC,54056,2025
15002,Suzhou; Sūzhōu,PRC,,
15003,Changzhou; Chángzhōu,PRC,2772878,2025
15004,Wuxi; Wúxī,PRC,53095,2025
15006,Zhenjiang; Zhènjiāng,PRC,782534,2025
15008,Nantong; Nántōng,PRC,2608604,2025
15009,Yangzhou; Yángzhōu,PRC,699843,2025
15010,Taizhou; Tàizhōu,PRC,,
15011,Yancheng; Yánchéng,PRC,1211454,2025
15013,Fuyang; Fùyáng,PRC,422210,2025
15014,Bengbu; Bèngbù,PRC,671789,2025
15015,Huainan; Huáinán,PRC,,
15016,Wuhu; Wúhú,PRC,2137949,2025
15017,Hefei; Héféi,PRC,5646049,2025
15019,Feixi; Féixī,PRC,,
15021,Luan; Lù'ān,PRC,891648,2025
15022,Suzhou; Sùzhōu,PRC,,
15023,Mingguang; Míngguāng,PRC,,
15024,Yingshang; Yĭngshàng,PRC,90278,2025
15026,Feidong; Féidōng,PRC,,
15028,Ganzhou; Gànzhōu,PRC,1476966,2025
15030,Jiujiang; Jiŭjiāng,PRC,570903,2025
15031,Shangrao; Shàngráo,PRC,613471,2025
15032,Nanchang; Nánchāng,PRC,3641447,2025
15038,Pingxiang; Píngxiāng,PRC,501237,2025
15039,Xinyu; Xīnyú,PRC,851536,2025
15040,Yichun; Yíchūn,PRC,,
15042,Jinjiang; Jìnjiāng,PRC,1416151,2020
15044,Quanzhou; Quánzhōu,PRC,3384624,2025
15045,Fuqing; Fúqīng,PRC,378882,2025
15048,Zhangzhou; Zhāngzhōu,PRC,1535556,2025
15049,Nan'an; Nán'ān,PRC,134905,2025
15050,Sanming; Sānmíng,PRC,243815,2025
15051,Putian; Pútián,PRC,2463177,2025
15052,Rui'an; Ruì'ān,PRC,1012731,2020
15053,Wenzhou; Wēnzhōu,PRC,3838182,2025
15054,Yueqing; Yuèqīng,PRC,1135366,2025
15057,Ningbo; Níngbō,PRC,2953172,2025
15058,Cixi; Cíxī,PRC,1459131,2025
15061,Yuyao; Yúyáo,PRC,624779,2025
15062,Shaoxing; Shàoxīng,PRC,,
15064,Jiaxing; Jiāxīng,PRC,659472,2025
15065,Huzhou; Húzhōu,PRC,431049,2025
15068,Yiwu; Yìwū,PRC,718657,2025
15069,Jinhua; Jīnhuá,PRC,1195207,2025
15072,Jincheng; Jīnchéng,ROC,,
15075,Taitung; Táidōng,ROC,67626,2025
15076,Gāoxióng; Kaohsiung,ROC,2294772,2025
15077,Yilan; Yílán,ROC,,
15078,Taoyuan International Airport; Táoyuán Gúojì Jīchǎng,ROC,,
15079,Chiayi; Jiāyì,ROC,460979,2025
15081,Reykjavík,ICE,206895,2025
15082,Keflavík International Airport; Keflavíkurflugvöllur,ICE,,
15089,Egilsstathir; Egilsstaðir,ICE,2719,2026
15090,Sisimiut,DMK,,
15091,Nuuk,DMK,,
15098,Qaqortoq,DMK,,
15099,Aarhus,DMK,252649,2025
15100,Odense,DMK,147088,2025
15102,Copenhagen Airport; Københavns Lufthavn,DMK,,
15106,Helsinki-Vantaa Airport; Helsinki-Vantaan Lentoasema,FIN,,
15108,Tampere,FIN,153567,2025
15109,Oslo,NWY,889573,2025
15111,Oslo Airport; Oslo Lufthavn,NWY,,
15114,Bergen,NWY,138237,2025
15115,Trondheim,NWY,142104,2025
15116,Harstad,NWY,25204,2026
15117,Södertälje,SWE,68810,2025
15119,Stockholm Arlanda Airport; Stockholm-Arlanda Flygplats,SWE,,
15122,Värnamo,SWE,20273,2023
15123,Cahul; Kagul,MLD,21326,2024
15124,Chișinău; Kishinyov,MLD,450581,2025
15126,Aeroportul Internațional Chișinău; Chișinău International Airport; Kishinyov Mezhdunarodnyy Aeroport,MLD,,
15127,Constanța,ROM,273012,2025
15132,Aeroportul Internațional Henri Coandă; Henri Coandă International Airport,ROM,,
15133,Craiova,ROM,260150,2025
15134,Galați,ROM,232217,2025
15135,Iași,ROM,304851,2025
15136,Temesvár; Timișoara,ROM,335525,2025
15137,Varna,BUL,286140,2025
15138,Plovdiv,BUL,331578,2025
15139,Sofia; Sofiya,BUL,1068057,2025
15140,Mezhdunarodno Letishche Sofiya; Sofia International Airport,BUL,,
15143,Vladikavkaz,SOV,312275,2025
15146,Baikonur; Baykonur; Bayqoŋır,SOV,,
15149,Aktau; Aqtau,KAZ,259510,2025
15150,Atyrau; Atyraý,KAZ,203400,2025
15152,Oral; Ural'sk,KAZ,173858,2025
15156,Aktobe; Aqtöbe,KAZ,420695,2025
15157,Aktobe International Airport; Aqtöbe Xalıqaralıq Äwejayı; Mezhdunarodnyy Aeroport Aktobe,KAZ,,
15160,Kyzylorda; Qyzylorda,KAZ,234839,2025
15163,Shieli; Şïeli,KAZ,,
15164,Shymkent; Şymkent,KAZ,1239663,2025
15168,Arys,KAZ,55112,2026
15169,Taraz,KAZ,234775,2025
15170,Shu; Şu,KAZ,,
15174,Kulan; Qostanai,KAZ,,
15175,Arkalyk; Arqalyq,KAZ,,
15177,Petropavl; Petropavlosk,KAZ,126723,2025
15180,Astana,KAZ,1128140,2025
15183,Astana International Airport; Astana Xalıqaralıq Äwejayı; Mezhdunarodnyy Aeroport Astana,KAZ,,
15184,Shchuchinsk; Şuçinsk,KAZ,,
15185,Karaganda; Qarağandy,KAZ,303663,2025
15186,Temirtau; Temırtau,KAZ,108297,2025
15190,Jezqazğan; Zhezkazgan,KAZ,51428,2025
15192,Pavlodar,KAZ,262864,2025
15193,Bayanaul,KAZ,,
15197,Semey,KAZ,291783,2025
15198,Oskemen; Ust'-Kamenogorsk; Öskemen,KAZ,240226,2025
15206,Almaty,KAZ,2315538,2025
15207,Kaskelen; Qaskeleŋ,KAZ,,
15208,Almaty International Airport; Almaty Xalıqaralıq Äwejayı; Mezhdunarodnyy Aeroport Almaty,KAZ,,
15213,Sousse; Sūsah,TUN,537190,2025
15214,Sfax; Ṣafāqis,TUN,649272,2025
15215,Maṭār Tūnis Al-Dawli; Tunis International Airport,TUN,,
15217,Djerba Houmt Souk; Jarbah Ḥawmat as-Sūq,TUN,,
15219,Tamanrasset; Tāmanrāssit,ALG,125555,2025
15223,'In 'Amanās; In Amenas,ALG,,
15224,Bordj Badji Mokhtar; Borǧ Bāǧy Moẖtār,ALG,,
15231,Oran; Wahrān,ALG,1261238,2025
15235,Algiers International Airport; Maṭār Al-Jazā'ir Al-Dawli,ALG,,
15236,Al-Bulaydah; Blida,ALG,703326,2025
15238,Batna; Bātna,ALG,377992,2025
15239,Constantine; Qusanṭīnah,ALG,507697,2025
15241,Annaba; Anāba,ALG,471639,2025
15242,Siṭīf; Sétif,ALG,366338,2025
15243,Tan-Tan; Ṭānṭān,MRC,,
15246,'Āsafi; Safi,MRC,,
15250,Al-Dāchla; Dakhla,MRC,,
15251,Tifariti; Tyfāriti,SHW,,
15254,Al-'Uyūn; Laayoune,MRC,,
15255,Laayoune Hassan I International Airport; Maṭār Al-'Uyūn Al-Dawli; Maṭār Al-'Uyūn Al-Ḥasan Al-Dawli,MRC,,
15256,'Agādīr; Agadir,MRC,,
15258,Marrakesh; Murrākuš,MRC,,
15263,Maṭār Al-'Uyūn Muḥammad Al-Khāmis Al-Dawli; Mohamed V International Airport,MRC,,
15264,Al-Muḥammadiyya; Mohammedia,MRC,,
15266,Oujda; Wajda,MRC,,
15267,Maknās; Meknes,MRC,,
15268,Fez; Fās,MRC,,
15270,Tangier; Ṭanjah,MRC,,
15273,Ar-Ribāṭ; Rabat,MRC,,
15274,Salé; Salā,MRC,,
15276,Ciudad de Guatemala; Guatemala City,GTM,2900619,2025
15277,Aeropuerto Internacional La Aurora; La Aurora International Airport,GTM,,
15278,Villa Nueva,GTM,426316,2018
15279,Cobán,GTM,221271,2025
15281,Huehuetenango,GTM,117818,2018
15282,Tijuana,MEX,1538301,2025
15283,Aeropuerto Internacional de Tijuana; Tijuana International Airport,MEX,,
15284,Rosarito,MEX,76707,2025
15285,La Paz,MEX,369299,2025
15286,Mexicali,MEX,736552,2025
15287,Cabo San Lucas,MEX,255770,2025
15288,Ensenada,MEX,268063,2025
15289,Hermosillo,MEX,778882,2025
15291,Ciudad Obregón,MEX,330237,2025
15293,Ciudad Juárez,MEX,1214949,2025
15295,Chihuahua,MEX,832220,2025
15300,Puerto Peñasco,MEX,,
15301,Agua Prieta,MEX,100741,2025
15303,Cancún,MEX,610781,2025
15304,Aeropuerto Internacional de Cancún; Cancún International Airport,MEX,,
15306,Mérida,MEX,852926,2025
15307,Campeche,MEX,229666,2025
15309,Cárdenas,MEX,131842,2025
15310,Villahermosa,MEX,492120,2025
15311,Tuxtla Gutiérrez,MEX,572808,2025
15313,San Cristóbal de las Casas,MEX,210903,2025
15315,San Juan Bautista Tuxtepec,MEX,103609,2020
15317,Oaxaca,MEX,,
15320,Piedras Negras,MEX,115624,2025
15322,Saltillo,MEX,735829,2025
15323,Ramos Arizpe,MEX,89396,2025
15324,Torreón,MEX,1363776,2025
15327,Monterrey,MEX,4011151,2025
15330,Aeropuerto Internacional de Monterrey; Monterrey International Airport,MEX,,
15331,Guadalupe,MEX,,
15333,Nuevo Laredo,MEX,316098,2025
15334,Reynosa,MEX,616127,2025
15335,Matamoros,MEX,518354,2025
15336,Tampico,MEX,614281,2025
15337,Ciudad Valles,MEX,115035,2025
15339,San Luis Potosí,MEX,1005068,2025
15342,Rioverde,MEX,72080,2025
15344,Culiacán,MEX,671459,2025
15346,Mazatlán,MEX,419192,2025
15347,Los Mochis,MEX,252461,2025
15348,Durango,MEX,548394,2025
15355,Dudinka,SOV,19459,2025
15358,San Salvador,ESV,1615741,2025
15363,Tegucigalpa,HDU,1653509,2025
15364,San Pedro Sula,HDU,1301567,2025
15366,Comayagua,HDU,113060,2025
15367,La Ceiba,HDU,300948,2025
15368,Managua,NCG,1436089,2025
15369,Aeropuerto Internacional Augusto C. Sandino; Augusto C. Sandino International Airport,NCG,,
15372,Havana; La Habana,CUB,1632772,2025
15374,Aeropuerto Internacional José Martí; José Martí international Airport,CUB,,
15375,Santiago de Cuba,CUB,441985,2025
15379,Athens International Airport Eleftherios Venizelos; Diethnís Aeroliménas Athinón Elefthérios Venizélos,GRC,,
15381,Patras; Pátrai,GRC,146128,2025
15383,Istanbul Airport; İstanbul Havalimanı,TUR,,
15386,İzmit,TUR,,
15387,Gebze,TUR,,
15388,Bursa,TUR,2366448,2025
15390,Adapazarı,TUR,,
15392,Izmir; İzmir,TUR,2457529,2025
15394,Denizli,TUR,501994,2025
15395,Antalya,TUR,1372672,2025
15397,Mersin,TUR,654657,2025
15399,Adana,TUR,523158,2025
15400,Tarsus,TUR,218397,2025
15403,Ankara,TUR,3695989,2025
15406,Konya,TUR,1017329,2025
15408,Kayseri,TUR,893376,2025
15411,Eskişehir,TUR,608474,2025
15413,Gaziantep,TUR,1681270,2025
15414,Gaziantep Airport; Gaziantep Havalimanı,TUR,,
15416,Adelaide,AUS,938328,2025
15419,Port Pirie,AUS,14195,2025
15420,Whyalla,AUS,21641,2025
15422,Alice Springs,AUS,30875,2025
15432,Mount Isa,AUS,18162,2025
15446,Ba'albak; Baalbek,HEZ,,
15448,Bayrūt; Beirut,LEB,1538386,2025
15449,Tripoli; Ṭarābulus,LEB,309234,2025
15452,Al-Lādhiqiyah; Latakia,SYR,573263,2025
15453,'Idlib; Idlib,SYR,132091,2025
15455,Al-Qāmishlī; Qamishli,SYR,272985,2025
15456,Al-Ḥasakah; Hasakah,SYR,186100,2025
15457,'Amūdā; Amuda,SYR,26821,2004
15458,Dayr az-Zawr; Deir ez-Zur,SYR,,
15461,Ar-Raqqah; Raqqa,SYR,193731,2025
15462,Ad-Ṭhawrah; Al-Thawrah,SYR,,
15464,Aleppo; Ḥalab,SYR,3084136,2025
15466,Aleppo International Airport; Maṭār Ḥalab,SYR,,
15469,'Afrīn; Afrin,SYR,56283,2025
15470,Manbij; Manbiǧ,SYR,177389,2025
15471,Hama; Ḥamāh,SYR,300945,2025
15473,As-Suwaydā'; Suwayda,SYR,128546,2025
15474,Homs; Ḥimṣ,SYR,913554,2025
15476,Ar-Rastan,SYR,60576,2025
15477,Palmyra; Tadmur,SYR,,
15482,Douma; Dūmā,SYR,,
15483,Damascus International Airport; Maṭār Dimashq,SYR,,
15485,An-Nabek; An-Nabk,SYR,32548,2004
15490,Lefkosía; Lefkoşa; Nicosia,CYP,,
15493,Kathmandu; Kāṭhamāḍauṁ,NPL,3862697,2025
15495,Tribhuvan International Airport; Tribhuvana Antarrāṣṭriya Vimānasthala,NPL,,
15499,Ghorahi; Ghōrāhī,NPL,,
15502,Pokhara; Pōkharā,NPL,151399,2025
15506,Surat; Sūrat,IND,7100723,2025
15507,Navsari; Navsāri,IND,392174,2025
15512,Vadodara; Vaḍōdarā,IND,2269390,2025
15516,Ahmedabad; Amadāvāda,IND,7898650,2025
15521,Bhaunagar; Bhāvnagar,IND,732066,2025
15522,Jamnagar; Jāmanagara,IND,676169,2025
15523,Rajkot; Rājakōṭa,IND,1553762,2025
15529,Kota; Kōṭā,IND,1220154,2025
15533,Jaipur,IND,4229050,2025
15537,Jodhpur; Jōdhpur,IND,1540835,2025
15539,Ajamēr; Ajmer,IND,619479,2025
15540,Bikaner; Bīkānēr,IND,880322,2025
15545,Bhilwara; Bhīlavāḍa,IND,421062,2025
15548,Thiruvananthapuram; Tiruvanantapuraṁ,IND,3166825,2025
15549,Kollam; Kollaṁ,IND,3463935,2025
15550,Kannur; Kaṇṇūr,IND,503269,2025
15551,Kozhikode; Kōḻikkōṭ,IND,7612130,2025
15552,Malappuram; Malappuṟaṁ,IND,1699060,2011
15553,Kochi,IND,5069022,2025
15554,Kottayam; Kōṭṭayaṁ,IND,942500,2025
15555,Thrissur; Tṛiśśūr,IND,1644796,2025
15558,Ceṉṉai Vimāṉa Nilaiyam; Chennai International Airport,IND,,
15561,Cēlam; Salem,IND,1299777,2025
15562,Puducherry; Pāṇṭiccēri,IND,1058587,2025
15563,Civakāci; Sivakasi,IND,287420,2025
15564,Madurai; Maturai,IND,2184066,2025
15566,Coimbatore; Kōyamputtūr,IND,2360322,2025
15568,Tiruppur; Tiruppūr,IND,1156669,2025
15570,Tiruccirāppaḷḷi; Tiruchirappalli,IND,1378490,2025
15571,Erode; Īrōṭu,IND,828689,2025
15572,Delhi; Dillī,IND,16349831,2011
15573,Indira Gandhi International Airport; Iṁdirā Gāṁdhī Iṁṭaranēśanal Ēyarapōrṭ,IND,,
15574,Faridabad; Pharīdābād,IND,,
15577,Gurugram; Gurugrām,IND,,
15579,Panipat; Pānīpat,IND,696045,2025
15580,Yamuna Nagar; Yamunānagar,IND,660062,2025
15581,Kaithal,IND,253734,2025
15583,Caṁḍīgaṛh; Chandigarh,IND,2417872,2025
15584,Ludhiana; Ludhiāṇā,IND,2323217,2025
15585,Panchkula; Paṁcakulā,IND,,
15586,Amritsar; Aṁmritasar,IND,1303219,2025
15590,Jalandhar; Jalaṁdhar,IND,1170867,2025
15594,Bathinda; Baṭhiṁḍā,IND,394005,2025
15596,Udhampur; Ādham Por,IND,198368,2025
15599,Jammu; Jammū; Jamoṁ,IND,1160687,2025
15600,Sary Nagr; Srinagar; Śrīnagar,IND,83806,2025
15602,Baramulla; Bārha Molah; Bārāmūlā,IND,138339,2025
15605,Dharamshala; Dharmaśālā,IND,82359,2025
15607,Dehradun; Dēharādūna,IND,1191308,2025
15609,Meerut; Mēraṭh,IND,2169152,2025
15613,Agra; Āgarā,IND,2790456,2025
15615,Prayagraj; Prayāgarāj,IND,2358995,2025
15617,Kanpur; Kānpur,IND,4413625,2025
15620,Lakhanaū; Lucknow,IND,5214964,2025
15624,Varanasi; Vārāṇasī,IND,3812496,2025
15627,Moradabad; Murādābād,IND,1446662,2025
15628,Rampur; Rāmpur,IND,533448,2025
15629,Bareilly; Barelī,IND,1609406,2025
15630,Gorakhpur,IND,1484201,2025
15631,Firozabad; Phirozābād,IND,859859,2025
15632,Jhansi; Jhāvṁsī,IND,678723,2025
15633,Saharanpur; Sahāranpur,IND,1252967,2025
15634,Aligarh; Alīgaḍh,IND,1694357,2025
15636,Banda; Bāṁdā,IND,281392,2025
15640,Bulandshahr; Bulaṁdaśahar,IND,510256,2025
15643,Pilibhit; Pīlībhīt,IND,332779,2025
15645,Muzaffar Nagar; Muzaffarnagar,IND,828958,2025
15646,Greater Noida; Greṭar Noeḍā,IND,324832,2025
15647,Jaunpur,IND,539055,2025
15648,Mumbai; Muṁbaī,IND,20453270,2025
15649,Navi Mumbai International Airport; Navī Muṁbaī Iṁṭaraneśanala Eyaraporṭa,IND,,
15652,Vasai; Vasaī,IND,,
15653,Solapur; Solāpūr,IND,1109882,2025
15654,Nashik; Nāśik,IND,1970970,2025
15656,Pune; Puṇe,IND,6674000,2025
15661,Nagpur; Nāgapūr,IND,3399891,2025
15664,Amarāvatī; Amravati,IND,765252,2025
15665,Kolhapur; Kolhāpūr,IND,807276,2025
15666,Sangli; Sāṁgalī,IND,727119,2025
15667,Aurangabad; Auraṁgābāda,IND,157594,2025
15669,Osmanabad; Usmānābād,IND,,
15672,Parabhaṇī; Parbhani,IND,432999,2025
15673,Gvāliyar; Gwailor,IND,,
15675,Indore,IND,3598874,2025
15676,Devās; Dewas,IND,357534,2025
15677,Ujjain,IND,573699,2025
15680,Bhopal; Bhopāl,IND,2599311,2025
15682,Jabalpur,IND,1621135,2025
15684,Morena; Murainā,IND,369897,2025
15685,Shivpuri; Śivapurī,IND,246608,2025
15686,Guna; Gunā,IND,257693,2025
15688,Ratlam; Ratlām,IND,347986,2025
15690,Katni; Kaṭnī,IND,306752,2025
15691,Seoni; Sivanī,IND,164969,2025
15694,Chhindwara; Chiṁdvāṛā,IND,285974,2025
15698,Bangalore; Beṁgaḷūru,IND,,
15702,Maisūru; Mysore,IND,990900,2011
15704,Mangalore; Maṁgaḷūru,IND,623841,2011
15705,Belgaum; Beḷagāvi,IND,789454,2025
15706,Gulbarga; Gulbargā,IND,,
15708,Hubballi; Hubbaḷḷi,IND,,
15709,Dharwad; Dhāravāḍ,IND,948072,2025
15711,Hassan; Hāsan,IND,245504,2025
15714,Bijapur; Vijayapura,IND,418497,2025
15718,Aizawl,IND,365806,2025
15720,Kohima,IND,99039,2011
15721,Guvāhāṭī; Guwahati,IND,1375937,2025
15723,Dibrugarh; Ḍibrugaṛ,IND,245389,2025
15724,Jorhat; Yorahāṭ,IND,227895,2025
15725,Silchar; Śilcar,IND,528261,2025
15726,Haidarābād; Hyderabad,IND,9455230,2025
15729,Rajiv Gandhi International Airport; Rājīv Gāṁdhī Aṁtarjātīya Vimānāśrayaṁ,IND,,
15732,Varaṁgal; Warangal,IND,788504,2025
15736,Nijāmābādu; Nizamabad,IND,429514,2025
15737,Nellore; Nellūru,IND,692502,2025
15738,Visakhapatnam; Viśākhapaṭnaṁ,IND,1634440,2025
15741,Vijayavāḍa; Vijayawada,IND,1240029,2025
15742,Guntur; Guṁṭūru,IND,835293,2025
15743,Karnūlu; Kurnool,IND,442142,2025
15744,Rajamahendravaram; Rājamahēṁdravaraṁ,IND,585458,2025
15745,Vijayanagaraṁ; Vizianagaram,IND,299740,2025
15746,Eluru; Ēlūru,IND,378263,2025
15747,Kadapa; Kaḍapa,IND,376919,2025
15749,Hindupur; Hiṁdūpuraṁ,IND,157720,2025
15750,Raipur; Rāypur,IND,1528592,2025
15751,Bhilai; Bhilāī,IND,,
15753,Rajnandgaon; Rājnāṁdgāṁ,IND,220032,2025
15755,Cuttack; Kaṭak,IND,808650,2025
15756,Bhubaneswar; Bhubaneśvar,IND,1173697,2025
15757,Rourkela; Rāurkelā,IND,749807,2025
15758,Siliguri; Śiliguṛi,IND,579972,2025
15760,Kalkātā; Kolkata,IND,23314585,2025
15761,Netaji Chandra Bose International Airport; Subhāṣcandra Basu Āntarjātik Bimānbandar,IND,,
15763,Asansol; Āsānsol,IND,2886897,2025
15764,Durgapur; Durgāpur,IND,223704,2025
15766,Jamshedpur; Jamśedpur,IND,2007932,2025
15768,Ranchi; Rāṁcī,IND,1817833,2025
15769,Dhanbad; Dhanbād,IND,2078658,2025
15770,Bokaro; Bokāro,IND,863889,2025
15772,Hazaribagh; Hazārībāg,IND,293350,2025
15773,Gumla; Gumlā,IND,130091,2025
15776,Patna; Paṭnā,IND,3434078,2025
15779,Sasaram; Sāsārām,IND,325822,2025
15780,Arrah; Ārā,IND,503401,2025
15781,Rangpur; Raṁpura,BAN,611287,2025
15782,Rajshahi; Rājśāhī,BAN,805560,2025
15783,Khulna; Khulnā,BAN,1081072,2025
15784,Sileṭa; Sylhet,BAN,1206965,2025
15785,Maẏmansiṁh; Mymensingh,BAN,677660,2025
15786,Caṭṭagrām; Chittagong,BAN,,
15790,Hayarata Śāhjālāla Āntarjātika Bimānabandara; Hazrat Shahjalal International Airport,BAN,,
15792,Dhaka; Ḍhākā,BAN,37307160,2025
15794,Gazipur; Gājīpur,BAN,84943,2025
15795,Tangail; Ṭāṅgāil,BAN,403296,2025
15796,'Ammān; Amman,JOR,6425246,2025
15798,Al-Zarqā'; Zarqa,JOR,,
15801,Maṭār Al-Malikat Alyā Al-Dawli; Queen Alia International Airport,JOR,,
15802,'Irb'd; Irbid,JOR,704577,2025
15803,Al-Aqaba; Aqaba,JOR,118599,2025
15804,Khasab; Khaṣab,OMA,,
15807,,OMA,,
15809,Masqaṭ; Muscat,OMA,734542,2025
15810,Maṭār Masqaṭ Al-Dawli; Muscat International Airport,OMA,,
15811,As-Sīb; Seeb,OMA,604497,2025
15812,Nizwa; Nizwā,OMA,,
15815,Al-Mukalla; Al-Mukallā,YEM,182478,2004
15816,Say'ūn; Seiyun,YEM,129910,2025
15819,'Adan; Aden,YEM,497379,2025
15823,Al-Marhinah,YEM,20925,2004
15824,Sa'dah; Ṣa'dah,YEM,159979,2025
15826,Al-Hudaydah; Al-Ḥudaydah,YEM,409994,2004
15827,Ta'izz; Taiz,YEM,1284739,2025
15828,Bajil; Bājil,YEM,177176,2025
15830,Sana'a; Ṣan'ā',YEM,3759520,2025
15833,Maṭār Ṣan'ā' Al-Dawli; Sana'a International Airport,YEM,,
15835,Rada'a; Radā',YEM,136799,2025
15836,Ibb,YEM,843581,2025
15838,Ad-Dawḥah; Doha,QAT,1980416,2025
15840,Abu Dhabi; Abū Ẓaby,UAE,508976,2025
15844,Dubai; Dubayy,UAE,4565478,2025
15845,Dubai International Airport; Maṭār Dubayy Al-Dawli,UAE,,
15846,Ash-Shāriqah; Sharjah City,UAE,,
15848,Al-'Ayn; Al-Ain,UAE,,
15849,Al-Bahah; Al-Bāḥah,KSA,90515,2022
15850,Al-Qurayyat; Al-Qurayyāt,KSA,167080,2022
15852,Rafha; Rafḥā',KSA,51422,2025
15853,'Ar'ar; Arar,KSA,224010,2025
15854,Tabuk; Tabūk,KSA,586538,2025
15860,Hail; Ḥā'il,KSA,243303,2025
15864,Buraydah,KSA,217480,2025
15865,'Unaīzah; Unaizah,KSA,186214,2025
15868,Ar-Rass,KSA,107902,2022
15870,Ar-Riyāḍ; Riyadh,KSA,7970319,2025
15871,King Khalid International Airport; Maṭār Al-Mlik Khāld Al-Dawli,KSA,,
15882,Wadi Ad-Dawasir; Wādī Ad-Dawāsir,KSA,77433,2022
15885,Ad-Dawādmī; Al-Duwadimi,KSA,86861,2022
15886,Najiran; Najrān,KSA,261656,2025
15887,Sharorah; Sharūrah,KSA,108687,2025
15890,Ad-Dammām; Dammam,KSA,2634829,2025
15891,Al-Khubar; Khobar,KSA,,
15893,King Fahd International Airport; Maṭār Al-Mlik Fahd Al-Dawli,KSA,,
15897,Hafar Al-Batin; Ḥafar Al-Bāṭin,KSA,346993,2025
15898,Al-Hufūf; Hofuf,KSA,,
15900,Al-Jubaīl; Jubail,KSA,,
15901,Khamis Mushait; Khamīs Mushaīṭ,KSA,,
15902,Abha; Abhā,KSA,125622,2025
15906,Bisha; Bīshah,KSA,57725,2025
15908,Jeddah; Jiddah,KSA,4842257,2025
15909,King Abdulaziz International Airport; Maṭār Al-Mlik 'Abdāl'azyz Al-Dawli,KSA,,
15911,Makkah; Mecca,KSA,1876451,2025
15912,Bahrah; Baḥrah,KSA,57033,2025
15917,Al-Qunfudhah,KSA,42447,2022
15921,Aṭ-Ṭa'if; Taif,KSA,,
15923,Yanbu; Yanbu' al-Baḥr,KSA,123579,2025
15924,Al-Madīnah; Medina,KSA,1565146,2025
15931,George Town,GBR,,
15932,Kingston,JAM,593375,2025
15933,Port-au-Prince,HAI,1733378,2025
15937,Gonaïves,HAI,393644,2025
15938,Santo Domingo,DMR,4593164,2025
15939,Aeropuerto Internacional Las Américas; Las Américas International Airport,DMR,,
15942,Santiago de los Caballeros,DMR,678296,2025
15943,Kigali,RWA,1621760,2025
15945,Bujumbura,BRU,1403419,2025
15947,Mwanza,TZN,977475,2025
15950,Bukoba,TZN,155945,2025
15952,Bariadi,TZN,56155,2025
15955,Dodoma,TZN,267333,2025
15960,Singida,TZN,120810,2025
15962,Nzega,TZN,50213,2025
15964,Tabora,TZN,199592,2025
15969,Arusha,TZN,806518,2025
15972,Sumbawanga,TZN,184293,2025
15973,Mbeya,TZN,587388,2025
15976,Njombe,TZN,92537,2022
15977,Iringa,TZN,217074,2025
15980,Zanzibar,TZN,709809,2022
15981,Dar es Salaam,TZN,8918525,2025
15982,Julius Nyerere International Airport,TZN,,
15988,Kampala,UGA,5177878,2025
15990,Entebbe International Airport,UGA,,
15991,Nansana,UGA,692478,2024
15993,Hoima,UGA,76893,2025
15994,Mbarara,UGA,285352,2025
15995,Soroti,UGA,77727,2025
15996,Mbale,UGA,,
15997,Gulu,UGA,205487,2025
16001,Kakamega,KEN,125259,2025
16002,Kisii,KEN,190857,2025
16004,Wajir,KEN,219967,2025
16006,Malindi,KEN,122250,2025
16008,Mombasa,KEN,1617739,2025
16010,Voi,KEN,53353,2019
16017,Jomo Kenyatta International Airport,KEN,,
16018,Nairobi,KEN,6646257,2025
16021,Kisumu,KEN,452000,2025
16022,Nakuru,KEN,628218,2025
16023,Kitale,KEN,182451,2025
16026,Kitengela,KEN,105486,2025
