prov_id,names,owner,population,year,victory_points
11599,Aqwa; Sokhumi; Sukhum; Sukhumi,ABZ,65146,2022,
11647,Gagra,ABZ,12002,2018,
3898,Andorra la Vella,ADR,22256,2011,
12904,Khankendi; Stepanakert; Xankəndi,AKH,52900,2010,
9914,Elbasan,ALB,68429,2025,
9780,Shkodër,ALB,77144,2025,
6900,Durrës,ALB,131865,2025,
13841,Tirana; Tirona,ALB,995789,2025,
11767,Vlorë,ALB,74501,2025,
1013,Aš-Šalif; Chlef,ALG,216910,2025,
1058,Tibissa; Tébessa,ALG,260482,2025,
1095,Adrar; Adrār,ALG,107335,2025,
1128,'Īn Wusāra; Aïn Oussera,ALG,147459,2025,
1141,Henšela; Khenchela,ALG,160444,2025,
1145,Al-Jazā'ir; Algiers,ALG,3316232,2025,
1160,Souk Ahras; Sūq Ahrās,ALG,222438,2025,
1967,Al-Aghwāṭ; Laghouat,ALG,235439,2025,
2049,Ghardaïa; Ġardāya,ALG,149916,2025,
4116,Tilimsān; Tlemcen,ALG,294082,2025,
4146,Al-Madiya; Médéa,ALG,156467,2025,
4970,Al-Wādī; El Oued,ALG,281360,2025,
5035,Ouargla; Warqalah,ALG,250308,2025,
7033,M'Sila; Āl-Msyla,ALG,201841,2025,
7065,Al-'Ulma; El Eulma,ALG,196881,2025,
7166,Bordj Bou Arréridj; Burğ Bū 'Urairīğ,ALG,209845,2025,
10045,Sa'īda; Saïda,ALG,191803,2025,
10731,Bešār; Béchar,ALG,200687,2025,
11923,Sidi Bel Abbès; Sīdī Bu Al-'Abbās,ALG,265431,2025,
11939,Tizi Ouzou; Tizi Wuzu,ALG,121426,2025,
12018,Al-Mašrya; Mécheria,ALG,112802,2025,
12034,Al-Ǧilfah; Djelfa,ALG,612877,2025,
12051,Skikda; Skykda,ALG,252926,2025,
12760,Tiaret; Tyāret,ALG,246774,2025,
15219,Tamanrasset; Tāmanrāssit,ALG,125555,2025,
15231,Oran; Wahrān,ALG,1261238,2025,
15236,Al-Bulaydah; Blida,ALG,703326,2025,
15238,Batna; Bātna,ALG,377992,2025,
15239,Constantine; Qusanṭīnah,ALG,507697,2025,
15241,Annaba; Anāba,ALG,471639,2025,
15242,Siṭīf; Sétif,ALG,366338,2025,
1958,Tindouf; Tindūf,ALG,150000,2008,
8077,'Īn Ṣalāḥ; Aïn Salah,ALG,32518,2008,
10749,Illizi; Ilyzy,ALG,52333,2008,
13074,Al-Bayaḍ; El Bayadh,ALG,85577,2008,
15223,'In 'Amanās; In Amenas,ALG,14913,2008,
15224,Bordj Badji Mokhtar; Borǧ Bāǧy Moẖtār,ALG,16437,2008,
15235,Algiers International Airport; Maṭār Al-Jazā'ir Al-Dawli,ALG,,,1
12441,Gyumri,ARM,84760,2025,
12906,Erevan; Yerevan,ARM,1027656,2025,
4660,Kapan,ARM,32900,2025,
8155,Mezhdunarodnyy Aeroport Erevan; Zvartnots International Airport; Zvart’nots’ Odanavakayan,ARM,,,1
12380,Vanadzor,ARM,78100,2025,
673,Innsbruck,ASA,144226,2025,
688,Salzburg,ASA,143452,2025,
14440,Vienna; Wien,ASA,2056565,2025,
14444,Graz,ASA,306742,2025,
14447,Linz,ASA,243243,2025,
14448,Wels,ASA,54304,2025,
671,Lienz,ASA,11761,2011,
3673,Klagenfurt am Wörthersee,ASA,94483,2011,
3700,Eisenstadt,ASA,13101,2011,
6552,Krems an der Donau,ASA,24032,2011,
6673,Villach,ASA,59324,2011,
6680,Dornbirn,ASA,45922,2011,
6687,Judenburg,ASA,9312,2011,
6690,Leoben,ASA,24598,2011,
9661,Wiener Neustadt,ASA,41305,2011,
704,St Pölten,ASA,51955,2011,
732,Freistadt,ASA,7909,2018,
6739,Liezen,ASA,8191,2018,
14443,Vienna Airport; Wien-Flughafen,ASA,,,2
1454,Gold Coast,AUS,279191,2025,
1540,Geraldton,AUS,36884,2011,
1611,Lismore,AUS,29294,2011,
1759,Traralgon,AUS,40609,2011,
1773,Mount Gambier,AUS,28279,2011,
2114,Ballarat,AUS,67880,2025,
4441,Cairns,AUS,57591,2025,
4462,Mackay,AUS,79683,2011,
4478,Dubbo,AUS,35281,2011,
4481,Bundaberg,AUS,69095,2011,
4487,Airlie Beach - Cannonvale,AUS,10982,2011,
4632,Emerald,AUS,13632,2011,
4776,Bendigo,AUS,87340,2011,
5175,Kalgoorlie-Boulder,AUS,31933,2011,
5181,Devonport,AUS,30392,2011,
7471,Tamworth,AUS,40085,2011,
7522,Hervey Bay,AUS,49835,2011,
7564,Brisbane,AUS,1359105,2025,
7651,Rockhampton,AUS,75730,2011,
7755,Shepparton - Mooroopna,AUS,47571,2011,
7798,Melbourne,AUS,4010658,2025,
7811,Warrnambool,AUS,33020,2011,
8130,Esperance,AUS,11777,2011,
8152,Karratha,AUS,17007,2011,
8165,Perth,AUS,1357382,2025,
8209,Broome,AUS,13314,2011,
8228,Bunbury,AUS,67860,2011,
8243,Albany,AUS,31791,2011,
10430,Toowoomba,AUS,92941,2025,
10445,Warwick,AUS,14950,2011,
10455,Wagga Wagga,AUS,54137,2011,
10941,Newcastle,AUS,205366,2025,
10969,Darwin,AUS,116995,2011,
10977,Hobart,AUS,69906,2025,
11006,Wollongong,AUS,149057,2025,
12308,Gladstone,AUS,43166,2011,
12406,Sydney,AUS,4375394,2025,
12645,Launceston,AUS,86051,2011,
12934,Geelong,AUS,165825,2025,
15416,Adelaide,AUS,938328,2025,
15419,Port Pirie,AUS,14281,2011,
15420,Whyalla,AUS,22471,2011,
15422,Alice Springs,AUS,28489,2011,
15432,Mount Isa,AUS,21514,2011,
1410,Nhulunbuy,AUS,3267,2021,
1472,Biloela,AUS,5808,2011,
1478,Townsville,AUS,167561,2011,
1514,Katherene,AUS,5980,2021,
1667,Albury,AUS,84195,2011,
2116,Central Coast,AUS,319519,2011,
5207,Kununurra,AUS,4515,2021,
7450,Coffs Harbour,AUS,66689,2011,
7481,Sunshine Coast,AUS,96778,2025,
7535,Nambour,AUS,16251,2011,
7538,Sydney Airport,AUS,,,2
7859,Canberra,AUS,55458,2025,
8249,Mildura,AUS,48505,2011,
12323,Carnarvon,AUS,4162,2025,
12424,Moranbah,AUS,8624,2011,
12451,Goondiwindi,AUS,5511,2011,
12993,Melbourne Airport,AUS,,,1
13169,Perth International Airport,AUS,,,1
1536,Shirvan; Şirvan,AZJ,100905,2025,
1610,Agdzhabedi; Agjabedi; Ağcabədi,AZJ,39200,2011,
2186,Gazakh; Qazax,AZJ,2100,2011,
4458,Khachmaz; Xaçmaz,AZJ,66906,2025,
4614,Shamakhy; Shemaka; Şamaxı,AZJ,54196,2025,
6997,Nakhchivan; Nakhchyvan; Nakhch’yvan; Naxçıvan,AZJ,175331,2025,
7661,Baku; Bakı,AZJ,1973054,2025,
10473,Heydar Aliyev International Airport; Heydər Əliyev Adına Beynəlxalq Hava Limanı; Mezhdunarodnyy Aeroport Baku,AZJ,,,1
11645,Mingechaur; Mingechevir; Mingəçevir,AZJ,129064,2025,
11674,Gandzha; Ganja; Gəncə,AZJ,399696,2025,
12434,Cəlilabad; Dzhalil'abad; Jalilabad,AZJ,69331,2025,
12926,Sumgayt; Sumqayit; Sumqayıt,AZJ,637053,2025,
11968,Cumilla; Kumillā,BAN,74332,2025,
15794,Gazipur; Gājīpur,BAN,84943,2025,
12423,Sunamganj; Sunāmgañj,BAN,248062,2025,
4162,Faridpur,BAN,326743,2025,
12010,Feni; Phenī,BAN,396626,2025,
10389,Dinajpur; Dinājpur,BAN,400029,2025,
15795,Tangail; Ṭāṅgāil,BAN,403296,2025,
7124,Kushtia; Kuṣṭiẏā,BAN,407149,2025,
10035,Barishal; Bariśāl,BAN,432532,2025,
2843,Jashore; Yaśor,BAN,552981,2025,
15781,Rangpur; Raṁpura,BAN,611287,2025,
10443,Baguṛā; Bogura,BAN,650822,2025,
15785,Maẏmansiṁh; Mymensingh,BAN,677660,2025,
7662,Chapai Nawabganj; Cāṁpāi Nabābgañj,BAN,785704,2025,
15782,Rajshahi; Rājśāhī,BAN,805560,2025,
11929,Narayanganj; Nārāẏaṇgañj,BAN,709381,2011,
15783,Khulna; Khulnā,BAN,1081072,2025,
15784,Sileṭa; Sylhet,BAN,1206965,2025,
15786,Caṭṭagrām; Chittagong,BAN,5175717,2025,
15792,Dhaka; Ḍhākā,BAN,37307160,2025,
15790,Hayarata Śāhjālāla Āntarjātika Bimānabandara; Hazrat Shahjalal International Airport,BAN,,,2
10254,Nassau,BHA,261235,2025,
13313,Al-Manāmah; Manama,BHR,1361833,2025,
8010,Thimphu,BHU,114551,2017,
3488,Eupen,BLG,18878,2011,
11407,Bastenaken; Bastogne,BLG,18224,2011,
14057,Waterloo,BLG,29666,2011,
6560,Bruges; Brugge,BLG,67047,2025,
9574,Genk,BLG,64986,2011,
6598,Saint-Nicholas; Sint-Niklaas,BLG,72365,2011,
9536,Bergen; Mons,BLG,92523,2011,
13081,Charleroi,BLG,222465,2025,
14061,Gand; Gent; Ghent,BLG,250379,2025,
14064,Liège; Luik; Lüttich,BLG,373662,2025,
14058,Antwerp; Antwerpen; Anvers,BLG,767652,2025,
516,Brussel; Brussels; Bruxelles,BLG,1468754,2025,
14056,Aéroport de Bruxelles; Brussels Airport; Luchthaven Brussel,BLG,,,3
11230,Kastsyukovichy; Kostyukovichi,BLR,15993,2009,
3378,Bychaŭ; Bykhov,BLR,17031,2009,
9341,Glybokoye; Hlybokaye,BLR,18082,2009,
9342,Dobrush,BLR,18330,2009,
233,Pastavy; Postavy,BLR,19815,2009,
360,Mar'ina Gorka; Maryina Horka,BLR,21446,2009,
6306,Ivatsevichi; Ivatsevichy,BLR,22958,2009,
289,Krichev; Krychaw,BLR,27202,2009,
3556,Luninets,BLR,23608,2009,
9359,Navahrudak; Novogrudok,BLR,29336,2009,
6354,Gorki; Horki,BLR,32777,2009,
386,Asipovichy; Osipovichi,BLR,32543,2009,
11216,Dzerzhinsk; Dzyarzhynsk,BLR,25164,2009,
11391,Smarhoń; Smorgon',BLR,36283,2009,
318,Vawkavysk; Volkovytsk,BLR,44167,2009,
3309,Slonim,BLR,48970,2009,
14146,Slutsk,BLR,61444,2009,
3293,Svetlogorsk; Svietlahorsk,BLR,69995,2009,
6319,Rechitsa; Rečyca,BLR,64731,2009,
11220,Orsha,BLR,70876,2025,
6373,Zhlobin; Žlobin,BLR,75866,2009,
6249,Polatsk; Polotsk,BLR,82547,2009,
294,Barysaw; Borisov,BLR,85274,2025,
277,Maladzyechna; Molodechno,BLR,94282,2009,
6326,Navapolatsk; Novopolotsk,BLR,104080,2009,
11313,Salihorsk; Soligorsk,BLR,102297,2009,
6413,Lida,BLR,97629,2009,
6232,Mazyr; Mozyr',BLR,108792,2009,
560,Pinsk,BLR,130355,2009,
3350,Babruysk; Bobruysk,BLR,177154,2025,
9304,Baranavichy; Baranovichi,BLR,179059,2025,
14153,Mogilev; Mogilyov,BLR,358279,2009,
11241,Vitebsk,BLR,382195,2025,
13206,Grodno; Hrodna,BLR,395330,2025,
3392,Brest,BLR,397637,2025,
9288,Gomel'; Homieĺ,BLR,571257,2025,
11370,Minsk,BLR,2093512,2025,
14147,Nacyjanaĺny Aeraport Minsk; National Airport Minsk; Natsional'nyy Aeroport Minsk,BLR,,,1
2077,Belize City,BLZ,76331,2025,
15945,Bujumbura,BRU,1403419,2025,
6957,Livno,BSH,7927,2013,
11845,Trebinje,BSH,22987,2013,
9591,Doboj,BSH,24349,2013,
6619,Prijedor,BSH,27970,2013,
6614,Bihać,BSH,39690,2013,
606,Bijeljina,BSH,41121,2013,
6799,Tuzla,BSH,55006,2025,
9894,Mostar,BSH,60195,2013,
11572,Zenica,BSH,65296,2025,
11574,Brčko,BSH,66146,2025,
6983,Banja Luka,BSH,90140,2025,
13860,Sarajevo,BSH,235739,2025,
11741,Srebrenica,BSH,2607,2013,
3937,Velingrad,BUL,22602,2011,
893,Smolyan,BUL,30642,2011,
9614,Silistra,BUL,35607,2011,
9771,Vidin,BUL,48071,2011,
878,Kǎrdzhali,BUL,43880,2011,
3819,Gabrovo,BUL,58950,2011,
965,Vratsa,BUL,60692,2011,
6982,Pazardzhik,BUL,71979,2011,
9888,Yambol,BUL,74132,2011,
6842,Veliko Tǎrnovo,BUL,68783,2011,
9862,Khaskovo,BUL,76397,2011,
6857,Blagoevgrad,BUL,70881,2011,
935,Pernik,BUL,80191,2011,
9783,Shumen,BUL,80855,2011,
11597,Bazargic; Dobrich,BUL,91030,2011,
6814,Stara Zagora,BUL,77342,2025,
6967,Sliven,BUL,91620,2011,
9610,Ruse,BUL,83022,2025,
3796,Pleven,BUL,106954,2011,
9919,Burgas,BUL,102154,2025,
15137,Varna,BUL,286140,2025,
15138,Plovdiv,BUL,331578,2025,
15139,Sofia; Sofiya,BUL,1068057,2025,
793,Knezha,BUL,10490,2020,
15140,Mezhdunarodno Letishche Sofiya; Sofia International Airport,BUL,,,1
1788,Estevan,CAN,10845,2011,
3769,Swift Current,CAN,15091,2011,
1873,Steinbach,CAN,15790,2016,
6610,Owen Sound,CAN,22354,2011,
11902,Rouyn-Noranda,CAN,23137,2011,
7304,Truro,CAN,22470,2011,
12145,Brandon,CAN,45624,2011,
12582,Sault Ste. Marie,CAN,51849,2025,
4360,Charlottetown,CAN,44112,2011,
1262,Lethbridge,CAN,63048,2025,
13635,Medicine Hat,CAN,59624,2011,
634,Fredericton,CAN,56663,2011,
12571,Prince George,CAN,62623,2011,
12578,Kelowna,CAN,72915,2025,
12505,St. John's,CAN,75023,2025,
749,Niagra Falls,CAN,75875,2025,
13639,Nanaimo,CAN,78391,2025,
7753,Chilliwack,CAN,67374,2011,
10230,Sherbrooke,CAN,87477,2025,
3605,Kingston,CAN,88900,2025,
1323,Kamloops,CAN,77200,2011,
7899,Thunder Bay,CAN,95251,2011,
9601,Trois-Rivières,CAN,97591,2025,
7893,Saguenay,CAN,104589,2011,
7787,Red Deer,CAN,107275,2025,
4428,Abbotsford,CAN,110036,2025,
13608,Gatineau,CAN,119332,2025,
14003,Halifax,CAN,227622,2025,
12603,Regina,CAN,241949,2025,
14046,Windsor,CAN,244810,2025,
13640,Victoria,CAN,250760,2025,
13614,London,CAN,365269,2025,
13613,Hamilton,CAN,446367,2025,
3778,Ottawa,CAN,604618,2025,
13621,Winnipeg,CAN,752808,2025,
13630,Edmonton,CAN,1144486,2025,
13625,Calgary,CAN,1524649,2025,
13642,Vancouver,CAN,2198107,2025,
13615,Montreal; Montréal,CAN,3221844,2025,
3775,Toronto,CAN,5566382,2025,
4285,St. John,CAN,60459,2011,
9740,Fort Albany,CAN,140,2025,
10174,St. Georges,CAN,24940,2011,
12259,Port Hardy,CAN,3902,2021,
13607,Toronto Pearson International Airport,CAN,,,3
13619,Quebec City; Ville de Québec,CAN,619036,2025,
13627,Calgary International Airport,CAN,,,1
6611,Gospić,CRO,6575,2011,
13252,Čakovec,CRO,15147,2011,
3868,Dubrovnik,CRO,28434,2011,
9611,Varaždin,CRO,38839,2011,
3601,Karlovac,CRO,46833,2011,
9595,Slavonski Brod,CRO,53531,2011,
11735,Pular,CRO,57460,2011,
3943,Zadar,CRO,68048,2025,
6647,Osijek,CRO,69144,2025,
11564,Rijelka,CRO,115636,2025,
13844,Split,CRO,215968,2025,
13846,Zagreb,CRO,643962,2025,
13848,Franjo Tuđman International Airport; Zračna luka Franjo Tuđman Zagreb,CRO,,,1
4600,Pinar del Río,CUB,150119,2025,
7451,Santa Clara,CUB,222229,2025,
4476,Camagüey,CUB,286045,2025,
12347,Holguín,CUB,313757,2025,
15375,Santiago de Cuba,CUB,441985,2025,
15372,Havana; La Habana,CUB,1632772,2025,
15374,Aeropuerto Internacional José Martí; José Martí international Airport,CUB,,,1
7193,Lemesós; Limasol; Limassol,CYP,191161,2025,
15490,Lefkosía; Lefkoşa; Nicosia,CYP,195002,2025,
421,Šumperk,CZE,26737,2011,
9421,Příbram,CZE,33084,2011,
557,Znojmo,CZE,34122,2011,
569,Třebíč,CZE,36998,2011,
6470,Karlovy Vary,CZE,48639,2011,
11556,Jihlava,CZE,50075,2011,
11432,Ústí nad Labem,CZE,59097,2025,
445,Hradec Králové,CZE,68044,2025,
6576,Zlín,CZE,75318,2011,
6562,Olomouc,CZE,82848,2025,
9541,České Budějovice,CZE,83564,2025,
9414,Liberec,CZE,86841,2025,
3583,Ostrava,CZE,150766,2025,
6592,Plzeň,CZE,170322,2011,
3569,Brno,CZE,313582,2025,
11542,Prag; Prague; Praha,CZE,1201278,2025,
14084,Flughafen Prag; Letiště Václava Havla; Václav Havel Airport,CZE,,,1
6361,Rønne,DMK,13904,2011,
3305,Nykøbing Falster,DMK,16464,2011,
394,Hjørring,DMK,24762,2011,
3260,Slagelse,DMK,31979,2011,
13262,Holstebro,DMK,34241,2011,
3341,Herning,DMK,46279,2011,
6393,Roskilde,DMK,47117,2011,
3277,Kolding,DMK,57197,2011,
3206,Randers,DMK,60656,2011,
399,Esbjerg,DMK,71576,2011,
6235,Aalborg,DMK,101029,2025,
15100,Odense,DMK,147088,2025,
15099,Aarhus,DMK,252649,2025,
6287,Copenhagen; København,DMK,1258202,2025,
13003,Tórshavn,DMK,14217,2026,
15090,Sisimiut,DMK,5455,2026,
15091,Nuuk,DMK,20298,2026,
15098,Qaqortoq,DMK,3081,2026,
15102,Copenhagen Airport; Københavns Lufthavn,DMK,,,1
7632,Barahona,DMR,78995,2010,
4598,Puerto Plata,DMR,128131,2025,
7660,La Romana,DMR,248412,2025,
15942,Santiago de los Caballeros,DMR,678296,2025,
15938,Santo Domingo,DMR,4593164,2025,
15939,Aeropuerto Internacional Las Américas; Las Américas International Airport,DMR,,,1
6922,Tanch'ŏn; Tanchon,DPK,77317,2025,
7070,Koksan,DPK,93927,2025,
6944,Rason; Rasŏn,DPK,128331,2025,
3912,Huichon; Hŭich'ŏn,DPK,144337,2025,
4052,Namp'o; Nampo,DPK,144643,2025,
9790,Kaech'ŏn; Kaechon,DPK,200016,2025,
3803,Hyesan,DPK,241782,2025,
4107,Haeju,DPK,263992,2025,
12040,Kaesong; Kaesŏng,DPK,280963,2025,
11835,Sinuiju; Sinŭiju,DPK,308840,2025,
11828,Kanggye,DPK,314915,2025,
848,Wonsan; Wŏnsan,DPK,370729,2025,
14609,Hamhung; Hamhŭng,DPK,393816,2025,
11915,Sariwon; Sariwŏn,DPK,401117,2025,
14607,Ch'ŏngjin; Chongjin,DPK,683870,2025,
14604,P'yŏngyang; Pyongyang,DPK,2868313,2025,
11958,Changchŏn; Jangjon,DPK,8000,2025,
14605,P'yŏngyang Kukche Pihaengjang; Pyongyang Gukjegonghang; Pyongyang International Airport,DPK,,,1
7079,As-Sallūm; Sallum,EGY,14349,2018,
1155,B'īr al-'Abd; Bir al-Abd,EGY,14277,2006,
12764,Siwa; Sīwa,EGY,16056,2006,
5078,Mut,EGY,20439,2006,
11910,Aḍ-Ḍab'ah; El Dabaa,EGY,16559,2006,
9947,Sharm El-Sheikh; Sharm ash-Shaykh,EGY,38478,2006,
10099,Aṭ-Ṭūr; El-Tor,EGY,19826,2006,
4068,Al-Quṣayr; Quseer,EGY,35045,2006,
14534,Al-Kharijah; Kharga,EGY,60584,2006,
14537,Al-'Arīsh; Arish,EGY,115903,2025,
12002,Al-Ghurdaqah; Hurghada,EGY,137973,2025,
11967,Marsa Matrouh; Marsā Maṭrūḥ,EGY,191313,2025,
7091,Kafr Ash-Shaykh; Kafr El-Shaikh,EGY,147393,2006,
12044,Sawhāj; Sohag,EGY,190132,2006,
11999,Aswan; Aswān,EGY,472978,2025,
4073,As-Suways; Suez,EGY,557510,2025,
10005,Al-Manṣūrah; Mansoura,EGY,439348,2006,
14540,Damietta; Dumyāṭ,EGY,727330,2025,
1068,Al-Fayyūm; Faiyum,EGY,741406,2025,
12049,Būr Sa'īd; Port Said,EGY,874651,2025,
14542,Tanta; Ṭanṭā,EGY,941974,2025,
11974,Asyut; Asyūṭ,EGY,1152515,2025,
4055,Al-Jīzah; Giza,EGY,3021542,2006,
12071,Al-Uqṣur; Luxor,EGY,6314420,2025,
4076,Al-Iskandariyah; Alexandria,EGY,6931369,2025,
12004,Al-Qāhirah; Cairo,EGY,25230325,2025,
7011,Cairo International Airport; Maṭār Al-Qāhirah Al-Dawli,EGY,,,2
14535,Būr Fo'ād; Fouad,EGY,81591,2015,
83,Haapsalu,EST,10251,2011,
6408,Valga,EST,12261,2011,
592,Võru,EST,12672,2011,
185,Kuressaare,EST,13166,2011,
11127,Rakvere,EST,15264,2011,
6178,Viljandi,EST,17473,2011,
3174,Pärnu,EST,39728,2011,
9221,Tartu,EST,74087,2025,
13833,Tallinn,EST,449861,2025,
13834,Tallinn Airport; Tallinna Lennujaam,EST,,,1
13836,Narva,EST,58663,2011,
13093,San Miguel,ESV,165222,2025,
15358,San Salvador,ESV,1615741,2025,
9228,Mariehamn,FIN,11190,2010,
6141,Äänekoski,FIN,20244,2010,
6163,Jämsä,FIN,22691,2010,
3172,Jakobstad,FIN,19656,2010,
9104,Iisalmi,FIN,22095,2010,
11125,Tornio,FIN,22513,2010,
3125,Kajaani,FIN,38157,2010,
32,Nokia,FIN,31647,2010,
66,Kokkola,FIN,46260,2010,
9194,Salo,FIN,55235,2010,
3013,Mikkeli,FIN,54455,2010,
6009,Porvoo,FIN,48768,2010,
9160,Jyväskylä,FIN,56663,2025,
67,Lahti,FIN,57174,2025,
124,Rovaniemi,FIN,60090,2010,
9038,Seinäjoki,FIN,57811,2010,
11066,Hämeenlinna,FIN,66829,2010,
3122,Vaasa,FIN,64345,2010,
6082,Lappeenranta,FIN,71982,2010,
3161,Kouvola,FIN,88072,2010,
9061,Joensuu,FIN,73305,2010,
169,Pori,FIN,85026,2010,
11121,Oulu,FIN,84384,2025,
204,Turku,FIN,104248,2025,
11141,Kuopio,FIN,112336,2010,
15108,Tampere,FIN,153567,2025,
11105,Helsinki,FIN,1001125,2025,
11211,Hanko,FIN,8000,2026,
15106,Helsinki-Vantaa Airport; Helsinki-Vantaan Lentoasema,FIN,,,1
373,Saint-Pierre,FRA,5223,2023,
485,Dieppe,FRA,40427,2007,
503,Angers,FRA,162720,2025,
542,Quimper,FRA,74883,2007,
551,Sézanne,FRA,5232,2007,
553,Alençon,FRA,43043,2007,
595,Angoulême,FRA,54289,2025,
620,Limoges,FRA,105730,2025,
648,Chalon-sur-Saône,FRA,78933,2007,
667,Nevers,FRA,64548,2007,
678,Mulhouse; Mülhausen,FRA,187082,2025,
743,Bayonne,FRA,89012,2025,
762,Valence,FRA,71751,2025,
769,Brioude,FRA,8103,2007,
929,Condom,FRA,7147,2007,
3402,Saint-Quentin,FRA,65694,2007,
3495,Laval,FRA,62842,2007,
3509,Le Mans,FRA,140414,2025,
3549,Évreux,FRA,61551,2007,
3621,Guéret,FRA,14983,2007,
3655,Bourges,FRA,53520,2025,
3681,Auxerre,FRA,44305,2007,
3751,Albi,FRA,71170,2007,
3762,Gap,FRA,38160,2007,
3768,Grenoble,FRA,348043,2025,
3771,Brive-la-Gaillarde,FRA,77137,2007,
3838,Ajaccio,FRA,57575,2025,
5291,Verdun,FRA,25378,2007,
6449,Cherbourg-en-Cotentin,FRA,57244,2025,
6504,Arras,FRA,60903,2025,
6529,Colmar,FRA,64537,2025,
6533,Blois,FRA,67984,2007,
6536,Lorient,FRA,72374,2025,
6545,Châlons-en-Champagne,FRA,57764,2007,
6547,Chatres,FRA,66599,2025,
6585,Beauvais,FRA,59016,2007,
6613,Lyon,FRA,1194741,2025,
6766,Toulouse,FRA,712882,2025,
6770,Mende,FRA,12153,2007,
6773,Aurillac,FRA,35970,2007,
6775,Agen,FRA,78517,2007,
6777,Arcachon,FRA,59774,2007,
6917,Carcassonne,FRA,48451,2007,
6975,Guillestre,FRA,3153,2007,
9434,Le Havre,FRA,168169,2025,
9490,Troyes,FRA,101937,2025,
9503,Strasbourg; Straßburg,FRA,419245,2025,
9505,Saint-Dizier,FRA,33772,2007,
9525,Saint-Brieuc,FRA,56276,2025,
9559,Thionville,FRA,130922,2007,
9561,Compiègne,FRA,71170,2007,
9607,Vichy,FRA,64977,2007,
9629,Châteauroux,FRA,65346,2007,
9642,Besançon,FRA,98834,2025,
9658,Langres,FRA,10067,2007,
9725,Étampes,FRA,27497,2007,
9732,Le Puy-en-Velay,FRA,38450,2007,
9737,Bordeaux,FRA,642756,2025,
9751,Périgueux,FRA,63379,2007,
9853,Perpignan,FRA,124596,2025,
9909,Nice,FRA,393492,2025,
11420,Abbeville,FRA,26870,2007,
11465,Nantes,FRA,472262,2025,
11483,Lille,FRA,907123,2025,
11491,Montereau-Fault-Yonne,FRA,25337,2007,
11506,Paris,FRA,9328385,2025,
11516,Nancy,FRA,217203,2025,
11518,Meaux,FRA,52429,2025,
11535,Caen,FRA,149422,2025,
11573,Annecy,FRA,123116,2025,
11582,Ruffec,FRA,4066,2007,
11596,Poiters,FRA,93032,2025,
11600,La Roche-sur-Yon,FRA,51124,2007,
11613,Cholet,FRA,54371,2007,
11697,Pau,FRA,95976,2025,
11699,Tarbes,FRA,78571,2007,
11702,Montauban,FRA,71343,2007,
11709,Millau,FRA,23536,2007,
11711,Alès,FRA,90630,2007,
11713,Montélimar,FRA,50415,2007,
11834,Marseille,FRA,911934,2025,
11849,Avignon,FRA,78051,2025,
11875,Aix-en-Provence,FRA,81548,2025,
13011,Reims,FRA,190718,2025,
13935,Metz,FRA,139827,2025,
13990,Tourcoing,FRA,98772,2023,
13993,Lens,FRA,147145,2025,
13994,Dunkerque; Dunkirk,FRA,129033,2025,
13995,Calais,FRA,72072,2025,
13997,Amiens,FRA,102612,2025,
13999,Brest,FRA,127489,2025,
14000,Rennes,FRA,251924,2025,
14004,Rouen,FRA,309210,2025,
14010,Aéroport de Charles-de-Gaulle; Charles de Gaulle Airport,FRA,,,5
14012,Versailles,FRA,84095,2023,
14016,Saint-Nazaire,FRA,56337,2025,
14020,Orléans,FRA,219332,2025,
14022,Tours,FRA,223834,2025,
14027,Aéroport de Toulouse–Blagnac; Toulouse-Blagnac Airport,FRA,,,1
14029,Montpellier,FRA,337381,2025,
14030,Béziers,FRA,69194,2025,
14036,La Rochelle,FRA,84391,2025,
14038,Dijon,FRA,219337,2025,
14041,Aéroport de Lyon-Saint Exupéry; Lyon-Saint Exupéry Airport,FRA,,,2
14044,Saint-Étienne,FRA,180472,2025,
14045,Clermont-Ferrand,FRA,203170,2025,
14048,Cannes,FRA,212941,2025,
14051,Toulon,FRA,290434,2025,
14053,Aéroport Marseille-Provence; Marseille Provence Airport,FRA,,,2
3241,Hereford,GBR,55483,2025,
9383,Falkirk,GBR,59626,2025,
9332,Harrogate,GBR,65246,2025,
9075,Inverness,GBR,61354,2011,
9364,Wrexham,GBR,65540,2011,
11332,Carlisle,GBR,74911,2025,
385,Londonderry,GBR,92108,2011,
13070,Maidstone,GBR,105233,2025,
507,Crawley,GBR,106964,2025,
13655,Basingstoke,GBR,109991,2025,
3463,Exeter,GBR,110292,2025,
13702,Doncaster,GBR,125305,2025,
14909,Grimsby,GBR,126609,2025,
11253,Cambridge,GBR,136064,2025,
13680,Gloucester,GBR,145718,2025,
13676,Swansea,GBR,150621,2025,
9269,York,GBR,151629,2025,
3150,Dundee,GBR,158327,2025,
9239,Oxford,GBR,168021,2025,
13711,Sunderland,GBR,180833,2025,
13666,Norwich,GBR,188535,2025,
6335,Blackpool,GBR,189730,2025,
13713,Aberdeen,GBR,193155,2025,
9268,Northampton,GBR,219781,2025,
540,Plymouth,GBR,252928,2025,
13668,Southend-on-Sea,GBR,265744,2025,
11221,Luton,GBR,268353,2025,
13696,Derby,GBR,271899,2025,
13661,Reading,GBR,273287,2025,
11297,Hull,GBR,321006,2025,
11345,Stoke-on-Trent,GBR,329688,2025,
13708,Middlesbrough,GBR,351680,2025,
13656,Southampton,GBR,374413,2025,
13653,Bournemouth,GBR,382597,2025,
13673,Cardiff,GBR,388460,2025,
13650,Belfast,GBR,437125,2025,
13659,Brighton,GBR,456337,2025,
13658,Portsmouth,GBR,480317,2025,
13698,Leicester,GBR,527124,2025,
13716,Edinburgh,GBR,530165,2025,
13695,Nottingham,GBR,650703,2025,
13700,Sheffield,GBR,665294,2025,
13679,Bristol,GBR,680809,2025,
13719,Glasgow,GBR,992059,2025,
9379,Leeds,GBR,1053955,2025,
13681,Liverpool,GBR,1243206,2025,
6318,Manchester,GBR,2539907,2025,
13689,Birmingham,GBR,2617211,2025,
6103,London,GBR,10408332,2025,
3273,Glasgow Airport,GBR,,,2
3274,Aberystwyth,GBR,16851,2011,
3311,Douglas,GBR,26677,2021,
3501,Dover,GBR,35381,2011,
4135,Gibraltar,GBR,31248,2010,
6196,Lerwick,GBR,6958,2011,
6350,Stranraer,GBR,10110,2010,
6351,Salisbury,GBR,44878,2011,
6526,Truro,GBR,20044,2011,
9322,Boston,GBR,41214,2011,
11064,Kirkwall,GBR,7193,2011,
11161,Fort William,GBR,15757,2011,
11207,Elgin,GBR,23128,2011,
11218,Dumfries,GBR,33009,2011,
11299,Berwick-upon-Tweed,GBR,12043,2011,
12960,Mount Pleasant,GBR,,,1
13010,Hamilton,GBR,20000,2010,
13654,Newport,GBR,24595,2011,
13662,Heathrow Airport,GBR,,,5
13667,Gillingham,GBR,247682,2025,
13671,Llanfairpwllgwyngyll,GBR,3107,2011,
13674,Newport,GBR,118174,2011,
13685,Manchester Airport,GBR,,,2
13690,Wolverhampton,GBR,224601,2025,
13710,Newcastle,GBR,770369,2025,
14184,Port Stanley,GBR,2974,2021,
15931,George Town,GBR,28089,2010,
772,Zugdidi,GEO,42998,2014,
6671,Gori,GEO,48143,2014,
3658,Kutaisi,GEO,132035,2025,
13171,Rustavi,GEO,125103,2014,
12309,Batumi,GEO,168438,2025,
13172,Tblisi,GEO,988278,2025,
13131,Mezhdunarodnyy Aeroport Tbilisi; Tbilisi International Airport; Tbilisis Saertashoriso Aerodromi,GEO,,,1
309,Oldenburg,GER,147302,2025,
317,Flensburg,GER,75426,2025,
425,Wernigerode,GER,41850,2011,
538,Naumburg,GER,25200,2011,
564,Kassel,GER,238931,2025,
586,Weiden in der Oberpfalz,GER,42444,2025,
589,Frankfurt Airport,GER,,,2
3258,Neubrandenburg,GER,69100,2011,
3299,Ingolstadt,GER,88782,2025,
3326,Bremen,GER,425974,2025,
3499,Brandenburg an der Havel,GER,63200,2011,
3514,Görlitz,GER,59000,2011,
3524,Marburg,GER,66800,2011,
3530,Karlsruhe,GER,299990,2025,
3558,Ludwigshafen am Rhein,GER,1761110,2025,
3679,Stuggart,GER,909232,2025,
3705,Augsburg,GER,338257,2025,
6257,Neumünster,GER,64451,2025,
6377,Hannover,GER,663997,2025,
6488,Frankfurt am Main,GER,1628000,2011,
6501,Jena,GER,82104,2025,
6513,Göttingen,GER,110420,2025,
6524,Erfurt,GER,174628,2025,
6535,Münster,GER,269164,2025,
6568,Mannheim,GER,456549,2025,
6712,Freiburg im Breisgau,GER,238078,2025,
9347,Hamburg,GER,1733898,2025,
9375,Wolfsburg,GER,70340,2025,
9388,Stralsund,GER,59500,2011,
9441,Zwickau,GER,61730,2025,
9471,Chemnitz,GER,241511,2025,
9496,Frankfurt an der Oder,GER,916259,2025,
9509,Bielefeld,GER,238107,2025,
9515,Regensburg,GER,150502,2025,
9522,Aachen,GER,218507,2025,
9575,Trier,GER,88553,2025,
9666,Kempten,GER,61827,2025,
11219,Perleberg,GER,12000,2022,
11264,Meppen,GER,25150,2011,
11305,Schwerin,GER,50236,2025,
11331,Lübeck,GER,175411,2025,
11359,Stendal,GER,33950,2011,
11388,Osnabrück,GER,118523,2025,
11415,Cottbus,GER,72346,2025,
11417,Würzburg,GER,120858,2025,
11445,Fulda,GER,53458,2025,
11499,Ulm,GER,115346,2025,
11529,Ansbach,GER,37350,2011,
11531,Saarbrücken,GER,125456,2025,
11544,Nuremburg; Nürnberg,GER,645853,2025,
11547,Kaiserslauten,GER,80641,2025,
11560,Mainz,GER,456700,2011,
13116,Bamberg,GER,72467,2025,
13874,Rostock,GER,160700,2025,
13876,Leipzig,GER,585335,2025,
13879,Dresden,GER,566233,2025,
13881,Wittenberg,GER,40850,2011,
13884,Berlin,GER,3549997,2025,
13889,Berlin Brandenburg Airport,GER,,,3
13891,Magdeburg,GER,216131,2025,
13892,Haale,GER,207112,2025,
13893,Erlangen,GER,113282,2025,
13896,Munich; München,GER,1827704,2025,
13899,Munich Airport; München Flughafen,GER,,,4
13902,Ludwigsburg,GER,86139,2011,
13908,Wiesbaden,GER,416574,2025,
13909,Kiel,GER,231582,2025,
13920,Bremerhaven,GER,136384,2025,
13922,Bonn,GER,756475,2025,
13923,Cologne; Köln,GER,1156303,2025,
13927,Düsseldorf,GER,921669,2025,
13929,Düsseldorf Airport; Flughafen Düsseldorf,GER,,,3
13930,Duisburg,GER,488468,2011,
13932,Essen,GER,2718996,2025,
13933,Dortmund,GER,709615,2025,
13934,Neuwied,GER,60145,2025,
14108,Koblenz,GER,133939,2025,
10163,Giannitsá; Yannitsa,GRC,29789,2011,
4078,Tripoli; Trípolis,GRC,30866,2011,
7096,Corinth; Kórinthos,GRC,30176,2011,
6550,Chios; Chíos,GRC,35479,2011,
10203,Corfu; Kérkyra,GRC,39330,2011,
966,Kozani; Kozáni,GRC,41066,2011,
976,Lamia; Lamía,GRC,52006,2011,
10007,Rhodes; Ródos,GRC,49541,2011,
6990,Serres; Sérrai,GRC,58287,2011,
11774,Xanthi; Xánthi,GRC,56122,2011,
11905,Alexandroupoli; Alexandroúpolis,GRC,57812,2011,
3844,Katerini; Kateríni,GRC,60854,2011,
11786,Trikala; Tríkala,GRC,61653,2011,
1205,Agrinio; Agrínion,GRC,61349,2011,
11965,Kalamáta; Kalmata,GRC,59625,2011,
12058,Chania; Chanía,GRC,66403,2025,
1109,Chalcis; Chalkís,GRC,74564,2011,
3914,Ioannina; Ioánnina,GRC,94900,2025,
3973,Volos; Vólos,GRC,99656,2025,
6930,Larissa; Lárisa,GRC,118892,2025,
15381,Patras; Pátrai,GRC,146128,2025,
9940,Heraklion; Irákleion,GRC,159049,2025,
3988,Thessaloniki; Thessaloníki,GRC,783450,2025,
4109,Athens; Athínai,GRC,3166757,2025,
15379,Athens International Airport Eleftherios Venizelos; Diethnís Aeroliménas Athinón Elefthérios Venizélos,GRC,,,1
13085,Puerto Barrios,GTM,66989,2025,
15281,Huehuetenango,GTM,117818,2018,
15279,Cobán,GTM,221271,2025,
10842,Quetzaltenango,GTM,295633,2025,
15278,Villa Nueva,GTM,426316,2018,
15276,Ciudad de Guatemala; Guatemala City,GTM,2900619,2025,
15277,Aeropuerto Internacional La Aurora; La Aurora International Airport,GTM,,,1
1635,Les Cayes,HAI,83543,2025,
15937,Gonaïves,HAI,393644,2025,
15933,Port-au-Prince,HAI,1733378,2025,
15366,Comayagua,HDU,113060,2025,
12865,Choluteca,HDU,128000,2025,
15367,La Ceiba,HDU,300948,2025,
15364,San Pedro Sula,HDU,1301567,2025,
15363,Tegucigalpa,HDU,1653509,2025,
11919,Sidon; Ṣaydā,HEZ,207486,2025,
15446,Ba'albak; Baalbek,HEZ,62954,2025,
10062,Hong Kong; Xiānggǎng,HKG,7024200,2010,
14190,'Azzā; Gaza; Ghazzah,HMS,1060587,2025,
11644,Békés,HUN,20088,2011,
6670,Baja,HUN,36267,2011,
9690,Vác,HUN,33831,2011,
6703,Dunaújváros,HUN,48484,2011,
3731,Eger,HUN,56569,2011,
11646,Békéscsaba,HUN,62050,2011,
686,Sopron,HUN,55594,2025,
11627,Szombathely,HUN,56106,2025,
6685,Kaposvár,HUN,66245,2011,
6716,Szolnok,HUN,72953,2011,
6700,Kecskemét,HUN,73080,2025,
701,Székesfehérvár,HUN,75063,2025,
3730,Nyíregyháza,HUN,78595,2025,
6720,Győr,HUN,88498,2025,
6751,Miskolc,HUN,115425,2025,
14455,Szeged,HUN,122060,2025,
11610,Pécs,HUN,123329,2025,
14456,Debreccen,HUN,139471,2025,
14451,Budapest,HUN,1743875,2025,
9660,Ferenc Liszt International Airport; Liszt Ferenc Nemzetközi Repülőtér,HUN,,,1
15089,Egilsstathir; Egilsstaðir,ICE,2237,2010,
13271,Ísafjörthur; Ísafjörður,ICE,2659,2010,
12674,Akranes,ICE,6587,2010,
4861,Akureyri,ICE,17370,2010,
15081,Reykjavík,ICE,206895,2025,
15082,Keflavík International Airport; Keflavíkurflugvöllur,ICE,,,1
7273,Leh; Lehh; Lēh,IND,30870,2011,
7250,Bagalkot; Bāgalkōṭ,IND,53622,2025,
10810,Itanagar; Īṭānagar,IND,53883,2025,
10332,Singrauli; Siṁgraulī,IND,55673,2025,
1510,Chirimiri; Cirīmirī,IND,57331,2025,
5002,Rudrapur,IND,66325,2025,
15605,Dharamshala; Dharmaśālā,IND,82359,2025,
15600,Sary Nagr; Srinagar; Śrīnagar,IND,83806,2025,
5055,Fatehpur; Phatehpur,IND,89377,2025,
15720,Kohima,IND,99039,2011,
10190,Kanhangad; Kāññaṅṅāṭ,IND,100444,2025,
12241,Jaẏpur; Jeypore,IND,119477,2025,
10358,Chaibasa; Cāībāsā,IND,124116,2025,
12080,Pithampur; Pīthampur,IND,125022,2025,
5104,Yadgiri; Yādgiri,IND,126731,2025,
15773,Gumla; Gumlā,IND,130091,2025,
4435,Gantok; Gāntok,IND,132116,2025,
4353,Barshi; Bārśī,IND,132865,2025,
7465,Jagdalpur,IND,138047,2025,
15602,Baramulla; Bārha Molah; Bārāmūlā,IND,138339,2025,
10401,Dhamtari; Dhamtarī,IND,144195,2025,
12375,Raigarh; Rāygaṛh,IND,151048,2025,
8067,Tirucceṅkōṭu; Tiruchengode,IND,155978,2025,
15667,Aurangabad; Auraṁgābāda,IND,157594,2025,
15749,Hindupur; Hiṁdūpuraṁ,IND,157720,2025,
10816,Sehore; Sīhor,IND,161580,2025,
12829,Udaipur,IND,161945,2025,
12734,Robertson Pet; Rābarṭsan Pēṭ,IND,162230,2011,
15691,Seoni; Sivanī,IND,164969,2025,
12743,Banswara; Bāṁsavāḍa,IND,170990,2025,
4883,Bhandara; Bhaṁḍārā,IND,173162,2025,
1317,Nalgonda; Nalgoṁḍa,IND,174421,2025,
4950,Baitūl; Betul,IND,177044,2025,
10511,Mancherial; Maṁciryāl,IND,179447,2025,
7565,Malda; Māldā,IND,185762,2025,
1190,Bhuj,IND,186749,2025,
10772,Moga; Mōgā,IND,188038,2025,
12844,Nagaur; Nāgaur,IND,190920,2025,
9946,Balangir; Balāṅgīr,IND,195340,2025,
15596,Udhampur; Ādham Por,IND,198368,2025,
4062,Haladiẏā; Haldia,IND,200827,2011,
10001,Srikakulam; Śrīkākuḷaṁ,IND,200889,2025,
4104,Balasore; Bāleśwar,IND,203378,2025,
12226,Udagīr; Udgir,IND,203505,2025,
11993,Nandurbar; Naṁdurabār,IND,207515,2025,
12708,Shimla; Śimalā,IND,209366,2025,
12146,Mandya; Maṁḍya,IND,209511,2025,
15585,Panchkula; Paṁcakulā,IND,211355,2011,
12480,Ambikapur; Aṁbikāpur,IND,213440,2025,
7905,Tonk; Ṭōṁk,IND,216165,2025,
10077,Bardhaman; Bardhamān,IND,216948,2025,
15753,Rajnandgaon; Rājnāṁdgāṁ,IND,220032,2025,
7232,Ratnagiri; Ratnāgirī,IND,222402,2025,
15764,Durgapur; Durgāpur,IND,223704,2025,
8087,Mahbubnagar; Mahābubnagar,IND,226080,2025,
15724,Jorhat; Yorahāṭ,IND,227895,2025,
12037,Porbandar; Pōrabaṁdara,IND,231312,2025,
12779,Proddatur; Prodduṭūr,IND,235589,2025,
1430,Ongole; Oṁgōlu,IND,244578,2025,
10296,Nandyala; Naṁdyāla,IND,244975,2025,
15723,Dibrugarh; Ḍibrugaṛ,IND,245389,2025,
15711,Hassan; Hāsan,IND,245504,2025,
7340,Bhimavaram; Bhīmavaraṁ,IND,246577,2025,
15685,Shivpuri; Śivapurī,IND,246608,2025,
1949,Vidisha; Vidiśā,IND,247130,2025,
10428,Sambalpur,IND,248582,2025,
12886,Pali; Pālī,IND,251608,2025,
15581,Kaithal,IND,253734,2025,
15686,Guna; Gunā,IND,257693,2025,
10471,Medininagar; Medinīnagar,IND,262681,2025,
4557,Gondia; Goṁdiyā,IND,272964,2025,
10905,Anantanāg; Anantnag; Āslām Ābād,IND,273306,2025,
12063,Bhadrak,IND,277332,2025,
2002,Sirasā; Sirsa,IND,280987,2025,
12247,Karur; Karūr,IND,281322,2025,
15636,Banda; Bāṁdā,IND,281392,2025,
7150,Ankleshwar; Aṁkalēśvara,IND,284472,2025,
15694,Chhindwara; Chiṁdvāṛā,IND,285974,2025,
15563,Civakāci; Sivakasi,IND,287420,2025,
12822,Pathankot; Paṭhānakōṭ,IND,292356,2025,
1541,Sivān; Siwan,IND,292602,2025,
15772,Hazaribagh; Hazārībāg,IND,293350,2025,
1908,Sikar; Sīkar,IND,294150,2025,
2036,Orai; Uraī,IND,297192,2025,
15745,Vijayanagaraṁ; Vizianagaram,IND,299740,2025,
4204,Bankura; Baṁkuṛā,IND,300434,2025,
7395,Udupi; Uḍupi,IND,303722,2025,
1359,Bidar; Bīdar,IND,303956,2025,
1609,Baharampur,IND,304487,2011,
15690,Katni; Kaṭnī,IND,306752,2025,
1061,Gandhidham; Gāndhīdhām,IND,307941,2025,
1144,Surendranagar; Surēndranagara,IND,310315,2025,
10259,Raichur; Rāycūru,IND,314663,2025,
12041,Sri Ganganagar; Śrī Gaṁgānagar,IND,322863,2025,
15646,Greater Noida; Greṭar Noeḍā,IND,324832,2025,
15779,Sasaram; Sāsārām,IND,325822,2025,
7205,Burhanpur; Burhānpurs,IND,330992,2025,
15643,Pilibhit; Pīlībhīt,IND,332779,2025,
1275,Khammam; Khammaṁ,IND,339172,2025,
11950,Karimnagar; Karīṁnagar,IND,342883,2025,
7537,Bhagalpur; Bhāgalpur,IND,343274,2025,
10210,Satara; Sātārā,IND,345256,2025,
15688,Ratlam; Ratlām,IND,347986,2025,
4090,Junagadh; Junāga,IND,357101,2025,
15676,Devās; Dewas,IND,357534,2025,
10030,Yavatamāḷ; Yavatmal,IND,358165,2025,
7938,Rewa; Rīvā,IND,361737,2025,
15718,Aizawl,IND,365806,2025,
12275,Palakkad; Pālakkāṭ,IND,368312,2025,
15684,Morena; Murainā,IND,369897,2025,
4327,Tirunelveli; Tirunelvēli,IND,371087,2025,
8100,Tumakur; Tumakūru,IND,371851,2025,
4064,Mahesāna; Mehsana,IND,376010,2025,
15747,Kadapa; Kaḍapa,IND,376919,2025,
15746,Eluru; Ēlūru,IND,378263,2025,
10311,Jalna; Jālanā,IND,383638,2025,
4420,Hosur; Hōcūr,IND,388678,2025,
15507,Navsari; Navsāri,IND,392174,2025,
15594,Bathinda; Baṭhiṁḍā,IND,394005,2025,
10361,Muzaffarpur,IND,396590,2011,
10807,Bhind; Bhiṇḍ,IND,396784,2025,
11952,Bharuch; Bharūch,IND,398029,2025,
7593,Deoghar; Devghar,IND,403639,2025,
4278,Shivamogga; Śivamogga,IND,404349,2025,
1409,Dindigul; Tiṇṭukkal,IND,406544,2025,
15714,Bijapur; Vijayapura,IND,418497,2025,
4414,Anantapur; Anaṁtapuraṁ,IND,420001,2025,
9951,Sambhal,IND,420976,2025,
15545,Bhilwara; Bhīlavāḍa,IND,421062,2025,
7619,Caṁdrapūr; Chandrapur,IND,421688,2025,
15736,Nijāmābādu; Nizamabad,IND,429514,2025,
15672,Parabhaṇī; Parbhani,IND,432999,2025,
12777,Raebareli; Rāyabarelī,IND,434558,2025,
12164,Cuddalore; Kaṭalūr,IND,435629,2025,
1381,Tañcāvūr; Thanjavur,IND,437549,2025,
15743,Karnūlu; Kurnool,IND,442142,2025,
10021,Haldvānī; Haldwani,IND,445612,2025,
7475,Purnia; Pūrṇiyāṁ,IND,461747,2025,
10751,Mau; Maū,IND,472585,2025,
7310,Tirupati,IND,482025,2025,
5063,Latur; Lātūr,IND,493859,2025,
4237,Kakinada; Kākināḍa,IND,496994,2025,
15550,Kannur; Kaṇṇūr,IND,503269,2025,
15780,Arrah; Ārā,IND,503401,2025,
5040,Satna; Satnā,IND,504984,2025,
15640,Bulandshahr; Bulaṁdaśahar,IND,510256,2025,
1983,Baharāic; Bahraich,IND,517750,2025,
12868,Hisar; Hisāra,IND,518588,2025,
15725,Silchar; Śilcar,IND,528261,2025,
15628,Rampur; Rāmpur,IND,533448,2025,
10208,Davangere; Dāvaṇgere,IND,536080,2025,
15647,Jaunpur,IND,539055,2025,
2054,Alavar; Alwar,IND,541266,2025,
15706,Gulbarga; Gulbargā,IND,543147,2011,
12395,Shillong,IND,552378,2025,
10019,Malegaon; Mālegāv,IND,552385,2025,
5096,Sagar; Sāgar,IND,571737,2025,
15677,Ujjain,IND,573699,2025,
5032,Ballari; Baḷḷāri,IND,574842,2025,
5086,Farrukhabad; Farrūxābād,IND,576426,2025,
15758,Siliguri; Śiliguṛi,IND,579972,2025,
15744,Rajamahendravaram; Rājamahēṁdravaraṁ,IND,585458,2025,
4459,Betiyā; Bettiah,IND,589703,2025,
4544,Bihar Sharif; Bihār Śarīph,IND,599180,2025,
12462,Brahmapur,IND,603330,2025,
15539,Ajamēr; Ajmer,IND,619479,2025,
15704,Mangalore; Maṁgaḷūru,IND,623841,2011,
9975,Anand; Ānand,IND,639522,2025,
8114,Shahjahanpur; Śāhajahāṁpur,IND,652810,2025,
15580,Yamuna Nagar; Yamunānagar,IND,660062,2025,
7430,Akola; Akolā,IND,671544,2025,
15522,Jamnagar; Jāmanagara,IND,676169,2025,
15632,Jhansi; Jhāvṁsī,IND,678723,2025,
5157,Haridvār; Haridwar,IND,684947,2025,
15737,Nellore; Nellūru,IND,692502,2025,
10729,Patiala; Paṭiālā,IND,694312,2025,
15579,Panipat; Pānīpat,IND,696045,2025,
2005,Mirzapur; Mirzāpur,IND,703502,2025,
1075,Agartala; Āgaratalā,IND,721130,2025,
15666,Sangli; Sāṁgalī,IND,727119,2025,
15521,Bhaunagar; Bhāvnagar,IND,732066,2025,
7177,Jalagon; Jaḷagāṁ,IND,747454,2025,
15757,Rourkela; Rāurkelā,IND,749807,2025,
5019,Nanded; Nāṁdeḍ,IND,759900,2025,
7220,Kharagpur; Khaṛgpur,IND,760857,2025,
15664,Amarāvatī; Amravati,IND,765252,2025,
7436,Vellore; Vēlūr,IND,765930,2025,
15732,Varaṁgal; Warangal,IND,788504,2025,
15705,Belgaum; Beḷagāvi,IND,789454,2025,
8120,Bilaspur; Bilāspur,IND,789909,2025,
15665,Kolhapur; Kolhāpūr,IND,807276,2025,
15755,Cuttack; Kaṭak,IND,808650,2025,
15571,Erode; Īrōṭu,IND,828689,2025,
15645,Muzaffar Nagar; Muzaffarnagar,IND,828958,2025,
1581,Imphal,IND,829904,2025,
15742,Guntur; Guṁṭūru,IND,835293,2025,
15631,Firozabad; Phirozābād,IND,859859,2025,
15770,Bokaro; Bokāro,IND,863889,2025,
15540,Bikaner; Bīkānēr,IND,880322,2025,
15554,Kottayam; Kōṭṭayaṁ,IND,942500,2025,
15708,Hubballi-Dharwad; Hubbaḷḷi-Dhāravāḍ,IND,948072,2025,
15702,Maisūru; Mysore,IND,990900,2011,
10878,Darbhanga; Darbhaṁgā,IND,991525,2025,
15562,Puducherry; Pāṇṭiccēri,IND,1058587,2025,
15751,Bhilai; Bhilāī,IND,1064222,2011,
15653,Solapur; Solāpūr,IND,1109882,2025,
15568,Tiruppur; Tiruppūr,IND,1156669,2025,
15599,Jammu; Jammū; Jamoṁ,IND,1160687,2025,
15590,Jalandhar; Jalaṁdhar,IND,1170867,2025,
15756,Bhubaneswar; Bhubaneśvar,IND,1173697,2025,
15607,Dehradun; Dēharādūna,IND,1191308,2025,
1569,Begusarai; Begūsarāy,IND,1193508,2025,
15529,Kota; Kōṭā,IND,1220154,2025,
15741,Vijayavāḍa; Vijayawada,IND,1240029,2025,
15633,Saharanpur; Sahāranpur,IND,1252967,2025,
15561,Cēlam; Salem,IND,1299777,2025,
15586,Amritsar; Aṁmritasar,IND,1303219,2025,
15721,Guvāhāṭī; Guwahati,IND,1375937,2025,
15570,Tiruccirāppaḷḷi; Tiruchirappalli,IND,1378490,2025,
15574,Faridabad; Pharīdābād,IND,1414050,2011,
15627,Moradabad; Murādābād,IND,1446662,2025,
15630,Gorakhpur,IND,1484201,2025,
15750,Raipur; Rāypur,IND,1528592,2025,
15673,Gvāliyar; Gwailor,IND,1529323,2025,
15537,Jodhpur; Jōdhpur,IND,1540835,2025,
15523,Rajkot; Rājakōṭa,IND,1553762,2025,
15629,Bareilly; Barelī,IND,1609406,2025,
15682,Jabalpur,IND,1621135,2025,
15738,Visakhapatnam; Viśākhapaṭnaṁ,IND,1634440,2025,
15555,Thrissur; Tṛiśśūr,IND,1644796,2025,
15634,Aligarh; Alīgaḍh,IND,1694357,2025,
15552,Malappuram; Malappuṟaṁ,IND,1699060,2011,
15768,Ranchi; Rāṁcī,IND,1817833,2025,
15654,Nashik; Nāśik,IND,1970970,2025,
15766,Jamshedpur; Jamśedpur,IND,2007932,2025,
15769,Dhanbad; Dhanbād,IND,2078658,2025,
15609,Meerut; Mēraṭh,IND,2169152,2025,
15564,Madurai; Maturai,IND,2184066,2025,
15512,Vadodara; Vaḍōdarā,IND,2269390,2025,
15584,Ludhiana; Ludhiāṇā,IND,2323217,2025,
15615,Prayagraj; Prayāgarāj,IND,2358995,2025,
15566,Coimbatore; Kōyamputtūr,IND,2360322,2025,
15583,Caṁḍīgaṛh; Chandigarh,IND,2417872,2025,
15680,Bhopal; Bhopāl,IND,2599311,2025,
15613,Agra; Āgarā,IND,2790456,2025,
15763,Asansol; Āsānsol,IND,2886897,2025,
15548,Thiruvananthapuram; Tiruvanantapuraṁ,IND,3166825,2025,
15661,Nagpur; Nāgapūr,IND,3399891,2025,
15776,Patna; Paṭnā,IND,3434078,2025,
15549,Kollam; Kollaṁ,IND,3463935,2025,
15675,Indore,IND,3598874,2025,
15624,Varanasi; Vārāṇasī,IND,3812496,2025,
15533,Jaipur,IND,4229050,2025,
15617,Kanpur; Kānpur,IND,4413625,2025,
15553,Kochi,IND,5069022,2025,
15620,Lakhanaū; Lucknow,IND,5214964,2025,
15656,Pune; Puṇe,IND,6674000,2025,
15506,Surat; Sūrat,IND,7100723,2025,
15551,Kozhikode; Kōḻikkōṭ,IND,7612130,2025,
15516,Ahmedabad; Amadāvāda,IND,7898650,2025,
15726,Haidarābād; Hyderabad,IND,9455230,2025,
10278,Ceṉṉai; Chennai,IND,11466400,2025,
15698,Bangalore; Beṁgaḷūru,IND,15178533,2025,
15572,Delhi; Dillī,IND,16349831,2011,
15648,Mumbai; Muṁbaī,IND,20453270,2025,
15760,Kalkātā; Kolkata,IND,23314585,2025,
1344,Chittur; Cittūru,IND,175647,2025,
1538,Kendujhar; Keonjhar,IND,60590,2011,
2076,Mandi; Maṁḍī,IND,26422,2011,
2092,Baram; Bārām,IND,117992,2011,
4516,Bodh Gaya; Bodh Gayā,IND,475987,2011,
9973,Faizabad; Faizābād,IND,871743,2025,
12105,Gadag,IND,243721,2025,
15558,Ceṉṉai Vimāṉa Nilaiyam; Chennai International Airport,IND,,,1
15573,Indira Gandhi International Airport; Iṁdirā Gāṁdhī Iṁṭaranēśanal Ēyarapōrṭ,IND,,,3
15577,Gurugram; Gurugrām,IND,902112,2011,
15649,Navi Mumbai International Airport; Navī Muṁbaī Iṁṭaraneśanala Eyaraporṭa,IND,,,3
15652,Vasai; Vasaī,IND,1222390,2011,
15669,Osmanabad; Usmānābād,IND,112085,2011,
15729,Rajiv Gandhi International Airport; Rājīv Gāṁdhī Aṁtarjātīya Vimānāśrayaṁ,IND,,,1
15761,Netaji Chandra Bose International Airport; Subhāṣcandra Basu Āntarjātik Bimānbandar,IND,,,1
303,Tullamore,IRE,11346,2011,
337,Letterkenny,IRE,15387,2011,
11371,Sligo,IRE,17568,2011,
3359,Drogheda,IRE,28576,2011,
11237,Waterford,IRE,46732,2011,
6313,Limerick,IRE,57106,2011,
9303,Galway,IRE,73625,2025,
7394,Cork,IRE,137272,2025,
11293,Dublin,IRE,1124520,2025,
13648,Dublin Airport,IRE,,,1
4088,Ashkelon,ISR,105812,2025,
14178,Haifa; Hefa,ISR,449588,2025,
9753,Al-Quds; Jerusalem; Yerushalayim,ISR,1022929,2025,
4206,Tall 'Abīb-Yāfā; Tel Aviv; Tel Aviv-Yafo,ISR,2628335,2025,
1086,Arīḥā; Jericho; Yericho,ISR,20907,2017,
14182,Eilat,ISR,56004,2024,
14216,Ben Gurion Airport; Maṭār Tall 'Abīb; Nimel Hitofa Ben Goryon,ISR,,,1
3776,Mantua,ITA,46649,2011,
773,Cremona,ITA,50804,2025,
6875,Grosseto,ITA,52134,2025,
11891,Sanremo,ITA,54137,2011,
910,Siena,ITA,52839,2011,
11721,Cuneo,ITA,55013,2011,
3885,Perugia,ITA,55989,2025,
9863,Olbia,ITA,53307,2011,
11584,Venezia; Venice,ITA,61951,2025,
3958,Potenza,ITA,66777,2011,
9741,Alessandria,ITA,63955,2025,
6946,Pisa,ITA,65764,2025,
6862,Viterbo,ITA,63209,2011,
11730,Asti,ITA,73899,2011,
1009,Ragusa,ITA,69794,2011,
967,Ancona,ITA,77488,2025,
11846,Latina,ITA,82137,2025,
12098,Catanzaro,ITA,89364,2011,
6979,Lecce,ITA,82977,2025,
3901,Cosenza,ITA,84898,2025,
14117,La Spezia,ITA,87709,2025,
782,Ravenna,ITA,90309,2025,
9772,Sassari,ITA,90913,2025,
14132,Ferrara,ITA,91055,2025,
9598,Trento,ITA,91890,2025,
6635,Novara,ITA,92131,2025,
6843,Barletta,ITA,92131,2025,
9794,Terni,ITA,92463,2025,
6790,Piacenza,ITA,95643,2025,
14103,Syracuse,ITA,95712,2025,
628,Udine,ITA,101454,2025,
9630,Bolzano; Bozen,ITA,107197,2025,
14141,Monza,ITA,119856,2011,
9924,Rimini,ITA,126273,2025,
883,Foggia,ITA,126645,2025,
955,Salerno,ITA,128967,2025,
11837,Taranto,ITA,136105,2025,
9752,Parma,ITA,148518,2025,
14135,Modena,ITA,155015,2025,
6626,Trieste,ITA,178655,2025,
4159,Messina,ITA,178836,2025,
14119,Prato,ITA,185456,2011,
14130,Pescara,ITA,212590,2025,
603,Verona,ITA,216582,2025,
11773,Cagliari,ITA,257468,2025,
14105,Bari,ITA,311280,2025,
14143,Bergamo,ITA,448364,2025,
14102,Catania,ITA,455595,2025,
6606,Bologna,ITA,456780,2025,
6788,Genoa; Genova,ITA,523194,2025,
10074,Palermo,ITA,666321,2025,
9907,Firenze; Florence,ITA,711105,2025,
6780,Torino; Turin,ITA,1243448,2025,
9904,Roma; Rome,ITA,2476089,2025,
819,Naples; Napoli,ITA,2885079,2025,
3780,Milan; Milano,ITA,3135553,2025,
3923,Campobasso,ITA,47399,2026,
6831,Vasto,ITA,40692,2026,
6926,Assisi,ITA,27862,2022,
7147,Sciacca,ITA,38912,2022,
9856,Policoro,ITA,17313,2015,
11723,Alba,ITA,31215,2021,
11824,Oristano,ITA,30007,2025,
14101,Aeroporto di Palermo; Palermo Airport,ITA,,,1
14123,Aeroporto Leonardo da Vinci; Leonardo da Vinci Airport,ITA,,,3
14128,Rieti,ITA,47745,2008,
14142,Aeroporto di Milano Malpensa; Milano Malpensa Airport,ITA,,,3
15932,Kingston,JAM,593375,2025,
4017,Ma'an; Ma'ān,JOR,41055,2015,
7151,As-Salṭ; Salt,JOR,99890,2015,
15803,Al-Aqaba; Aqaba,JOR,118599,2025,
10089,Madaba; Mādabā,JOR,151891,2025,
15798,Al-Zarqā'; Zarqa,JOR,635160,2015,
15802,'Irb'd; Irbid,JOR,704577,2025,
15796,'Ammān; Amman,JOR,6425246,2025,
15801,Maṭār Al-Malikat Alyā Al-Dawli; Queen Alia International Airport,JOR,,,1
10550,Sarkand; Sarqan,KAZ,14305,2009,
12594,Shemonaikha; Şemonaiha,KAZ,19127,2009,
12529,Usharal; Üşaral,KAZ,17157,2009,
12340,Jaŋatas; Zhanatas,KAZ,20731,2009,
15175,Arkalyk; Arqalyq,KAZ,28169,2009,
1371,Shalkar; Şalqar,KAZ,26574,2009,
1840,Shelek; Şelek,KAZ,26688,2009,
4238,Atbasar,KAZ,30436,2009,
7341,Hromtau; Khromtau,KAZ,24089,2009,
10168,Lisakovsk,KAZ,36622,2009,
7429,Jitiqara; Zhitikhara,KAZ,33587,2009,
10253,Kandyagash; Qandıağaş,KAZ,29169,2009,
12427,Zyrian; Zyryanovsk,KAZ,39320,2009,
11510,Aksay; Aqsay,KAZ,32873,2009,
15163,Shieli; Şïeli,KAZ,29632,2009,
4374,Aral; Aral'sk,KAZ,29987,2009,
7425,Shakhtinsk; Şahtinsk,KAZ,35997,2009,
1668,Aiagöz; Ayagoz,KAZ,37537,2009,
7777,Jetısai; Zhetisay,KAZ,36494,2009,
15170,Shu; Şu,KAZ,36531,2009,
15184,Shchuchinsk; Şuçinsk,KAZ,44106,2009,
1680,Stepnogorsk,KAZ,46712,2009,
4300,Ayteke Bi; Ayteke-Bi; Äyteke Bï,KAZ,50309,2025,
15190,Jezqazğan; Zhezkazgan,KAZ,51428,2025,
10630,Aksu; Aqsu,KAZ,45210,2009,
4845,Dzharkent; Jarkent; Zharkent,KAZ,54229,2025,
15168,Arys,KAZ,38425,2009,
10262,Beyneu; Beıneý,KAZ,32452,2009,
10146,Konaev; Konayev; Qonaev,KAZ,39855,2009,
1239,Balkhash; Balqaş,KAZ,60602,2025,
642,Kul'sary; Kulsary; Qūlsary,KAZ,51097,2009,
10239,Koshi; Koshy; Qosshy,KAZ,4899,2009,
10220,Satbayev; Sätbaev,KAZ,60105,2009,
10601,Saryagash; Saryağaş,KAZ,69930,2025,
15207,Kaskelen; Qaskeleŋ,KAZ,58418,2009,
15186,Temirtau; Temırtau,KAZ,108297,2025,
10284,Rudny,KAZ,109659,2009,
7317,Ekibastuz; Ekıbastūz,KAZ,114479,2025,
15177,Petropavl; Petropavlosk,KAZ,126723,2025,
1418,Kokshetau; Kökşetau,KAZ,142171,2025,
10547,Taldykorgan; Taldyqorğan,KAZ,146374,2025,
1517,Jañaözen; Zhanaozen,KAZ,168146,2025,
15152,Oral; Ural'sk,KAZ,173858,2025,
15150,Atyrau; Atyraý,KAZ,203400,2025,
12397,Turkestan; Turkistan; Türkıstan,KAZ,213680,2025,
15169,Taraz,KAZ,234775,2025,
15160,Kyzylorda; Qyzylorda,KAZ,234839,2025,
15198,Oskemen; Ust'-Kamenogorsk; Öskemen,KAZ,240226,2025,
15149,Aktau; Aqtau,KAZ,259510,2025,
15192,Pavlodar,KAZ,262864,2025,
15197,Semey,KAZ,291783,2025,
15185,Karaganda; Qarağandy,KAZ,303663,2025,
15156,Aktobe; Aqtöbe,KAZ,420695,2025,
15180,Astana,KAZ,1128140,2025,
15164,Shymkent; Şymkent,KAZ,1239663,2025,
15206,Almaty,KAZ,2315538,2025,
554,Miyaly; Mïyalı,KAZ,6213,2016,
1864,Ridder,KAZ,50874,2025,
9462,Jımpïtı; Zhympity,KAZ,4931,2009,
10603,Kulan; Qulan,KAZ,15380,2009,
10610,Zaisan,KAZ,14389,2009,
12285,Novoishim; Novoishimkoye,KAZ,11284,2009,
15157,Aktobe International Airport; Aqtöbe Xalıqaralıq Äwejayı; Mezhdunarodnyy Aeroport Aktobe,KAZ,,,1
15174,Kostanay; Qostanai,KAZ,162918,2025,
15183,Astana International Airport; Astana Xalıqaralıq Äwejayı; Mezhdunarodnyy Aeroport Astana,KAZ,,,1
15193,Bayanaul,KAZ,5893,2019,
15208,Almaty International Airport; Almaty Xalıqaralıq Äwejayı; Mezhdunarodnyy Aeroport Almaty,KAZ,,,1
16010,Voi,KEN,16136,2009,
11145,Lodwar,KEN,68119,2025,
16026,Kitengela,KEN,105486,2025,
10962,Meru,KEN,117463,2025,
16006,Malindi,KEN,122250,2025,
16001,Kakamega,KEN,125259,2025,
8133,Mandera,KEN,130114,2025,
1939,Mlolongo,KEN,136351,2019,
16023,Kitale,KEN,182451,2025,
16002,Kisii,KEN,190857,2025,
16004,Wajir,KEN,219967,2025,
10860,Naivasha,KEN,244868,2025,
10761,Garissa,KEN,422143,2025,
5160,Eldoret,KEN,439307,2025,
16021,Kisumu,KEN,452000,2025,
16022,Nakuru,KEN,628218,2025,
16008,Mombasa,KEN,1617739,2025,
16018,Nairobi,KEN,6646257,2025,
16017,Jomo Kenyatta International Airport,KEN,,,1
9849,Prizren,KOS,111237,2025,
13840,Prishtina,KOS,218971,2025,
2027,Al-'Ulā; Al-Ula,KSA,32413,2010,
15917,Al-Qunfudhah,KSA,24512,2010,
8092,'Umluj; Umluj,KSA,37757,2010,
15852,Rafha; Rafḥā',KSA,51422,2025,
15912,Bahrah; Baḥrah,KSA,57033,2025,
15906,Bisha; Bīshah,KSA,57725,2025,
10815,Turaif; Ṭuraīf,KSA,48108,2010,
8073,Jizan; Jīzān,KSA,65731,2025,
12870,Al-Majma'ah,KSA,47743,2010,
12883,Rabigh; Rābigh,KSA,55304,2010,
15882,Wadi Ad-Dawasir; Wādī Ad-Dawāsir,KSA,93036,2010,
1955,Al-Khafjī; Khafji,KSA,67012,2010,
15885,Ad-Dawādmī; Al-Duwadimi,KSA,61834,2010,
15849,Al-Bahah; Al-Bāḥah,KSA,95089,2010,
1923,Muhayil; Muḥā'yil,KSA,56953,2010,
15868,Ar-Rass,KSA,92501,2010,
15887,Sharorah; Sharūrah,KSA,108687,2025,
8101,Sakaka; Sakākā,KSA,117237,2025,
15923,Yanbu; Yanbu' al-Baḥr,KSA,123579,2025,
15902,Abha; Abhā,KSA,125622,2025,
15850,Al-Qurayyat; Al-Qurayyāt,KSA,116162,2010,
15865,'Unaīzah; Unaizah,KSA,186214,2025,
15864,Buraydah,KSA,217480,2025,
15853,'Ar'ar; Arar,KSA,224010,2025,
15860,Hail; Ḥā'il,KSA,243303,2025,
15886,Najiran; Najrān,KSA,261656,2025,
12727,Al-Kharj,KSA,234607,2010,
15897,Hafar Al-Batin; Ḥafar Al-Bāṭin,KSA,346993,2025,
15891,Al-Khubar; Khobar,KSA,219679,2010,
15900,Al-Jubaīl; Jubail,KSA,337778,2010,
15921,Aṭ-Ṭa'if; Taif,KSA,489683,2025,
15901,Khamis Mushait; Khamīs Mushaīṭ,KSA,580849,2025,
15854,Tabuk; Tabūk,KSA,586538,2025,
15898,Al-Hufūf; Hofuf,KSA,660788,2010,
15924,Al-Madīnah; Medina,KSA,1565146,2025,
15911,Makkah; Mecca,KSA,1876451,2025,
15890,Ad-Dammām; Dammam,KSA,2634829,2025,
15908,Jeddah; Jiddah,KSA,4842257,2025,
15870,Ar-Riyāḍ; Riyadh,KSA,7970319,2025,
15871,King Khalid International Airport; Maṭār Al-Mlik Khāld Al-Dawli,KSA,,,2
15893,King Fahd International Airport; Maṭār Al-Mlik Fahd Al-Dawli,KSA,,,1
15909,King Abdulaziz International Airport; Maṭār Al-Mlik 'Abdāl'azyz Al-Dawli,KSA,,,3
3298,Alūksne,LAT,8057,2011,
265,Bauska,LAT,11549,2011,
9240,Cēsis,LAT,16764,2011,
9501,Valmiera,LAT,25130,2011,
341,Rēzekne,LAT,32328,2011,
3296,Ventspils,LAT,38750,2011,
310,Daugavpils,LAT,51342,2025,
9262,Liepāja,LAT,76737,2011,
13827,Riga; Rīga,LAT,516897,2025,
13831,Riga Airport; Rīgas Lidosta,LAT,,,1
15449,Tripoli; Ṭarābulus,LEB,309234,2025,
15448,Bayrūt; Beirut,LEB,1538386,2025,
327,Trakai,LIT,4933,2011,
6360,Raseiniai,LIT,11203,2011,
6314,Palanga,LIT,15732,2011,
9731,Telšiai,LIT,25540,2011,
3272,Marijampolė,LIT,41051,2011,
6281,Alytus,LIT,59964,2011,
9438,Panevėžys,LIT,69938,2025,
3288,Klaipėda; Memel,LIT,103210,2025,
6376,Šiauliai,LIT,109328,2011,
13823,Kaunas,LIT,236910,2025,
13820,Vilnius; Wilno,LIT,339420,2025,
13822,Lotnisko Wilno; Tarptautinis Vilniaus oro Uostas; Vilnius International Airport,LIT,,,1
14096,Vaduz,LTN,5696,2020,
6583,Luxembourg City; Stad Lëtzebuerg; Stadt Luxemburg; Ville de Luxembourg,LUX,161303,2025,
1140,Tazirbu; Tāzirbū,LYB,6600,2006,
10884,Gadamis; Ghadāmis,LYB,9874,2006,
14550,Ghat; Ghāt,LYB,11943,2006,
10117,Bin Jawad,LYB,12660,2006,
14552,Birāk; Brak,LYB,13224,2006,
12866,Hun; Hūn,LYB,19943,2006,
4051,Az-Zintān; Zintan,LYB,26187,2006,
12039,Zuwara; Zuwārah,LYB,27662,2006,
14549,Al-Jawf,LYB,34349,2006,
7066,Bani Waled; Banī Walīd,LYB,37332,2006,
4047,Sirte; Surt,LYB,59423,2025,
7082,Darnah; Derna,LYB,59569,2025,
1127,Ajdabiya; Ajdābiyā,LYB,91768,2025,
4151,Al Bayda; Al-Bayḍā',LYB,105659,2006,
1130,Tobruk; Ṭubruq,LYB,115429,2025,
14553,Sabha; Sabhā,LYB,118712,2025,
14560,Az-Zāwiyah; Zawiya,LYB,141653,2006,
14563,Misrata; Miṣrātah,LYB,310800,2025,
11954,Banghāzī; Benghazi,LYB,599691,2025,
1149,Tripoli; Ṭarābulus,LYB,1248354,2025,
1060,Al Jaghbub; Al-Jaġhbūb,LYB,2960,2023,
14558,Maṭār Ṭarābulus Al-Dawli; Tripoli International Airport,LYB,,,1
14047,Monaco,MCO,33163,2010,
4189,Macau; Àomén,MCU,537000,2010,
12827,Nuevo Casas Grandes,MEX,53484,2025,
13162,Huejutla de Reyes,MEX,54453,2025,
12736,Ciudad Constitución,MEX,63242,2025,
15342,Rioverde,MEX,72080,2025,
12721,Linares,MEX,73193,2025,
2069,Heroica Caborca,MEX,76332,2025,
15284,Rosarito,MEX,76707,2025,
1945,Guasave,MEX,84062,2025,
5066,Zihuatanejo,MEX,86848,2025,
15323,Ramos Arizpe,MEX,89396,2025,
13190,Valle de Santiago,MEX,90148,2025,
1952,Matehuala,MEX,91143,2025,
2947,San Miguel de Allende,MEX,92834,2025,
15301,Agua Prieta,MEX,100741,2025,
15315,San Juan Bautista Tuxtepec,MEX,101810,2010,
10534,Teziutlán,MEX,106774,2025,
4977,Navojoa,MEX,110580,2025,
4720,Zitácuaro,MEX,112349,2025,
1900,Comitán de Domínguez,MEX,97537,2010,
15337,Ciudad Valles,MEX,115035,2025,
10916,Hidalgo del Parral,MEX,115314,2025,
15320,Piedras Negras,MEX,115624,2025,
12811,Ciudad Acuña,MEX,117262,2025,
5052,Lagos de Moreno,MEX,118084,2025,
4908,Guaymas,MEX,125094,2025,
7935,Cuauhtémoc,MEX,125931,2025,
15309,Cárdenas,MEX,131842,2025,
10830,Delicias,MEX,132480,2025,
10832,Iguala de la Independencia,MEX,120658,2010,
8653,Fresnillo,MEX,151503,2025,
4887,Zamora de Hidalgo,MEX,141957,2010,
8032,Lázaro Cárdenas,MEX,168921,2025,
2853,Manzanillo,MEX,176405,2025,
10732,Poza Rica de Hidalgo,MEX,187601,2010,
12746,Puerto Vallarta,MEX,190176,2025,
12833,San Luis Río Colorado,MEX,202388,2025,
15313,San Cristóbal de las Casas,MEX,210903,2025,
4904,Ciudad del Carmen,MEX,215256,2025,
12753,Tapachula de Córdova y Ordóñez,MEX,202759,2010,
8089,Tehuacán,MEX,223264,2025,
3606,Chilpancingo de los Bravo,MEX,187619,2010,
15307,Campeche,MEX,229666,2025,
4965,Playa del Carmen,MEX,236352,2025,
15347,Los Mochis,MEX,252461,2025,
15287,Cabo San Lucas,MEX,255770,2025,
8012,Nogales,MEX,215551,2010,
15288,Ensenada,MEX,268063,2025,
10746,Monclova,MEX,290389,2025,
7913,Pachuca de Soto,MEX,256750,2010,
4787,Uruapan del Progreso,MEX,264481,2010,
10869,Gómez Palacio,MEX,258882,2010,
2021,Coatzacoalcos,MEX,303635,2025,
2051,Colima,MEX,307483,2025,
15333,Nuevo Laredo,MEX,316098,2025,
2083,Ciudad Victoria,MEX,328571,2025,
15291,Ciudad Obregón,MEX,330237,2025,
15285,La Paz,MEX,369299,2025,
7364,Celaya,MEX,381192,2025,
15346,Mazatlán,MEX,419192,2025,
4831,Tepic,MEX,420020,2025,
4878,Xalapa-Enríquez,MEX,424766,2010,
13186,Irapuato,MEX,468285,2025,
15310,Villahermosa,MEX,492120,2025,
15335,Matamoros,MEX,518354,2025,
15348,Durango,MEX,548394,2025,
15311,Tuxtla Gutiérrez,MEX,572808,2025,
15303,Cancún,MEX,610781,2025,
15336,Tampico,MEX,614281,2025,
15334,Reynosa,MEX,616127,2025,
13165,Morelia,MEX,635588,2025,
7869,Acapulco,MEX,668457,2025,
15344,Culiacán,MEX,671459,2025,
12634,Veracruz,MEX,680672,2025,
15322,Saltillo,MEX,735829,2025,
15286,Mexicali,MEX,736552,2025,
15289,Hermosillo,MEX,778882,2025,
15295,Chihuahua,MEX,832220,2025,
15306,Mérida,MEX,852926,2025,
7813,Cuernavaca,MEX,866396,2025,
10907,Aguascalientes,MEX,878455,2025,
10715,Querétaro,MEX,908964,2025,
15339,San Luis Potosí,MEX,1005068,2025,
15293,Ciudad Juárez,MEX,1214949,2025,
15324,Torreón,MEX,1363776,2025,
7830,León,MEX,1384014,2025,
15282,Tijuana,MEX,1538301,2025,
13188,Toluca,MEX,1594046,2025,
13166,Puebla,MEX,1949860,2025,
15327,Monterrey,MEX,4011151,2025,
4229,Guadalajara,MEX,4138350,2025,
10635,Ciudad de México; Mexico City,MEX,17639164,2025,
1828,Aeropuerto Internacional de la Ciudad de México; Mexico City International Airport,MEX,,,3
4946,Santiago Papasquiaro,MEX,48482,2015,
5015,Río Bravo,MEX,92655,2025,
7921,El Salto,MEX,24241,2015,
8079,Pánuco,MEX,41588,2020,
8236,Juchitán de Zaragoza,MEX,74825,2010,
10738,Río Grande,MEX,35050,2020,
10773,Huajuapan de León,MEX,53219,2010,
12804,Guadalupe,MEX,125320,2010,
12835,Ciudad Sabinas Hidalgo,MEX,32040,2005,
12873,Tuxpan,MEX,21709,2010,
12897,Ojinaga,MEX,28040,2015,
13196,Tejupilco de Hidalgo,MEX,25631,2010,
15283,Aeropuerto Internacional de Tijuana; Tijuana International Airport,MEX,,,1
15300,Puerto Peñasco,MEX,62689,2020,
15304,Aeropuerto Internacional de Cancún; Cancún International Airport,MEX,,,1
15317,Oaxaca,MEX,510652,2025,
15330,Aeropuerto Internacional de Monterrey; Monterrey International Airport,MEX,,,1
15331,Guadalupe,MEX,673626,2010,
11686,Căușeni; Kaushany,MLD,14419,2014,
3724,Comrat; Komrat,MLD,19543,2014,
414,Soroca; Soroki,MLD,21260,2014,
15123,Cahul; Kagul,MLD,27434,2014,
11705,Orhei; Orkhey,MLD,20101,2014,
565,Ungen'; Ungheni,MLD,28561,2014,
6600,Bel'tsy; Bălți,MLD,53610,2025,
15124,Chișinău; Kishinyov,MLD,450581,2025,
15126,Aeroportul Internațional Chișinău; Chișinău International Airport; Kishinyov Mezhdunarodnyy Aeroport,MLD,,,1
12003,Il-Belt Valletta; Valletta,MLT,366066,2025,
13857,Nikshic,MNT,52875,2025,
13856,Podgorica,MNT,152731,2025,
9821,Budva,MNT,17479,1012,
12544,Uliastai,MON,17468,2010,
14583,Altai,MON,16542,2010,
14571,Baruun-Urt,MON,16130,2010,
14598,Tsetserleg; Tsėtsėrlėg,MON,20604,2010,
7717,Sükhbaatar,MON,19662,2010,
12612,Sainshand,MON,20515,2010,
12669,Dalanzadgad,MON,18740,2010,
14592,Baganuur,MON,22210,2010,
12695,Ulaangom,MON,27152,2010,
12520,Khovd,MON,28750,2010,
4751,Ölgii,MON,29392,2010,
12649,Murun; Mörön,MON,35789,2010,
10708,Choibalsan,MON,38537,2010,
14594,Darkhan,MON,74738,2010,
14597,Erdenet; Ėrdėnėt,MON,97743,2025,
14585,Ulaanbaatar,MON,1634097,2025,
14587,Chinggis Khaan Olon Upsyn Nisėch Buudal; Ghengis Khan International Airport,MON,,,1
14591,Choyr,MON,10434,2017,
14593,Chinggis,MON,20935,2017,
989,Taourirt; Tāwrirt,MRC,118564,2025,
1079,Khouribga; Khurībga,MRC,227341,2025,
1102,Aṣ-Ṣawīra; Essaouira,MRC,73603,2025,
1152,Midelt,MRC,61748,2025,
1207,Banī Mallāl; Beni Mellal,MRC,230259,2025,
4084,Khénifra; Ḵunayfira,MRC,131049,2025,
4097,Taza; Tāza,MRC,174777,2025,
4139,Kalaat Sraghna; Qal'at As-Sarāghna,MRC,107186,2025,
4920,Samara; Smāra,MRC,57035,2014,
4933,Al-Rāshīdiyya; Errachidia,MRC,107063,2025,
5012,Boujdour; Bouǧdour,MRC,42651,2014,
5046,Guelmim; Gulmīm,MRC,121103,2025,
7069,Ad-Dār Al-Bayḍā; Casablanca,MRC,4577677,2025,
7100,Al-Khemisāt; Khemisset,MRC,162073,2025,
7215,Al-Nāẓūr; Nador,MRC,262094,2025,
9945,Tiṭwan; Tétouan,MRC,482339,2025,
10107,Ouarzazate; Warzāzāt,MRC,95280,2025,
10113,Al-'Arā'ish; Larache,MRC,130545,2025,
11943,Al-Jadīda; El Jadida,MRC,251175,2025,
12857,Tiznit; Tiznīt,MRC,85085,2025,
15243,Tan-Tan; Ṭānṭān,MRC,73209,2014,
15246,'Āsafi; Safi,MRC,352977,2025,
15250,Al-Dāchla; Dakhla,MRC,180740,2025,
15254,Al-'Uyūn; Laayoune,MRC,262791,2024,
15255,Laayoune Hassan I International Airport; Maṭār Al-'Uyūn Al-Dawli; Maṭār Al-'Uyūn Al-Ḥasan Al-Dawli,MRC,,,1
15256,'Agādīr; Agadir,MRC,926390,2025,
15258,Marrakesh; Murrākuš,MRC,1152691,2025,
15263,Maṭār Al-'Uyūn Muḥammad Al-Khāmis Al-Dawli; Mohamed V International Airport,MRC,,,2
15264,Al-Muḥammadiyya; Mohammedia,MRC,208612,2014,
15266,Oujda; Wajda,MRC,609449,2025,
15267,Maknās; Meknes,MRC,747784,2025,
15268,Fez; Fās,MRC,1434235,2025,
15270,Tangier; Ṭanjah,MRC,1300223,2025,
15273,Ar-Ribāṭ; Rabat,MRC,2094221,2025,
15274,Salé; Salā,MRC,890403,2014,
1988,Bluefields,NCG,53017,2015,
2075,Puerto Cabezas,NCG,69500,2015,
10728,Matagalpa,NCG,134380,2025,
12738,León,NCG,155985,2025,
15368,Managua,NCG,1436089,2025,
15369,Aeropuerto Internacional Augusto C. Sandino; Augusto C. Sandino International Airport,NCG,,,1
11984,Kuzey Lefkoşa; Northern Nicosia; Vóreia Lefkosía,NCP,82539,2011,
11856,Bitola,NMA,59416,2025,
907,Kumanovo,NMA,70031,2025,
13837,Skopje,NMA,402733,2025,
4987,Birgunj; Vīraganja,NPL,90237,2025,
15502,Pokhara; Pōkharā,NPL,151399,2025,
4386,Butwal; Buṭavala,NPL,141262,2011,
5310,Janakpur,NPL,162842,2011,
7374,Dhanagaḍhī; Dhangadhi,NPL,149818,2011,
15499,Ghorahi; Ghōrāhī,NPL,158628,2011,
12892,Biratnagar; Birāṭnagar,NPL,987897,2025,
15493,Kathmandu; Kāṭhamāḍauṁ,NPL,3862697,2025,
15495,Tribhuvan International Airport; Tribhuvana Antarrāṣṭriya Vimānasthala,NPL,,,1
14071,Almelo,NRD,74875,2025,
6336,Leeuwarden,NRD,92944,2025,
6286,Zwolle,NRD,120061,2025,
11562,Maastricht,NRD,124921,2025,
14070,Enschede,NRD,129372,2025,
11318,Groningen,NRD,167782,2025,
3262,Breda,NRD,177734,2025,
14067,Almere,NRD,185506,2025,
14068,Nijmegen,NRD,190473,2025,
14072,Eindhoven,NRD,293438,2025,
14077,Utrecht,NRD,519237,2025,
391,Amsterdam,NRD,1223407,2025,
3211,Den Haag; The Hague,NRD,777960,2011,
14074,Rotterdam,NRD,819885,2011,
6500,Venlo,NRD,82035,2011,
14078,Amsterdam Airport Schiphol; Luchthaven Schiphol,NRD,,,2
64,Vadsø,NWY,6163,2013,
6176,Hå,NWY,17635,2013,
6038,Levanger,NWY,19078,2013,
192,Narvik,NWY,22055,2013,
6042,Elverum,NWY,20343,2013,
11077,Alta,NWY,19646,2013,
3090,Sunnfjord,NWY,21273,2013,
9132,Steinkjer,NWY,24226,2013,
3022,Stjørdal,NWY,22379,2013,
15116,Harstad,NWY,24291,2013,
11028,Lillehammer,NWY,26850,2013,
122,Alver,NWY,27170,2013,
144,Ringerike,NWY,29400,2013,
11151,Halden,NWY,29880,2013,
11100,Molde,NWY,30941,2013,
3021,Hamar,NWY,29353,2013,
3192,Karmøy,NWY,41118,2013,
11176,Arendal,NWY,43336,2013,
9204,Drammen,NWY,51726,2025,
3171,Fredrikstad,NWY,52114,2025,
11050,Tromsø,NWY,53615,2025,
9126,Bodø,NWY,49203,2013,
11029,Skien,NWY,53015,2013,
9127,Ålesund,NWY,52873,2013,
14,Sandefjord,NWY,61573,2013,
11184,Lillestrøm,NWY,77705,2013,
9296,Kristiansand,NWY,101721,2013,
15114,Bergen,NWY,138237,2025,
15115,Trondheim,NWY,142104,2025,
53,Stavanger,NWY,205533,2025,
15109,Oslo,NWY,889573,2025,
21,Orkanger,NWY,9161,2024,
22,Hammerfest,NWY,7882,2023,
27,Fagernes,NWY,1983,2023,
91,Finnsnes,NWY,4917,2023,
179,Kongsvinger,NWY,12443,2024,
3059,Geilo,NWY,2500,2025,
3082,Skjervøy,NWY,2437,2023,
3088,Mo i Rana,NWY,18755,2023,
3183,Røros,NWY,5665,2023,
3188,Leikanger,NWY,2294,2023,
6041,Namsos,NWY,8422,2024,
6114,Dombås,NWY,1163,2024,
6118,Oppdal,NWY,4637,2024,
6187,Brønnøysund,NWY,5093,2024,
6214,Rognan,NWY,2600,2023,
9032,Vinstra,NWY,2674,2024,
9116,Kirkenes,NWY,3404,2023,
9196,Evje,NWY,2408,2013,
11034,Båtsfjord,NWY,2105,2023,
11113,Tynset,NWY,2976,2023,
11157,Sortland,NWY,5609,2023,
15111,Oslo Airport; Oslo Lufthavn,NWY,,,1
4993,Sohar; Ṣuḥār,OMA,139036,2025,
8020,Ja'alān Banī Bū 'Alī; Jalan Bani Buali,OMA,30291,2010,
10760,Sur; Ṣūr,OMA,48634,2010,
15804,Khasab; Khaṣab,OMA,12069,2010,
15807,Salalah; Ṣalālah,OMA,247073,2025,
15809,Masqaṭ; Muscat,OMA,734542,2025,
15810,Maṭār Masqaṭ Al-Dawli; Muscat International Airport,OMA,,,1
15811,As-Sīb; Seeb,OMA,604497,2025,
15812,Nizwa; Nizwā,OMA,42087,2010,
584,Wieluń,POL,24033,2011,
444,Schwiebus; Świebodzin,POL,22166,2011,
13988,Zakopane,POL,27857,2011,
11385,Wyszków,POL,27312,2011,
266,Giżycko; Lötzen,POL,30178,2011,
400,Augustów,POL,30802,2011,
9346,Osterode; Ostróda,POL,34060,2011,
6595,Neusalz; Nowa Sól,POL,40369,2011,
9306,Neustettin; Szczecinek,POL,40787,2011,
334,Chojnice; Konitz,POL,40447,2011,
11492,Żyrardów,POL,41574,2011,
6485,Neisse; Nysa,POL,45681,2011,
9400,Skierniewice,POL,48622,2011,
9316,Ostrołęka,POL,53572,2011,
3482,Petrikau; Piotrków Trybunalski,POL,50882,2025,
9452,Chełm,POL,51036,2025,
6499,Mielec,POL,52872,2025,
479,Kandrzin-Cosel; Kędzierzyn-Koźle,POL,64153,2011,
11466,Biała Podlaska,POL,58009,2011,
11507,Stalowa Wola,POL,54025,2025,
3434,Przemyśl,POL,54622,2025,
13974,Leszno; Lissa,POL,57192,2025,
13943,Dirschau; Tczew,POL,57325,2025,
9544,Zamość,POL,58691,2025,
11386,Ełk; Lyck,POL,59044,2011,
17,Gnesen; Gniezno,POL,59444,2025,
6390,Stargard; Stargard an der Ihna,POL,59566,2025,
562,Ostrowiec Świętokrzyski,POL,73681,2011,
552,Glogau; Głogów,POL,69608,2011,
11274,Łomża,POL,65068,2025,
243,Hohensalza; Inowrocław,POL,65095,2025,
11515,Konin,POL,78525,2011,
3254,Suwałki,POL,67937,2025,
388,Piła; Schneidemühl,POL,74775,2011,
3230,Płock,POL,71016,2025,
417,Neusandez; Nowy Sącz,POL,71561,2025,
442,Tarnau; Tarnów,POL,71927,2025,
13947,Leslau; Włocławek,POL,72910,2025,
402,Siedlce,POL,75113,2025,
3545,Legnica; Liegnitz,POL,77540,2025,
11558,Kalisch; Kalisz,POL,82185,2025,
13944,Stolp; Słupsk,POL,82930,2025,
9511,Opole; Oppeln,POL,91438,2025,
9361,Koszalin; Köslin,POL,94411,2025,
11478,Gorzów Wielkopolski; Landsberg,POL,96212,2025,
11414,Waldenburg; Wałbrzych,POL,120715,2011,
6464,Gleiwitz; Gliwice,POL,97807,2025,
6402,Elbing; Elbląg,POL,110758,2025,
13982,Dombrowa; Dąbrowa Górnicza,POL,125905,2011,
9412,Bielitz-Biala; Bielsko-Biała,POL,137192,2025,
6375,Allenstein; Olsztyn,POL,148647,2025,
3438,Grünberg; Zielona Góra,POL,159472,2025,
11467,Częstochowa; Tschenstochau,POL,163595,2025,
6416,Kielce,POL,167460,2025,
6511,Radom,POL,176099,2025,
13948,Thorn; Toruń,POL,176296,2025,
13989,Rzeszów,POL,197420,2025,
13942,Gdingen; Gdynia,POL,216994,2025,
13949,Bromberg; Bydgoszcz,POL,269011,2025,
13951,Białystok,POL,299386,2025,
13960,Lublin,POL,304641,2025,
6282,Stetten; Szczecin,POL,311037,2025,
362,Danzig; Gdańsk,POL,398019,2025,
6558,Posen; Poznań,POL,531736,2025,
9570,Breslau; Wrocław,POL,531845,2025,
9508,Lodsch; Łódź,POL,728892,2011,
9427,Krakau; Kraków,POL,723413,2025,
13205,Katowice; Kattowitz,POL,879406,2025,
3544,Warsaw; Warschau; Warszawa,POL,1999986,2025,
6236,Arnswalde; Choszczno,POL,14831,2022,
13939,Flughafen Danzig; Lech Wałęsa Airport; Lotnisko im. Lecha Wałęsy,POL,,,1
13955,Flughafen Warschau; Lotnisko Chopina Warszawa; Warsaw Chopin Airport,POL,,,2
13986,Flughafen Krakau; John Paul II Airport; Lotnisko Jana Pawła II,POL,,,1
3926,Portalegre,POR,15374,2011,
3892,Bragança,POR,23186,2011,
724,Villa Real,POR,27735,2011,
3861,Caldas da Rainha,POR,27652,2011,
924,Santarem,POR,29777,2011,
3969,Castelo Branco,POR,34278,2011,
6933,Évora,POR,41898,2011,
14496,Portimão,POR,40658,2011,
6880,Faro,POR,47575,2011,
6818,Viseu,POR,57975,2011,
6924,Aveiro,POR,60058,2011,
11673,Braga,POR,93376,2025,
14495,Setúbal,POR,99295,2025,
9787,Coimbra,POR,105842,2011,
9817,Porto,POR,1060250,2025,
11805,Lisboa; Lisbon,POR,1974574,2025,
14493,Aeroporto Humberto Delgado; Humberto Delgado Airport,POR,,,1
517,Qingyang; Qìngyáng,PRC,56809,2025,
531,Longnan; Lǒngnán,PRC,123692,2025,
556,Dingxi; Dìngxī,PRC,110323,2025,
814,Pingquan; Píngquán,PRC,94823,2025,
881,Luanping; Luánpíng,PRC,79856,2010,
900,Zunhua; Zūnhuà,PRC,169536,2025,
916,Changtu; Chāngtú,PRC,89349,2025,
930,Changling; Chánglĭng,PRC,58658,2025,
934,Chaoyang; Cháoyáng,PRC,448412,2025,
944,Yanji; Yánjí,PRC,426296,2025,
1001,Baoying; Băoyīng,PRC,333643,2010,
1004,Yuzhou; Yŭzhōu,PRC,245470,2025,
1006,Changting; Chángtīng,PRC,119482,2025,
1018,Qinzhou; Qīnzhōu,PRC,193678,2025,
1029,Ganyu; Gànyú,PRC,194501,2025,
1038,Lingao; Língāo,PRC,155595,2010,
1047,Guangzhou; Guăngzhōu,PRC,42987704,2025,
1053,Yudu; Yúdū,PRC,223353,2025,
1069,Jinan; Jìnán,PRC,3824875,2025,
1070,Qionghai; Qiónghǎi,PRC,146854,2025,
1076,Xinyi; Xīnyí,PRC,197050,2025,
1083,Anqing; Ānqìng,PRC,469919,2025,
1084,Binzhou; Bīnzhōu,PRC,696958,2025,
1089,Taixing; Tàixīng,PRC,466711,2025,
1094,Fuan; Fú'ān,PRC,356776,2025,
1099,Maanshan; Mă'ānshān,PRC,1071589,2025,
1104,Longkou; Lóngkŏu,PRC,388770,2010,
1110,Nancheng; Nánchéng,PRC,137937,2025,
1120,Shaoguan; Sháoguān,PRC,451567,2025,
1121,Suining; Suīníng,PRC,426297,2010,
1125,Huangshan; Huángshān,PRC,372354,2025,
1131,Gaozhou; Gāozhōu,PRC,515770,2025,
1137,Yuxian; Yùxiàn,PRC,86310,2025,
1138,Shaowu; Shàowŭ,PRC,105235,2025,
1139,Jiaozuo; Jiāozuò,PRC,723575,2025,
1146,Chuzhou; Chúzhōu,PRC,295742,2025,
1150,Dailan; Dàlián,PRC,3599519,2025,
1153,Jingdezhen; Jĭngdézhèn,PRC,460993,2025,
1161,Lingbi; Língbì,PRC,122748,2025,
1162,Heyuan; Héyuán,PRC,466335,2025,
1166,Minhou; Mĭnhòu,PRC,80161,2025,
1168,Wenling; Wēnlĭng,PRC,339655,2025,
1169,Weixian; Wèixiàn,PRC,303449,2010,
1187,Yunfu; Yúnfú,PRC,207901,2025,
1195,Yongkang; Yŏngkāng,PRC,373295,2025,
1203,Xinzhou; Xīnzhōu,PRC,229257,2025,
1474,Tongren; Tóngrén,PRC,255612,2025,
1489,Zhangbei; Zhāngbĕi,PRC,101319,2025,
1571,Qitaihe; Qītáihé,PRC,90592,2025,
1575,Yuncheng; Yùnchéng,PRC,432554,2010,
1597,Laibin; Láibīn,PRC,260628,2025,
1603,Luanchuan; Luánchuān,PRC,89924,2025,
1612,Jingmen; Jīngmén,PRC,159550,2025,
1625,Longlin; Lónglín,PRC,45598,2010,
1627,Baicheng; Báichéng,PRC,298421,2025,
1630,Baiyin; Báiyín,PRC,222677,2025,
1640,Liuyang; Liúyáng,PRC,456892,2025,
1647,Pingliang; Píngliàng,PRC,461066,2025,
1708,Chöchek; Tacheng; Tǎchéng,PRC,105710,2025,
1732,Hegang; Hègăng,PRC,504410,2025,
1776,Oroqen; Orčonu; Èlúnchūn,PRC,151156,2010,
1844,Karamay; Kèlāmǎyī; Qaramay,PRC,311815,2025,
1884,Xingyi; Xīngyì,PRC,212962,2025,
1918,Maerkang; Mǎ'ěrkāng,PRC,28783,2010,
1933,Tianshui; Tiānshuǐshì,PRC,584189,2025,
1959,Wuhai; Wūhǎi; Üqai,PRC,162776,2025,
1985,Haiyuan; Hǎiyuán,PRC,66365,2025,
2014,Rìkāzé; Shigatse; Xigazê,PRC,56970,2025,
2015,Shāchē; Yarkand; Yarkent,PRC,165031,2025,
2028,Jiuquan; Jiǔquán,PRC,181625,2025,
2067,Xichang; Xīchāng,PRC,281791,2025,
3427,Ejin Horo; Ejin Qoroga; Yījīnhuòluò,PRC,144135,2010,
3783,Wafangdian; Wăfángdiàn,PRC,319394,2025,
3814,Lingyuan; Língyuán,PRC,170997,2025,
3815,Jixi; Jīxī,PRC,413446,2025,
3828,Aohan; Auqan; Áohàn,PRC,118673,2010,
3830,Qian'an; Qiān'ān,PRC,190878,2025,
3877,Tongliao; Tüngliyou; Tōngliáo,PRC,498536,2025,
3881,Jinzhou; Jĭnzhōu,PRC,854828,2025,
3888,Meihekou; Méihékŏu,PRC,223906,2025,
3895,Benxi; Bĕnxī,PRC,773946,2025,
3900,Changli; Chānglí,PRC,124655,2025,
3913,Liaoyuan; Liáoyuán,PRC,328966,2025,
3932,Huadian; Huàdiàn,PRC,130717,2025,
3934,Fuxin; Fùxīn,PRC,522330,2025,
3947,Dunhua; Dūnhuà,PRC,201611,2025,
3970,Fengcheng; Fèngchéng,PRC,247219,2010,
4009,Zaoyang; Zăoyáng,PRC,155165,2025,
4032,Hengshui; Héngshuĭ,PRC,742818,2025,
4053,Shanghang; Shàngháng,PRC,72050,2025,
4058,Wuan; Wŭ'ān,PRC,204431,2025,
4066,Taikang; Tàikāng,PRC,86916,2025,
4070,Pucheng; Pŭchéng,PRC,60883,2025,
4074,Xingxian; Xīngxiàn,PRC,115918,2025,
4077,Baise; Bǎisè,PRC,119254,2025,
4079,Mengcheng; Mĕngchéng,PRC,120365,2025,
4082,Binhai; Bīnhăi,PRC,415187,2010,
4083,Fengcheng; Fēngchéng,PRC,379914,2010,
4091,Rugao; Rúgāo,PRC,139223,2025,
4093,Zhuozhou; Zhuōzhōu,PRC,157065,2025,
4105,Xuancheng; Xuānchéng,PRC,427032,2025,
4123,Baoying; Băoyīng,PRC,333643,2010,
4125,Yongzhou; Yǒngzhōu,PRC,416168,2025,
4130,Tianmen; Tiānmén,PRC,402718,2025,
4144,Hebi; Hèbì,PRC,238324,2025,
4156,Yongxin; Yŏngxīn,PRC,182296,2010,
4157,Zhucheng; Zhūchéng,PRC,759969,2025,
4169,Ningde; Níngdé,PRC,350783,2025,
4173,Ningguo; Níngguó,PRC,374587,2025,
4174,Xiaoyi; Xiàoyì,PRC,165448,2025,
4185,Poyang; Póyáng,PRC,188396,2025,
4186,Laiyang; Láiyáng,PRC,265847,2025,
4190,Xinji; Xīnjí,PRC,204940,2025,
4192,Xuanwei; Xuānwēi,PRC,382363,2025,
4196,Fuzhou; Fúzhōu,PRC,3102421,2011,
4203,Jinzhai; Jīnzhài,PRC,157811,2010,
4205,Rongcheng; Róngchéng,PRC,174923,2025,
4208,Fuping; Fùpíng,PRC,40330,2010,
4503,Nongan; Nóng'ān,PRC,112174,2025,
4504,Liupanshui; Liùpánshuǐ,PRC,924182,2025,
4519,Dengzhou; Dèngzhōu,PRC,1095052,2025,
4547,Xichuan; Xīchuān,PRC,127044,2025,
4551,Tongjiang; Tóngjiāng,PRC,76727,2025,
4572,Gongzhuling; Gōngzhŭlĭng,PRC,196813,2025,
4592,Suihua; Suíhuà,PRC,289983,2025,
4606,Jiyuan; Jìyuán,PRC,405860,2025,
4619,Xianning; Xiánníng,PRC,276077,2025,
4633,Songyuan; Sōngyuán,PRC,218036,2025,
4634,Hongdong; Hóngdòng,PRC,240740,2010,
4642,Siping; Sìpíng,PRC,508075,2025,
4682,Aral; Ālā'ěr,PRC,65117,2025,
4783,Ejen; Ejin; Éjǐnà,PRC,35756,2020,
4823,Altay; Ālètài,PRC,63646,2025,
4925,Chengdu; Chéngdū,PRC,5609627,2025,
4964,Yushu; Yùshù; Yüshu,PRC,56802,2010,
5007,Weinan; Wèinán,PRC,273989,2025,
5025,Guyuan; Gùyuán,PRC,130155,2010,
5031,Alaša Barayun; Alxa Right; Ālāshàn Yòu,PRC,"129242	",2010,
5048,Dazhou; Dázhōu,PRC,771803,2025,
5092,Shangluo; Shāngluò,PRC,110703,2025,
5100,Zhangye; Zhāngyè,PRC,198224,2025,
6828,Laiyuan; Láiyuán,PRC,99405,2025,
6837,Huludao; Húlúdăo,PRC,497401,2025,
6851,Anshan; Ānshān,PRC,1495743,2025,
6860,Kuandian; Kuāndiàn,PRC,91876,2025,
6868,Qingyuan; Qīngyuán,PRC,114426,2010,
6905,Fusong; Fŭsōng,PRC,218680,2010,
6932,Sanmexia; Sānménxiá,PRC,237530,2025,
6937,Weichang; Wéichăng,PRC,74299,2025,
6951,Xinmin; Xīnmín,PRC,193801,2025,
6969,Xinglong; Xīnglóng,PRC,50721,2025,
6981,Dandong; Dāndōng,PRC,714738,2025,
6999,Chongqing; Chóngqìng,PRC,8449690,2025,
7004,Dayu; Dàyú,PRC,80228,2025,
7014,Shanghai; Shànghăi,PRC,30678616,2025,
7019,Fangxian; Fángxiàn,PRC,57912,2025,
7025,Peixian; Pèixiàn,PRC,154588,2025,
7027,Huian; Huì'ān,PRC,325256,2025,
7035,Susong; Sùsōng,PRC,100719,2025,
7054,Guixi; Guìxī,PRC,210319,2010,
7055,Xintai; Xīntài,PRC,236800,2025,
7058,Ninghai; Nínghăi,PRC,363121,2010,
7067,Lufeng; Lùfēng,PRC,310570,2025,
7071,Xiamen; Xiàmén,PRC,3119110,2010,
7089,Gaomi; Gāomì,PRC,599934,2025,
7092,Qinghe; Qīnghé,PRC,141229,2025,
7097,Xiangtan; Xiāngtán,PRC,102212,2025,
7099,Longyan; Lóngyán,PRC,392112,2025,
7101,Changde; Chángdé,PRC,603681,2025,
7105,Laizhou; Láizhōu,PRC,279120,2025,
7108,Huizhou; Huìzhōu,PRC,1061952,2025,
7120,Yixing; Yíxīng,PRC,452718,2025,
7129,Caoxian; Cáoxiàn,PRC,209734,2025,
7137,Nanning; Nánníng,PRC,3695575,2025,
7146,Linhai; Línhăi,PRC,343381,2025,
7158,Ulagančab; Ulanqab; Wūlánchábù,PRC,272964,2025,
7191,Hangzhou; Hángzhōu,PRC,6387064,2025,
7199,Xingguo; Xīngguó,PRC,168176,2025,
7210,Wuzhou; Wúzhōu,PRC,370101,2025,
7222,Dingyuan; Dìngyuăn,PRC,131594,2025,
7240,Suining; Suìníng,PRC,549826,2010,
7256,Guangyuan; Guǎngyuán,PRC,441909,2025,
7279,Zhangjiajie; Zhāngjiājiè,PRC,163528,2025,
7294,Panzhihua; Pānzhīhuā,PRC,292350,2025,
7314,Yulin; Yúlín,PRC,429189,2010,
7418,Ankang; Ānkāng,PRC,807066,2025,
7523,Yushu; Yúshù,PRC,280961,2010,
7526,Bayan; Bāyàn,PRC,143909,2010,
7540,Shangcai; Shàngcài,PRC,169321,2025,
7545,Shangdu; Shāngdū; Šangdu,PRC,61146,2025,
7549,Kaili; Kǎilǐ,PRC,386453,2025,
7568,Tongbai; Tóngbǎi,PRC,82568,2025,
7571,Linfen; Línfén,PRC,1090241,2025,
7575,Ongnigud; Ongniud; Wēngniútè,PRC,63234,2025,
7580,Suizhou; Suízhōu,PRC,249979,2025,
7591,Wuchang; Wŭcháng,PRC,164689,2025,
7596,Badong; Bādōng,PRC,109476,2010,
7625,Xiaogan; Xiàogăn,PRC,812534,2025,
7637,Wuxue; Wŭxué,PRC,199876,2025,
7702,Kucha; Kuqa; Kùchē,PRC,158060,2025,
7767,Tieli; Tiĕlì,PRC,74235,2025,
7832,Heihe; Hēihé,PRC,131222,2025,
7866,Bole; Bólè; Börtala,PRC,120138,2010,
7894,Jalan Ayil; Zalantun; Zhālántún,PRC,117266,2025,
7949,Tumshuq; Tumxuk; Túmùshūkè,PRC,128056,2020,
7971,Yumen; Yùmén,PRC,78940,2010,
7976,Baoshan; Bǎoshān,PRC,66212,2025,
8041,Línzhī; Nyingchi,PRC,195109,2010,
8049,Tongchuan; Tóngchuān,PRC,130607,2025,
8072,Zhushan; Zhúshān,PRC,54621,2025,
8081,Wuzhong; Wúzhōng,PRC,245268,2025,
9759,Tonghua; Tōnghuà,PRC,316018,2025,
9768,Fengning; Fēngníng,PRC,62946,2025,
9781,Liaoyang; Liáoyáng,PRC,640795,2025,
9803,Baishan; Báishān,PRC,596610,2025,
9843,Beijing Capital International Airport; Běijīng Shǒudū Guójì Jīchǎng,PRC,,,5
9854,Zhuanghe; Zhuānghé,PRC,132632,2025,
9873,Ningcheng; Ningčėng; Níngchéng,PRC,80595,2025,
9897,Wangqing; Wāngqīng,PRC,80912,2025,
9905,Qinhuangdao; Qínhuángdăo,PRC,727667,2025,
9913,Jiahoe; Jiāohé,PRC,131614,2025,
9934,Anlu; Ānlù,PRC,341145,2025,
9937,Linquan; Línquán,PRC,173937,2025,
9939,Sinan; Sīnán,PRC,115462,2010,
9944,Jiangshan; Jiāngshān,PRC,59933,2025,
9953,Dafeng; Dàfēng,PRC,138525,2025,
9956,Lanling; Lánlíng,PRC,215497,2025,
9963,Yangjiang; Yángjiāng,PRC,490069,2025,
9969,Bazhou; Bàzhōu,PRC,134472,2025,
9972,Longquan; Lóngquán,PRC,76470,2025,
9974,Zhoushan; Zhōushān,PRC,55248,2025,
9978,Puning; Pŭníng,PRC,874954,2010,
9982,Chenzhou; Chēnzhōu,PRC,617070,2025,
9984,Fuzhou; Fŭzhōu,PRC,482940,2010,
9987,Shenxian; Shēnxiàn,PRC,111749,2025,
9995,Huaibei; Huáibĕi,PRC,886634,2025,
9997,Lianzhou; Liánzhōu,PRC,138395,2025,
10000,Qingdao; Qīngdăo,PRC,3682893,2025,
10004,Fangchenggang; Fángchénggǎng,PRC,278955,2010,
10006,Jishou; Jíshǒu,PRC,190543,2025,
10008,Tianchang; Tiāncháng,PRC,115627,2025,
10012,Wuyishan; Wŭyíshān,PRC,84944,2025,
10017,Tongcheng; Tóngchéng,PRC,117455,2025,
10022,Renqiu; Rènqiū,PRC,373140,2025,
10042,Nanping; Nánpíng,PRC,30137,2011,
10043,Tengzhou; Téngzhōu,PRC,1033769,2025,
10053,Pingshan; Píngshān,PRC,88929,2025,
10058,Taizhou; Táizhōu,PRC,1189276,2010,
10068,Binhai; Bīnhǎi,PRC,1185700,2009,
10069,Fuding; Fúdĭng,PRC,95283,2025,
10072,Dongping; Dōngpíng,PRC,112726,2025,
10076,Changshu; Chángshú,PRC,795441,2025,
10079,Bozhou; Bózhōu,PRC,627970,2025,
10084,Ninghua; Nínghuà,PRC,67800,2025,
10093,Zhangpu; Zhāngpŭ,PRC,107312,2025,
10095,Xinghua; Xīnghuà,PRC,429553,2025,
10101,Changxiang; Chángxīng,PRC,61835,2025,
10112,Ruijin; Ruìjīn,PRC,211192,2025,
10119,Dezhou; Dézhōu,PRC,459282,2025,
10257,Hanzhong; Hànzhōng,PRC,371212,2025,
10304,Fuling; Fúlíng,PRC,595224,2010,
10367,Luliang; Lǚliáng,PRC,87888,2025,
10377,Shaoyang; Shàoyáng,PRC,95963,2025,
10397,Chicheng; Chìchéng,PRC,62616,2010,
10413,Jinghong; Jǐnghóng,PRC,95370,2025,
10431,Hechi; Héchí,PRC,91277,2025,
10446,Gushi; Gùshĭ,PRC,188007,2025,
10451,Ordos; È'ěrduōsī; Ôrdôs,PRC,162978,2025,
10462,Macheng; Máchéng,PRC,136894,2025,
10463,Jiamusi; Jiāmùsī,PRC,705051,2025,
10474,Gucheng; Gŭchéng,PRC,115583,2025,
10501,Ji'an; Jí'ān,PRC,248029,2025,
10503,Shangzhi; Shàngzhì,PRC,114330,2025,
10519,Shuangyashan; Shuāngyāshān,PRC,224673,2025,
10612,Manjur; Manjuur; Mănzhōulĭ,PRC,213243,2025,
10614,Turpan; Tǔlǔfān,PRC,89719,2010,
10616,Anshun; Ānshùn,PRC,582993,2025,
10629,Bayannagur; Bayannur; Bāyànnào'ĕr,PRC,270742,2025,
10698,Yuchun; Yīchūn,PRC,412791,2010,
10763,Bijie; Bìjíe,PRC,533543,2025,
10834,Golmud; Gé'ěrmù,PRC,238704,2025,
10841,Ya'an; Yǎ'ān,PRC,376578,2025,
10863,Mangshi; Mángshì,PRC,"131425	",2010,
11771,Shenyang; Shĕnyáng,PRC,6175250,2025,
11801,Chengde; Chéngdé,PRC,131203,2025,
11808,Tieling; Tiĕlĭng,PRC,183324,2025,
11822,Caofeidian; Cáofēidiàn,PRC,56120,2025,
11862,Antu; Āntú,PRC,56129,2025,
11886,Suizhong; Suízhōng,PRC,91626,2025,
11906,Mudanjiang; Mŭdānjiāng,PRC,758112,2025,
11913,Nanjing; Nánjīng,PRC,78589,2025,
11920,Quzhou; Qúzhōu,PRC,959819,2025,
11928,Qidong; Qĭdōng,PRC,404692,2025,
11933,Puyang; Púyáng,PRC,871559,2025,
11937,Tongling; Tónglíng,PRC,363353,2025,
11945,Xinfeng; Xìnfēng,PRC,104523,2025,
11947,Lishui; Lìshuĭ,PRC,468870,2025,
11962,Linqing; Línqīng,PRC,282112,2025,
11963,Dongfang; Dōngfāng,PRC,101809,2025,
11980,Cangzhou; Cāngzhōu,PRC,635841,2025,
11983,Yulin; Yùlín,PRC,547924,2010,
11988,Xiushui; Xiūshuĭ,PRC,106401,2025,
11991,Zhuji; Zhūjì,PRC,522884,2025,
12012,Xiangcheng; Xiàngchéng,PRC,231203,2025,
12015,Pingyi; Píngyì,PRC,169009,2025,
12017,Huaihua; Huáihuà,PRC,472687,2010,
12030,Ningdu; Níngdū,PRC,159642,2025,
12045,Laiwu; Láiwú,PRC,369299,2025,
12052,Kunshan; Kūnshān,PRC,1118617,2010,
12061,Lujiang; Lújiāng,PRC,140133,2025,
12067,Sheyang; Shèyáng,PRC,152273,2025,
12069,Yuncheng; Yùnchéng,PRC,380847,2010,
12078,Yangquan; Yángquán,PRC,465981,2025,
12084,Anxi; Ānxī,PRC,184535,2025,
12086,Gong'an; Gōng'ān,PRC,123573,2025,
12119,Artush; Atush; Ātúshí,PRC,120961,2025,
12141,Leshan; Lèshān,PRC,728228,2025,
12262,Puer; Pǔ'ěr,PRC,185473,2010,
12274,Bazhong; Bāzhōng,PRC,477235,2010,
12310,Loudi; Lóudǐ,PRC,686965,2025,
12327,Jinchang; Jīnchāng,PRC,144055,2025,
12342,Fujin; Fùjĭn,PRC,263095,2025,
12344,Jincheng; Jìnchéng,PRC,921145,2025,
12348,Siliyin hota; Xilinhot; Xīlínhàotè,PRC,290629,2025,
12356,Yan'an; Yán'ān,PRC,401686,2025,
12408,Yunxi; Yúnxī,PRC,58817,2025,
12414,Enshi; Ēnshī,PRC,625489,2025,
12448,Erenhot; Eriyen Qota; Èrliánhàotè,PRC,116563,2025,
12467,Xiantao; Xiāntáo,PRC,278585,2025,
12469,Holingol; Huòlínguōlè; Qoolin Gool,PRC,101496,2010,
12478,Kailu; Kāilŭ; Ḵayilü,PRC,111502,2010,
12537,Gegen Gool; Genhe; Gēnhé,PRC,89194,2010,
12618,Nenjiang; Nènjiāng,PRC,137649,2025,
12705,Zigong; Zìgòng,PRC,414628,2025,
12706,Otog; Ètuōkè,PRC,119423,2010,
12776,Wuwei; Wǔwēi,PRC,100155,2025,
12797,Wushan; Wǔshān,PRC,79422,2025,
12815,Maqin; Maqên; Mǎqìn,PRC,24098,2010,
12820,Dunhuang; Dūnhuáng,PRC,111535,2010,
12841,Zhaotong; Zhāotōng,PRC,295990,2025,
13150,Hulunbuir; Hūlúnbèi'ĕr; Kölön Buyir,PRC,210423,2025,
14637,Chamdo; Chāngdū; Qamdo,PRC,657505,2010,
14638,Lhasa; Lāsà,PRC,273179,2025,
14642,Nagqu; Nàqū,PRC,50126,2025,
14657,Kashgar; Kāshí; Qeshqer,PRC,498252,2025,
14658,Aksu; Aqsu; Ākèsū,PRC,293005,2025,
14661,Hotan; Hétián; Xoten,PRC,216546,2025,
14662,Makit; Mekit; Màigàití,PRC,53823,2010,
14667,Ürümqi; Wūlǔmùqí; Ürümchi,PRC,3974257,2025,
14670,Wūlǔmùqí Tiānshān Guójìjīchǎng; Ürümchi Tianshan Xelqara Ayroporti; Ürümqi Tianshan International Airport,PRC,,,2
14671,Changji; Chāngjí; Sanji,PRC,303938,2010,
14672,Ghulja; Yining; Yīníng,PRC,368813,2010,
14673,Korla; Kù'ěrlè,PRC,871121,2025,
14674,Shuozhou; Shuòzhōu,PRC,324877,2025,
14676,Hami; Hāmì; Qumul,PRC,252812,2025,
14680,Lijiang; Lìjiāng,PRC,150969,2025,
14685,Kunming; Kūnmíng,PRC,3218010,2025,
14686,Kunming International Airport; Kūnmíng Chángshuǐ Guójì Jīchǎng,PRC,,,2
14690,Dali; Dàlǐ,PRC,89851,2025,
14694,Gejiu; Gèjiù,PRC,197814,2025,
14695,Mengzi; Méngzì,PRC,212724,2010,
14696,Qujing; Qūjìng,PRC,701652,2025,
14697,Songming; Sōngmíng,PRC,63235,2025,
14700,Haikou; Hǎikǒu,PRC,73175,2025,
14702,Sanya; Sānyà,PRC,421522,2025,
14705,Shenzen; Shēnzhèn,PRC,10358381,2010,
14707,Zhongshan; Zhōngshān,PRC,66367,2025,
14708,Foshan; Fóshān,PRC,6771895,2010,
14710,"	Guǎngzhōu Báiyún Guójì Jīchǎng; Guangzhou Baiyun International Airport",PRC,,,4
14711,Zhanjiang; Zhànjiāng,PRC,463739,2025,
14712,Maoming; Màomíng,PRC,584253,2025,
14713,Shantou; Shàntóu,PRC,10579303,2025,
14715,Chaozou; Cháozhōu,PRC,1256268,2010,
14716,Jieyang; Jiēyáng,PRC,1226848,2010,
14717,Qingyuan; Qīngyuăn,PRC,916453,2010,
14719,Zhaoqing; Zhàoqìng,PRC,592201,2025,
14723,Guigang; Guìgăng,PRC,261422,2025,
14725,Liuzhou; Liŭzhōu,PRC,1318051,2025,
14728,Guilin; Guìlín,PRC,965076,2025,
14739,Delingha; Délìnghā; Dêrlinka,PRC,54844,2010,
14749,Xining; Xīníng; Zi-ling,PRC,1423665,2025,
14759,Jiayuguan; Jiāyùguān,PRC,199681,2025,
14762,Lanzhou; Lánzhōu,PRC,2689402,2025,
14766,Tianjin; Tiānjīn,PRC,7330648,2025,
14771,Bejing; Běijīng,PRC,18150576,2025,
14777,Yinchuan; Yínchuān,PRC,1913287,2025,
14779,Zhongwei; Zhōngwèi,PRC,173279,2025,
14780,Chengdu Tianfu International Airport; Chéngdū Tiānfǔ Guójì Jīchǎng,PRC,,,3
14784,Deyang; Déyáng,PRC,810107,2025,
14785,Yibin; Yíbīn,PRC,234841,2025,
14789,Luzhou; Lúzhōu,PRC,446058,2025,
14790,Mianyang; Miányáng,PRC,538166,2025,
14792,Nanchong; Nánchōng,PRC,890402,2010,
14798,Hechuan; Héchuān,PRC,273191,2025,
14801,Jiangjin; Jiāngjīn,PRC,686189,2010,
14802,Wanzhou; Wànzhōu,PRC,395844,2025,
14804,Kaizhou; Kāizhōu,PRC,105588,2025,
14807,Guiyang; Guìyáng,PRC,129943,2025,
14817,Zunyi; Zūnyì,PRC,995311,2010,
14821,Changsha; Chángshā,PRC,3246971,2025,
14825,Zhuzhou; Zhūzhōu,PRC,1005568,2025,
14827,Yueyang; Yuèyáng,PRC,120188,2025,
14828,Hengyang; Héngyáng,PRC,809271,2025,
14829,Yiyang; Yìyáng,PRC,86028,2025,
14830,Shenmu; Shénmù,PRC,274814,2025,
14831,Xi'an; Xī'ān,PRC,5298992,2025,
14832,Xianyang; Xiányáng,PRC,564731,2025,
14835,Xi'an Xianyang International Airport; Xī'ān Xiányáng Guójì Jīchǎng,PRC,,,1
14841,Baoji; Băojī,PRC,773901,2025,
14848,Taiyuan; Tàiyuán,PRC,4332180,2025,
14849,Jinzhong; Jìnzhōng,PRC,445102,2025,
14850,Changzhi; Chángzhì,PRC,590098,2025,
14851,Datong; Dàtóng,PRC,1571547,2025,
14854,Alaša Jegün; Alxa Left; Ālāshàn Zuŏ,PRC,129242,2010,
14857,Baotou; Bugutu; Bāotóu,PRC,1645072,2025,
14860,Hohhot; Hūhéhàotè; Kökeqota,PRC,2029813,2025,
14870,Jiagedaqi; Jiāgédáqí,PRC,142465,2010,
14873,Xuguit; Yakeshi; Yákèshí,PRC,338275,2010,
14875,Jalaid; Zhalaite; Zhālàitè,PRC,69540,2025,
14876,Ulahan; Ulanhot; Wūlánhàotè,PRC,221373,2025,
14877,Jarud; Zhalute; Zhālŭtè,PRC,54968,2025,
14878,Linsi; Linxi; Línxī,PRC,99301,2010,
14879,Chifeng; Chìfēng; Ulaganqada,PRC,549177,2025,
14881,Fushun; Fŭshùn,PRC,852128,2025,
14885,Shenyang Taoxian International Airport; Shěnyáng Táoxiān Guójì Jīchǎng,PRC,,,1
14887,Panjin; Pánjĭn,PRC,577712,2025,
14889,Jilin; Jílín,PRC,1469722,2010,
14890,Changchun; Chángchūn,PRC,3519692,2025,
14895,Harbin; Hā'ĕrbīn,PRC,4591886,2025,
14897,Harbin Taiping International Airport; Hārbīn Tàipíng Guójì Jīchǎng,PRC,,,1
14900,Daqing; Dàqìng,PRC,421411,2025,
14901,Qiqihar; Qíqíhā'ĕr,PRC,901649,2025,
14902,Mohe; Mòhé,PRC,71307,2010,
14904,Zhaodong; Zhàodōng,PRC,471428,2025,
14905,Beian; Bĕi'ān,PRC,109509,2025,
14907,Hailun; Hăilún,PRC,124959,2025,
14910,Tangshan; Tángshān,PRC,2651179,2025,
14913,Zhangjiakou; Zhāngjiākŏu,PRC,587854,2025,
14914,Handan; Hándān,PRC,2099937,2025,
14916,Xingtai; Xíngtái,PRC,139787,2025,
14917,Langfang; Lángfāng,PRC,512854,2025,
14918,Baoding; Băodìng,PRC,883758,2025,
14920,Xushui; Xúshuĭ,PRC,193770,2010,
14922,Gaodeidian; Gāobēidiàn,PRC,186474,2025,
14923,Shijiazhuang; Shíjiāzhuāng,PRC,3100270,2025,
14926,Ningjin; Níngjìn,PRC,71337,2025,
14927,Dingzhou; Dìngzhōu,PRC,240736,2025,
14930,Qingdao Jiaodong International Airport; Qīngdǎo Jiāodōng Guójì Jīchǎng,PRC,,,2
14931,Weihai; Wēihăi,PRC,535089,2025,
14933,Yantai; Yāntái,PRC,1797861,2010,
14935,Weifang; Wéifāng,PRC,961428,2025,
14936,Shouguang; Shòuguāng,PRC,350722,2025,
14937,Heze; Hézé,PRC,450572,2025,
14938,Zaozhuang; Zăozhuāng,PRC,200465,2025,
14939,Jining; Jìníng,PRC,849585,2025,
14940,Zoucheng; Zōuchéng,PRC,462609,2025,
14944,Zouping; Zōupíng,PRC,233401,2025,
14945,Zibo; Zībó,PRC,1680283,2025,
14946,Qingzhou; Qīngzhōu,PRC,338584,2025,
14947,Rizhao; Rìzhào,PRC,459144,2025,
14950,Linyi; Línyí,PRC,1555397,2025,
14951,Liaocheng; Liáochéng,PRC,530299,2025,
14952,Qufu; Qŭfù,PRC,243583,2025,
14954,Dongying; Dōngyíng,PRC,126739,2025,
14955,Tai'an; Tài'ān,PRC,707595,2025,
14956,Yichang; Yíchāng,PRC,1573289,2025,
14957,Xiangyang; Xiāngyáng,PRC,938344,2025,
14959,Shiyan; Shíyàn,PRC,1129747,2025,
14960,Jingzhou; Jīngzhōu,PRC,625685,2025,
14963,Wuhan; Wŭhàn,PRC,8079484,2025,
14966,Ezhou; Èzhōu,PRC,583820,2025,
14967,Huanggang; Huánggāng,PRC,267860,2010,
14968,Wuhan Tianhe International Airport; Wǔhàn Tiānhé Guójì Jīchǎng,PRC,,,3
14971,Zhongxiang; Zhōngxiáng,PRC,157863,2025,
14972,Anyang; Ānyáng,PRC,1736590,2025,
14973,Shangqiu; Shāngqiū,PRC,779507,2025,
14974,Xinyang; Xìnyáng,PRC,350067,2025,
14975,Nanyang; Nányáng,PRC,768610,2025,
14976,Zhengzhou; Zhèngzhōu,PRC,5126112,2025,
14978,Luoyang; Luòyáng,PRC,1603585,2025,
14980,Kaifeng; Kāifēng,PRC,1296334,2025,
14982,Zhoukou; Zhōukŏu,PRC,788576,2025,
14983,Xuchang; Xŭchāng,PRC,1821624,2025,
14984,Zhumaidan; Zhùmădiàn,PRC,909144,2025,
14985,Xinxiang; Xīnxiāng,PRC,870471,2025,
14986,Pingdingshan; Píngdĭngshān,PRC,703495,2025,
14987,Xinzheng; Xīnzhèng,PRC,311647,2025,
14988,Fangcheng; Fāngchéng,PRC,75931,2025,
14991,Luohe; Luòhé,PRC,1183149,2025,
14992,Chongming; Chóngmíng,PRC,135058,2025,
14993,Shanghai Pudong International Airport; Shànghǎi Pǔdōng Guójì Jīchǎng,PRC,,,5
14996,Xuzhou; Xúzhōu,PRC,1310475,2025,
14997,Lianyungang; Liányúngăng,PRC,897393,2010,
14998,Pizhou; Pīzhōu,PRC,631572,2010,
14999,Suqian; Sùqiān,PRC,957665,2025,
15000,Shuyang; Shùyáng,PRC,363144,2025,
15001,Huaian; Huái'ān,PRC,54056,2025,
15002,Suzhou; Sūzhōu,PRC,4083923,2010,
15003,Changzhou; Chángzhōu,PRC,2772878,2025,
15004,Wuxi; Wúxī,PRC,53095,2025,
15006,Zhenjiang; Zhènjiāng,PRC,782534,2025,
15008,Nantong; Nántōng,PRC,2608604,2025,
15009,Yangzhou; Yángzhōu,PRC,699843,2025,
15010,Taizhou; Tàizhōu,PRC,1053601,2010,
15011,Yancheng; Yánchéng,PRC,1211454,2025,
15013,Fuyang; Fùyáng,PRC,422210,2025,
15014,Bengbu; Bèngbù,PRC,671789,2025,
15015,Huainan; Huáinán,PRC,1238488,2010,
15016,Wuhu; Wúhú,PRC,2137949,2025,
15017,Hefei; Héféi,PRC,5646049,2025,
15019,Feixi; Féixī,PRC,297150,2010,
15021,Luan; Lù'ān,PRC,891648,2025,
15022,Suzhou; Sùzhōu,PRC,742685,2010,
15023,Mingguang; Míngguāng,PRC,204323,2010,
15024,Yingshang; Yĭngshàng,PRC,90278,2025,
15026,Feidong; Féidōng,PRC,303171,2010,
15028,Ganzhou; Gànzhōu,PRC,1476966,2025,
15030,Jiujiang; Jiŭjiāng,PRC,570903,2025,
15031,Shangrao; Shàngráo,PRC,613471,2025,
15032,Nanchang; Nánchāng,PRC,3641447,2025,
15038,Pingxiang; Píngxiāng,PRC,501237,2025,
15039,Xinyu; Xīnyú,PRC,851536,2025,
15040,Yichun; Yíchūn,PRC,461817,2010,
15042,Jinjiang; Jìnjiāng,PRC,1172827,2010,
15044,Quanzhou; Quánzhōu,PRC,3384624,2025,
15045,Fuqing; Fúqīng,PRC,378882,2025,
15048,Zhangzhou; Zhāngzhōu,PRC,1535556,2025,
15049,Nan'an; Nán'ān,PRC,134905,2025,
15050,Sanming; Sānmíng,PRC,243815,2025,
15051,Putian; Pútián,PRC,2463177,2025,
15052,Rui'an; Ruì'ān,PRC,927383,2010,
15053,Wenzhou; Wēnzhōu,PRC,3838182,2025,
15054,Yueqing; Yuèqīng,PRC,1135366,2025,
15057,Ningbo; Níngbō,PRC,2953172,2025,
15058,Cixi; Cíxī,PRC,1459131,2025,
15061,Yuyao; Yúyáo,PRC,624779,2025,
15062,Shaoxing; Shàoxīng,PRC,1725726,2010,
15064,Jiaxing; Jiāxīng,PRC,659472,2025,
15065,Huzhou; Húzhōu,PRC,431049,2025,
15068,Yiwu; Yìwū,PRC,718657,2025,
15069,Jinhua; Jīnhuá,PRC,1195207,2025,
14192,Al-Khalīl; Hebron; Ḥeḇrōn,PST,414422,2025,
7107,Ram'allah; Ramallah; Rām Allāh,PST,1054623,2025,
15838,Ad-Dawḥah; Doha,QAT,1980416,2025,
15075,Taitung; Táidōng,ROC,67626,2025,
1175,Hualien; Huālián,ROC,137533,2025,
15079,Chiayi; Jiāyì,ROC,460979,2025,
7214,Hsinchu; Xīnzhú,ROC,713497,2025,
12068,Tainan; Táinán,ROC,1010792,2025,
15076,Gāoxióng; Kaohsiung,ROC,2294772,2025,
11959,Taichung; Táizhōng,ROC,2318377,2025,
7186,Taipei; Táiběi,ROC,9686521,2025,
15072,Jincheng; Jīnchéng,ROC,34245,2011,
15077,Yilan; Yílán,ROC,76045,2025,
15078,Taoyuan International Airport; Táoyuán Gúojì Jīchǎng,ROC,,,3
4126,Namwon; Namwŏn,ROK,78770,2010,
4103,Yeongju; Yŏngju,ROK,108888,2010,
7021,Gangneung; Kangnŭng,ROK,118784,2025,
14627,Chech'ŏn; Jecheon,ROK,134698,2010,
7221,P'yŏngt'aek; Pyeongtaek,ROK,159972,2025,
11992,Seosan; Sŏsan,ROK,156843,2010,
14622,Wonju; Wŏnju,ROK,218041,2025,
1100,Ch'ungju; Chungju,ROK,203212,2010,
11948,Mokp'o; Mokpo,ROK,249960,2010,
9936,Ch'unch'ŏn; Chuncheon,ROK,229165,2025,
14618,Gyeongju; Kyŏngju,ROK,256150,2010,
11977,Gunsan; Kunsan,ROK,260546,2010,
12085,Sunch'ŏn; Suncheon,ROK,258670,2010,
7204,Asan,ROK,278676,2010,
1054,Chinju; Jinju,ROK,337896,2010,
1081,Gumi; Kumi,ROK,402607,2010,
1177,Cheju; Jeju,ROK,401192,2010,
14628,Chŏnju; Jeonju,ROK,631782,2025,
12060,Ch'angwŏn; Changwon,ROK,668434,2025,
14626,Ch'ŏngju; Cheongju,ROK,691161,2025,
14617,Ulsan,ROK,887568,2025,
14614,Goyang; Koyang,ROK,905076,2010,
14623,Gwangju; Kwangju,ROK,1428492,2025,
14625,Daejeon; Taejŏn,ROK,1504229,2025,
14619,Daegu; Taegu,ROK,2300085,2025,
14612,Inch'ŏn; Incheon,ROK,2662509,2010,
4056,Busan; Pusan,ROK,3263408,2025,
7125,Seoul; Sŏul,ROK,22261692,2025,
14616,Gimhae Gukjegonghang; Gimhae International Airport; Kimhae Kukchegonghang,ROK,,,1
14621,Inch'ŏn Kukchegonghang; Incheon Gukjegonghang; Incheon International Airport,ROK,,,3
3630,Băilești,ROM,17437,2011,
11603,Oltenița,ROM,24822,2011,
6761,Rădăuți,ROM,23822,2011,
11652,Râmnicu Sărat,ROM,33843,2011,
657,Mangalia,ROM,36364,2011,
11655,Onești,ROM,39172,2011,
3689,Csíkszereda; Miercurea Ciuc,ROM,38966,2011,
662,Lugoj,ROM,40361,2011,
11639,Medgyes; Mediaș,ROM,47204,2011,
9668,Sepsiszentgyörgy; Sfântu Gheorghe,ROM,56006,2011,
9685,Beszterce; Bistrița,ROM,52236,2025,
9687,Zalău; Zilah,ROM,56202,2011,
6729,Bârlad,ROM,55837,2011,
9619,Deva; Déva,ROM,61123,2011,
6658,Giurgiu,ROM,61353,2011,
818,Slatina,ROM,57761,2025,
6677,Călărași,ROM,65181,2011,
11592,Resicabánya; Reșița,ROM,73282,2011,
723,Vaslui,ROM,55407,2011,
3645,Târgu Jiu,ROM,63417,2025,
11622,Alba Iulia,ROM,63536,2011,
687,Tulcea,ROM,73707,2011,
9701,Focșani,ROM,70273,2025,
3728,Piatra Neamț,ROM,70378,2025,
746,Satu Mare; Szatmárnémeti,ROM,79655,2025,
11657,Drobeta-Turnu Severin,ROM,81560,2025,
744,Suceava,ROM,89152,2025,
9651,Buzău,ROM,93987,2025,
11534,Botoșani,ROM,98975,2025,
11676,Baia Mare; Nagybánya,ROM,100934,2025,
6682,Arad,ROM,120149,2025,
9670,Marosvásárhely; Târgu Mureș,ROM,127546,2025,
6747,Bacău,ROM,129974,2025,
6679,Nagyszeben; Sibiu,ROM,134213,2025,
3639,Pitești,ROM,147709,2025,
11636,Brăila,ROM,162041,2025,
3696,Nagyvárad; Oradea,ROM,164899,2025,
3663,Ploiești,ROM,187350,2025,
3676,Brassó; Brașov,ROM,230438,2025,
15134,Galați,ROM,232217,2025,
15133,Craiova,ROM,260150,2025,
15127,Constanța,ROM,273012,2025,
15135,Iași,ROM,304851,2025,
14457,Cluj-Napoca; Kolozsvár,ROM,321095,2025,
15136,Temesvár; Timișoara,ROM,335525,2025,
9617,Bucharest; București,ROM,1971350,2025,
15132,Aeroportul Internațional Henri Coandă; Henri Coandă International Airport,ROM,,,1
15943,Kigali,RWA,1621760,2025,
13364,Gisenyi,RWA,149209,2012,
15251,Tifariti; Tyfāriti,SHW,3000,2010,
581,Poprad,SLO,52862,2011,
541,Nitra,SLO,55299,2025,
9692,Trnava,SLO,56412,2025,
3537,Banská Bystrica,SLO,60513,2025,
9551,Žilina,SLO,66636,2025,
3550,Prešov,SLO,77203,2025,
6573,Košice,SLO,223173,2025,
14080,Bratislava,SLO,310204,2025,
14082,Letisko M. R. Štefánika; M. R. Štefánik Airport,SLO,,,1
6672,Murska Sobota,SLV,11614,2011,
13855,Koper,SLV,24996,2011,
3631,Kranj,SLV,36874,2011,
9596,Celje,SLV,37520,2011,
596,Maribor,SLV,80272,2025,
13851,Ljubljana,SLV,252736,2025,
14121,San Marino,SNM,4130,2026,
45,Yurya,SOV,5668,2010,
72,Konosha,SOV,12432,2010,
73,Shar'ya; Sharya,SOV,23681,2010,
75,Vozhega,SOV,6725,2010,
85,Bezhetsk,SOV,24522,2010,
110,Valday,SOV,16098,2010,
123,Gainy,SOV,4050,2010,
126,Kingisepp,SOV,48488,2010,
155,Segezha,SOV,29631,2010,
164,Buy,SOV,25763,2010,
166,Vytegra,SOV,10488,2010,
186,Kotlas,SOV,60562,2010,
206,Chaykovsky,SOV,82895,2010,
214,Gus-Khrustalny,SOV,60784,2010,
231,Uglich,SOV,34507,2010,
232,Morshansk,SOV,41556,2010,
252,Rostov,SOV,31792,2010,
257,Kuznetsk,SOV,68549,2025,
260,Arsk,SOV,18114,2010,
272,Kirovo-Chepetsk,SOV,54225,2025,
286,Inza,SOV,18803,2010,
291,Birsk,SOV,41635,2010,
300,Belyov,SOV,13918,2010,
305,Uva,SOV,19984,2010,
315,Starodub,SOV,19010,2010,
324,Saransk,SOV,298291,2025,
326,Vol'sk; Volsk,SOV,66508,2010,
328,Livny,SOV,50685,2025,
335,Gagarin,SOV,31721,2010,
340,Tambov,SOV,310658,2025,
348,Sovetsk; Tilsit; Tilžė; Tylża,SOV,41705,2010,
370,Glazov,SOV,82436,2025,
371,Unecha,SOV,26197,2010,
376,Zubova Polyana,SOV,10338,2010,
398,Pochep,SOV,17161,2010,
437,Kalach,SOV,20046,2010,
457,Shchigry,SOV,17040,2010,
487,Mikhaylovka,SOV,59132,2010,
509,Morozovsk,SOV,27642,2010,
534,Stary Oskol,SOV,100351,2025,
580,Kurchatov,SOV,42706,2010,
664,Dalnerechensk,SOV,27604,2010,
666,Shali,SOV,47708,2010,
714,Cherkessk,SOV,137895,2025,
719,Gelendzhik,SOV,54980,2010,
728,Terekli-Mekteb,SOV,7993,2010,
735,Armavir,SOV,178118,2025,
750,Yeysk,SOV,58632,2025,
759,Yashkul; Yashkul',SOV,7861,2010,
775,Sal'sk; Salsk,SOV,57098,2025,
855,Okha,SOV,23008,2010,
1294,Petukhovo,SOV,11292,2010,
1305,Sterlitamak,SOV,240965,2025,
1336,Krasnokamsk,SOV,51916,2010,
1369,Prokop'yevsk; Prokopyevsk,SOV,210130,2010,
1378,Kumertau,SOV,62851,2010,
1380,Chernushka,SOV,33272,2010,
1387,Yalutorovsk,SOV,36493,2010,
1399,Severo-Kurilsk,SOV,2536,2010,
1450,Akhty,SOV,13405,2010,
1676,Shagonar,SOV,10956,2010,
1684,Salekhard,SOV,53827,2025,
1718,Asino,SOV,25618,2010,
1735,Ust'-Kut; Ust-Kut,SOV,45375,2010,
1750,Irbit,SOV,38357,2010,
1768,Salym,SOV,6554,2010,
1779,Belokurikha,SOV,14661,2010,
1794,Aleysk,SOV,29510,2010,
1812,Khanty-Mansiysk,SOV,65656,2025,
1845,Tynda,SOV,36275,2010,
1876,Tayshet,SOV,35485,2010,
2356,Petrozavodsk,SOV,217903,2025,
2999,Vyshny Volochyok,SOV,52370,2010,
3033,Kondopoga,SOV,32987,2010,
3065,Bereznik,SOV,6018,2010,
3102,Luza,SOV,11260,2010,
3116,Nerekhta,SOV,22828,2010,
3130,Plesetsk,SOV,11037,2010,
3140,Tikhvin,SOV,58459,2010,
3143,Krasny Kholm,SOV,5608,2010,
3154,Kirillov,SOV,7728,2010,
3155,Zheshart,SOV,8561,2010,
3177,Demyanovo,SOV,5558,2010,
3187,Sortavala,SOV,19235,2010,
3199,Lebedyan; Lebedyan',SOV,21012,2010,
3216,Otradny,SOV,48356,2010,
3226,Dyatkovo,SOV,29439,2010,
3240,Ivanovo-Severnyy,SOV,,,1
3246,Novospasskoye,SOV,11075,2010,
3265,Buguruslan,SOV,49741,2010,
3266,Zemetchino,SOV,10772,2010,
3268,Kovrov,SOV,122872,2025,
3276,Barysh,SOV,17149,2010,
3292,Shchyokino,SOV,58139,2010,
3315,Volzhsk,SOV,55659,2010,
3317,Nikolsk,SOV,22471,2010,
3321,Ostashkov,SOV,18088,2010,
3335,Bryansk,SOV,131385,2025,
3344,Toropets,SOV,13015,2010,
3346,Yelets,SOV,71183,2025,
3352,Sergach,SOV,21386,2010,
3356,Skopin,SOV,30376,2010,
3357,Buzuluk,SOV,65616,2025,
3362,Yartsevo,SOV,47848,2010,
3363,Omutninsk,SOV,23615,2010,
3371,Kovylkino,SOV,21307,2010,
3376,Yefremov,SOV,42350,2010,
3377,Obninsk,SOV,104005,2025,
3387,Kasimov,SOV,33491,2010,
3431,Vyoshenskaya,SOV,9261,2010,
3443,Zimovniki,SOV,18070,2010,
3490,Novouzensk,SOV,17011,2010,
3519,Millerovo,SOV,36499,2010,
3527,Liski,SOV,55864,2010,
3529,Volgograd,SOV,632650,2025,
3566,Borisoglebsk,SOV,57845,2025,
3580,Kursk,SOV,278148,2025,
3587,Yegorlykskaya,SOV,17660,2010,
3672,Urus-Martan,SOV,49070,2010,
3682,Khasavyurt,SOV,207881,2025,
3720,Maykop,SOV,124382,2025,
3739,Svetlaya,SOV,925,2010,
3748,Ipatovo,SOV,26053,2010,
3765,Tikhoretsk,SOV,62800,2025,
3787,Spassk-Dal'ny; Spassk-Dalny,SOV,44173,2010,
3977,Ussuriysk,SOV,129677,2025,
4209,Zavodoukovsk,SOV,25647,2010,
4242,Kargapole,SOV,8433,2010,
4261,Gay,SOV,38301,2010,
4311,Beloretsk,SOV,66427,2025,
4354,Salavat,SOV,93693,2025,
4400,Sarapul,SOV,81805,2025,
4659,Tobol'sk; Tobolsk,SOV,58512,2025,
4669,Labytnangi,SOV,26936,2010,
4677,Borzya,SOV,31379,2010,
4681,Belyi Yar,SOV,7996,2010,
4690,Minusinsk,SOV,55421,2025,
4719,Krasnokamensk,SOV,55666,2010,
4724,Achinsk,SOV,77038,2025,
4726,Aldan,SOV,21275,2010,
4728,Petropavlovsk-Kamchatskiy,SOV,179780,2010,
4743,Yakutsk,SOV,139152,2025,
4766,Khyagta,SOV,20024,2010,
4789,Tayga,SOV,25331,2010,
4800,Gorno-Altaysk,SOV,56933,2010,
4803,Biysk,SOV,162866,2025,
4806,Karasuk,SOV,28586,2010,
4813,Tavda,SOV,35421,2010,
4817,Surgut,SOV,68952,2025,
4827,Kargasok,SOV,8127,2010,
4859,Igarka,SOV,6183,2010,
6095,Kirishi,SOV,52309,2010,
6135,Furmanov,SOV,36144,2010,
6143,Poshekhonye,SOV,6084,2010,
6149,Uren,SOV,12304,2010,
6167,Rybinsk,SOV,200771,2010,
6175,Kostomuksha,SOV,28436,2010,
6181,Kandalaksha,SOV,35654,2010,
6224,Urzhum,SOV,10213,2010,
6226,Syzran; Syzran',SOV,111241,2025,
6231,Murom,SOV,95975,2025,
6242,Opochka,SOV,11603,2010,
6243,Desnogorsk,SOV,29677,2010,
6246,Neftekamsk,SOV,129583,2025,
6253,Shumerlya,SOV,31722,2010,
6262,Tula,SOV,306559,2025,
6278,Agryz,SOV,19300,2010,
6283,Sergiyev Posad,SOV,99478,2025,
6284,Sasovo,SOV,28118,2010,
6290,Serpukhov,SOV,125982,2025,
6291,Nizhny Lomov,SOV,22678,2010,
6315,Novomoskovsk,SOV,62102,2025,
6317,Usman,SOV,18685,2010,
6323,Yelabuga,SOV,70728,2010,
6324,Ostrov,SOV,21668,2010,
6328,Rtishchevo,SOV,41289,2010,
6338,Zelenodolsk,SOV,59300,2025,
6346,Kalyazin,SOV,13867,2010,
6357,Alatyr; Alatyr',SOV,38203,2010,
6358,Vichuga,SOV,37583,2010,
6365,Kozel'sk; Kozelsk,SOV,18245,2010,
6367,Nelidovo,SOV,22896,2010,
6369,Gryazi,SOV,46807,2010,
6379,Sorochinsk,SOV,29249,2010,
6380,Moscow; Moskva,SOV,14384082,2025,
6382,Serdobsk,SOV,35393,2010,
6383,Sovetsk,SOV,16598,2010,
6388,Mozhga,SOV,47961,2010,
6391,Ruzayevka,SOV,47523,2010,
6409,Kamenka,SOV,39577,2010,
6411,Karachev,SOV,19715,2010,
6432,Valuyki,SOV,35322,2010,
6454,Serafimovich,SOV,9368,2010,
6486,Akhtubinsk,SOV,41853,2010,
6490,Volgodonsk,SOV,129475,2025,
6494,Pavlovsk,SOV,25126,2010,
6502,Balakovo,SOV,117879,2025,
6503,Kotel'nikovo; Kotelnikovo,SOV,20428,2010,
6506,Kamyshin,SOV,91669,2025,
6516,Znamensk,SOV,29401,2010,
6517,Shebekino,SOV,44279,2010,
6538,Ust-Tsilma,SOV,4877,2010,
6539,Krasnoarmeysk,SOV,26294,2010,
6543,Sudzha,SOV,6036,2010,
6577,Gubkin,SOV,88560,2010,
6620,Kharabali,SOV,18117,2010,
6718,Pyatigorsk,SOV,208441,2025,
6730,Kizlyar,SOV,72757,2025,
6750,Budyonnovsk,SOV,56616,2025,
6794,Elista,SOV,96053,2025,
6961,Nakhodka,SOV,83146,2025,
6989,Arsen'yev; Arsenyev,SOV,56750,2010,
7274,Iskitim,SOV,60078,2010,
7359,Balezino,SOV,16121,2010,
7444,Askino,SOV,6918,2010,
7624,Derbent,SOV,112956,2025,
7672,Birobidzhan,SOV,75413,2010,
7736,Bagdarin,SOV,4735,2010,
7757,Yurga,SOV,81533,2010,
7796,Nyagan; Nyagan',SOV,54890,2010,
7815,Nazarovo,SOV,52817,2010,
7822,Sheregesh,SOV,10173,2010,
7844,Neryungri,SOV,61747,2010,
7846,Yarkovo,SOV,7017,2010,
7860,Petrovsk-Zabaykalsky,SOV,18549,2010,
7886,Mariinsk,SOV,40526,2010,
7895,Yugorsk,SOV,50484,2025,
9043,Soligalich,SOV,6438,2010,
9065,Vokhma,SOV,4386,2010,
9097,Sosnovy Bor,SOV,65788,2010,
9098,Luga,SOV,38593,2010,
9105,Priozersk,SOV,18933,2010,
9124,Veliky Ustyug,SOV,31665,2010,
9140,Zapolyarny,SOV,15825,2010,
9146,Slobodskoy,SOV,33981,2010,
9172,Shakhun'ya; Shakhunya,SOV,20921,2010,
9190,Podporozhye,SOV,18733,2010,
9195,Kem; Kem',SOV,13051,2010,
9197,Volkhov,SOV,47182,2010,
9201,Apatity,SOV,59672,2010,
9206,Vyborg,SOV,79962,2010,
9214,Kotel'nich; Kotelnich,SOV,24979,2010,
9243,Chapayevsk,SOV,59670,2025,
9248,Onega,SOV,21359,2010,
9257,Kineshma,SOV,88164,2010,
9259,Kanash,SOV,45607,2010,
9260,Zheleznogorsk,SOV,67435,2025,
9271,Sukhodol,SOV,13413,2010,
9278,Alexandrov,SOV,50202,2025,
9301,Kirov,SOV,31882,2010,
9302,Volokolamsk,SOV,23433,2010,
9325,Lyskovo,SOV,21880,2010,
9337,Pugachyov,SOV,41707,2010,
9343,Torzhok,SOV,47644,2010,
9349,Tuymazy,SOV,60399,2025,
9354,Buinsk,SOV,20352,2010,
9355,Oryol,SOV,281342,2025,
9358,Gorodets,SOV,30658,2010,
9360,Vyksa,SOV,56201,2010,
9373,Novocheboksarsk,SOV,89352,2025,
9402,Yoshkar-Ola,SOV,286454,2025,
9407,Sarov,SOV,92047,2010,
9417,Rostov-na-Donu; Rostov-on-Don,SOV,1028672,2025,
9422,Uvarovo,SOV,26830,2010,
9436,Frolovo,SOV,39449,2010,
9502,Uryupinsk,SOV,41590,2010,
9577,Yershov,SOV,21448,2010,
9604,Sovetskaya Gavan; Sovetskaya Gavan',SOV,27712,2010,
9628,Nazran; Nazran',SOV,144166,2025,
9647,Prokhladny,SOV,55604,2025,
9649,Karachayevsk,SOV,21483,2010,
9696,Belorechensk,SOV,68957,2025,
9709,Kropotkin,SOV,68370,2025,
10133,Revda,SOV,61875,2010,
10142,Mesyagutovo,SOV,10883,2010,
10170,Tselinnoe,SOV,5076,2010,
10189,Tugulym,SOV,6001,2010,
10196,Yasny,SOV,17363,2010,
10213,Troitsk,SOV,78372,2010,
10329,Zlatoust,SOV,66803,2025,
10466,Pereyaslavka,SOV,8921,2010,
10528,Gusinoozyorsk,SOV,24582,2010,
10531,Ust'-Koksa; Ust-Koksa,SOV,4373,2010,
10536,Novy Urengoy,SOV,58144,2025,
10537,Kamen'-na-Obi; Kamen-on-Ob,SOV,43888,2010,
10557,Mirny,SOV,37188,2010,
10579,Ukhta,SOV,99591,2010,
10596,Zhigalovo,SOV,5369,2010,
10617,Kolpashevo,SOV,24124,2010,
10627,Kyzyl,SOV,89448,2025,
10648,Krasnotur'yinsk; Krasnoturyinsk,SOV,59633,2010,
10649,Abakan,SOV,167068,2025,
10670,Ishim,SOV,63183,2025,
10678,Zeya,SOV,24986,2010,
10699,Ust'-Ilimsk; Ust-Ilimsk,SOV,86610,2010,
10712,Sharypovo,SOV,38561,2010,
11027,Makaryev,SOV,7274,2010,
11048,Borovichi,SOV,53690,2010,
11059,Lodeynoye Pole,SOV,20674,2010,
11071,Kargopol,SOV,10214,2010,
11074,Velsk,SOV,23885,2010,
11080,Gatchina,SOV,92937,2010,
11085,Alakurtti,SOV,3424,2010,
11092,Medvezh'yegorsk; Medvezhyegorsk,SOV,15533,2010,
11098,Inta,SOV,32080,2010,
11099,Danilov,SOV,15861,2010,
11109,Staraya Russa,SOV,31809,2010,
11142,Nikel; Nikel',SOV,12756,2010,
11182,Usinsk,SOV,40827,2010,
11192,Kichmengskii Gorodok,SOV,6443,2010,
11202,Pskov,SOV,145668,2025,
11234,Velikiye Luki,SOV,61885,2025,
11255,Yaransk,SOV,17253,2010,
11256,Pokhvistnevo,SOV,28169,2010,
11319,Dimitrovgrad,SOV,95281,2025,
11324,Pochinki,SOV,11891,2010,
11325,Klintsy,SOV,62510,2010,
11336,Roslavl; Roslavl',SOV,54900,2010,
11339,Bolgar,SOV,8650,2010,
11340,Semyonov,SOV,24473,2010,
11344,Arzamas,SOV,92653,2025,
11349,Rzhev,SOV,61982,2010,
11363,Shatsk,SOV,6561,2010,
11368,Mtsensk,SOV,43222,2010,
11381,Michurinsk,SOV,66261,2025,
11387,Morki,SOV,9914,2010,
11389,Al'met'yevsk; Almetyevsk,SOV,114543,2025,
11408,Balashov,SOV,72854,2025,
11410,Rubtsovsk,SOV,125380,2025,
11412,Rossosh; Rossosh',SOV,52521,2025,
11418,Novocherkassk,SOV,89495,2025,
11436,Zherdevka,SOV,15209,2010,
11449,Atkarsk,SOV,25624,2010,
11450,Kamensk-Shakhtinsky,SOV,57220,2025,
11475,Voronezh,SOV,863684,2025,
11496,Chistopol,SOV,58396,2025,
11540,Ertil,SOV,11387,2010,
11614,Nal'chik; Nalchik,SOV,224566,2025,
11633,Kislovodsk,SOV,123534,2025,
11678,Nevinnomyssk,SOV,103094,2025,
11745,Dal'negorsk; Dalnegorsk,SOV,37519,2010,
12106,Shadrinsk,SOV,77756,2010,
12157,Miass,SOV,78620,2025,
12172,Oktyabrsky,SOV,13165,2010,
12187,Cherdyn,SOV,4920,2010,
12200,Sibay,SOV,62763,2010,
12216,Kungur,SOV,53897,2025,
12244,Votkinsk,SOV,75832,2025,
12263,Komsomol'sk-na-Amure; Komsomolsk-on-Amur,SOV,193295,2025,
12287,Ozersk,SOV,82164,2010,
12393,Pechora,SOV,43105,2010,
12446,Yuzhno-Sakhalinsk,SOV,106912,2025,
12523,Kodinsk,SOV,14830,2010,
12527,Berezniki,SOV,96387,2025,
12540,Cheremkhovo,SOV,52647,2010,
12546,Cherlak,SOV,10980,2010,
12559,Nikolayevsk-na-Amure; Nikolayevsk-on-Amur,SOV,22752,2010,
12575,Severobaykalsk,SOV,24929,2010,
12584,Snezhinsk,SOV,48810,2010,
12595,Lesosibirsk,SOV,61139,2010,
12602,Lyantor,SOV,38992,2010,
12606,Kuybyshev,SOV,45299,2010,
12621,Kansk,SOV,94226,2010,
12626,Osa,SOV,21188,2010,
12654,Belogorsk,SOV,68249,2010,
12657,Svobodny,SOV,58778,2010,
12672,Nizhnevartovsk,SOV,195705,2025,
12679,Tatarsk,SOV,24217,2010,
12683,Magadan,SOV,61572,2025,
12687,Norilsk,SOV,175365,2010,
14156,Vladivostok,SOV,436926,2025,
14157,Mezhdunarodnyy Aeroport Vladivostok; Vladivostok International Airport,SOV,,,1
14158,Khabarovsk,SOV,538466,2025,
14160,Blagoveshchensk,SOV,192405,2025,
14163,Irkutsk,SOV,434849,2025,
14164,Irkutsk International Airport; Mezhdunarodnyy Aeroport Irkutsk,SOV,,,1
14166,Bratsk,SOV,80231,2025,
14167,Ulan-Ude,SOV,245016,2025,
14168,Chita,SOV,215428,2025,
14169,Sayanogorsk,SOV,49887,2010,
14171,Krasnoyarsk,SOV,559535,2025,
14177,Makhachkala,SOV,740512,2025,
14180,Makhachkala International Airport; Mezhdunarodnyy Aeroport Makhachkala,SOV,,,1
14181,Grozny,SOV,113095,2025,
14183,Stavropol; Stavropol',SOV,357344,2025,
14185,Krasnodar,SOV,753688,2025,
14188,Krasnodar International Airport; Mezhdunarodnyy Aeroport Krasnodar,SOV,,,1
14189,Novorossiysk,SOV,244138,2025,
14191,Sochi,SOV,188724,2025,
14193,Kaliningrad; Karaliaučius; Królewiec; Königsberg,SOV,438435,2025,
14194,Aeroport Khrabrovo; Airport Khrabrovo; Flughafen Königsberg; Kaliningrado oro Uostas; Lotnisko Królewiec,SOV,,,1
14196,Polevskoy,SOV,64220,2010,
14197,Astrakhan; Astrakhan',SOV,520145,2025,
14199,Azov,SOV,70429,2025,
14200,Bataysk,SOV,111055,2025,
14202,Aeroport Rostov-na-Donu; Rostov-on-Don Airport,SOV,,,2
14204,Taganrog,SOV,237019,2025,
14205,Shakhty,SOV,125197,2025,
14208,Volzhskiy,SOV,236086,2025,
14210,Saratov,SOV,761437,2025,
14211,Engels,SOV,162465,2025,
14215,Belgorod,SOV,364359,2025,
14218,Murmansk,SOV,272712,2025,
14220,Kola,SOV,10437,2010,
14221,Severomorsk,SOV,50060,2010,
14222,Sankt-Peterburg; St. Petersburg,SOV,4878966,2025,
14226,Aeroport Pulkovo; Pulkovo Airport,SOV,,,3
14229,Smolensk,SOV,279694,2025,
14231,Khimki,SOV,207425,2010,
14234,Aeroport imeni Aleksandra S. Pushkina; Alexander S. Pushkin Airport,SOV,,,5
14236,Lyubertsy,SOV,172525,2010,
14237,Podol'sk; Podolsk,SOV,414099,2025,
14238,Kolomna,SOV,101135,2025,
14240,Lipetsk,SOV,270711,2025,
14244,Kaluga,SOV,267853,2025,
14249,Veliky Novgorod,SOV,148374,2025,
14250,Tver; Tver',SOV,339394,2025,
14255,Archangel'sk; Archangelsk,SOV,213275,2025,
14256,Severodvinsk,SOV,136041,2025,
14260,Vorkuta,SOV,70548,2010,
14265,Lesnoi,SOV,5413,2010,
14266,Syktyvkar,SOV,128829,2025,
14268,Kemerovo,SOV,431190,2025,
14271,Novokuznetsk,SOV,288930,2025,
14274,Leninsk-Kuznetskiy,SOV,101666,2010,
14276,Barnaul,SOV,445561,2025,
14279,Novosibirsk,SOV,1342711,2025,
14282,Mezhdunarodnyy Aeroport Novosibirsk; Novosibirsk International Airport,SOV,,,2
14284,Tomsk,SOV,465966,2025,
14285,Seversk,SOV,92893,2025,
14286,Tevriz,SOV,6986,2010,
14288,Omsk,SOV,869415,2025,
14291,Mezhdunarodnyy Aeroport Omsk; Omsk International Airport,SOV,,,1
14292,Tara,SOV,27318,2010,
14294,Isil'kul; Isilkul,SOV,24482,2010,
14326,Tyumen; Tyumen',SOV,627661,2025,
14331,Uvat,SOV,4964,2010,
14334,Kamensk-Ural'sky; Kamensk-Uralsky,SOV,68037,2025,
14339,Nizhny Tagil,SOV,202217,2025,
14340,Alapayevsk,SOV,38192,2010,
14342,Serov,SOV,68460,2025,
14346,Yekaterinburg,SOV,1102145,2025,
14350,Aeroport Kol'tsovo; Koltsovo Airport,SOV,,,1
14351,Pervoural'sk; Pervouralsk,SOV,69983,2025,
14356,Kurgan,SOV,151394,2025,
14358,Yurgamysh,SOV,7616,2010,
14359,Asha,SOV,31881,2010,
14361,Kartaly,SOV,29131,2010,
14363,Chelyabinsk,SOV,809268,2025,
14369,Magnitogorsk,SOV,351850,2025,
14371,Orsk,SOV,105622,2025,
14373,Orenburg,SOV,406414,2025,
14377,Ufa,SOV,872395,2025,
14384,Mezhdunarodnyy Aeroport Ufa; Ufa International Airport,SOV,,,1
14385,Samara,SOV,942553,2025,
14386,Novokuybyshevsk,SOV,108438,2010,
14388,Tolyatti,SOV,172659,2025,
14394,Gubakha,SOV,28111,2010,
14395,Perm; Perm',SOV,991162,2010,
14398,Ul'yanovsk; Ulyanovsk,SOV,378459,2025,
14402,Aeroport Kazan'; Kazan Airport,SOV,,,1
14403,Kazan; Kazan',SOV,1127086,2025,
14405,Naberezhnye Chelny,SOV,499389,2025,
14406,Nizhnekamsk,SOV,158702,2025,
14409,Izhevsk,SOV,584048,2025,
14412,Cheboksary,SOV,437913,2025,
14414,Ryazan; Ryazan',SOV,427330,2025,
14417,Penza,SOV,436253,2025,
14419,Vologda,SOV,245776,2025,
14421,Cherepovets,SOV,274714,2025,
14423,Yaroslavl; Yaroslavl',SOV,524797,2025,
14426,Vladimir,SOV,227182,2025,
14428,Ivanovo,SOV,368358,2025,
14430,Kostroma,SOV,220222,2025,
14431,Kirov,SOV,473695,2010,
14436,Dzerzhinsk,SOV,167436,2025,
14437,Nizhny Novgorod,SOV,1189993,2025,
15143,Vladikavkaz,SOV,312275,2025,
15146,Baikonur; Baykonur; Bayqoŋır,SOV,39341,2010,
15355,Dudinka,SOV,22175,2010,
13227,Segovia,SPA,54945,2011,
7114,Eivissa; Ibiza,SPA,53270,2025,
3945,Cuenca,SPA,56472,2011,
9778,Ciudad Real,SPA,54362,2025,
11821,Huesca,SPA,52031,2011,
950,Linares,SPA,60799,2011,
11820,Talavera de la Reina,SPA,57079,2025,
6936,Palencia,SPA,57573,2025,
939,Ávila,SPA,59482,2011,
918,Zamora,SPA,65417,2011,
9925,Mérida,SPA,57810,2011,
11843,Ponferrada,SPA,68383,2011,
9797,Manresa,SPA,63542,2025,
14521,Molina de Segura,SPA,66771,2011,
6959,Gandia,SPA,77595,2011,
858,Toledo,SPA,83872,2011,
10111,Jaén,SPA,88443,2025,
6734,Ourense,SPA,90571,2025,
6866,Cáceres,SPA,95616,2011,
7183,Dos Hermanas,SPA,97844,2025,
7111,Lorca,SPA,91849,2011,
11692,Lugo,SPA,98001,2011,
758,Santiago de Compostela,SPA,95397,2011,
11851,Badajoz,SPA,105442,2025,
10024,Cartagena,SPA,111592,2025,
13228,Cádiz,SPA,114582,2025,
854,Gerona; Girona,SPA,122502,2025,
9815,Huelva,SPA,126787,2025,
832,Albacete,SPA,137538,2025,
872,Lleida; Lérida,SPA,138521,2025,
6867,Salamanca,SPA,143062,2025,
726,León,SPA,145844,2025,
885,Burgos,SPA,151942,2025,
14514,Tarragona,SPA,152944,2025,
6817,Castellón de la Plana,SPA,159760,2025,
3902,Logroño,SPA,167010,2025,
14527,Marbella,SPA,169908,2025,
14529,Almería,SPA,176307,2025,
14506,Getafe,SPA,168642,2011,
11688,Santander,SPA,206302,2025,
13218,Oviedo,SPA,225005,2011,
14530,Córdoba,SPA,239916,2025,
13233,Vitoria-Gasteiz,SPA,252151,2025,
14499,Gijón,SPA,258571,2025,
14512,Tarrasa; Terrassa,SPA,261366,2025,
14497,A Coruña,SPA,271212,2025,
14498,Vigo,SPA,291792,2025,
3933,Pampalona,SPA,302466,2025,
14500,Valladolid,SPA,309896,2025,
14520,Murcia,SPA,341431,2025,
14528,Granada,SPA,362800,2025,
962,Alicante,SPA,400711,2025,
14515,Palma,SPA,402044,2011,
14525,Málaga,SPA,522827,2025,
14508,Zaragoza,SPA,624271,2025,
14522,Sevilla; Seville,SPA,696193,2025,
14501,Bilbao,SPA,729222,2025,
6906,Valencia,SPA,1404208,2025,
9764,Barcelona,SPA,3908362,2025,
14503,Madrid,SPA,5680137,2025,
813,Calatayud,SPA,20158,2025,
857,Soria,SPA,40654,2024,
871,Teruel,SPA,36655,2025,
3799,Requena,SPA,20982,2025,
3810,Pozoblanco,SPA,16931,2025,
3954,Alcañiz,SPA,16505,2025,
4095,Baza,SPA,20587,2025,
6812,Tortosa,SPA,35997,2025,
7153,Ronda,SPA,33671,2025,
9845,Mahón; Maó,SPA,30666,2025,
9917,Plasencia,SPA,40132,2025,
11819,Monzón,SPA,18525,2025,
14502,Aeropuerto de Bilbao; Bilbao Airport,SPA,,,1
14504,Adolfo Suárez Madrid-Barajas Airport; Aeropuerto Adolfo Suárez Madrid–Barajas,SPA,,,3
14510,Aeroport Josep Tarradellas; Aeropuerto Josep Tarradellas; Josep Tarradellas Airport,SPA,,,3
14523,Aeropuerto de Sevilla; Seville Airport,SPA,,,1
3623,Sombor,SRB,47623,2011,
6634,Požarevac,SRB,44183,2011,
3956,Užice,SRB,52646,2011,
11832,Vranje,SRB,55138,2011,
3609,Šabac,SRB,53919,2011,
9906,Leskovac,SRB,51941,2025,
11787,Zrenjanin,SRB,61395,2025,
3984,Čačak,SRB,70622,2025,
3939,Novi Pazar,SRB,93110,2025,
11586,Kragujevac,SRB,140856,2025,
11887,Niš,SRB,219095,2025,
13869,Novi Sad,SRB,286753,2025,
13864,Belgrade; Beograd,SRB,1200547,2025,
13867,Aerodrom Nikola Tesla Beograd; Nikola Tesla Airport,SRB,,,1
11147,Söderhamn,SWE,11761,2010,
11155,Gällivare,SWE,8449,2010,
6147,Mora,SWE,12418,2010,
363,Nybro,SWE,12810,2010,
49,Bollnäs,SWE,12842,2010,
9138,Arvika,SWE,14244,2010,
6397,Mjölby,SWE,12245,2010,
13265,Tranås,SWE,14197,2010,
11197,Ludvika,SWE,14498,2010,
11040,Hudiksvall,SWE,15228,2010,
3095,Kiruna,SWE,18148,2010,
6188,Kumla,SWE,15851,2010,
130,Härnösand,SWE,17556,2010,
9054,Kristinehamn,SWE,17839,2010,
9186,Boden,SWE,18277,2010,
9185,Köping,SWE,17743,2010,
3229,Oskarshamn,SWE,17995,2010,
15122,Värnamo,SWE,18696,2010,
11390,Västervik,SWE,21140,2010,
6209,Norrtälje,SWE,17530,2010,
9108,Piteå,SWE,22913,2010,
9109,Katrineholm,SWE,21993,2010,
9117,Sandviken,SWE,22965,2010,
408,Visby,SWE,23046,2010,
6164,Karlskoga,SWE,27084,2010,
6311,Motala,SWE,29823,2010,
182,Örnsköldsvik,SWE,31164,2010,
6310,Uddevalla,SWE,34537,2010,
11215,Karlskrona,SWE,35212,2010,
11201,Skellefteå,SWE,34555,2010,
11082,Nyköping,SWE,33762,2010,
3375,Skövde,SWE,34466,2010,
11160,Kristianstad,SWE,37274,2010,
299,Kalmar,SWE,36392,2010,
9193,Borlänge,SWE,41734,2010,
6165,Luleå,SWE,46607,2010,
295,Trollhättan,SWE,46457,2010,
6406,Borås,SWE,50459,2025,
11188,Eskilstuna,SWE,51933,2025,
46,Östersund,SWE,48927,2010,
6132,Umeå,SWE,64854,2025,
9329,Jönköping,SWE,64999,2025,
15117,Södertälje,SWE,68810,2025,
9151,Sundsvall,SWE,67969,2010,
11114,Karlstad,SWE,61685,2010,
6412,Halmstad,SWE,61504,2010,
242,Växjö,SWE,60887,2010,
9393,Linköping,SWE,84828,2025,
11091,Gävle,SWE,79838,2010,
11380,Norrköping,SWE,90149,2025,
11376,Lund,SWE,93091,2025,
9209,Örebro,SWE,94012,2025,
35,Västerås,SWE,104147,2025,
6345,Helsingborg,SWE,106339,2025,
9149,Uppsala,SWE,133611,2025,
9279,Malmö,SWE,339007,2025,
383,Gothenberg,SWE,599675,2025,
6050,Stockholm,SWE,1543892,2025,
125,Ljusdal,SWE,6230,2011,
156,Leksand,SWE,5934,2011,
201,Pajala,SWE,1958,2011,
3182,Skutskär,SWE,6499,2011,
6084,Lindesberg,SWE,6972,2017,
6125,Kalix,SWE,7299,2011,
6195,Torsby,SWE,4049,2011,
9093,Lycksele,SWE,8513,2011,
9211,Sorsele,SWE,1277,2011,
11049,Åre,SWE,3200,2019,
11129,Sollefteå,SWE,8643,2020,
11148,Strömsund,SWE,3589,2011,
13264,Vimmerby,SWE,10984,2011,
15119,Stockholm Arlanda Airport; Stockholm-Arlanda Flygplats,SWE,,,1
3660,Davos,SWI,11166,2010,
9622,Neuchâtel; Neuenburg,SWI,51772,2025,
9600,Lugano,SWI,91995,2025,
11604,Lucerna; Lucerne; Luzern,SWI,146604,2025,
14094,Bern; Berna; Berne,SWI,193474,2025,
14090,Basel; Basilea; Basle; Bâle,SWI,285823,2025,
6666,Lausanne; Losanna,SWI,288888,2025,
14089,Geneva; Genf; Genève; Ginevra,SWI,433727,2025,
663,Zurich; Zurigo; Zürich,SWI,689208,2025,
9618,Interlaken,SWI,5719,2021,
14092,Aeroporto di Zurigo; Aéroport de Zurich; Flughaven Zürich; Zurich Airport,SWI,,,1
15457,'Amūdā; Amuda,SYR,26821,2004,
1578,Ra's Al-'Aīn; Ras Al-Ayn,SYR,29347,2004,
15485,An-Nabek; An-Nabk,SYR,32548,2004,
15477,Palmyra; Tadmur,SYR,51323,2004,
15469,'Afrīn; Afrin,SYR,56283,2025,
15476,Ar-Rastan,SYR,60576,2025,
15462,Ad-Ṭhawrah; Al-Thawrah,SYR,69425,2004,
1056,Salamiyah; Salamiyya,SYR,69464,2025,
10087,Tartus; Ṭarṭūs,SYR,79503,2025,
2013,Al-Mayādīn; Mayadin,SYR,83827,2025,
15482,Douma; Dūmā,SYR,110893,2004,
15473,As-Suwaydā'; Suwayda,SYR,128546,2025,
1074,Dar'ā; Daraa,SYR,129915,2025,
15453,'Idlib; Idlib,SYR,132091,2025,
15470,Manbij; Manbiǧ,SYR,177389,2025,
15456,Al-Ḥasakah; Hasakah,SYR,186100,2025,
15461,Ar-Raqqah; Raqqa,SYR,193731,2025,
15458,Dayr az-Zawr; Deir ez-Zur,SYR,211857,2004,
15455,Al-Qāmishlī; Qamishli,SYR,272985,2025,
15471,Hama; Ḥamāh,SYR,300945,2025,
15452,Al-Lādhiqiyah; Latakia,SYR,573263,2025,
15474,Homs; Ḥimṣ,SYR,913554,2025,
15464,Aleppo; Ḥalab,SYR,3084136,2025,
4111,Damascus; Dimashq,SYR,3771638,2025,
901,Gharanij; Gharānīj,SYR,23009,2004,
1606,Tall Abyaḍ; Tell Abyad,SYR,14825,2004,
15466,Aleppo International Airport; Maṭār Ḥalab,SYR,,,1
15483,Damascus International Airport; Maṭār Dimashq,SYR,,,1
13788,Tiraspol,TRZ,133807,2014,
13789,Rybnitsa,TRZ,47949,2014,
13790,Bendery,TRZ,91882,2014,
13792,Dubossary,TRZ,25060,2014,
7180,Zaghouan; Zaghwān,TUN,20798,2014,
10082,Douz; Dūz,TUN,30245,2014,
1046,Al-Kāf; Le Kef,TUN,50809,2025,
11957,Jarjīs; Zarzis,TUN,56320,2025,
11921,Al-Mahdiyah; Mahdia,TUN,51803,2014,
1037,Sidi Bouzid; Sīdī Bū Zayd,TUN,58168,2025,
12000,Tataouine; Taṭāwīn,TUN,62686,2025,
10091,Nabeul; Nābul,TUN,70437,2014,
7162,Al-Qayrawān; Kairouan,TUN,81409,2025,
4061,Al-Qaṣrayn; Kasserine,TUN,83463,2025,
15217,Djerba Houmt Souk; Jarbah Ḥawmat as-Sūq,TUN,75904,2014,
11935,Gafsa; Qafṣah,TUN,127458,2025,
7005,Gabès; Qābis,TUN,177608,2025,
9994,Banzart; Bizerte,TUN,178254,2025,
15213,Sousse; Sūsah,TUN,537190,2025,
15214,Sfax; Ṣafāqis,TUN,649272,2025,
11969,Tunis; Tūnis,TUN,2790169,2025,
15215,Maṭār Tūnis Al-Dawli; Tunis International Airport,TUN,,,1
10403,Ardahan,TUR,18298,2011,
876,Kovancılar,TUR,21891,2011,
11753,Artvin,TUR,25234,2011,
981,Simav,TUR,24975,2011,
9871,Tosya,TUR,27991,2011,
11839,Sungurlu,TUR,33546,2011,
4112,Çeşme,TUR,21394,2011,
11797,Tunceli,TUR,32815,2011,
3979,Gümüşhane,TUR,31011,2011,
9806,Beypazarı,TUR,36334,2011,
6894,Seydişehir,TUR,40375,2011,
3788,Beyşehir,TUR,34741,2011,
9886,Bayburt,TUR,35654,2011,
7130,Torbalı,TUR,52098,2025,
12318,Tatvan,TUR,56119,2025,
11860,Akşehir,TUR,56239,2025,
11848,Bergama,TUR,58457,2025,
12416,Ceylanpınar,TUR,58587,2025,
856,Tavşanlı,TUR,61528,2025,
7026,Silifke,TUR,54818,2011,
9941,Bodrum,TUR,66904,2025,
6871,Hendek,TUR,70580,2025,
12016,Burdur,TUR,71347,2025,
9868,Erzincan,TUR,75190,2025,
10472,Kars,TUR,75346,2025,
7620,Kâhta,TUR,81166,2025,
9901,Polatlı,TUR,81439,2025,
3893,Lüleburgaz,TUR,82322,2025,
9844,Çankırı,TUR,84239,2025,
12936,Mardin,TUR,84641,2025,
6938,Kastamonu,TUR,86877,2025,
9861,Nevşehir,TUR,89205,2025,
3862,Yozgat,TUR,76745,2011,
9915,Amasya,TUR,97375,2025,
9823,Suruç,TUR,97691,2025,
9830,Niğde,TUR,98173,2025,
4583,Iğdır,TUR,99682,2025,
12915,Kilis,TUR,103014,2025,
1463,Yüksekova,TUR,103169,2025,
10122,Fethiye,TUR,107454,2025,
10399,Bingöl,TUR,113230,2025,
9858,Muş,TUR,117955,2025,
9921,Akhisar,TUR,120412,2025,
975,Giresun,TUR,121465,2025,
6912,Bandırma,TUR,121652,2025,
3935,Tokat,TUR,122160,2025,
3921,Elbistan,TUR,122644,2025,
6895,Çorlu,TUR,123052,2025,
9799,Edremit,TUR,53826,2011,
7143,Karaman,TUR,125344,2025,
3714,Rize,TUR,125883,2025,
6864,Çanakkale,TUR,128856,2025,
11844,Kırşehir,TUR,129610,2025,
4008,Alanya,TUR,131344,2025,
3905,Bolu,TUR,132376,2025,
10979,Viranşehir,TUR,136940,2025,
12387,Cizre,TUR,139569,2025,
3983,Afyonkarahisar,TUR,142324,2025,
11842,Edirne,TUR,143148,2025,
869,Aksaray,TUR,144904,2025,
652,Ağrı,TUR,145032,2025,
7470,Erciş,TUR,145965,2025,
1122,Manavgat,TUR,150381,2025,
11894,Ordu,TUR,154937,2025,
3879,Tekirdağ,TUR,155929,2025,
10936,Erzurum,TUR,162678,2025,
3870,Talas,TUR,101664,2011,
10497,Siirt,TUR,166361,2025,
12476,Silopi,TUR,170924,2025,
11831,Kütahya,TUR,179126,2025,
3851,Yalova,TUR,181686,2025,
804,Kırıkkale,TUR,193950,2011,
11759,Siverek,TUR,191657,2025,
3919,Karabük,TUR,197055,2025,
11796,Uşak,TUR,197267,2025,
11866,Zonguldak,TUR,200396,2025,
3786,İnegöl,TUR,214533,2025,
15400,Tarsus,TUR,218397,2025,
784,Isparta,TUR,226042,2025,
9912,Adıyaman,TUR,229020,2025,
5170,Karaköprü,TUR,52301,2011,
9900,Çorum,TUR,247552,2025,
10038,Aydın,TUR,209496,2011,
806,Osmaniye,TUR,297348,2025,
11778,Balıkesir,TUR,318029,2025,
789,Trabzon,TUR,328138,2025,
15386,İzmit,TUR,300611,2011,
12029,Antakya,TUR,296288,2011,
3903,Sivas,TUR,401054,2025,
928,Manisa,TUR,406110,2025,
8206,Elâzığ,TUR,437440,2025,
7530,Batman,TUR,481850,2025,
15394,Denizli,TUR,501994,2025,
5206,Malatya,TUR,510425,2025,
15399,Adana,TUR,523158,2025,
15390,Adapazarı,TUR,429331,2011,
10056,Kahramanmaraş,TUR,554382,2025,
15411,Eskişehir,TUR,608474,2025,
8237,Van,TUR,623590,2025,
11881,Samsun,TUR,643552,2025,
12992,Diyarbakır,TUR,648874,2025,
15397,Mersin,TUR,654657,2025,
1498,Şanlıurfa,TUR,762062,2025,
15387,Gebze,TUR,545229,2011,
15408,Kayseri,TUR,893376,2025,
15406,Konya,TUR,1017329,2025,
15395,Antalya,TUR,1372672,2025,
15413,Gaziantep,TUR,1681270,2025,
15388,Bursa,TUR,2366448,2025,
15392,Izmir; İzmir,TUR,2457529,2025,
15403,Ankara,TUR,3695989,2025,
9833,Istanbul; İstanbul,TUR,14210222,2025,
904,Karadeniz Ereğli,TUR,156683,2025,
9763,Ereğli,TUR,97610,2012,
11747,Ankara Esenboga Airport; Ankara Esenboğa Havalimanı,TUR,,,2
15383,Istanbul Airport; İstanbul Havalimanı,TUR,,,4
15414,Gaziantep Airport; Gaziantep Havalimanı,TUR,,,1
15962,Nzega,TZN,50213,2025,
15952,Bariadi,TZN,56155,2025,
2206,Babati,TZN,57909,2012,
8201,Masasi,TZN,72492,2025,
15976,Njombe,TZN,64122,2012,
12967,Ifakara,TZN,98174,2025,
5224,Handeni,TZN,79056,2012,
12944,Mtwara,TZN,116731,2025,
2176,Mpanda,TZN,116981,2025,
15960,Singida,TZN,120810,2025,
4171,Kahama,TZN,147472,2025,
15950,Bukoba,TZN,155945,2025,
15972,Sumbawanga,TZN,184293,2025,
11017,Musoma,TZN,189131,2025,
15964,Tabora,TZN,199592,2025,
15977,Iringa,TZN,217074,2025,
10845,Songea,TZN,228440,2025,
8183,Tanga,TZN,252499,2025,
15955,Dodoma,TZN,267333,2025,
8144,Kigoma,TZN,347892,2025,
8205,Morogoro,TZN,407719,2025,
15973,Mbeya,TZN,587388,2025,
15980,Zanzibar,TZN,501459,2012,
15969,Arusha,TZN,806518,2025,
15947,Mwanza,TZN,977475,2025,
15981,Dar es Salaam,TZN,8918525,2025,
15982,Julius Nyerere International Airport,TZN,,,1
10904,Ras Al-Khaimah; Rā's Al-Khaymah,UAE,259127,2025,
15840,Abu Dhabi; Abū Ẓaby,UAE,508976,2025,
15848,Al-'Ayn; Al-Ain,UAE,376929,2010,
15846,Ash-Shāriqah; Sharjah City,UAE,900000,2010,
15844,Dubai; Dubayy,UAE,4565478,2025,
15845,Dubai International Airport; Maṭār Dubayy Al-Dawli,UAE,,,4
7088,Fort Portal,UGA,55643,2025,
15993,Hoima,UGA,76893,2025,
15995,Soroti,UGA,77727,2025,
3854,Masaka,UGA,141042,2025,
15997,Gulu,UGA,205487,2025,
7133,Arua,UGA,215726,2025,
12929,Jinja,UGA,245759,2025,
15994,Mbarara,UGA,285352,2025,
15996,Mbale,UGA,266558,2014,
15991,Nansana,UGA,365124,2014,
15988,Kampala,UGA,5177878,2025,
15990,Entebbe International Airport,UGA,,,1
11513,Starobel'sk; Starobil's'k; Starobilsk,UKR,17980,2014,
3409,Volchansk; Vovchans'k; Vovchansk,UKR,19029,2014,
3491,Krasnyi Lyman; Krasnyy Lyman; Lyman,UKR,22409,2014,
9454,Zolochev; Zolochiv; Złoczów,UKR,24119,2014,
6480,Haisyn,UKR,25879,2014,
535,Sarny,UKR,28835,2014,
13765,Tokmak,UKR,32772,2014,
6455,Mohyliv-Podilskyi,UKR,31832,2014,
9556,Chuguyev; Chuhuiv,UKR,32379,2014,
13743,Avdeevka; Avdiivka,UKR,35090,2014,
476,Zhmerynka,UKR,35354,2014,
463,Romny,UKR,41951,2014,
11504,Myrhorod,UKR,40876,2014,
11441,Vladimir-Volyns'kiy; Volodymyr-Volyns'kyy; Volodymyr-Volynskyi; Włodzimierz-Wołyński,UKR,38964,2014,
11546,Yuzhnoukrainsk; Yuzhnoukrayins'k,UKR,40378,2014,
9576,Kotovs'k; Kotovsk; Podils'k; Podilsk; Podol'sk,UKR,40717,2014,
3511,Shepetivka; Shepetovka,UKR,43255,2014,
3468,Svetlovodsk; Svitlovods'k; Svitlovodsk,UKR,46372,2014,
559,Lubny,UKR,47397,2014,
3573,Nova Kakhovka; Novaya Kakhovka,UKR,47638,2014,
3455,Akhtyrka; Okhtyrka,UKR,48881,2014,
13799,Belgorod-Dnestrovskiy; Bilhorod-Dnistrovs'kyy; Bilhorod-Dnistrovsky,UKR,50105,2014,
9446,Roven'ky; Rovenky,UKR,50426,2025,
9437,Pryluky,UKR,58202,2014,
6597,Pervomaisk; Pervomays'k,UKR,51647,2025,
9677,Feodosia,UKR,54744,2025,
3466,Krasnoarmeysk; Krasnoarmiisk; Krasnoarmiys'k; Pokrovs'k; Pokrovsk,UKR,55117,2025,
488,Smela; Smila,UKR,57144,2025,
11461,Lozova; Lozovaya,UKR,57204,2025,
3225,Shostka,UKR,59079,2025,
9463,Novomoskovsk,UKR,59345,2025,
13740,Lysychans'k; Lysychansk,UKR,60335,2025,
11477,Korosten,UKR,65454,2014,
3480,Nezhin; Nizhyn,UKR,72869,2014,
9477,Konotop,UKR,66496,2025,
13787,Konstantinovka; Kostyantynivka,UKR,76065,2014,
3479,Artemivsk; Bakhmut,UKR,68173,2025,
3701,Izmail; Izmayil,UKR,72501,2014,
9571,Berdyans'k; Berdyansk,UKR,70026,2025,
3548,Mukachevo,UKR,70871,2025,
11424,Uman; Uman',UKR,73559,2025,
486,Pavlograd; Pavlohrad,UKR,76283,2025,
9680,Kerch; Kerch',UKR,77377,2025,
6483,Drogobich; Drohobych; Drohobycz,UKR,83120,2025,
3430,Kam'yanets'-Podil's'kyy; Kamenets-Podol'skiy; Kamianets-Podilskyi,UKR,84179,2025,
13756,Severodonetsk; Sivers'kodonets'k; Siverskodonetsk,UKR,84490,2025,
705,Yevpatoriya,UKR,90934,2025,
13785,Slavyansk; Slov'yans'k; Slovyansk,UKR,91074,2025,
13786,Kramators'k; Kramatorsk,UKR,99066,2025,
9419,Nikopol; Nikopol',UKR,109993,2025,
13763,Melitopol; Melitopol',UKR,111892,2025,
11557,Brovary,UKR,118929,2025,
11691,Uzhgorod; Uzhorod,UKR,121222,2025,
6495,Kremenchuk,UKR,130957,2025,
13751,Gorlovka; Horlivka,UKR,143612,2025,
6505,Alchevs'k; Alchevsk,UKR,150118,2025,
13815,Sumy,UKR,177433,2025,
3483,Tarnopol; Ternopil; Ternopil'; Ternopol',UKR,183217,2025,
504,Belaya Tserkov'; Bila Tserkva,UKR,185038,2025,
3452,Kirovograd; Kirovohrad; Kropivnits'kyy; Kropivnitskiy; Kropyvnytskyi,UKR,195361,2025,
9433,Dneprodzerzhinsk; Dniprodzerzhins'k; Dniprodzerzhynsk; Kam'yans'ke; Kamianske,UKR,196341,2025,
13805,Luts'k; Lutsk; Łuck,UKR,201606,2025,
11514,Zhytomyr,UKR,210457,2025,
6435,Rivne; Rovno; Równe,UKR,214365,2025,
13727,Sevastopol; Sevastopol',UKR,220792,2025,
13808,Chernigov; Chernihiv,UKR,223890,2025,
11411,Ivano-Frankivs'k; Ivano-Frankivsk; Ivano-Frankovsk,UKR,223969,2025,
3457,Khmel'nyts'kyy; Khmel'nytskiy; Khmelnytskyi,UKR,224407,2025,
577,Chernivtsi; Chernovtsy,UKR,225829,2025,
511,Poltava,UKR,230006,2025,
13818,Cherkassy; Cherkasy,UKR,233431,2025,
13737,Kherson,UKR,246357,2025,
13731,Simferopol; Simferopol',UKR,292024,2025,
13747,Lugansk; Luhans'k; Luhansk,UKR,342311,2025,
13802,Vinnytsia,UKR,355789,2025,
13753,Mariupol; Mariupol',UKR,363415,2025,
13782,Mykolaiv; Mykolayiv; Nikolayev,UKR,412070,2025,
13774,Kryvoy Rog; Kryvyi Rih,UKR,471275,2025,
11479,L'viv; L'vov; Lviv; Lwów ,UKR,604320,2025,
13760,Zaporizhzhia; Zaporozh'ye,UKR,624951,2025,
13741,Donets'k; Dontesk,UKR,690522,2025,
13779,Dnipro; Dnipropetrovsk,UKR,761540,2025,
13797,Odesa; Odessa,UKR,977813,2025,
13767,Khar'kov; Kharkiv,UKR,1284380,2025,
525,Kiev; Kyiv,UKR,2575199,2025,
238,Novgorod-Severskiy; Novhorod-Sivers'kyy; Novhorod-Siverskyi,UKR,13753,2014,
429,Gulyaipole; Hulyaipole,UKR,14358,2013,
536,Chervonohrad; Chervonograd; Czerwonogród,UKR,65767,2025,
568,Skadovs'k; Skadovsk,UKR,18824,2014,
570,Svatove; Svatoveo,UKR,18093,2014,
574,Novyi Buh; Noviy Bug,UKR,15603,2014,
3470,"Novohrad-Volynskyi; Novohrad-Volyns'kyi, Novohrad-Volynskiy",UKR,56049,2014,
3738,Ochakiv; Ochakov,UKR,14566,2014,
6776,Ugledar; Vuhledar,UKR,15294,2014,
9531,Izyum,UKR,51175,2014,
9543,Pereiaslav,UKR,27864,2014,
9548,Storozhinets; Storozhynets; Storozhynets',UKR,14407,2014,
9698,Berezivka,UKR,9778,2014,
11715,Velikaya Aleksandrovka; Velyka Oleksandrivka,UKR,6941,2014,
13742,Donetsk International Airport; Mezhdunarodnyy Aeroport Donetsk; Mizhnarodnyy Aeroport Donets'k,UKR,,,1
13768,Kharkiv International Airport; Mezhdunarodnyy Aeroport Khar'kov; Mizhnarodnyy Aeroport Kharkiv,UKR,,,1
13798,Mezhdunarodnyy Aeroport Odessa; Mizhnarodnyy Aeroport Odesa; Odesa International Airport,UKR,,,1
13811,Irpin; Irpin'; Irpen',UKR,44023,2014,
68,Rochester,USA,720572,2010,
528,Eugene,USA,241885,2025,
607,Albany,USA,99833,2025,
610,Eureka,USA,14027,2020,
638,Athens,USA,143213,2020,
689,Toledo,USA,194259,2025,
703,Rhinelander,USA,9738,2020,
768,Redding,USA,120602,2020,
860,Montgomery,USA,117537,2025,
880,Butler,USA,37954,2020,
882,Erie,USA,111537,2025,
986,San Luis Obispo,USA,56904,2020,
1132,Wilmington,USA,219957,2010,
1352,Topeka,USA,148956,2020,
1506,Roanoke,USA,217312,2020,
1527,Peoria,USA,259781,2020,
1559,Bastrop,USA,19384,2020,
1587,Tuscaloosa,USA,156450,2020,
1595,Fort Wayne,USA,108272,2025,
1615,Hattiesburg,USA,80821,2020,
1618,Muskogee,USA,35798,2020,
1643,Lafayette,USA,227316,2020,
1690,Spokane,USA,308681,2025,
1734,Duluth,USA,119411,2020,
1747,Rapid City,USA,85679,2020,
1758,Chattanooga,USA,398569,2020,
1793,Prescott,USA,92427,2020,
1806,Tulsa,USA,434183,2025,
1809,Colorado Springs,USA,445670,2025,
1832,Sandpoint,USA,12824,2020,
1836,Bismark,USA,98198,2020,
1854,Whitefish,USA,7898,2020,
1867,Marshall,USA,21387,2020,
1913,Cape Coral,USA,308438,2025,
1915,Abilene,USA,62024,2025,
1998,Midland,USA,88806,2025,
3513,Salem,USA,228920,2025,
3710,Worcester,USA,134217,2025,
3712,Concord,USA,285553,2025,
3719,Fargo,USA,131027,2025,
3732,Portland,USA,203914,2010,
3747,Oswego,USA,24421,2020,
3823,Charlottesville,USA,104191,2020,
3847,York,USA,72506,2025,
3878,JFK International Airport,USA,,,5
3957,Washington,USA,3471725,2025,
4029,Eau Claire,USA,105475,2020,
4274,Bend,USA,106988,2020,
4442,Youngstown,USA,320901,2020,
4540,Sikeston,USA,17683,2020,
4569,St. Louis,USA,797220,2025,
4607,Carson City,USA,61629,2020,
4610,Buffalo,USA,4368,2010,
4625,Jonesboro,USA,5245,2020,
4653,Greeneville,USA,22919,2020,
4664,Rochester,USA,107677,2010,
4723,Cheyenne,USA,79250,2020,
4727,Blythe,USA,11780,2020,
4747,Richland,USA,255401,2020,
4749,Scottsbluff,USA,25104,2020,
4759,Williston,USA,29510,2020,
4778,Moscow,USA,25914,2020,
4854,Marquette,USA,24682,2020,
4857,Billings,USA,80942,2025,
4955,Odessa,USA,84419,2025,
4988,Bowling Green,USA,30989,2020,
5022,Waco,USA,52607,2025,
5059,Huntsville,USA,100172,2025,
6694,Modesto,USA,334845,2025,
6710,Detroit,USA,1918653,2025,
6732,Boston,USA,1669310,2025,
6742,Missoula,USA,88109,2020,
6769,Lansing,USA,111165,2025,
6785,Corpus Christi,USA,239777,2025,
6845,Philadelphia,USA,2286396,2025,
6882,Newark,USA,81223,2020,
6887,Grand Junction,USA,78680,2025,
6890,Cleveland,USA,722540,2025,
6929,Hagerstown,USA,197557,2020,
6971,Charleston,USA,153199,2010,
6984,Frederick,USA,176456,2020,
7195,Kahului,USA,51668,2025,
7306,Cedar Rapids,USA,55742,2025,
7420,Traverse City,USA,56890,2020,
7462,Augusta,USA,22637,2010,
7466,Beckley,USA,57468,2020,
7480,Mobile,USA,93512,2025,
7551,Lafayette,USA,147725,2010,
7607,Columbia,USA,124748,2010,
7629,Burlington,USA,24086,2020,
7643,Asheville,USA,285776,2020,
7668,Biloxi,USA,236344,2020,
7756,Elko,USA,21695,2020,
7831,Carbondale,USA,31488,2020,
7852,Grand Island,USA,55099,2020,
7862,Aberdeen,USA,26603,2020,
7986,El Centro,USA,74376,2020,
7999,Durango,USA,19114,2020,
8070,Roswell,USA,48831,2020,
9450,Chicago,USA,5318735,2025,
9637,Monterey,USA,123495,2020,
9654,South Bend,USA,109857,2025,
9671,San Francisco,USA,4718349,2025,
9697,Chico,USA,91702,2025,
9730,Fort Bragg,USA,10668,2020,
9773,Lubbock,USA,178647,2025,
9786,Dover,USA,123101,2020,
9814,Los Angeles International Airport,USA,,,5
9820,Scranton,USA,74951,2025,
9832,New London,USA,7804,2020,
9908,Amarillo,USA,138829,2025,
9923,Morgantown,USA,77620,2020,
10081,Greensboro,USA,147671,2025,
10155,Yakima,USA,100894,2025,
10159,Alturas,USA,2715,2020,
10303,Alpena,USA,15425,2020,
10352,Pensacola,USA,390172,2020,
10370,Springfield,USA,282651,2020,
10407,Tallahassee,USA,80597,2025,
10422,Reno,USA,233376,2025,
10457,Springfield,USA,161316,2010,
10477,Conway,USA,5272,2020,
10478,Davenport,USA,88647,2025,
10492,Macon,USA,5359,2020,
10532,Hays,USA,21880,2020,
10586,Paducah,USA,50833,2020,
10657,Knoxville,USA,597257,2020,
10676,Lincoln,USA,226804,2025,
10690,Kennewick,USA,129729,2025,
10706,Glendive,USA,6675,2020,
10711,Casper,USA,67751,2020,
10717,Kansas City,USA,398610,2025,
10778,Tyler,USA,131028,2020,
11635,Evansville,USA,67985,2025,
11650,Elmira,USA,62468,2020,
11656,Ann Arbor,USA,75954,2025,
11662,Plattsburgh,USA,28958,2020,
11669,Flint,USA,298964,2020,
11717,Tupelo,USA,40233,2020,
11785,Harrisburg,USA,81707,2025,
11927,Myrtle Beach,USA,298954,2020,
11975,Savannah,USA,115676,2025,
12021,Hilo,USA,41410,2020,
12054,Fayetteville,USA,10120,2020,
12312,Rockford,USA,151022,2025,
12401,Shreveport,USA,288052,2020,
12437,Bloomington,USA,56286,2025,
12459,Bangor,USA,61539,2020,
12498,Columbus,USA,253602,2010,
12535,Pocatello,USA,72211,2020,
12553,Baker City,USA,9768,2020,
12585,Bozeman,USA,59080,2020,
12627,Pueblo,USA,120642,2020,
12633,Rock Springs,USA,25853,2020,
12637,Pikeville,USA,10710,2020,
12646,Sioux City,USA,113066,2020,
12667,Sioux Falls,USA,79285,2025,
12670,Clarksville,USA,200947,2020,
12684,Santa Fe,USA,94241,2020,
12699,St. George,USA,134109,2020,
12765,Flagstaff,USA,79842,2020,
12778,Fort Smith,USA,125811,2020,
12791,Las Cruces,USA,61230,2025,
13293,Minneapolis-St. Paul,USA,3333633,2025,
13368,Fremont,USA,22175,2020,
13369,San Jose,USA,1837446,2020,
13370,Sacramento,USA,1697184,2025,
13374,Sacramento International Airport,USA,,,1
13375,Santa Barbara,USA,96521,2025,
13376,San Diego,USA,1977279,2025,
13378,Los Angeles,USA,13474333,2025,
13381,San Bernardino,USA,2276703,2020,
13383,Las Vegas,USA,2371780,2025,
13384,Henderson,USA,14924,2020,
13386,Salt Lake City,USA,1108953,2025,
13387,Provo,USA,534552,2025,
13389,Ogden,USA,138934,2025,
13390,Phoenix,USA,2608874,2025,
13393,Phoenix-Mesa Gateway Airport,USA,,,1
13394,Tucson,USA,466092,2025,
13396,Portland,USA,1849898,2010,
13399,Vancouver,USA,167167,2010,
13400,Seattle,USA,2099643,2025,
13402,Tacoma,USA,330414,2025,
13407,Albuquerque,USA,456285,2025,
13408,Denver,USA,2425086,2025,
13411,Denver International Airport,USA,,,4
13413,Boulder,USA,95315,2025,
13415,Tampa,USA,709023,2025,
13416,St. Petersburg-Clearwater,USA,942907,2025,
13419,Miami-Fort Lauderdale,USA,5733042,2025,
13423,Orlando,USA,1231650,2025,
13427,Orlando International Airport,USA,,,2
13428,Jacksonville,USA,379643,2025,
13430,Des Moines,USA,242765,2025,
13439,Oklahoma City,USA,492130,2025,
13446,Houston,USA,4301461,2025,
13451,College Station,USA,117186,2025,
13454,Dallas-Fort Worth,USA,6366542,2025,
13456,Dallas Fort Worth International Airport,USA,,,4
13465,Austin,USA,1580153,2025,
13467,San Antonio,USA,1513874,2025,
13471,New Orleans,USA,821135,2025,
13473,Baton Rouge,USA,226126,2025,
13474,Wilmington,USA,135688,2025,
13478,Springfield,USA,442145,2020,
13480,Yarmouth,USA,215888,2010,
13481,Providence,USA,437121,2025,
13483,Hartford,USA,187629,2025,
13484,New Haven,USA,147121,2025,
13485,Sikorsky Memorial Airport,USA,,,1
13488,Birmingham,USA,136700,2025,
13492,Nashville,USA,280464,2025,
13495,Nashville International Airport,USA,,,1
13496,Memphis,USA,402281,2025,
13499,Augusta,USA,386787,2010,
13501,Atlanta,USA,602708,2025,
13504,Marietta,USA,21723,2020,
13507,Hartsfield-Jackson Atlanta International Airport,USA,,,1
13510,Charleston,USA,548404,2010,
13513,Columbia,USA,549777,2010,
13514,Charlotte,USA,229305,2025,
13518,Raleigh,USA,152973,2025,
13519,Durham,USA,396118,2020,
13520,Milwaukee,USA,833927,2025,
13521,Milwaukee Mitchell International Airport,USA,,,1
13528,Grand Rapids,USA,293006,2025,
13537,Anchorage,USA,225128,2025,
13538,Ted Stevens Anchorage International Airport,USA,,,1
13543,Gary,USA,69093,2020,
13549,Indianapolis,USA,418057,2025,
13553,Louisville,USA,505690,2025,
13557,Lexington,USA,295164,2025,
13560,Cincinnati,USA,414286,2025,
13562,Dayton,USA,153881,2025,
13563,Akron,USA,119274,2025,
13566,Columbus,USA,1368035,2010,
13569,Green Bay,USA,95228,2025,
13570,Alexandria,USA,18957,2020,
13571,Dulles International Airport,USA,,,1
13572,Richmond,USA,151924,2025,
13575,Newport News,USA,97456,2025,
13576,Norfolk,USA,622410,2025,
13579,Baltimore,USA,2203663,2010,
13593,Pittsburgh,USA,490508,2025,
13601,New York City,USA,14197659,2025,
13602,Buffalo,USA,935906,2010,
13754,Madison,USA,147384,2025,
13842,Trenton,USA,179668,2025,
13901,Syracuse,USA,155391,2025,
13972,Appleton,USA,74931,2025,
14203,Kenosha,USA,77138,2025,
14459,Fresno,USA,747154,2025,
14462,Bakersfield,USA,644121,2025,
14464,Stockton,USA,408517,2025,
14469,Boise,USA,348689,2025,
14471,Honolulu,USA,541957,2025,
14472,San Juan,USA,748534,2025,
14476,New Braunfels,USA,100736,2020,
14482,El Paso,USA,639026,2025,
14483,Wichita,USA,238760,2025,
14485,Omaha,USA,368050,2025,
14488,Little Rock,USA,81252,2025,
14491,Jackson,USA,10760,2020,
14122,Città del Vaticano; Vatican City,VCY,798,2010,
15823,Al-Marhinah,YEM,20925,2004,
12821,'Atāq; Ataq,YEM,50785,2025,
5074,Ja'ar; Ja'ār,YEM,87954,2025,
15816,Say'ūn; Seiyun,YEM,129910,2025,
15835,Rada'a; Radā',YEM,136799,2025,
15824,Sa'dah; Ṣa'dah,YEM,159979,2025,
1920,'Amrān; Amram,YEM,176305,2025,
15828,Bajil; Bājil,YEM,177176,2025,
15815,Al-Mukalla; Al-Mukallā,YEM,182478,2004,
10840,Dhamar; Dhamār,YEM,337585,2025,
15826,Al-Hudaydah; Al-Ḥudaydah,YEM,409994,2004,
15819,'Adan; Aden,YEM,497379,2025,
15836,Ibb,YEM,843581,2025,
15827,Ta'izz; Taiz,YEM,1284739,2025,
15830,Sana'a; Ṣan'ā',YEM,3759520,2025,
15833,Maṭār Ṣan'ā' Al-Dawli; Sana'a International Airport,YEM,,,1
