city,country,population,reference_date
Altmünster,Austria,9974,2026-01-01
Amstetten,Austria,23980,2026-01-01
Ansfelden,Austria,18229,2026-01-01
Baden,Austria,26097,2026-01-01
Bad Ischl,Austria,14137,2026-01-01
Bad Vöslau,Austria,12589,2026-01-01
Bischofshofen,Austria,10804,2026-01-01
Bludenz,Austria,14994,2026-01-01
Braunau am Inn,Austria,17534,2026-01-01
Bregenz,Austria,29270,2026-01-01
Bruck an der Mur,Austria,15608,2026-01-01
Brunn am Gebirge,Austria,12308,2026-01-01
Deutschlandsberg,Austria,11675,2026-01-01
Dornbirn,Austria,52252,2026-01-01
Ebreichsdorf,Austria,12017,2026-01-01
Eisenstadt,Austria,16396,2026-01-01
Enns,Austria,12191,2026-01-01
Feldbach,Austria,13369,2026-01-01
Feldkirch,Austria,36643,2026-01-01
Feldkirchen in Kärnten,Austria,14558,2026-01-01
Fürstenfeld,Austria,10358,2026-01-01
Gänserndorf,Austria,12348,2026-01-01
Gerasdorf bei Wien,Austria,12142,2026-01-01
Gleisdorf,Austria,11554,2026-01-01
Gmunden,Austria,13142,2026-01-01
Götzis,Austria,12426,2026-01-01
Gratwein-Straßengel,Austria,12759,2026-01-01
Graz,Austria,306971,2026-01-01
Groß-Enzersdorf,Austria,12156,2026-01-01
Hallein,Austria,21607,2026-01-01
Hall in Tirol,Austria,14625,2026-01-01
Hard,Austria,13800,2026-01-01
Hohenems,Austria,17668,2026-01-01
Hollabrunn,Austria,12573,2026-01-01
Imst,Austria,11076,2026-01-01
Innsbruck,Austria,132820,2026-01-01
Judenburg,Austria,9441,2026-01-01
Kapfenberg,Austria,21796,2026-01-01
Klagenfurt am Wörthersee,Austria,105734,2026-01-01
Klosterneuburg,Austria,28153,2026-01-01
Knittelfeld,Austria,12792,2026-01-01
Köflach,Austria,9557,2026-01-01
Korneuburg,Austria,13790,2026-01-01
Krems an der Donau,Austria,25581,2026-01-01
Kufstein,Austria,20118,2026-01-01
Laakirchen,Austria,9726,2026-01-01
Lauterach,Austria,10670,2026-01-01
Leibnitz,Austria,13441,2026-01-01
Leoben,Austria,24455,2026-01-01
Leonding,Austria,29161,2026-01-01
Lienz,Austria,12105,2026-01-01
Linz,Austria,214272,2026-01-01
Lustenau,Austria,24704,2026-01-01
Marchtrenk,Austria,14942,2026-01-01
Mistelbach,Austria,11976,2026-01-01
Mödling,Austria,20662,2026-01-01
Neunkirchen,Austria,12984,2026-01-01
Perchtoldsdorf,Austria,14904,2026-01-01
Purkersdorf,Austria,9931,2026-01-01
Rankweil,Austria,12168,2026-01-01
Ried im Innkreis,Austria,12965,2026-01-01
Saalfelden am Steinernen Meer,Austria,17360,2026-01-01
Salzburg,Austria,157834,2026-01-01
Sankt Andrä,Austria,9836,2026-01-01
Sankt Johann im Pongau,Austria,11593,2026-01-01
Sankt Johann in Tirol,Austria,9908,2026-01-01
Sankt Pölten,Austria,60112,2026-01-01
Sankt Veit an der Glan,Austria,12178,2026-01-01
Schwaz,Austria,14581,2026-01-01
Schwechat,Austria,21471,2026-01-01
Seekirchen am Wallersee,Austria,11722,2026-01-01
Seiersberg-Pirka,Austria,12264,2026-01-01
Sierning,Austria,9910,2026-01-01
Spittal an der Drau,Austria,15263,2026-01-01
Steyr,Austria,37898,2026-01-01
Stockerau,Austria,17363,2026-01-01
Strasshof an der Nordbahn,Austria,12324,2026-01-01
Telfs,Austria,16467,2026-01-01
Ternitz,Austria,14637,2026-01-01
Traiskirchen,Austria,18958,2026-01-01
Traun,Austria,25436,2026-01-01
Trofaiach,Austria,10960,2026-01-01
Tulln an der Donau,Austria,16758,2026-01-01
Villach,Austria,66051,2026-01-01
Vöcklabruck,Austria,12985,2026-01-01
Voitsberg,Austria,9517,2026-01-01
Völkermarkt,Austria,10803,2026-01-01
Waidhofen an der Ybbs,Austria,11053,2026-01-01
Wals-Siezenheim,Austria,14452,2026-01-01
Weiz,Austria,12212,2026-01-01
Wels,Austria,65764,2026-01-01
Wien [ Vienna ],Austria,2040914,2026-01-01
Wiener Neustadt,Austria,50025,2026-01-01
Wolfsberg,Austria,25011,2026-01-01
Wörgl,Austria,14398,2026-01-01
Zell am See,Austria,10217,2026-01-01
Zwettl-Niederösterreich,Austria,10710,2026-01-01
Adelaide,Australia,1470938,2025-06-30
Airlie Beach - Cannonvale,Australia,16597,2025-06-30
Albany,Australia,38287,2025-06-30
Albury ( - Wodonga (Vic.) ),Australia,102435,2025-06-30
Alice Springs,Australia,30875,2025-06-30
Armidale,Australia,24436,2025-06-30
Bacchus Marsh,Australia,27182,2025-06-30
Bairnsdale,Australia,15917,2025-06-30
Ballarat,Australia,120939,2025-06-30
Ballina,Australia,48465,2025-06-30
Batemans Bay,Australia,17849,2025-06-30
Bathurst,Australia,39013,2025-06-30
Bendigo,Australia,106493,2025-06-30
Bowral - Mittagong,Australia,42529,2025-06-30
Brisbane,Australia,2745086,2025-06-30
Broken Hill,Australia,17515,2025-06-30
Broome,Australia,16506,2025-06-30
Bunbury,Australia,84332,2025-06-30
Bundaberg,Australia,79283,2025-06-30
Burnie,Australia,28643,2025-06-30
Busselton,Australia,46023,2025-06-30
Byron Bay,Australia,11482,2025-06-30
Cairns ( incl. Northern Beaches ),Australia,164149,2025-06-30
Camden Haven,Australia,19995,2025-06-30
Canberra ( - Queanbeyan (NSW) ),Australia,521049,2025-06-30
Castlemaine,Australia,11640,2025-06-30
Central Coast ( Gosford ),Australia,354189,2025-06-30
Coffs Harbour ( incl. Sawtell ),Australia,77244,2025-06-30
Colac,Australia,12558,2025-06-30
Darwin,Australia,145019,2025-06-30
Devonport,Australia,32938,2025-06-30
Dubbo,Australia,42452,2025-06-30
Echuca ( - Moama (NSW) ),Australia,23393,2025-06-30
Emerald,Australia,15238,2025-06-30
Esperance,Australia,12580,2025-06-30
Forster - Tuncurry,Australia,21272,2025-06-30
Geelong,Australia,314381,2025-06-30
Geraldton,Australia,42104,2025-06-30
Gisborne,Australia,24163,2025-06-30
Gladstone,Australia,48505,2025-06-30
Gold Coast ( - Tweed Heads (NSW) ),Australia,761634,2025-06-30
Goulburn,Australia,25647,2025-06-30
Grafton,Australia,19905,2025-06-30
Griffith,Australia,20774,2025-06-30
Gympie,Australia,24591,2025-06-30
Hervey Bay,Australia,63312,2025-06-30
Hobart,Australia,233736,2025-06-30
Horsham,Australia,16882,2025-06-30
Kalgoorlie-Boulder,Australia,31016,2025-06-30
Karratha,Australia,19659,2025-06-30
Kempsey,Australia,16272,2025-06-30
Kingaroy,Australia,11059,2025-06-30
Launceston,Australia,92993,2025-06-30
Lismore,Australia,27856,2025-06-30
Lithgow,Australia,12124,2025-06-30
Mackay,Australia,89761,2025-06-30
Maryborough,Australia,28658,2025-06-30
Medowie,Australia,17178,2025-06-30
Melbourne,Australia,5328274,2025-06-30
Mildura ( - Buronga (NSW) ),Australia,54379,2025-06-30
Moe - Newborough,Australia,22612,2025-06-30
Morisset - Cooranbong,Australia,31333,2025-06-30
Mount Gambier,Australia,30875,2025-06-30
Mount Isa,Australia,18162,2025-06-30
Mudgee,Australia,12965,2025-06-30
Murray Bridge,Australia,19938,2025-06-30
Muswellbrook,Australia,12595,2025-06-30
Nelson Bay ( incl. Corlette ),Australia,29024,2025-06-30
Newcastle,Australia,541634,2025-06-30
Nowra - Bomaderry,Australia,40264,2025-06-30
Orange,Australia,43213,2025-06-30
Perth,Australia,2430757,2025-06-30
Port Augusta,Australia,14134,2025-06-30
Port Hedland,Australia,17300,2025-06-30
Portland,Australia,11124,2025-06-30
Port Lincoln,Australia,17064,2025-06-30
Port Macquarie,Australia,53369,2025-06-30
Port Pirie,Australia,14195,2025-06-30
Rockhampton,Australia,83508,2025-06-30
Sale,Australia,15232,2025-06-30
Shepparton - Mooroopna,Australia,55332,2025-06-30
Singleton,Australia,17396,2025-06-30
St Georges Basin - Sanctuary Point,Australia,20492,2025-06-30
Sunshine Coast ( Caloundra - Buderim - Noosa ),Australia,424741,2025-06-30
Swan Hill,Australia,10747,2025-06-30
Sydney,Australia,5219674,2025-06-30
Tamworth,Australia,46024,2025-06-30
Taree,Australia,26858,2025-06-30
Toowoomba,Australia,153781,2025-06-30
Townsville ( incl. Thuringowa ),Australia,190551,2025-06-30
Traralgon,Australia,44085,2025-06-30
Ulladulla,Australia,17567,2025-06-30
Ulverstone,Australia,15471,2025-06-30
Victor Harbor,Australia,30900,2025-06-30
Wagga Wagga,Australia,58117,2025-06-30
Wangaratta,Australia,20019,2025-06-30
Warragul,Australia,47510,2025-06-30
Warrnambool,Australia,36689,2025-06-30
Warwick,Australia,16197,2025-06-30
Whyalla,Australia,21641,2025-06-30
Wollongong,Australia,322343,2025-06-30
Yeppoon,Australia,22522,2025-06-30
Aichganti,Bangladesh,21183,2022-06-14
Akhaura,Bangladesh,46541,2022-06-14
Akkelpur,Bangladesh,28166,2022-06-14
Alamdanga,Bangladesh,34834,2022-06-14
Algi Durgapur Dakshin,Bangladesh,22072,2022-06-14
Alikadam,Bangladesh,19351,2022-06-14
Amtali,Bangladesh,25223,2022-06-14
Araihazar,Bangladesh,38447,2022-06-14
Ashulia,Bangladesh,71608,2022-06-14
Atra Gilatala,Bangladesh,46917,2022-06-14
Badarganj,Bangladesh,28548,2022-06-14
Badarkhali,Bangladesh,36700,2022-06-14
Bagerhat,Bangladesh,55091,2022-06-14
Bagha,Bangladesh,39288,2022-06-14
Bajitpur,Bangladesh,41003,2022-06-14
Bakerganj,Bangladesh,21433,2022-06-14
Bakshiganj,Bangladesh,51189,2022-06-14
Baktabali,Bangladesh,45090,2022-06-14
Baluchar,Bangladesh,20700,2022-06-14
Banchharampur,Bangladesh,33073,2022-06-14
Bandarban,Bangladesh,54450,2022-06-14
Banpara,Bangladesh,32378,2022-06-14
Banshkhali,Bangladesh,46785,2022-06-14
Bapta,Bangladesh,26280,2022-06-14
Barabagi ( Taltali ),Bangladesh,24845,2022-06-14
Barabakia,Bangladesh,22520,2022-06-14
Baraigram,Bangladesh,19677,2022-06-14
Bara Maheshkhali,Bangladesh,41165,2022-06-14
Barguna,Bangladesh,40019,2022-06-14
Barishal ( Barisal ),Bangladesh,419484,2022-06-14
Barlekha,Bangladesh,26682,2022-06-14
Barura,Bangladesh,57941,2022-06-14
Basail,Bangladesh,23812,2022-06-14
Basurhat ( Companiganj ),Bangladesh,38479,2022-06-14
Battali,Bangladesh,20275,2022-06-14
Beani Bazar,Bangladesh,42328,2022-06-14
Belkuchi,Bangladesh,80182,2022-06-14
Benapole ( in: Sharsha Upazila ),Bangladesh,44352,2022-06-14
Bera,Bangladesh,63337,2022-06-14
Bhabaniganj,Bangladesh,20050,2022-06-14
Bhadeshwar,Bangladesh,19344,2022-06-14
Bhairab ( Bhairab Bazar ),Bangladesh,156297,2022-06-14
Bhaluka,Bangladesh,50488,2022-06-14
Bhandaria,Bangladesh,30470,2022-06-14
Bhanga,Bangladesh,43202,2022-06-14
Bhangura,Bangladesh,23720,2022-06-14
Bheramara,Bangladesh,26415,2022-06-14
Bhogdabari ( Chilahati ),Bangladesh,23298,2022-06-14
Bhola,Bangladesh,57159,2022-06-14
Bhuanpur,Bangladesh,36980,2022-06-14
Bhurungamari,Bangladesh,30220,2022-06-14
Birampur,Bangladesh,50102,2022-06-14
Birganj,Bangladesh,23534,2022-06-14
Bishwanath,Bangladesh,47767,2022-06-14
Boalkhali,Bangladesh,79363,2022-06-14
Boalmari,Bangladesh,31130,2022-06-14
Boda,Bangladesh,23240,2022-06-14
Bogra,Bangladesh,486016,2022-06-14
Brahmanbaria,Bangladesh,264341,2022-06-14
Burimari,Bangladesh,21794,2022-06-14
Burishchar,Bangladesh,29447,2022-06-14
Chakaria,Bangladesh,94398,2022-06-14
Chandanaish,Bangladesh,40604,2022-06-14
Chandina,Bangladesh,58665,2022-06-14
Chandpur,Bangladesh,23315,2022-06-14
Chandpur,Bangladesh,203451,2022-06-14
Chandraghona,Bangladesh,32123,2022-06-14
Chapai Nawabganj ( Nawabganj ),Bangladesh,201005,2022-06-14
Char Ababil ( Haiderganj ),Bangladesh,19654,2022-06-14
Char Bangshi,Bangladesh,29697,2022-06-14
Charbhadrasan,Bangladesh,25577,2022-06-14
Char Bhairabi,Bangladesh,18026,2022-06-14
Char Fasson,Bangladesh,41562,2022-06-14
Charghat,Bangladesh,40553,2022-06-14
Char Parbati,Bangladesh,32415,2022-06-14
Char Putimari,Bangladesh,18021,2022-06-14
Chatkhil,Bangladesh,39756,2022-06-14
Chatmohar,Bangladesh,19357,2022-06-14
Chauddagram,Bangladesh,46330,2022-06-14
Chaugachha,Bangladesh,26075,2022-06-14
Chaumohoni ( Begumganj ),Bangladesh,100065,2022-06-14
Chhagalnaiya,Bangladesh,59131,2022-06-14
Chhatak,Bangladesh,45514,2022-06-14
Chhengarchar ( Matlab Uttar ),Bangladesh,39762,2022-06-14
Chikandandi,Bangladesh,41478,2022-06-14
Chittagong ( Chattogram ),Bangladesh,3230507,2022-06-14
Choudala,Bangladesh,20175,2022-06-14
Choufaldandi,Bangladesh,33504,2022-06-14
Chuadanga,Bangladesh,97548,2022-06-14
Chunarughat,Bangladesh,23686,2022-06-14
Cox's Bazar,Bangladesh,196385,2022-06-14
Cumilla ( Comilla ),Bangladesh,440233,2022-06-14
Daganbhuiyan,Bangladesh,38153,2022-06-14
Dakshin Bedkashi,Bangladesh,19391,2022-06-14
Dakshin Dhurung,Bangladesh,19182,2022-06-14
Damodar,Bangladesh,22577,2022-06-14
Darshana ( Damurhuda ),Bangladesh,36902,2022-06-14
Daudkandi,Bangladesh,55030,2022-06-14
Debidwar,Bangladesh,71887,2022-06-14
Debinagar,Bangladesh,28158,2022-06-14
Derai,Bangladesh,30857,2022-06-14
Dewanganj,Bangladesh,41123,2022-06-14
"Dhaka ( incl. Dhaka North, Dhaka South ) [ Dacca ]",Bangladesh,10295786,2022-06-14
Dhalai,Bangladesh,29927,2022-06-14
Dhamrai,Bangladesh,81260,2022-06-14
Dhamsona ( Ganakbari ),Bangladesh,133276,2022-06-14
Dhanbari,Bangladesh,42708,2022-06-14
Dinajpur,Bangladesh,212288,2022-06-14
Dohar,Bangladesh,54589,2022-06-14
Domar,Bangladesh,20043,2022-06-14
Dulahazara,Bangladesh,28382,2022-06-14
Dupchanchia,Bangladesh,28700,2022-06-14
Durgapur,Bangladesh,29187,2022-06-14
Durgapur,Bangladesh,30410,2022-06-14
Eidgaon,Bangladesh,66675,2022-06-14
Elenga,Bangladesh,49784,2022-06-14
Failjana ( Marambalpur ),Bangladesh,23216,2022-06-14
Faridganj,Bangladesh,40788,2022-06-14
Faridpur,Bangladesh,237283,2022-06-14
Fatikchhari,Bangladesh,53632,2022-06-14
Fatullah ( Dapa Idrakpur ),Bangladesh,49597,2022-06-14
Fenchuganj,Bangladesh,21589,2022-06-14
Feni,Bangladesh,234357,2022-06-14
Fulbari,Bangladesh,27520,2022-06-14
Fulbaria,Bangladesh,40423,2022-06-14
Fulbaria,Bangladesh,18392,2022-06-14
Gabtali,Bangladesh,24620,2022-06-14
Gaffargaon,Bangladesh,39021,2022-06-14
Gaibandha,Bangladesh,79264,2022-06-14
Galachipa,Bangladesh,25721,2022-06-14
Gangni,Bangladesh,30067,2022-06-14
Gaurichanna,Bangladesh,23512,2022-06-14
Gaurnadi,Bangladesh,48337,2022-06-14
Gazipur ( incl. Tongi ),Bangladesh,2677715,2022-06-14
Gazipur,Bangladesh,23440,2022-06-14
Gazirkhamar,Bangladesh,18864,2022-06-14
Ghagra,Bangladesh,32612,2022-06-14
Ghatail,Bangladesh,36839,2022-06-14
Ghoraghat,Bangladesh,26639,2022-06-14
Ghorashal ( in: Palash Upazila ),Bangladesh,101690,2022-06-14
Goalanda Ghat,Bangladesh,22370,2022-06-14
Gobaria Abdullahpur,Bangladesh,36624,2022-06-14
Gobindaganj,Bangladesh,41511,2022-06-14
Godagari,Bangladesh,48629,2022-06-14
Golapganj,Bangladesh,36507,2022-06-14
Gopaldi,Bangladesh,47722,2022-06-14
Gopalganj,Bangladesh,108523,2022-06-14
Gopalpur ( in: Lalpur Upazila ),Bangladesh,22564,2022-06-14
Gopalpur,Bangladesh,55235,2022-06-14
Gosairhat,Bangladesh,24753,2022-06-14
Gouripur,Bangladesh,31665,2022-06-14
Gujadia,Bangladesh,27249,2022-06-14
Gurudaspur,Bangladesh,37881,2022-06-14
Habiganj,Bangladesh,85644,2022-06-14
Habirbari,Bangladesh,64698,2022-06-14
Haidgaon,Bangladesh,25093,2022-06-14
Hajiganj,Bangladesh,79483,2022-06-14
Hajirhat,Bangladesh,37101,2022-06-14
Hakimpur,Bangladesh,29127,2022-06-14
Haluaghat,Bangladesh,24272,2022-06-14
Haragacha ( in: Kaunia Upazila ),Bangladesh,60376,2022-06-14
Harinakundu,Bangladesh,26162,2022-06-14
Hashimpur,Bangladesh,22788,2022-06-14
Hasnabad ( Amirganj ),Bangladesh,24081,2022-06-14
Hathazari,Bangladesh,94225,2022-06-14
Hatiya,Bangladesh,57449,2022-06-14
Hazariganj,Bangladesh,23123,2022-06-14
Hazrabari,Bangladesh,19447,2022-06-14
Hnila ( Nhila ),Bangladesh,57195,2022-06-14
Homna,Bangladesh,42204,2022-06-14
Hossainpur,Bangladesh,29105,2022-06-14
Ishwardi,Bangladesh,81139,2022-06-14
Ishwarganj,Bangladesh,33633,2022-06-14
Islampur,Bangladesh,41148,2022-06-14
Jagannathpur,Bangladesh,40815,2022-06-14
Jaipurhat ( Joypurhat ),Bangladesh,84921,2022-06-14
Jajira ( Zajira ),Bangladesh,26669,2022-06-14
Jaldhaka,Bangladesh,54044,2022-06-14
Jalia Palang ( Sonarpara ),Bangladesh,24248,2022-06-14
Jamalpur,Bangladesh,158889,2022-06-14
Jessore ( Jashore ),Bangladesh,209352,2022-06-14
Jessore Cantonment,Bangladesh,18869,2022-06-14
Jhalakati ( Jhalokati ),Bangladesh,68194,2022-06-14
Jhenaidah ( Jhenida ),Bangladesh,140271,2022-06-14
Jhikargacha,Bangladesh,37032,2022-06-14
Jhilangja,Bangladesh,43139,2022-06-14
Jibannagar,Bangladesh,29175,2022-06-14
Jinjira,Bangladesh,40820,2022-06-14
Joyrampur,Bangladesh,19636,2022-06-14
Kabirhat,Bangladesh,21507,2022-06-14
Kachchhapia,Bangladesh,32807,2022-06-14
Kachua,Bangladesh,30837,2022-06-14
Kadalpur,Bangladesh,21254,2022-06-14
Kakanhat,Bangladesh,19150,2022-06-14
Kalapara,Bangladesh,22339,2022-06-14
Kalaroa,Bangladesh,30777,2022-06-14
Kalia,Bangladesh,22336,2022-06-14
Kalia Haripur ( Kalia Chowdhury ),Bangladesh,21828,2022-06-14
Kaliakair,Bangladesh,249111,2022-06-14
Kaliganj,Bangladesh,60584,2022-06-14
Kaliganj,Bangladesh,58833,2022-06-14
Kalihati,Bangladesh,41810,2022-06-14
Kalikaprasad,Bangladesh,28602,2022-06-14
Kalkini,Bangladesh,48867,2022-06-14
Kamalganj,Bangladesh,19435,2022-06-14
Kamarerchar,Bangladesh,22560,2022-06-14
Kanaighat,Bangladesh,31741,2022-06-14
Kanchan ( in: Rupganj Upazila ),Bangladesh,58019,2022-06-14
Kanchpur,Bangladesh,30713,2022-06-14
Karimganj,Bangladesh,31031,2022-06-14
Kasba,Bangladesh,52022,2022-06-14
Katakhali ( in: Paba Upazila ),Bangladesh,35018,2022-06-14
Katiadi,Bangladesh,47698,2022-06-14
Kendua,Bangladesh,26838,2022-06-14
Keochia,Bangladesh,19793,2022-06-14
Keshabpur,Bangladesh,32559,2022-06-14
Kesharhat ( in: Mohanpur Upazila ),Bangladesh,22539,2022-06-14
Khadimpara,Bangladesh,27002,2022-06-14
Khagrachhari,Bangladesh,58875,2022-06-14
Khas Kaulia,Bangladesh,18937,2022-06-14
Khetlal,Bangladesh,20337,2022-06-14
Khoksa,Bangladesh,19052,2022-06-14
Khukni,Bangladesh,19689,2022-06-14
Khulna,Bangladesh,719557,2022-06-14
Khurushkul,Bangladesh,46499,2022-06-14
Kishoreganj,Bangladesh,138063,2022-06-14
Kotalipara,Bangladesh,21432,2022-06-14
Kotchandpur,Bangladesh,38217,2022-06-14
Kulaura,Bangladesh,30846,2022-06-14
Kuliarchar,Bangladesh,35909,2022-06-14
Kumarkhali,Bangladesh,24468,2022-06-14
Kurigram,Bangladesh,90746,2022-06-14
Kushtia ( incl. Barakhada ),Bangladesh,221806,2022-06-14
Kutubdia ( Bara Ghop ),Bangladesh,31289,2022-06-14
Laksham,Bangladesh,95110,2022-06-14
Lakshmipur,Bangladesh,132230,2022-06-14
Lalmohan,Bangladesh,32462,2022-06-14
Lalmonirhat,Bangladesh,67135,2022-06-14
Lama,Bangladesh,22655,2022-06-14
Lohagara,Bangladesh,40185,2022-06-14
Lohagara,Bangladesh,34336,2022-06-14
Madarganj,Bangladesh,36976,2022-06-14
Madaripur,Bangladesh,88743,2022-06-14
Madhabdi ( in: Narsingdi Sadar Upazila ),Bangladesh,73911,2022-06-14
Madhabpur,Bangladesh,29988,2022-06-14
Madhukhali,Bangladesh,30379,2022-06-14
Madhupur,Bangladesh,63741,2022-06-14
Magdhara,Bangladesh,38070,2022-06-14
Magura,Bangladesh,20691,2022-06-14
Magura,Bangladesh,114249,2022-06-14
Maheshkhali,Bangladesh,29372,2022-06-14
Maheshpur,Bangladesh,32779,2022-06-14
Maitbhanga,Bangladesh,24702,2022-06-14
Manikchhari,Bangladesh,45021,2022-06-14
Manikganj,Bangladesh,97496,2022-06-14
Manirampur,Bangladesh,30986,2022-06-14
Manohardi,Bangladesh,22809,2022-06-14
Marjal,Bangladesh,28810,2022-06-14
Matarbari,Bangladesh,52746,2022-06-14
Mathbaria,Bangladesh,24964,2022-06-14
Matiranga,Bangladesh,29324,2022-06-14
Matlab ( in: Matlab Dakshin ),Bangladesh,65768,2022-06-14
Maulvi Bazar ( Moulvibazar ),Bangladesh,68304,2022-06-14
Mehendiganj,Bangladesh,34955,2022-06-14
Meherpur,Bangladesh,47142,2022-06-14
Melandaha,Bangladesh,38377,2022-06-14
Merurchar,Bangladesh,23745,2022-06-14
Mirkadim ( in: Munshiganj Sadar Upazila ),Bangladesh,49045,2022-06-14
Mirpur,Bangladesh,26713,2022-06-14
Mirsharai,Bangladesh,21611,2022-06-14
Mirzapur,Bangladesh,22110,2022-06-14
Mirzapur,Bangladesh,33331,2022-06-14
Mohanganj,Bangladesh,32384,2022-06-14
Mongla,Bangladesh,42613,2022-06-14
Morrelganj,Bangladesh,23321,2022-06-14
Muksudpur,Bangladesh,28762,2022-06-14
Muktagachha,Bangladesh,61421,2022-06-14
Muladi,Bangladesh,25876,2022-06-14
Mundumala ( in: Tanore Upazila ),Bangladesh,25863,2022-06-14
Munshiganj,Bangladesh,93120,2022-06-14
Munshiganj,Bangladesh,19266,2022-06-14
Murapara,Bangladesh,28043,2022-06-14
Mymensingh ( Nasirabad ),Bangladesh,577000,2022-06-14
Nabiganj,Bangladesh,26952,2022-06-14
Nabinagar,Bangladesh,68219,2022-06-14
Nachole,Bangladesh,21930,2022-06-14
Nageshwari,Bangladesh,65999,2022-06-14
Naikhongchhari,Bangladesh,21955,2022-06-14
Najirhat ( Nazirhat ),Bangladesh,68323,2022-06-14
Nakla,Bangladesh,38383,2022-06-14
Nalchiti,Bangladesh,31658,2022-06-14
Nalitabari,Bangladesh,31052,2022-06-14
Nandail,Bangladesh,36255,2022-06-14
Nandigram,Bangladesh,22275,2022-06-14
Nangalkot,Bangladesh,33434,2022-06-14
Naogaon,Bangladesh,178649,2022-06-14
Naohata ( in: Paba Upazila ),Bangladesh,66523,2022-06-14
Narail,Bangladesh,52975,2022-06-14
"Narayanganj ( incl. Siddirganj, Kadamrasul )",Bangladesh,967951,2022-06-14
Naria,Bangladesh,28927,2022-06-14
Narsingdi,Bangladesh,180711,2022-06-14
Natore,Bangladesh,87067,2022-06-14
Nazipur ( in: Patnitala Upazila ),Bangladesh,27830,2022-06-14
Netrakona ( Netrokona ),Bangladesh,122299,2022-06-14
Nikli,Bangladesh,27290,2022-06-14
Nilakkha,Bangladesh,24660,2022-06-14
Nilphamari,Bangladesh,75483,2022-06-14
Noakhali,Bangladesh,132198,2022-06-14
Noapara ( in: Abhaynagar Upazila ),Bangladesh,96060,2022-06-14
Pabna,Bangladesh,176005,2022-06-14
Padua,Bangladesh,36158,2022-06-14
Paikgachha,Bangladesh,19551,2022-06-14
Pakundia,Bangladesh,35882,2022-06-14
Palashbari,Bangladesh,46509,2022-06-14
Panchagarh,Bangladesh,57010,2022-06-14
Panchbibi,Bangladesh,26577,2022-06-14
Panchhari,Bangladesh,24619,2022-06-14
Pangsha,Bangladesh,36445,2022-06-14
Parbatipur,Bangladesh,44855,2022-06-14
Parshuram,Bangladesh,36112,2022-06-14
Parulia,Bangladesh,28741,2022-06-14
Paschim Ilisha,Bangladesh,20520,2022-06-14
Patgram,Bangladesh,35842,2022-06-14
Patharghata,Bangladesh,21175,2022-06-14
Patiya,Bangladesh,66809,2022-06-14
Patuakhali,Bangladesh,82521,2022-06-14
Pekua,Bangladesh,40470,2022-06-14
Phulbari,Bangladesh,39622,2022-06-14
Phulpur,Bangladesh,36113,2022-06-14
Pirganj,Bangladesh,31403,2022-06-14
Pirganj,Bangladesh,23468,2022-06-14
Pirojpur,Bangladesh,72679,2022-06-14
Pomara,Bangladesh,29171,2022-06-14
Puthia,Bangladesh,21516,2022-06-14
Rahanpur ( in: Gomastapur Upazila ),Bangladesh,39173,2022-06-14
Raipur,Bangladesh,39809,2022-06-14
Raipura,Bangladesh,41384,2022-06-14
Rajakhali,Bangladesh,30062,2022-06-14
Rajbari,Bangladesh,65421,2022-06-14
Rajibpur ( Char Rajibpur - Baliamari ),Bangladesh,26000,2022-06-14
Rajoir,Bangladesh,44517,2022-06-14
Rajshahi,Bangladesh,553288,2022-06-14
Ramganj,Bangladesh,53538,2022-06-14
Ramgarh,Bangladesh,28212,2022-06-14
Ramgati,Bangladesh,30840,2022-06-14
Ramrampur ( Sarmara ),Bangladesh,19578,2022-06-14
Ramu ( Fatekharkul ),Bangladesh,25097,2022-06-14
Rangamati,Bangladesh,106069,2022-06-14
Rangpur,Bangladesh,708570,2022-06-14
Rangunia,Bangladesh,39144,2022-06-14
Ranishankail,Bangladesh,22398,2022-06-14
Raozan,Bangladesh,70101,2022-06-14
Sahapur,Bangladesh,21310,2022-06-14
Saidpur,Bangladesh,143538,2022-06-14
Sakhipur,Bangladesh,30370,2022-06-14
Sakhipur,Bangladesh,43544,2022-06-14
Sakuchia Dakshin,Bangladesh,21124,2022-06-14
Sanandabari,Bangladesh,19354,2022-06-14
Sandwip,Bangladesh,52720,2022-06-14
Santahar ( in: Adamdighi Upazila ),Bangladesh,35009,2022-06-14
Santhia,Bangladesh,41249,2022-06-14
Sarail,Bangladesh,56522,2022-06-14
Sariakandi,Bangladesh,18818,2022-06-14
Sarishabari,Bangladesh,55840,2022-06-14
Satkania,Bangladesh,53692,2022-06-14
Satkhira,Bangladesh,138411,2022-06-14
Savar,Bangladesh,384105,2022-06-14
Senbagh,Bangladesh,22969,2022-06-14
Senhati,Bangladesh,19616,2022-06-14
Setabganj ( in: Bochaganj Upazila ),Bangladesh,29469,2022-06-14
Shahjadpur,Bangladesh,76015,2022-06-14
Shah Mirpur,Bangladesh,23390,2022-06-14
Shahparir Dwip,Bangladesh,22317,2022-06-14
Shahrasti,Bangladesh,45982,2022-06-14
Shailkupa,Bangladesh,39696,2022-06-14
Shaistaganj ( in: Habiganj Sadar Upazila ),Bangladesh,30832,2022-06-14
Shakpura,Bangladesh,21919,2022-06-14
Shariatpur,Bangladesh,70581,2022-06-14
Sharsha,Bangladesh,51810,2022-06-14
Sherpur,Bangladesh,30058,2022-06-14
Sherpur,Bangladesh,123516,2022-06-14
Shibchar,Bangladesh,32202,2022-06-14
Shibganj,Bangladesh,23714,2022-06-14
Shibganj,Bangladesh,52006,2022-06-14
Shibpur,Bangladesh,25491,2022-06-14
Shikalbaha,Bangladesh,46611,2022-06-14
Shyamnagar,Bangladesh,20279,2022-06-14
Singair,Bangladesh,32031,2022-06-14
Singra,Bangladesh,39863,2022-06-14
Sirajganj,Bangladesh,188549,2022-06-14
Sitakunda,Bangladesh,50139,2022-06-14
Sonagazi,Bangladesh,24808,2022-06-14
Sonaimuri,Bangladesh,44745,2022-06-14
Sonargaon,Bangladesh,48213,2022-06-14
Sonatala,Bangladesh,26770,2022-06-14
Sreebardi,Bangladesh,27827,2022-06-14
Sreemangal,Bangladesh,23332,2022-06-14
Sreepur,Bangladesh,258973,2022-06-14
Sujanagar,Bangladesh,29733,2022-06-14
Sunamganj,Bangladesh,74595,2022-06-14
Sundarganj,Bangladesh,19323,2022-06-14
Swarupkati,Bangladesh,23371,2022-06-14
Sylhet,Bangladesh,532839,2022-06-14
Tahirpur ( in: Baghmara Upazila ),Bangladesh,19906,2022-06-14
Talora,Bangladesh,20667,2022-06-14
Tamaraddi,Bangladesh,29599,2022-06-14
Tangail,Bangladesh,212887,2022-06-14
Tanore,Bangladesh,35444,2022-06-14
Tarabo ( in: Rupganj Upazila ),Bangladesh,197672,2022-06-14
Teknaf,Bangladesh,26248,2022-06-14
Teknaf,Bangladesh,38509,2022-06-14
Thakurgaon,Bangladesh,100462,2022-06-14
Trishal,Bangladesh,43799,2022-06-14
Tushbhandar,Bangladesh,19868,2022-06-14
Ukhia ( Rajapalang ),Bangladesh,29526,2022-06-14
Ulipur,Bangladesh,50958,2022-06-14
Ullahpara,Bangladesh,58718,2022-06-14
Uttar Haola ( Baralla ),Bangladesh,19191,2022-06-14
Whykyong,Bangladesh,64672,2022-06-14
Zakiganj,Bangladesh,19999,2022-06-14
Aalst ( Alost ),Belgium,93094,2026-01-01
Aalter,Belgium,29862,2026-01-01
Aarschot,Belgium,31948,2026-01-01
Andenne,Belgium,28239,2026-01-01
Anderlecht,Belgium,129600,2026-01-01
Ans,Belgium,29268,2026-01-01
Antwerpen ( Anvers ) [ Antwerp ],Belgium,565615,2026-01-01
Arlon ( Aarlen ),Belgium,31440,2026-01-01
Asse,Belgium,36018,2026-01-01
Ath ( Aat ),Belgium,30235,2026-01-01
Auderghem ( Oudergem ),Belgium,35659,2026-01-01
Balen,Belgium,23916,2026-01-01
Bastogne ( Bastenaken ),Belgium,21010,2026-01-01
Beersel,Belgium,26800,2026-01-01
Berchem-Sainte-Agathe ( Sint-Agatha-Berchem ),Belgium,25762,2026-01-01
Beringen,Belgium,49034,2026-01-01
Beveren-Kruibeke-Zwijndrecht,Belgium,88344,2026-01-01
Bilzen-Hoeselt,Belgium,43228,2026-01-01
Binche,Belgium,33841,2026-01-01
Blankenberge,Belgium,20741,2026-01-01
Boom,Belgium,19963,2026-01-01
Bornem,Belgium,22333,2026-01-01
Boussu,Belgium,20516,2026-01-01
Braine-l'Alleud ( Eigenbrakel ),Belgium,40815,2026-01-01
Braine-le-Comte ( 's Gravenbrakel ),Belgium,23761,2026-01-01
Brasschaat,Belgium,38529,2026-01-01
Brecht,Belgium,30755,2026-01-01
Brugge ( Bruges ),Belgium,120458,2026-01-01
Bruxelles ( Brussel ) [ Brussels ],Belgium,198674,2026-01-01
Charleroi,Belgium,206900,2026-01-01
Châtelet,Belgium,35975,2026-01-01
Chaudfontaine,Belgium,20525,2026-01-01
Colfontaine,Belgium,20761,2026-01-01
Courcelles,Belgium,31673,2026-01-01
Deinze,Belgium,46380,2026-01-01
Denderleeuw,Belgium,21402,2026-01-01
Dendermonde ( Termonde ),Belgium,47828,2026-01-01
Diepenbeek,Belgium,19867,2026-01-01
Diest,Belgium,25196,2026-01-01
Dilbeek,Belgium,45111,2026-01-01
Dilsen-Stokkem,Belgium,21677,2026-01-01
Edegem,Belgium,23698,2026-01-01
Eeklo,Belgium,22911,2026-01-01
Erpe-Mere,Belgium,21211,2026-01-01
Etterbeek,Belgium,49638,2026-01-01
Eupen,Belgium,20145,2026-01-01
Evere,Belgium,45984,2026-01-01
Evergem,Belgium,37371,2026-01-01
Flémalle,Belgium,27167,2026-01-01
Fleurus,Belgium,23037,2026-01-01
Forest ( Vorst ),Belgium,58904,2026-01-01
Frameries,Belgium,21472,2026-01-01
Ganshoren,Belgium,25731,2026-01-01
Geel,Belgium,42650,2026-01-01
Gembloux,Belgium,26573,2026-01-01
Genk,Belgium,68101,2026-01-01
Gent ( Gand ) [ Ghent ],Belgium,274042,2026-01-01
Geraardsbergen ( Grammont ),Belgium,35338,2026-01-01
Grâce-Hollogne,Belgium,23353,2026-01-01
Grimbergen,Belgium,40491,2026-01-01
Halle ( Hal ),Belgium,43131,2026-01-01
Hamme,Belgium,25763,2026-01-01
Harelbeke,Belgium,30605,2026-01-01
Hasselt,Belgium,90914,2026-01-01
Heist-op-den-Berg,Belgium,44991,2026-01-01
Herent,Belgium,23287,2026-01-01
Herentals,Belgium,29163,2026-01-01
Herstal,Belgium,40909,2026-01-01
Heusden-Zolder,Belgium,35032,2026-01-01
Hoogstraten,Belgium,22525,2026-01-01
Houthalen-Helchteren,Belgium,30879,2026-01-01
Huy ( Hoei ),Belgium,21913,2026-01-01
Ieper ( Ypres ),Belgium,35629,2026-01-01
Ixelles ( Elsene ),Belgium,89162,2026-01-01
Izegem,Belgium,29444,2026-01-01
Jette,Belgium,54330,2026-01-01
Kalmthout,Belgium,19826,2026-01-01
Kapellen,Belgium,28190,2026-01-01
Kasterlee,Belgium,19835,2026-01-01
Knokke-Heist,Belgium,32163,2026-01-01
Koekelberg,Belgium,22578,2026-01-01
Koksijde,Belgium,21072,2026-01-01
Kontich,Belgium,21894,2026-01-01
Kortenberg,Belgium,21425,2026-01-01
Kortrijk ( Courtrai ),Belgium,81523,2026-01-01
La Louvière,Belgium,81751,2026-01-01
Lanaken,Belgium,26513,2026-01-01
Lebbeke,Belgium,20380,2026-01-01
Leuven ( Louvain ),Belgium,105357,2026-01-01
Liège ( Luik ),Belgium,198102,2026-01-01
Lier ( Lierre ),Belgium,38747,2026-01-01
Lievegem,Belgium,27502,2026-01-01
Lochristi,Belgium,30982,2026-01-01
Lokeren,Belgium,50897,2026-01-01
Lommel,Belgium,35451,2026-01-01
Maaseik,Belgium,25896,2026-01-01
Maasmechelen,Belgium,40653,2026-01-01
Maldegem,Belgium,24927,2026-01-01
Manage,Belgium,24249,2026-01-01
Mechelen ( Malines ),Belgium,90355,2026-01-01
Meise,Belgium,20592,2026-01-01
Menen ( Menin ),Belgium,34640,2026-01-01
Merelbeke-Melle,Belgium,37675,2026-01-01
Middelkerke,Belgium,20069,2026-01-01
Mol,Belgium,38793,2026-01-01
Molenbeek-Saint-Jean ( Sint-Jans-Molenbeek ),Belgium,98411,2026-01-01
Mons ( Bergen ),Belgium,97745,2026-01-01
Mortsel,Belgium,26961,2026-01-01
Mouscron ( Moeskroen ),Belgium,60410,2026-01-01
Namur ( Namen ),Belgium,115457,2026-01-01
Nazareth-De Pinte,Belgium,23633,2026-01-01
Nijlen,Belgium,23881,2026-01-01
Ninove,Belgium,40879,2026-01-01
Nivelles ( Nijvel ),Belgium,29830,2026-01-01
Oostende ( Ostende ) [ Ostend ],Belgium,73000,2026-01-01
Oostkamp,Belgium,24102,2026-01-01
Ottignies-Louvain-la-Neuve,Belgium,31823,2026-01-01
Oudenaarde ( Audenarde ),Belgium,33105,2026-01-01
Oudsbergen,Belgium,24005,2026-01-01
Oupeye,Belgium,26036,2026-01-01
Overijse,Belgium,26452,2026-01-01
Pajottegem,Belgium,25501,2026-01-01
Pelt,Belgium,34698,2026-01-01
Poperinge,Belgium,19890,2026-01-01
Puurs-Sint-Amands,Belgium,27389,2026-01-01
Ranst,Belgium,19867,2026-01-01
Rixensart,Belgium,22973,2026-01-01
Roeselare ( Roulers ),Belgium,67697,2026-01-01
Ronse ( Renaix ),Belgium,27731,2026-01-01
Saint-Ghislain,Belgium,23969,2026-01-01
Saint-Gilles ( Sint-Gillis ),Belgium,48756,2026-01-01
Saint-Josse-ten-Noode ( Sint-Joost-ten-Node ),Belgium,27003,2026-01-01
Saint-Nicolas,Belgium,24529,2026-01-01
Sambreville,Belgium,28587,2026-01-01
Schaerbeek ( Schaarbeek ),Belgium,129278,2026-01-01
Scherpenheuvel-Zichem ( Montaigu-Zichem ),Belgium,24537,2026-01-01
Schilde,Belgium,20476,2026-01-01
Schoten,Belgium,34849,2026-01-01
Seraing,Belgium,64764,2026-01-01
Sint-Gillis-Waas,Belgium,20272,2026-01-01
Sint-Katelijne-Waver,Belgium,21937,2026-01-01
Sint-Niklaas ( Saint-Nicolas ),Belgium,83400,2026-01-01
Sint-Pieters-Leeuw,Belgium,37055,2026-01-01
Sint-Truiden ( Saint-Trond ),Belgium,41987,2026-01-01
Soignies ( Zinnik ),Belgium,29397,2026-01-01
Stekene,Belgium,19955,2026-01-01
Temse ( Tamise ),Belgium,31814,2026-01-01
Tervuren,Belgium,23179,2026-01-01
Tessenderlo-Ham,Belgium,30827,2026-01-01
Tielt,Belgium,31973,2026-01-01
Tienen ( Tirlemont ),Belgium,36962,2026-01-01
Tongeren-Borgloon ( Tongres-Looz ),Belgium,44239,2026-01-01
Torhout,Belgium,21154,2026-01-01
Tournai ( Doornik ),Belgium,69066,2026-01-01
Tubize ( Tubeke ),Belgium,29043,2026-01-01
Turnhout,Belgium,48490,2026-01-01
Uccle ( Ukkel ),Belgium,87548,2026-01-01
Verviers,Belgium,56182,2026-01-01
Vilvoorde ( Vilvorde ),Belgium,48413,2026-01-01
Waregem,Belgium,40737,2026-01-01
Waterloo,Belgium,30386,2026-01-01
Watermael-Boitsfort ( Watermaal-Bosvoorde ),Belgium,25271,2026-01-01
Wavre ( Waver ),Belgium,35735,2026-01-01
Westerlo,Belgium,25723,2026-01-01
Wetteren,Belgium,27071,2026-01-01
Wevelgem,Belgium,32089,2026-01-01
Willebroek,Belgium,28923,2026-01-01
Wingene,Belgium,20919,2026-01-01
Woluwe-Saint-Lambert ( Sint-Lambrechts-Woluwe ),Belgium,60979,2026-01-01
Woluwe-Saint-Pierre ( Sint-Pieters-Woluwe ),Belgium,42566,2026-01-01
Wuustwezel,Belgium,21902,2026-01-01
Zaventem,Belgium,37518,2026-01-01
Zedelgem,Belgium,23747,2026-01-01
Zele,Belgium,21587,2026-01-01
Zemst,Belgium,23367,2026-01-01
Zoersel,Belgium,23223,2026-01-01
Zonhoven,Belgium,22030,2026-01-01
Zottegem,Belgium,28343,2026-01-01
Zwevegem,Belgium,26035,2026-01-01
Asipovičy ( Osipoviči ) [ Asipovichy ],Belarus,29329,2023-01-01
Ašmiany [ Ashmyany ],Belarus,16870,2023-01-01
Astraviec,Belarus,14805,2023-01-01
Babrujsk [ Babruysk ],Belarus,208611,2023-01-01
Barań,Belarus,10301,2023-01-01
Baranavičy ( Baranoviči ) [ Baranovichi ],Belarus,172150,2023-01-01
Barysaǔ ( Borisov ) [ Barysaw ],Belarus,136409,2023-01-01
Bialyničy [ Byalynichy ],Belarus,9749,2023-01-01
Biaroza ( Berëza ) [ Byaroza ],Belarus,28397,2023-01-01
Biarozaǔka [ Byarozawka ],Belarus,9657,2023-01-01
Bielaaziorsk [ Byelaazyorsk ],Belarus,10997,2023-01-01
Bierazino [ Byerazino ],Belarus,11395,2023-01-01
Braslaǔ [ Braslaw ],Belarus,9426,2023-01-01
Brest,Belarus,342461,2023-01-01
Bychaǔ ( Bychov ) [ Bykhaw ],Belarus,16426,2023-01-01
Čašniki [ Chashniki ],Belarus,7843,2023-01-01
Čavusy [ Chavusy ],Belarus,9944,2023-01-01
Červień [ Chervyen ],Belarus,10542,2023-01-01
Chojniki [ Hoiniki ],Belarus,13248,2023-01-01
Dobruš [ Dobrush ],Belarus,18137,2023-01-01
Drahičyn [ Drahichyn ],Belarus,14856,2023-01-01
Dziaržynsk ( Dzeržinsk ) [ Dzyarzhynsk ],Belarus,29811,2023-01-01
Fanipaĺ,Belarus,17768,2023-01-01
Hancavičy [ Hantsavichy ],Belarus,13486,2023-01-01
Haradok ( Gorodok ),Belarus,11570,2023-01-01
Hlybokaje ( Glybokaje ) [ Hlybokaye ],Belarus,17707,2023-01-01
Homieĺ ( incl. Kascjukoŭka ) [ Gomel ],Belarus,501802,2023-01-01
Horki [ Gorki ],Belarus,29152,2023-01-01
Hrodna [ Grodno ],Belarus,358717,2023-01-01
Ivacevičy ( Ivaceviči ) [ Ivatsevichy ],Belarus,22487,2023-01-01
Ivanava,Belarus,16272,2023-01-01
Jeĺsk ( Jelsk ) [ Yel'sk ],Belarus,8864,2023-01-01
Kalinkavičy [ Kalinkavichy ],Belarus,37050,2023-01-01
Kapyĺ,Belarus,10087,2023-01-01
Kasciukovičy [ Kastsyukovichy ],Belarus,15089,2023-01-01
Kleck [ Kletsk ],Belarus,11350,2023-01-01
Klimavičy [ Klimavichy ],Belarus,15121,2023-01-01
Kobryn ( Kobrin ),Belarus,52670,2023-01-01
Kryčaǔ ( Krčiëv ) [ Krychaw ],Belarus,23469,2023-01-01
Lahojsk ( Logojsk ) [ Lahoysk ],Belarus,15515,2023-01-01
Leĺčycy [ Lelchytsy ],Belarus,12378,2023-01-01
Lepieĺ,Belarus,17182,2023-01-01
Liachavičy [ Lyakhavichy ],Belarus,10613,2023-01-01
Lida,Belarus,103915,2023-01-01
Liubań [ Lyuban ],Belarus,11360,2023-01-01
Luniniec [ Luninets ],Belarus,23548,2023-01-01
Mačuliščy [ Machulishchy ],Belarus,10474,2023-01-01
Mahiloǔ [ Mogilev ],Belarus,353338,2023-01-01
Maladziečna ( Molodečno ) [ Maladzyechna ],Belarus,89268,2023-01-01
Malaryta,Belarus,12850,2023-01-01
Marjina Horka ( Mar'ina Gorka ) [ Maryina Horka ],Belarus,20242,2023-01-01
Masty,Belarus,14683,2023-01-01
Mazyr ( Mozyr' ),Belarus,105321,2023-01-01
Mikaševičy [ Mikashevichy ],Belarus,12395,2023-01-01
Minsk,Belarus,1995471,2023-01-01
Mscislaǔ [ Mstsislaw ],Belarus,10063,2023-01-01
Navahrudak [ Novogrudok ],Belarus,28021,2023-01-01
Navapolack ( Novopolock ) [ Navapolatsk ],Belarus,96320,2023-01-01
Niasviž [ Nesvizh ],Belarus,15907,2023-01-01
Novalukomĺ,Belarus,12048,2023-01-01
Orša [ Orsha ],Belarus,103658,2023-01-01
Pastavy ( Postavy ),Belarus,18772,2023-01-01
Pietrykaǔ [ Pietrykaw ],Belarus,10303,2023-01-01
Pinsk,Belarus,124613,2023-01-01
Polack ( Polock ) [ Polotsk ],Belarus,79960,2023-01-01
Pružany [ Pruzhany ],Belarus,19064,2023-01-01
Rahačoǔ ( Rogačëv ) [ Rahachow ],Belarus,32029,2023-01-01
Rečyca ( Rečica ) [ Rechytsa ],Belarus,65423,2023-01-01
Salihorsk [ Soligorsk ],Belarus,98590,2023-01-01
Ščučyn [ Shchuchyn ],Belarus,15653,2023-01-01
Skidzieĺ [ Skidzyel ],Belarus,9742,2023-01-01
Škloǔ [ Shklow ],Belarus,14989,2023-01-01
Slonim,Belarus,49113,2023-01-01
Sluck [ Slutsk ],Belarus,60376,2023-01-01
Smaliavičy [ Smalyavichy ],Belarus,21820,2023-01-01
Smarhoń ( Smorgon' ),Belarus,35781,2023-01-01
Staryja Darohi [ Staryya Darohi ],Belarus,10972,2023-01-01
Stolin,Belarus,13550,2023-01-01
Stoǔbcy [ Stowbtsy ],Belarus,17640,2023-01-01
Svietlahorsk ( Sveltlogorsk ),Belarus,63202,2023-01-01
Talačyn [ Talachyn ],Belarus,9691,2023-01-01
Uzda,Belarus,10677,2023-01-01
Valožyn [ Valozhyn ],Belarus,10064,2023-01-01
Vaǔkavysk ( Volkovyjsk ) [ Vawkavysk ],Belarus,41991,2023-01-01
Viciebsk [ Vitebsk ],Belarus,359148,2023-01-01
Vilejka [ Vileyka ],Belarus,26811,2023-01-01
Žabinka [ Zhabinka ],Belarus,14231,2023-01-01
Zaslaǔje [ Zaslawye ],Belarus,17419,2023-01-01
Žlobin [ Zhlobin ],Belarus,77049,2023-01-01
Žodzina ( Žodino ) [ Zhodzina ],Belarus,64000,2023-01-01
Žytkavičy [ Zhytkavichy ],Belarus,15961,2023-01-01
Banja Luka,Bosnia,135059,2013-10-01
Bihać,Bosnia,39690,2013-10-01
Bijeljina,Bosnia,41121,2013-10-01
Bosanska Krupa,Bosnia,10196,2013-10-01
Brčko,Bosnia,39893,2013-10-01
Bugojno,Bosnia,15555,2013-10-01
Cazin,Bosnia,13863,2013-10-01
Derventa,Bosnia,11076,2013-10-01
Doboj,Bosnia,24349,2013-10-01
Foča ( Srbinje ),Bosnia,10831,2013-10-01
Goražde,Bosnia,11806,2013-10-01
Gračanica,Bosnia,12882,2013-10-01
Gradačac,Bosnia,12764,2013-10-01
Gradiška ( Bosanska Gradiška ),Bosnia,13691,2013-10-01
Janja,Bosnia,10542,2013-10-01
Kakanj,Bosnia,11796,2013-10-01
Konjic,Bosnia,10732,2013-10-01
Kozarska Dubica ( Bosanska Dubica ),Bosnia,10005,2013-10-01
Livno,Bosnia,7927,2013-10-01
Ljubuški,Bosnia,4023,2013-10-01
Lukavac,Bosnia,12061,2013-10-01
Modriča,Bosnia,9419,2013-10-01
Mostar,Bosnia,60195,2013-10-01
Novi Grad ( Bosanski Novi ),Bosnia,9415,2013-10-01
Orašje,Bosnia,3614,2013-10-01
Pale,Bosnia,12569,2013-10-01
Prijedor,Bosnia,27970,2013-10-01
Sanski Most,Bosnia,16913,2013-10-01
Sarajevo,Bosnia,348363,2013-10-01
Travnik,Bosnia,15344,2013-10-01
Trebinje,Bosnia,22987,2013-10-01
Tuzla,Bosnia,74457,2013-10-01
Visoko,Bosnia,11205,2013-10-01
Vogošća,Bosnia,10568,2013-10-01
Zenica,Bosnia,70553,2013-10-01
Živinice Grad,Bosnia,16157,2013-10-01
Zvornik,Bosnia,11082,2013-10-01
Ajtos [ Aytos ],Bulgaria,17119,2025-12-31
Asenovgrad,Bulgaria,45271,2025-12-31
Bankja [ Bankya ],Bulgaria,11642,2025-12-31
Bansko,Bulgaria,10189,2025-12-31
Berkovica [ Berkovitsa ],Bulgaria,9587,2025-12-31
Blagoevgrad,Bulgaria,64171,2025-12-31
Botevgrad,Bulgaria,18497,2025-12-31
Burgas,Bulgaria,189086,2025-12-31
Červen Brjag [ Cherven Bryag ],Bulgaria,10041,2025-12-31
Čirpan [ Chirpan ],Bulgaria,12375,2025-12-31
Dimitrovgrad,Bulgaria,29835,2025-12-31
Dobrič ( Tolbuhin ) [ Dobrich ],Bulgaria,68573,2025-12-31
Dupnica ( Stanke Dimitrov ) [ Dupnitsa ],Bulgaria,26108,2025-12-31
Gabrovo,Bulgaria,43229,2025-12-31
Goce Delčev [ Gotse Delchev ],Bulgaria,17672,2025-12-31
Gorna Orjahovica [ Gorna Oryahovitsa ],Bulgaria,24768,2025-12-31
Harmanli [ Kharmanli ],Bulgaria,17223,2025-12-31
Haskovo [ Khaskovo ],Bulgaria,62923,2025-12-31
Ihtiman,Bulgaria,12537,2025-12-31
Jambol [ Yambol ],Bulgaria,58997,2025-12-31
Kǎrdžali [ Kardzhali ],Bulgaria,42250,2025-12-31
Karlovo,Bulgaria,18590,2025-12-31
Karnobat,Bulgaria,14176,2025-12-31
Kavarna,Bulgaria,9838,2025-12-31
Kazanlǎk,Bulgaria,41260,2025-12-31
Kjustendil [ Kyustendil ],Bulgaria,34063,2025-12-31
Kostinbrod,Bulgaria,11665,2025-12-31
Kozloduj [ Kozloduy ],Bulgaria,10652,2025-12-31
Lom,Bulgaria,15429,2025-12-31
Loveč [ Lovech ],Bulgaria,26693,2025-12-31
Montana ( Mihajlovgrad ),Bulgaria,34614,2025-12-31
Nesebǎr [ Nesebar ],Bulgaria,18384,2025-12-31
Nova Zagora,Bulgaria,16298,2025-12-31
Novi Iskǎr [ Novi Iskar ],Bulgaria,13307,2025-12-31
Novi Pazar,Bulgaria,9826,2025-12-31
Panagjurište [ Panagyurishte ],Bulgaria,14754,2025-12-31
Pǎrvomaj [ Parvomay ],Bulgaria,10862,2025-12-31
Pazardžik [ Pazardzhik ],Bulgaria,53693,2025-12-31
Pernik,Bulgaria,65317,2025-12-31
Peštera [ Peshtera ],Bulgaria,12452,2025-12-31
Petrič [ Petrich ],Bulgaria,25888,2025-12-31
Pleven,Bulgaria,88058,2025-12-31
Plovdiv,Bulgaria,333994,2025-12-31
Pomorie [ Anhialo ],Bulgaria,14195,2025-12-31
Popovo,Bulgaria,12161,2025-12-31
Provadija [ Provadia ],Bulgaria,9634,2025-12-31
Radnevo,Bulgaria,9964,2025-12-31
Radomir,Bulgaria,11486,2025-12-31
Rakovski,Bulgaria,14670,2025-12-31
Razgrad,Bulgaria,27517,2025-12-31
Razlog,Bulgaria,11025,2025-12-31
Ruse [ Rousse ],Bulgaria,120282,2025-12-31
Samokov,Bulgaria,23741,2025-12-31
Sandanski,Bulgaria,23334,2025-12-31
Sevlievo,Bulgaria,16935,2025-12-31
Silistra,Bulgaria,26470,2025-12-31
Sliven,Bulgaria,77832,2025-12-31
Smoljan [ Smolyan ],Bulgaria,24028,2025-12-31
Sofija [ Sofia ],Bulgaria,1213134,2025-12-31
Stambolijski [ Stamboliyski ],Bulgaria,9671,2025-12-31
Stara Zagora,Bulgaria,120976,2025-12-31
Šumen [ Shumen ],Bulgaria,66399,2025-12-31
Svilengrad,Bulgaria,16302,2025-12-31
Svištov [ Svishtov ],Bulgaria,17115,2025-12-31
Tǎrgovište [ Targovishte ],Bulgaria,32524,2025-12-31
Trojan [ Troyan ],Bulgaria,16501,2025-12-31
Varna,Bulgaria,322683,2025-12-31
Veliko Tǎrnovo,Bulgaria,60067,2025-12-31
Velingrad,Bulgaria,19843,2025-12-31
Vidin,Bulgaria,33127,2025-12-31
Vraca [ Vratsa ],Bulgaria,47874,2025-12-31
Abbotsford ( Matsqui ),Canada,132300,2021-05-11
Airdrie,Canada,73578,2021-05-11
Aldergrove,Canada,13105,2021-05-11
Alliston,Canada,23253,2021-05-11
Alma,Canada,20274,2021-05-11
Amherstburg,Canada,15177,2021-05-11
Angus - Borden CFB-BFC,Canada,14503,2021-05-11
Arnprior,Canada,11305,2021-05-11
Barrie,Canada,154676,2021-05-11
Bathurst,Canada,15985,2021-05-11
Beamsville,Canada,13323,2021-05-11
Beaumont,Canada,20779,2021-05-11
Belleville,Canada,75052,2021-05-11
Beloeil,Canada,52959,2021-05-11
Binbrook,Canada,10791,2021-05-11
Blackfalds,Canada,10315,2021-05-11
Bolton,Canada,26795,2021-05-11
Bowmanville,Canada,56742,2021-05-11
Bracebridge,Canada,9884,2021-05-11
Bradford,Canada,38128,2021-05-11
Brandon,Canada,50532,2021-05-11
Brantford,Canada,104413,2021-05-11
Brockville,Canada,22293,2021-05-11
Brooks,Canada,14904,2021-05-11
Buckingham,Canada,17407,2021-05-11
Caledonia,Canada,12179,2021-05-11
Calgary,Canada,1305550,2021-05-11
Campbell River,Canada,38108,2021-05-11
Camrose,Canada,18454,2021-05-11
Canmore,Canada,13268,2021-05-11
Carleton Place,Canada,13940,2021-05-11
Castlegar,Canada,10029,2021-05-11
Charlottetown,Canada,52390,2021-05-11
Châteauguay,Canada,75891,2021-05-11
Chatham,Canada,45171,2021-05-11
Chestermere,Canada,21425,2021-05-11
Chilliwack,Canada,81622,2021-05-11
Cobourg,Canada,19830,2021-05-11
Cochrane,Canada,31638,2021-05-11
Collingwood,Canada,22983,2021-05-11
Corner Brook,Canada,19129,2021-05-11
Cornwall,Canada,47286,2021-05-11
Courtenay,Canada,48917,2021-05-11
Cowansville,Canada,13334,2021-05-11
Cranbrook,Canada,20008,2021-05-11
Dawson Creek,Canada,11706,2021-05-11
Dolbeau-Mistassini,Canada,10849,2021-05-11
Drummondville,Canada,72089,2021-05-11
Duncan,Canada,24358,2021-05-11
Edmonton,Canada,1151635,2021-05-11
Edmundston,Canada,13125,2021-05-11
Elliot Lake,Canada,10998,2021-05-11
Elmira,Canada,10790,2021-05-11
Estevan,Canada,10629,2021-05-11
Fergus ( Centre Wellington ),Canada,23209,2021-05-11
Fort Erie,Canada,15372,2021-05-11
Fort McMurray,Canada,68002,2021-05-11
Fort Saskatchewan,Canada,26831,2021-05-11
Fort St. John,Canada,21123,2021-05-11
Fredericton,Canada,64614,2021-05-11
Gander,Canada,9918,2021-05-11
Georgetown,Canada,44058,2021-05-11
Glace Bay,Canada,16915,2021-05-11
Granby,Canada,62624,2021-05-11
Grande Prairie,Canada,63172,2021-05-11
Grand Falls - Windsor,Canada,11986,2021-05-11
Greater Sudbury ( Grand Sudbury ),Canada,92093,2021-05-11
Guelph,Canada,144356,2021-05-11
Halifax,Canada,348634,2021-05-11
Hamilton,Canada,729560,2021-05-11
Hauterive,Canada,11147,2021-05-11
Hawkesbury,Canada,11755,2021-05-11
High River,Canada,14119,2021-05-11
Hudson,Canada,24245,2021-05-11
Ingersoll,Canada,13607,2021-05-11
Innisfil,Canada,29464,2021-05-11
Joliette,Canada,49246,2021-05-11
Kamloops,Canada,92442,2021-05-11
Kanata,Canada,137118,2021-05-11
Kelowna,Canada,181380,2021-05-11
Kenora,Canada,10974,2021-05-11
Kentville,Canada,14905,2021-05-11
Keswick,Canada,27145,2021-05-11
Kingston,Canada,127943,2021-05-11
Kitchener,Canada,522888,2021-05-11
Lachute,Canada,11221,2021-05-11
Lacombe,Canada,12835,2021-05-11
Ladner,Canada,23016,2021-05-11
Ladysmith,Canada,11194,2021-05-11
Lake Country ( Duck Lake ),Canada,12725,2021-05-11
L'Assomption,Canada,16443,2021-05-11
Laurentides,Canada,15768,2021-05-11
Lavaltrie,Canada,11301,2021-05-11
Leamington,Canada,35730,2021-05-11
Leduc,Canada,33505,2021-05-11
Les Coteaux,Canada,19582,2021-05-11
Lethbridge,Canada,92563,2021-05-11
Lindsay,Canada,22367,2021-05-11
Lloydminster ( incl. Lloydminster (Sask.) ),Canada,31582,2021-05-11
London,Canada,423369,2021-05-11
Magog,Canada,22222,2021-05-11
Marieville,Canada,10015,2021-05-11
Martensville,Canada,10499,2021-05-11
Matane,Canada,10371,2021-05-11
Medicine Hat,Canada,63382,2021-05-11
Midland,Canada,26246,2021-05-11
Milton,Canada,124579,2021-05-11
Miramichi ( Chatham - Douglastown ),Canada,11594,2021-05-11
Mission,Canada,36193,2021-05-11
Moncton,Canada,119785,2021-05-11
Montréal [ Montreal ],Canada,3675219,2021-05-11
Moose Jaw,Canada,32813,2021-05-11
Morinville,Canada,10385,2021-05-11
Nanaimo,Canada,106079,2021-05-11
Nelson,Canada,11198,2021-05-11
New Glasgow,Canada,19316,2021-05-11
New Hamburg,Canada,14379,2021-05-11
North Battleford,Canada,13649,2021-05-11
North Bay,Canada,51433,2021-05-11
Okotoks,Canada,30214,2021-05-11
Orangeville,Canada,34177,2021-05-11
Orillia,Canada,33379,2021-05-11
Oshawa,Canada,335949,2021-05-11
Ottawa,Canada,1068821,2021-05-11
Owen Sound,Canada,22318,2021-05-11
Paris,Canada,14956,2021-05-11
Parksville,Canada,27330,2021-05-11
Pembroke,Canada,16571,2021-05-11
Penticton,Canada,36893,2021-05-11
Petawawa,Canada,14382,2021-05-11
Peterborough,Canada,84793,2021-05-11
Portage la Prairie,Canada,12944,2021-05-11
Port Alberni,Canada,21711,2021-05-11
Port-Alfred - Bagotville ( La Baie ),Canada,13350,2021-05-11
Port Colborne,Canada,15441,2021-05-11
Port Hope,Canada,13012,2021-05-11
Powell River,Canada,13116,2021-05-11
Prince Albert,Canada,36768,2021-05-11
Prince George,Canada,67339,2021-05-11
Prince Rupert,Canada,11814,2021-05-11
Québec [ Quebec ],Canada,733156,2021-05-11
Quesnel,Canada,12110,2021-05-11
Quispamsis,Canada,24881,2021-05-11
Red Deer,Canada,99846,2021-05-11
Regina,Canada,224996,2021-05-11
Rimouski,Canada,38708,2021-05-11
Rivière-du-Loup,Canada,19081,2021-05-11
Rockland,Canada,13625,2021-05-11
Rouyn-Noranda,Canada,23186,2021-05-11
Saguenay ( Chicoutimi - Jonquière ),Canada,103934,2021-05-11
Saint-Amable,Canada,11199,2021-05-11
Saint-Augustin,Canada,11769,2021-05-11
Sainte-Agathe-des-Monts,Canada,12136,2021-05-11
Sainte-Anne-des-Plaines,Canada,11269,2021-05-11
Sainte-Marie,Canada,10716,2021-05-11
Saint-Georges,Canada,27402,2021-05-11
Saint-Hyacinthe,Canada,50616,2021-05-11
Saint-Jean-sur-Richelieu,Canada,88083,2021-05-11
Saint-Jérôme,Canada,100859,2021-05-11
Saint John,Canada,63447,2021-05-11
Salaberry-de-Valleyfield,Canada,41655,2021-05-11
Salmon Arm,Canada,16065,2021-05-11
Sarnia,Canada,73944,2021-05-11
Saskatoon,Canada,264637,2021-05-11
Sault Ste. Marie,Canada,64923,2021-05-11
Selkirk,Canada,9761,2021-05-11
Sept-Îles,Canada,21352,2021-05-11
Shawinigan,Canada,38930,2021-05-11
Sherbrooke,Canada,151157,2021-05-11
Simcoe,Canada,16121,2021-05-11
Sooke,Canada,11583,2021-05-11
Sorel-Tracy,Canada,36650,2021-05-11
Spruce Grove,Canada,39348,2021-05-11
Squamish,Canada,22221,2021-05-11
St. Catharines,Canada,242460,2021-05-11
St. John's,Canada,185565,2021-05-11
St. Thomas,Canada,45732,2021-05-11
Steinbach,Canada,17589,2021-05-11
Stony Plain,Canada,17253,2021-05-11
Stouffville,Canada,36753,2021-05-11
Stratford,Canada,32878,2021-05-11
Strathmore,Canada,13851,2021-05-11
Strathroy,Canada,16056,2021-05-11
Summerland,Canada,9860,2021-05-11
Summerside,Canada,14952,2021-05-11
Swift Current,Canada,16304,2021-05-11
Sydney,Canada,30960,2021-05-11
Sydney Mines,Canada,12353,2021-05-11
Sylvan Lake,Canada,16142,2021-05-11
Terrace,Canada,14633,2021-05-11
Thetford Mines,Canada,17046,2021-05-11
Thompson,Canada,12329,2021-05-11
Thunder Bay,Canada,95266,2021-05-11
Tillsonburg,Canada,18573,2021-05-11
Timmins,Canada,28874,2021-05-11
Toronto,Canada,5647656,2021-05-11
Trail - Fruitvale,Canada,12863,2021-05-11
Trois-Rivières,Canada,128057,2021-05-11
Truro,Canada,23583,2021-05-11
Tsawwassen,Canada,23940,2021-05-11
Uxbridge,Canada,11794,2021-05-11
Val-d'Or,Canada,25473,2021-05-11
Valley East,Canada,17251,2021-05-11
Vancouver,Canada,2426160,2021-05-11
Varennes,Canada,20591,2021-05-11
Vernon,Canada,51896,2021-05-11
Victoria,Canada,363222,2021-05-11
Victoriaville,Canada,46322,2021-05-11
Wallaceburg,Canada,10323,2021-05-11
Warman,Canada,12362,2021-05-11
Wasaga Beach,Canada,22194,2021-05-11
Welland,Canada,69302,2021-05-11
Wetaskiwin,Canada,12438,2021-05-11
Weyburn,Canada,10883,2021-05-11
Whistler,Canada,9974,2021-05-11
Whitehorse,Canada,24513,2021-05-11
White Rock,Canada,109167,2021-05-11
Williams Lake,Canada,11906,2021-05-11
Windsor,Canada,306519,2021-05-11
Winkler,Canada,15335,2021-05-11
Winnipeg,Canada,758515,2021-05-11
Woodstock,Canada,46296,2021-05-11
Yellowknife,Canada,19673,2021-05-11
Yorkton,Canada,15969,2021-05-11
Bjelovar,Croatia,24392,2021-08-31
Čakovec,Croatia,15078,2021-08-31
Đakovo,Croatia,16875,2021-08-31
Dubrovnik,Croatia,26922,2021-08-31
Dugo Selo,Croatia,11097,2021-08-31
Gospić,Croatia,6362,2021-08-31
Karlovac,Croatia,41869,2021-08-31
Kastav,Croatia,10202,2021-08-31
Koprivnica,Croatia,22262,2021-08-31
Krapina,Croatia,4201,2021-08-31
Križevci,Croatia,10522,2021-08-31
Kutina,Croatia,12012,2021-08-31
Makarska,Croatia,12809,2021-08-31
Metković,Croatia,13971,2021-08-31
Nova Gradiška,Croatia,9820,2021-08-31
Osijek,Croatia,75535,2021-08-31
Pazin,Croatia,3981,2021-08-31
Petrinja,Croatia,12963,2021-08-31
Podstrana,Croatia,10403,2021-08-31
Požega ( Slavonska Požega ),Croatia,16867,2021-08-31
Pula ( Pola ),Croatia,52220,2021-08-31
Rijeka,Croatia,107964,2021-08-31
Rovinj,Croatia,11629,2021-08-31
Samobor,Croatia,16911,2021-08-31
Sesvete,Croatia,55313,2021-08-31
Šibenik,Croatia,31115,2021-08-31
Sinj,Croatia,10771,2021-08-31
Sisak,Croatia,27859,2021-08-31
Slavonski Brod,Croatia,45005,2021-08-31
Solin,Croatia,20996,2021-08-31
Split,Croatia,149830,2021-08-31
Trogir,Croatia,10107,2021-08-31
Varaždin,Croatia,36187,2021-08-31
Velika Gorica,Croatia,30036,2021-08-31
Vinkovci,Croatia,28111,2021-08-31
Virovitica,Croatia,13486,2021-08-31
Vukovar,Croatia,22255,2021-08-31
Zadar,Croatia,67309,2021-08-31
Zagreb,Croatia,663592,2021-08-31
Zaprešić,Croatia,18768,2021-08-31
Beroun,Czechrep,21521,2024-12-31
Blansko,Czechrep,20002,2024-12-31
Bohumín,Czechrep,20315,2024-12-31
Brandýs nad Labem-Stará Boleslav,Czechrep,20313,2024-12-31
Břeclav,Czechrep,24538,2024-12-31
Brno,Czechrep,402739,2024-12-31
Česká Lípa,Czechrep,36815,2024-12-31
České Budějovice [ Budweis ],Czechrep,97231,2024-12-31
Český Těšín,Czechrep,23075,2024-12-31
Cheb,Czechrep,32808,2024-12-31
Chomutov,Czechrep,46771,2024-12-31
Chrudim,Czechrep,23564,2024-12-31
Děčín,Czechrep,46376,2024-12-31
Frýdek-Místek,Czechrep,53590,2024-12-31
Havířov,Czechrep,68674,2024-12-31
Havlíčkův Brod,Czechrep,23791,2024-12-31
Hodonín,Czechrep,23517,2024-12-31
Hradec Králové,Czechrep,94311,2024-12-31
Hranice,Czechrep,17969,2024-12-31
Jablonec nad Nisou,Czechrep,46209,2024-12-31
Jihlava,Czechrep,54624,2024-12-31
Jindřichův Hradec,Czechrep,20540,2024-12-31
Jirkov,Czechrep,19240,2024-12-31
Karlovy Vary [ Carlsbad ],Czechrep,49073,2024-12-31
Karviná,Czechrep,48937,2024-12-31
Kladno,Czechrep,69664,2024-12-31
Klatovy,Czechrep,22763,2024-12-31
Kolín,Czechrep,33444,2024-12-31
Kopřivnice,Czechrep,21374,2024-12-31
Krnov,Czechrep,22518,2024-12-31
Kroměříž,Czechrep,27917,2024-12-31
Kutná Hora,Czechrep,21642,2024-12-31
Liberec,Czechrep,108090,2024-12-31
Litoměřice,Czechrep,22767,2024-12-31
Litvínov,Czechrep,22387,2024-12-31
Louny,Czechrep,18068,2024-12-31
Mělník,Czechrep,20278,2024-12-31
Mladá Boleslav,Czechrep,47346,2024-12-31
Most,Czechrep,63474,2024-12-31
Náchod,Czechrep,19827,2024-12-31
Nový Jičín,Czechrep,23005,2024-12-31
Olomouc,Czechrep,103063,2024-12-31
Opava,Czechrep,55109,2024-12-31
Orlová,Czechrep,27540,2024-12-31
Ostrava,Czechrep,283187,2024-12-31
Otrokovice,Czechrep,17401,2024-12-31
Pardubice,Czechrep,92319,2024-12-31
Písek,Czechrep,31121,2024-12-31
Plzeň [ Pilsen ],Czechrep,187928,2024-12-31
Praha [ Prague ],Czechrep,1397880,2024-12-31
Přerov,Czechrep,40906,2024-12-31
Příbram,Czechrep,32773,2024-12-31
Prostějov,Czechrep,43408,2024-12-31
Sokolov,Czechrep,22007,2024-12-31
Strakonice,Czechrep,22355,2024-12-31
Šumperk,Czechrep,24735,2024-12-31
Tábor,Czechrep,34356,2024-12-31
Teplice,Czechrep,50912,2024-12-31
Třebíč,Czechrep,34530,2024-12-31
Třinec,Czechrep,33852,2024-12-31
Trutnov,Czechrep,29607,2024-12-31
Uherské Hradiště,Czechrep,24887,2024-12-31
Ústí nad Labem,Czechrep,90866,2024-12-31
Valašské Meziříčí,Czechrep,22580,2024-12-31
Vsetín,Czechrep,25185,2024-12-31
Vyškov,Czechrep,20645,2024-12-31
Žatec,Czechrep,18959,2024-12-31
Žďár nad Sázavou,Czechrep,20404,2024-12-31
Zlín ( Gottwaldov ),Czechrep,74684,2024-12-31
Znojmo,Czechrep,34172,2024-12-31
Aabenraa,Denmark,16500,2025-01-01
Aabybro,Denmark,6721,2025-01-01
Aalborg,Denmark,121878,2025-01-01
Aarhus,Denmark,301049,2025-01-01
Aars,Denmark,8708,2025-01-01
Assens,Denmark,5952,2025-01-01
Beder-Malling,Denmark,9430,2025-01-01
Bellinge,Denmark,5877,2025-01-01
Billund,Denmark,7484,2025-01-01
Birkerød,Denmark,20976,
Bjerringbro,Denmark,7433,2025-01-01
Børkop,Denmark,6314,2025-01-01
Borup,Denmark,5049,2025-01-01
Bramming,Denmark,7315,2025-01-01
Brande,Denmark,7394,2025-01-01
Brønderslev,Denmark,12946,2025-01-01
Dragør,Denmark,12304,
Ebeltoft,Denmark,7287,2025-01-01
Esbjerg,Denmark,71554,2025-01-01
Faaborg,Denmark,6763,2025-01-01
Farum,Denmark,20369,
Fensmark,Denmark,5190,2025-01-01
Fredensborg ( Fredensborg Stationsby ),Denmark,8968,
Fredericia,Denmark,41543,2025-01-01
Frederikshavn,Denmark,22548,2025-01-01
Frederikssund,Denmark,17583,2025-01-01
Frederiksværk,Denmark,12837,2025-01-01
Galten,Denmark,9363,2025-01-01
Gilleleje,Denmark,6596,2025-01-01
Give,Denmark,5050,2025-01-01
Grenaa,Denmark,14127,2025-01-01
Grindsted,Denmark,9721,2025-01-01
Haderslev,Denmark,22405,2025-01-01
Hadsten,Denmark,8560,2025-01-01
Hadsund,Denmark,4918,2025-01-01
Hammel,Denmark,7234,2025-01-01
Haslev,Denmark,12634,2025-01-01
Hedehusene ( Fløng ),Denmark,16731,
Hedensted,Denmark,13458,2025-01-01
Hellebæk,Denmark,5775,2025-01-01
Helsinge,Denmark,9719,2025-01-01
Helsingør,Denmark,48134,2025-01-01
Herning,Denmark,51782,2025-01-01
Hillerød,Denmark,36604,2025-01-01
Hinnerup,Denmark,8529,2025-01-01
Hirtshals,Denmark,5347,2025-01-01
Hjørring,Denmark,25908,2025-01-01
Hobro,Denmark,12360,2025-01-01
Holbæk,Denmark,30903,2025-01-01
Holstebro,Denmark,37487,2025-01-01
Hornbæk-Dronningmølle,Denmark,5185,2025-01-01
Hørning,Denmark,8542,2025-01-01
Hornslet,Denmark,6420,2025-01-01
Horsens,Denmark,64418,2025-01-01
Hørsholm ( incl. Trørød ),Denmark,48349,
Humlebæk,Denmark,9742,
Hundested,Denmark,8590,2025-01-01
Ikast,Denmark,16808,2025-01-01
Jyllinge,Denmark,10801,2025-01-01
Kalundborg,Denmark,16659,2025-01-01
Kerteminde,Denmark,6128,2025-01-01
Kirke Hvalsø,Denmark,4877,2025-01-01
Kjellerup,Denmark,5247,2025-01-01
Klarup,Denmark,5603,2025-01-01
København [ Copenhagen ],Denmark,1396508,2025-01-01
Køge,Denmark,38506,2025-01-01
Kolding,Denmark,63645,2025-01-01
Korsør,Denmark,14323,2025-01-01
Lemvig,Denmark,6741,2025-01-01
Lillerød,Denmark,16756,
Løgten,Denmark,8607,2025-01-01
Lystrup,Denmark,10153,2025-01-01
Maribo,Denmark,5786,2025-01-01
Mårslet,Denmark,5174,2025-01-01
Middelfart,Denmark,16749,2025-01-01
Munkebo,Denmark,5423,2025-01-01
Nakskov,Denmark,12200,2025-01-01
Næstved,Denmark,45199,2025-01-01
Nibe,Denmark,5616,2025-01-01
Nivå,Denmark,8769,
Nordborg,Denmark,5680,2025-01-01
Nørresundby,Denmark,24436,
Nyborg,Denmark,17990,2025-01-01
Nykøbing (Falster),Denmark,16682,2025-01-01
Nykøbing (Mors),Denmark,8859,2025-01-01
Nykøbing (Sjælland),Denmark,5016,2025-01-01
Odder,Denmark,13522,2025-01-01
Odense,Denmark,185480,2025-01-01
Ølstykke-Stenløse,Denmark,23382,2025-01-01
Otterup,Denmark,5263,2025-01-01
Randers,Denmark,64511,2025-01-01
Ribe,Denmark,8367,2025-01-01
Ringe,Denmark,6822,2025-01-01
Ringkøbing,Denmark,9830,2025-01-01
Ringsted,Denmark,24094,2025-01-01
Rødekro,Denmark,6189,2025-01-01
Rønne,Denmark,13675,2025-01-01
Roskilde,Denmark,53354,2025-01-01
Ry,Denmark,7536,2025-01-01
Sæby,Denmark,8991,2025-01-01
Silkeborg,Denmark,52571,2025-01-01
Skagen,Denmark,7394,2025-01-01
Skælskør,Denmark,6304,2025-01-01
Skanderborg,Denmark,20360,2025-01-01
Skive,Denmark,20090,2025-01-01
Skjern,Denmark,7737,2025-01-01
Slagelse,Denmark,35817,2025-01-01
Slangerup,Denmark,6933,2025-01-01
Smørumnedre ( incl. Måløv ),Denmark,21768,
Solrød Strand,Denmark,17951,
Sønderborg,Denmark,28333,2025-01-01
Sorø,Denmark,8433,2025-01-01
Støvring,Denmark,9584,2025-01-01
Strib,Denmark,5280,2025-01-01
Strøby Egede,Denmark,5108,2025-01-01
Struer,Denmark,9893,2025-01-01
Svendborg,Denmark,27616,2025-01-01
Svenstrup,Denmark,8001,2025-01-01
Taastrup,Denmark,38178,
Thisted,Denmark,13505,2025-01-01
Tønder,Denmark,7477,2025-01-01
Tune,Denmark,5609,
Vamdrup,Denmark,4940,2025-01-01
Varde,Denmark,14263,2025-01-01
Værløse,Denmark,13200,
Vejen,Denmark,10416,2025-01-01
Vejle,Denmark,62011,2025-01-01
Viborg,Denmark,43645,2025-01-01
Viby,Denmark,5113,2025-01-01
Vojens,Denmark,7424,2025-01-01
Vordingborg,Denmark,12093,2025-01-01
"Azua de Compostela ( incl. Clavellina, Doña Emma Balaguer )",Domrep,70282,2022-11-10
Bajos de Haina,Domrep,75760,2022-11-10
Baní,Domrep,77316,2022-11-10
Barahona ( Santa Cruz de Barahona ),Domrep,84940,2022-11-10
Bayaguana,Domrep,24878,2022-11-10
Boca Chica,Domrep,76007,2022-11-10
Bonao,Domrep,71767,2022-11-10
Cabral,Domrep,13302,2022-11-10
Cambita Garabitos ( incl. Cambita El Pueblecito ),Domrep,16818,2022-11-10
Comendador ( Elías Piña ),Domrep,15083,2022-11-10
Constanza,Domrep,30388,2022-11-10
Consuelo,Domrep,30737,2022-11-10
Cotuí ( incl. Quita Sueño ),Domrep,52535,2022-11-10
Dajabón,Domrep,24495,2022-11-10
El Factor,Domrep,9846,2022-11-10
El Seibo ( Santa Cruz del Seibo ),Domrep,28976,2022-11-10
Esperanza,Domrep,42469,2022-11-10
Fantino,Domrep,10274,2022-11-10
Hato del Yaque,Domrep,26450,2022-11-10
Hato Mayor del Rey,Domrep,45039,2022-11-10
Higüey ( Salvaleón de Higüey ),Domrep,210278,2022-11-10
Jarabacoa,Domrep,30953,2022-11-10
Jimaní,Domrep,11346,2022-11-10
La Caleta,Domrep,28944,2022-11-10
La Guáyiga,Domrep,36318,2022-11-10
La Mata,Domrep,9879,2022-11-10
La Otra Banda,Domrep,20232,2022-11-10
"La Romana ( incl. Villa Hermosa, Cumayasa, Caleta )",Domrep,265313,2022-11-10
Las Guáranas,Domrep,10521,2022-11-10
Las Matas de Farfán,Domrep,26961,2022-11-10
Las Matas de Santa Cruz,Domrep,9920,2022-11-10
Las Palomas,Domrep,14316,2022-11-10
Las Terrenas,Domrep,12818,2022-11-10
La Vega ( Concepción de la Vega ),Domrep,123677,2022-11-10
La Victoria,Domrep,26459,2022-11-10
"Los Alcarrizos ( incl. Pantoja, Palmarejo-Villa Linda )",Domrep,282799,2022-11-10
Maimón,Domrep,19386,2022-11-10
Mao,Domrep,59717,2022-11-10
Miches,Domrep,11309,2022-11-10
Moca,Domrep,63158,2022-11-10
Monte Cristi ( San Fernando de Monte Cristi ),Domrep,18773,2022-11-10
Monte Plata,Domrep,15468,2022-11-10
Nagua,Domrep,40933,2022-11-10
Neiba,Domrep,24928,2022-11-10
Paya,Domrep,9990,2022-11-10
Pedernales,Domrep,20595,2022-11-10
Pedro Brand,Domrep,34541,2022-11-10
Peralta,Domrep,9321,2022-11-10
Piedra Blanca,Domrep,10296,2022-11-10
Pimentel,Domrep,10325,2022-11-10
Puerto Plata ( San Felipe de Puerto Plata ),Domrep,132878,2022-11-10
Punta Cana ( Verón Punta Cana ),Domrep,90537,2022-11-10
Quisqueya,Domrep,20034,2022-11-10
Río San Juan,Domrep,11157,2022-11-10
Sabana de la Mar,Domrep,15797,2022-11-10
Sabana Grande de Boyá,Domrep,20929,2022-11-10
Sabana Yegua,Domrep,10674,2022-11-10
Sabaneta ( San Ignacio de Sabaneta ),Domrep,19116,2022-11-10
Salcedo,Domrep,13897,2022-11-10
Samaná ( Santa Bárbara de Samaná ),Domrep,15747,2022-11-10
San Antonio de Guerra,Domrep,15986,2022-11-10
Sánchez,Domrep,11241,2022-11-10
San Cristóbal ( Beneménta de San Cristóbal ),Domrep,167466,2022-11-10
San Francisco de Macorís,Domrep,143726,2022-11-10
San Gregorio de Nigua,Domrep,17519,2022-11-10
San José de Ocoa,Domrep,26487,2022-11-10
San Juan de la Maguana,Domrep,78716,2022-11-10
San Luis,Domrep,29057,2022-11-10
San Pedro de Macorís,Domrep,207378,2022-11-10
"Santiago de los Caballeros ( incl. Santiago Oeste, San Francisco de Jacagua )",Domrep,612595,2022-11-10
Santo Domingo ( Santo Domingo de Guzman ),Domrep,2752784,2022-11-10
Tamboril,Domrep,24820,2022-11-10
Vicente Noble,Domrep,13302,2022-11-10
Villa Altagracia,Domrep,42624,2022-11-10
Villa Bisonó ( Navarrete ),Domrep,37463,2022-11-10
Villa González,Domrep,11758,2022-11-10
Villa Jaragua,Domrep,11329,2022-11-10
Villa Montellano,Domrep,11588,2022-11-10
Villa Vásquez,Domrep,12302,2022-11-10
Yamasá,Domrep,15064,2022-11-10
Anju,Northkorea,167646,2008-10-01
Ch'ŏllima,Northkorea,102436,2008-10-01
Ch'ŏngjin,Northkorea,614892,2008-10-01
Chŏngju,Northkorea,102659,2008-10-01
Haeju,Northkorea,241599,2008-10-01
Hamhŭng ( incl. Hŭngnam ),Northkorea,703610,2008-10-01
Hoeryŏng,Northkorea,92494,2008-10-01
Hŭich'ŏn,Northkorea,136093,2008-10-01
Hyesan,Northkorea,174015,2008-10-01
Kaech'ŏn,Northkorea,262389,2008-10-01
Kaesŏng,Northkorea,192578,2008-10-01
Kanggye,Northkorea,251971,2008-10-01
Kangsŏ,Northkorea,119848,2008-10-01
Kimch'aek ( Sŏngjin ),Northkorea,155284,2008-10-01
Kusŏng,Northkorea,155181,2008-10-01
Manp'o,Northkorea,82631,2008-10-01
Munch'ŏn,Northkorea,92525,2008-10-01
Namp'o,Northkorea,310531,2008-10-01
P'yŏngsŏng,Northkorea,236583,2008-10-01
P'yŏngyang [ Pyongyang ],Northkorea,2521785,2008-10-01
Rasŏn,Northkorea,158337,2008-10-01
Samjiyŏn,Northkorea,25558,2008-10-01
Sariwŏn,Northkorea,271434,2008-10-01
Sinp'o,Northkorea,130951,2008-10-01
Sinŭiju,Northkorea,334031,2008-10-01
Songrim,Northkorea,95878,2008-10-01
Sunch'ŏn,Northkorea,250738,2008-10-01
Taean,Northkorea,66261,2008-10-01
Tanch'ŏn,Northkorea,240873,2008-10-01
Tŏkch'ŏn,Northkorea,210571,2008-10-01
Wŏnsan,Northkorea,328467,2008-10-01
Abnūb,Egypt,118843,2023-07-01
Abū al-Maṭāmīr [ Abou el-Matamer ],Egypt,69338,2023-07-01
Abū an-Numrus,Egypt,88401,2023-07-01
Abū Ḥammād,Egypt,46004,2023-07-01
Abū Ḥummuṣ [ Abou Homs ],Egypt,63580,2023-07-01
Abū Kabīr,Egypt,165246,2023-07-01
Abū Qurqās [ Abu Qirqas ],Egypt,94855,2023-07-01
Abū Ṣuwayr al-Maḥaṭṭah,Egypt,34358,2023-07-01
Abū Tīj,Egypt,112077,2023-07-01
Abū Tisht,Egypt,19030,2023-07-01
Aḍ-Ḍab'ah,Egypt,30332,2023-07-01
Ad-Dilinjāt,Egypt,71361,2023-07-01
Ajā,Egypt,47796,2023-07-01
Akhmīm,Egypt,157938,2023-07-01
Al-'Arīsh [ El Arish ],Egypt,204391,2023-07-01
Al-'Ayyāṭ,Egypt,46747,2023-07-01
Al-Badārī,Egypt,59570,2023-07-01
Al-Badrashayn [ Badrshein ],Egypt,92724,2023-07-01
Al-Bājūr [ El Bagour ],Egypt,65320,2023-07-01
Al-Balyanā [ El Balyana ],Egypt,71353,2023-07-01
Al-Baṣaliyah Baḥri,Egypt,34840,2023-07-01
Al-Bāwīṭī,Egypt,15978,2023-07-01
Al-Bāyaḍiyah,Egypt,24980,2023-07-01
Al-Fashn,Egypt,121675,2023-07-01
Al-Fatḥ - An-Nāṣiriyah,Egypt,23852,2023-07-01
Al-Fayyūm [ Fayoum ],Egypt,531861,2023-07-01
Al-Ghanāyim [ El Ghanayem ],Egypt,75361,2023-07-01
Al-Ghurdaqah [ Hurghada ],Egypt,214247,2023-07-01
Al-Ḥammām,Egypt,20156,2023-07-01
Al-Ḥāmūl,Egypt,59520,2023-07-01
Al-Ḥawāmidiyah,Egypt,158278,2023-07-01
Al-Ḥusayniyah,Egypt,54185,2023-07-01
Al-Ibrāhīmiyah,Egypt,57546,2023-07-01
Al-'Idwah,Egypt,27418,2023-07-01
Al-Iskandariyah [ Alexandria ],Egypt,5362517,2023-07-01
Al-Ismā'īliyah [ Ismaïlia ],Egypt,450388,2023-07-01
Al-Jamāliyah,Egypt,101302,2023-07-01
"Al-Jīzah ( incl. Al-Warrāq, Al-Ahrām ) [ Giza ]",Egypt,4458135,2023-07-01
Al-Khānkah,Egypt,83981,2023-07-01
Al-Khārijah [ Kharga ],Egypt,87482,2023-07-01
Al-Khuṣūṣ,Egypt,502864,2023-07-01
Al-Kurdy,Egypt,45653,2023-07-01
Al-Maḥallah al-Kubrā [ Mahalla el-Kubra ],Egypt,614202,2023-07-01
Al-Maḥmūdiyah [ Mahmoudiyah ],Egypt,35898,2023-07-01
Al-Manshāh,Egypt,95064,2023-07-01
Al-Manṣūrah [ El Mansoura ],Egypt,632330,2023-07-01
Al-Manzilah [ Manzala ],Egypt,129519,2023-07-01
Al-Marāghah [ El Maragha ],Egypt,55952,2023-07-01
Al-Maṭariyah [ El Matareya ],Egypt,164743,2023-07-01
Al-Minyā,Egypt,298021,2023-07-01
Al-Minyā al-Jadīdah,Egypt,18357,2023-07-01
Al-Qāhirah ( incl. Ḥulwān ) [ Cairo ],Egypt,9801536,2023-07-01
Al-Qāhirah al-Jadīdah [ New Cairo ],Egypt,319488,2023-07-01
Al-Qanāṭir al-Khayriyah,Egypt,85958,2023-07-01
Al-Qanāyāt,Egypt,75621,2023-07-01
Al-Qantarah,Egypt,49906,2023-07-01
Al-Qanṭarah Sharq,Egypt,33358,2023-07-01
Al-Qarnuh al-Jadīdah [ Kurna ],Egypt,41233,2023-07-01
Al-Qaṣāṣīn al-Jadīdah [ New Kasaseen ],Egypt,25551,2023-07-01
Al-Qurayn,Egypt,101238,2023-07-01
Al-Quṣayr,Egypt,52558,2023-07-01
Al-Qūṣiyah,Egypt,105891,2023-07-01
Al-'Ubūr [ El Ubour ],Egypt,142955,2023-07-01
Al-Uqṣur [ Luxor ],Egypt,284952,2023-07-01
Al-Waqf,Egypt,36315,2023-07-01
Al-Wāsiṭā,Egypt,62313,2023-07-01
An-Najaylah [ El Negaila ],Egypt,21653,2023-07-01
An-Nūbāriyah al-Jadīdah [ New Nubariya ],Egypt,24113,2023-07-01
Armant,Egypt,83475,2023-07-01
Ar-Radīsiyah Qiblī,Egypt,17130,2023-07-01
Ar-Raḥmāniyah [ Rahmaniya ],Egypt,46070,2023-07-01
Ar-Rawḍah,Egypt,31940,2023-07-01
Ar-Riyāḍ,Egypt,24705,2023-07-01
Ashmūn [ Ashmoun ],Egypt,129144,2023-07-01
Ash-Shalātīn,Egypt,12849,2023-07-01
Ash-Shaykh Zāyid [ Sheikh Zayed City ],Egypt,97848,2023-07-01
Ash-Shaykh Zuwayd [ Sheikh Zuweid ],Egypt,27406,2023-07-01
Ash-Shuhadā',Egypt,78919,2023-07-01
Ash-Shurūq,Egypt,93759,2023-07-01
Aṣ-Ṣaff,Egypt,62812,2023-07-01
Aṣ-Ṣaliḥiyah al-Jadīdah [ New Salhia ],Egypt,63459,2023-07-01
As-Sallūm,Egypt,18118,2023-07-01
As-Sanṭah,Egypt,47486,2023-07-01
As-Sarw,Egypt,29951,2023-07-01
As-Sibā'iyah Gharb [ Sebaiya ],Egypt,22870,2023-07-01
As-Sinbillāwayn [ El Senbellawein ],Egypt,126088,2023-07-01
As-Suways [ Suez ],Egypt,716458,2023-07-01
Aswān,Egypt,401890,2023-07-01
Asyūṭ [ Asyut ],Egypt,562061,2023-07-01
Aṭfīḥ,Egypt,27504,2023-07-01
At-Tall al-Kabīr,Egypt,49251,2023-07-01
Aṭ-Ṭūd,Egypt,32650,2023-07-01
Aṭ-Ṭūr [ El Tor ],Egypt,40532,2023-07-01
Awlād Ṣaqr,Egypt,35132,2023-07-01
Awsīm,Egypt,96132,2023-07-01
Az-Zaqāzīq [ Zagazig ],Egypt,460501,2023-07-01
Az-Zarqā',Egypt,27567,2023-07-01
Az-Zayniyah Qiblī,Egypt,21210,2023-07-01
Badr,Egypt,29095,2023-07-01
Balṭīm,Egypt,52250,2023-07-01
Banhā,Egypt,187469,2023-07-01
Banī Mazār [ Beni Mazar ],Egypt,121643,2023-07-01
Banī Suwayf [ Beni Suef ],Egypt,294125,2023-07-01
Banī Suwayf al-Jadīdah [ New Beni Suef ],Egypt,34757,2023-07-01
Banī Ubayd,Egypt,46830,2023-07-01
Basyūn [ Basyoun ],Egypt,77823,2023-07-01
Bibā,Egypt,101946,2023-07-01
Bilbays [ Bilbeis ],Egypt,198167,2023-07-01
Bilqās [ Belqas ],Egypt,139369,2023-07-01
B'īr al-'Abd,Egypt,27012,2023-07-01
Birkat as-Sab' [ Birket el-Sab ],Egypt,52835,2023-07-01
Biyalā,Egypt,90729,2023-07-01
Burj al-'Arab,Egypt,22866,2023-07-01
Burj al-Barlus,Egypt,61470,2023-07-01
Būr Sa'īd [ Port Said ],Egypt,791749,2023-07-01
Damanhūr [ Damanhour ],Egypt,329572,2023-07-01
Dar as-Salām [ Dar el-Salam ],Egypt,39642,2023-07-01
Daraw,Egypt,65389,2023-07-01
Dayr Mawās [ Deir Mawas ],Egypt,63928,2023-07-01
Dayrūṭ [ Dairut ],Egypt,109051,2023-07-01
Dikirnis,Egypt,102769,2023-07-01
Dishnā,Egypt,67716,2023-07-01
Disūq [ Desouk ],Egypt,152077,2023-07-01
Diyarb Najm,Egypt,86606,2023-07-01
Dumyāṭ [ Damietta ],Egypt,312863,2023-07-01
Fa'id [ Fayid ],Egypt,36775,2023-07-01
Fāqūs [ Faqous ],Egypt,125112,2023-07-01
Fāraskūr,Egypt,44390,2023-07-01
Farshūṭ,Egypt,74275,2023-07-01
Fuwah,Egypt,95134,2023-07-01
Ḥawsh 'Īsā [ Hosh Essa ],Egypt,85964,2023-07-01
Hihyā,Egypt,80045,2023-07-01
Ibshawāy [ Ibsheway ],Egypt,88309,2023-07-01
Idfū [ Edfu ],Egypt,84140,2023-07-01
Idkū,Egypt,183479,2023-07-01
Ihnāsiyā,Egypt,68976,2023-07-01
Isnā [ Esna ],Egypt,102697,2023-07-01
Iṭsā,Egypt,76190,2023-07-01
Ityāy al-Bārūd,Egypt,80377,2023-07-01
'Izbat al-Burj,Egypt,54284,2023-07-01
Jirjā [ Girga ],Egypt,157754,2023-07-01
Juhaynah,Egypt,79845,2023-07-01
Kafr ad-Dawwār,Egypt,133130,2023-07-01
Kafr al-Baṭṭīkh,Egypt,48270,2023-07-01
Kafr ash-Shaykh [ Kafr el-Sheikh ],Egypt,198197,2023-07-01
Kafr az-Zayyāt,Egypt,86390,2023-07-01
Kafr Sa'd,Egypt,18530,2023-07-01
Kafr Ṣaqr,Egypt,47638,2023-07-01
Kafr Shukr,Egypt,31833,2023-07-01
Kawm Ḥamādah,Egypt,57640,2023-07-01
Kawm Umbū [ Kom Ombo ],Egypt,123066,2023-07-01
Kirdāsah,Egypt,140448,2023-07-01
Madīnat 'Ashirh min-Ramaḍān [ 10th of Ramadan City ],Egypt,263321,2023-07-01
Madīnat as-Sādāt [ Sadat City ],Egypt,74177,2023-07-01
Madīnat Badr [ Badr City ],Egypt,33602,2023-07-01
Madīnat Burj al-'Arab al-Jadīdah [ New Borg Al-Arab ],Egypt,46727,2023-07-01
Madīnat Dumyāṭ al-Jadīdah [ New Damietta City ],Egypt,55749,2023-07-01
Madīnat Sittah Uktūbar [ 6th October City ],Egypt,376302,2023-07-01
Maghāghah,Egypt,124236,2023-07-01
Maḥallah Damanah,Egypt,32455,2023-07-01
Mallawī,Egypt,223435,2023-07-01
Manfalūṭ,Egypt,125373,2023-07-01
Manshat al-Qanāṭir,Egypt,19584,2023-07-01
Marsā Maṭrūḥ [ Mersa Matruh ],Egypt,193293,2023-07-01
Mashtūl as-Sūq,Egypt,81131,2023-07-01
Maṭāy [ Matai ],Egypt,86513,2023-07-01
Minūf,Egypt,130417,2023-07-01
Minyā al-Qamḥ,Egypt,106216,2023-07-01
Minyat an-Naṣr,Egypt,83805,2023-07-01
Mīt Abū Ghālb,Egypt,20940,2023-07-01
Mīt Ghamr,Egypt,156319,2023-07-01
Mīt Salsīl,Egypt,48971,2023-07-01
Munshāh Abū 'Umar,Egypt,24117,2023-07-01
Mūṭ ( Ad-Dākhlah ) [ Dakhla ],Egypt,28229,2023-07-01
Muṭūbis [ Metoubes ],Egypt,44717,2023-07-01
Nabarūh,Egypt,60190,2023-07-01
Naj' Ḥammādī,Egypt,62339,2023-07-01
Naqādah [ Naqada ],Egypt,28006,2023-07-01
Nāṣir Būsh,Egypt,146917,2023-07-01
Qahā,Egypt,37261,2023-07-01
Qallīn,Egypt,49132,2023-07-01
Qalyūb,Egypt,160831,2023-07-01
"Qifṭ [ Gebtu, Coptos ]",Egypt,25113,2023-07-01
Qinā [ Qena ],Egypt,264498,2023-07-01
Qūṣ,Egypt,88261,2023-07-01
Quṭūr,Egypt,33212,2023-07-01
Quwaysinā [ Quweisna ],Egypt,68152,2023-07-01
Rafaḥ,Egypt,45359,2023-07-01
Rās al-Bar,Egypt,10445,2023-07-01
Ras Ghārib,Egypt,46398,2023-07-01
Rashīd [ Rosetta ],Egypt,130270,2023-07-01
Safājā [ Safaga ],Egypt,55487,2023-07-01
Sāḥīl Salim [ Sahel Selim ],Egypt,57510,2023-07-01
Samālūṭ,Egypt,149227,2023-07-01
Samannūd,Egypt,91130,2023-07-01
Ṣān al-Ḥajar [ Tanis ],Egypt,33129,2023-07-01
Sāqultah [ Sakulta ],Egypt,35747,2023-07-01
Sawhāj [ Sohag ],Egypt,278425,2023-07-01
Sharm ash-Shaykh [ Sharm el-Sheikh ],Egypt,38478,2006-11-11
Shibīn al-Kawm [ Shibin el-Kom ],Egypt,277991,2023-07-01
Shibīn al-Qanāṭir [ Shibin el-Qanater ],Egypt,75821,2023-07-01
Shirbīn,Egypt,77352,2023-07-01
Shubrā al-Khaymah [ Shubra el-Kheima ],Egypt,1275700,2023-07-01
Shubrākhīt,Egypt,42706,2023-07-01
Ṣidfā [ Sodfa ],Egypt,32138,2023-07-01
Sīdī Barrānī,Egypt,41893,2023-07-01
Sīdī Ghāzī,Egypt,28661,2023-07-01
Sīdī Sālim,Egypt,45542,2023-07-01
Sinnūris,Egypt,136825,2023-07-01
Sirs al-Layyānah,Egypt,81097,2023-07-01
Sīwa,Egypt,27409,2023-07-01
Sumusṭā al-Waqf,Egypt,69953,2023-07-01
Ṭahṭā,Egypt,140087,2023-07-01
Talā,Egypt,75255,2023-07-01
Ṭalkhā,Egypt,114737,2023-07-01
Tama al-Āmdīd,Egypt,20730,2023-07-01
Ṭāmiyah [ Tamiya ],Egypt,74870,2023-07-01
Ṭanṭā,Egypt,597694,2023-07-01
Ṭimā,Egypt,105477,2023-07-01
Ṭūkh,Egypt,54096,2023-07-01
Wadi an-Natrun [ Natron Valley ],Egypt,42657,2023-07-01
Yūsuf aṣ-Ṣiddīq,Egypt,24555,2023-07-01
Ziftā,Egypt,115774,2023-07-01
Abja-Paluoja,Estonia,1030,2026-01-01
Aegviidu,Estonia,674,2021-12-31
Antsla,Estonia,1201,2026-01-01
Elva,Estonia,5560,2026-01-01
Haapsalu,Estonia,9338,2026-01-01
Järva-Jaani,Estonia,983,2021-12-31
Järvakandi,Estonia,1201,2021-12-31
Jõgeva,Estonia,4934,2026-01-01
Jõhvi,Estonia,10448,2026-01-01
Kallaste,Estonia,628,2026-01-01
Kärdla,Estonia,2871,2026-01-01
Karksi-Nuia,Estonia,1404,2026-01-01
Kehra,Estonia,2755,2026-01-01
Keila,Estonia,10986,2026-01-01
Kiili,Estonia,1841,2021-12-31
Kilingi-Nõmme,Estonia,1567,2026-01-01
Kiviõli,Estonia,4645,2026-01-01
Kohila,Estonia,3295,2021-12-31
Kohtla-Järve,Estonia,32368,2026-01-01
Kohtla-Nõmme,Estonia,886,2021-12-31
Kunda,Estonia,2975,2026-01-01
Kuressaare,Estonia,12729,2026-01-01
Lavassaare,Estonia,445,2021-12-31
Lihula,Estonia,1205,2026-01-01
Loksa,Estonia,2459,2026-01-01
Maardu,Estonia,16812,2026-01-01
Märjamaa,Estonia,2617,2021-12-31
Mõisaküla,Estonia,693,2026-01-01
Mustvee,Estonia,1101,2026-01-01
Narva,Estonia,51411,2026-01-01
Narva-Jõesuu,Estonia,2611,2026-01-01
Otepää,Estonia,2052,2026-01-01
Paide,Estonia,7873,2026-01-01
Paikuse,Estonia,2917,2021-12-31
Paldiski,Estonia,3975,2026-01-01
Pärnu,Estonia,40934,2026-01-01
Pärnu-Jaagupi,Estonia,1140,2021-12-31
Põltsamaa,Estonia,3966,2026-01-01
Põlva,Estonia,5292,2026-01-01
Püssi,Estonia,852,2026-01-01
Rakvere,Estonia,15345,2026-01-01
Räpina,Estonia,2002,2026-01-01
Rapla,Estonia,5209,2026-01-01
Saue,Estonia,6146,2026-01-01
Sillamäe,Estonia,11942,2026-01-01
Sindi,Estonia,3749,2026-01-01
Suure-Jaani,Estonia,1081,2026-01-01
Tallinn,Estonia,452563,2026-01-01
Tamsalu,Estonia,2287,2026-01-01
Tapa,Estonia,5388,2026-01-01
Tartu,Estonia,96506,2026-01-01
Tootsi,Estonia,774,2021-12-31
Tõrva,Estonia,2549,2026-01-01
Türi,Estonia,5022,2026-01-01
Valga,Estonia,11732,2026-01-01
Vändra,Estonia,2148,2021-12-31
Viljandi,Estonia,17000,2026-01-01
Võhma,Estonia,1219,2026-01-01
Võru,Estonia,11813,2026-01-01
Äänekoski,Finland,17492,2025-12-31
Espoo ( Esbo ),Finland,325716,2025-12-31
Hämeenlinna,Finland,68614,2025-12-31
Hamina,Finland,19113,2025-12-31
Heinola,Finland,17694,2025-12-31
Helsinki ( Helsingfors ),Finland,694392,2025-12-31
Hollola,Finland,22775,2025-12-31
Hyvinkää,Finland,47015,2025-12-31
Iisalmi,Finland,20205,2025-12-31
Imatra,Finland,24345,2025-12-31
Jakobstad ( Pietarsaari ),Finland,19657,2025-12-31
Jämsä,Finland,19020,2025-12-31
Järvenpää,Finland,46944,2025-12-31
Joensuu,Finland,79129,2025-12-31
Jyväskylä,Finland,149895,2025-12-31
Kaarina,Finland,36675,2025-12-31
Kajaani,Finland,36370,2025-12-31
Kangasala,Finland,34379,2025-12-31
Kemi,Finland,19339,2025-12-31
Kerava,Finland,38767,2025-12-31
Kirkkonummi ( Kyrkslätt ),Finland,41725,2025-12-31
Kokkola ( Karleby ),Finland,48338,2025-12-31
Kotka,Finland,50029,2025-12-31
Kouvola,Finland,77625,2025-12-31
Kuopio,Finland,126572,2025-12-31
Kurikka,Finland,19441,2025-12-31
Lahti,Finland,121832,2025-12-31
Lappeenranta,Finland,73241,2025-12-31
Lempäälä,Finland,25041,2025-12-31
Lieto,Finland,20732,2025-12-31
Lohja ( Lojo ),Finland,45435,2025-12-31
Mäntsälä,Finland,20861,2025-12-31
Mariehamn,Finland,11957,2025-12-31
Mikkeli,Finland,51551,2025-12-31
Naantali,Finland,20390,2025-12-31
Nokia,Finland,36571,2025-12-31
Nurmijärvi,Finland,45333,2025-12-31
Oulu,Finland,217469,2025-12-31
Pieksämäki,Finland,17124,2025-12-31
Pirkkala,Finland,21373,2025-12-31
Pori,Finland,83010,2025-12-31
Porvoo ( Borgå ),Finland,51863,2025-12-31
Raahe,Finland,23413,2025-12-31
Raisio,Finland,26036,2025-12-31
Raseborg ( Raasepori ),Finland,26856,2025-12-31
Rauma,Finland,38773,2025-12-31
Riihimäki,Finland,28555,2025-12-31
Rovaniemi,Finland,66191,2025-12-31
Salo,Finland,50339,2025-12-31
Sastamala ( Vammala ),Finland,23332,2025-12-31
Savonlinna,Finland,31008,2025-12-31
Seinäjoki,Finland,67283,2025-12-31
Siilinjärvi,Finland,21348,2025-12-31
Sipoo ( Sibbo ),Finland,23006,2025-12-31
Tampere,Finland,263337,2025-12-31
Tornio,Finland,20823,2025-12-31
Turku ( Åbo ),Finland,209633,2025-12-31
Tuusula,Finland,42479,2025-12-31
Vaasa ( Vasa ),Finland,71209,2025-12-31
Valkeakoski,Finland,20762,2025-12-31
Vantaa ( Vanda ),Finland,252956,2025-12-31
Varkaus,Finland,19433,2025-12-31
Vihti,Finland,28852,2025-12-31
Ylöjärvi,Finland,33658,2025-12-31
Aix-en-Provence,France,149695,2023-01-01
Amiens,France,136449,2023-01-01
Angers,France,159022,2023-01-01
Annecy,France,132117,2023-01-01
Argenteuil,France,106130,2023-01-01
Besançon,France,118489,2023-01-01
Bordeaux,France,267991,2023-01-01
Boulogne-Billancourt,France,119019,2023-01-01
Brest,France,142346,2023-01-01
Caen,France,109400,2023-01-01
Clermont-Ferrand,France,146351,2023-01-01
Dijon,France,161830,2023-01-01
Grenoble,France,156140,2023-01-01
Le Havre,France,166687,2023-01-01
Le Mans,France,146249,2023-01-01
Lille,France,238246,2023-01-01
Limoges,France,129937,2023-01-01
Lyon,France,519127,2023-01-01
Marseille,France,886040,2023-01-01
Metz,France,122572,2023-01-01
Montpellier,France,310240,2023-01-01
Montreuil,France,111934,2023-01-01
Mulhouse,France,104978,2023-01-01
Nancy,France,103671,2023-01-01
Nantes,France,327734,2023-01-01
Nice,France,357737,2023-01-01
Nîmes,France,151839,2023-01-01
Orléans,France,116357,2023-01-01
Paris,France,2103778,2023-01-01
Perpignan,France,121616,2023-01-01
Reims,France,177674,2023-01-01
Rennes,France,230890,2023-01-01
Rouen,France,117662,2023-01-01
Saint-Denis ( incl. Pierrefitte-sur-Seine ),France,149077,2023-01-01
Saint-Étienne,France,173136,2023-01-01
Strasbourg,France,293771,2023-01-01
Toulon,France,179116,2023-01-01
Toulouse,France,514819,2023-01-01
Tours,France,139259,2023-01-01
Villeurbanne,France,163684,2023-01-01
Aberdeen,Uk,222200,2024-06-30
Accrington,Uk,129885,2024-06-30
Amersham,Uk,50364,2024-06-30
Andover,Uk,55686,2024-06-30
Ashford,Uk,87727,2024-06-30
Aylesbury,Uk,102656,2024-06-30
Ayr,Uk,62300,2024-06-30
Banbury,Uk,61976,2024-06-30
Barnsley,Uk,240177,2024-06-30
Barrow-in-Furness,Uk,55778,2024-06-30
Barry ( Barri ),Uk,58388,2024-06-30
Basildon,Uk,164486,2024-06-30
Basingstoke,Uk,127734,2024-06-30
Bath,Uk,105073,2024-06-30
Bedford,Uk,129789,2024-06-30
"Belfast ( incl. Newtownabbey, Dundonald, Newtownbreda )",Uk,634600,2024-06-30
Birkenhead,Uk,342420,2024-06-30
Birmingham,Uk,2685039,2024-06-30
Blackburn,Uk,160637,2024-06-30
Blackpool,Uk,249615,2024-06-30
Bognor Regis,Uk,71160,2024-06-30
Bournemouth,Uk,496015,2024-06-30
Braintree,Uk,57710,2024-06-30
Brentwood,Uk,57013,2024-06-30
Bridgend,Uk,68465,2024-06-30
Bridgwater,Uk,52182,2024-06-30
Brighton and Hove,Uk,529646,2024-06-30
Bristol,Uk,712984,2024-06-30
Bromsgrove,Uk,50795,2024-06-30
Buckley,Uk,63044,2024-06-30
Burnley,Uk,168419,2024-06-30
Burton upon Trent,Uk,142144,2024-06-30
Cambridge,Uk,187131,2024-06-30
Cannock,Uk,90568,2024-06-30
Canterbury,Uk,60292,2024-06-30
Cardiff,Uk,487008,2024-06-30
Carlisle,Uk,85235,2024-06-30
Castleford,Uk,70343,2024-06-30
Chelmsford,Uk,126990,2024-06-30
Cheltenham,Uk,123575,2024-06-30
Chester,Uk,99978,2024-06-30
Chesterfield,Uk,115920,2024-06-30
Clacton-on-Sea,Uk,55568,2024-06-30
Colchester,Uk,150156,2024-06-30
Corby,Uk,74865,2024-06-30
Coventry,Uk,412903,2024-06-30
"Craigavon ( incl. Lurgan, Portadown )",Uk,82500,2024-06-30
Crawley,Uk,210605,2024-06-30
Crewe,Uk,89711,2024-06-30
Cumbernauld ( incl. Bonnybridge ),Uk,78600,2024-06-30
"Dalkeith ( incl. Bonnyrigg, Gorebridge )",Uk,57800,2024-06-30
Darlington,Uk,97122,2024-06-30
Derby,Uk,306007,2024-06-30
Derry ( Londonderry ),Uk,91100,2024-06-30
Doncaster,Uk,166897,2024-06-30
Dundee,Uk,159200,2024-06-30
Dunfermline,Uk,79000,2024-06-30
Durham,Uk,52050,2024-06-30
Eastbourne,Uk,127172,2024-06-30
East Kilbride,Uk,79300,2024-06-30
Edinburgh,Uk,536300,2024-06-30
Exeter,Uk,142327,2024-06-30
Falkirk,Uk,106300,2024-06-30
Farnborough,Uk,281407,2024-06-30
Folkestone,Uk,69262,2024-06-30
Gillingham,Uk,264555,2024-06-30
Glasgow,Uk,1061100,2024-06-30
Gloucester,Uk,179839,2024-06-30
Grays,Uk,102624,2024-06-30
Great Yarmouth,Uk,65758,2024-06-30
Greenock,Uk,67900,2024-06-30
Grimsby,Uk,139478,2024-06-30
Harrogate,Uk,93968,2024-06-30
Hartlepool,Uk,92703,2024-06-30
Hastings,Uk,137417,2024-06-30
Hereford,Uk,61960,2024-06-30
Herne Bay,Uk,72762,2024-06-30
Hertford,Uk,50384,2024-06-30
High Wycombe,Uk,145293,2024-06-30
Hinckley,Uk,51648,2024-06-30
Horsham,Uk,58350,2024-06-30
Inverness,Uk,66600,2024-06-30
Ipswich,Uk,187307,2024-06-30
Kettering,Uk,77387,2024-06-30
Kidderminster,Uk,59986,2024-06-30
Kilmarnock,Uk,51900,2024-06-30
Kingston upon Hull ( Hull ),Uk,335459,2024-06-30
Kirkcaldy,Uk,51900,2024-06-30
Lancaster,Uk,103519,2024-06-30
Leeds,Uk,1931411,2024-06-30
Leicester,Uk,589171,2024-06-30
Lincoln,Uk,131801,2024-06-30
Liverpool,Uk,927000,2024-06-30
Livingston,Uk,66800,2024-06-30
Llanelli,Uk,50116,2024-06-30
London,Uk,10914333,2024-06-30
Loughborough,Uk,66373,2024-06-30
Lowestoft,Uk,73168,2024-06-30
Luton,Uk,308641,2024-06-30
Macclesfield,Uk,66257,2024-06-30
Maidenhead,Uk,72336,2024-06-30
Maidstone,Uk,125273,2024-06-30
Manchester,Uk,2857875,2024-06-30
Mansfield,Uk,184496,2024-06-30
Margate,Uk,132020,2024-06-30
Middlesbrough,Uk,405357,2024-06-30
Milton Keynes,Uk,280086,2024-06-30
"Motherwell ( incl. Hamilton, Coatbridge )",Uk,304100,2024-06-30
Newbury,Uk,74420,2024-06-30
Newcastle upon Tyne,Uk,824390,2024-06-30
Newport,Uk,328890,2024-06-30
Northampton,Uk,259553,2024-06-30
Northwich,Uk,56450,2024-06-30
Norwich,Uk,238337,2024-06-30
Nottingham,Uk,784649,2024-06-30
Nuneaton,Uk,105197,2024-06-30
Oxford,Uk,187762,2024-06-30
Paignton,Uk,122667,2024-06-30
Peterborough,Uk,199859,2024-06-30
Plymouth,Uk,276622,2024-06-30
Pontefract,Uk,50753,2024-06-30
Preston,Uk,348278,2024-06-30
Reading,Uk,373578,2024-06-30
Redditch,Uk,86219,2024-06-30
Redhill,Uk,70977,2024-06-30
Royal Leamington Spa,Uk,107605,2024-06-30
Royal Tunbridge Wells,Uk,71484,2024-06-30
Rugby,Uk,91791,2024-06-30
Runcorn,Uk,63723,2024-06-30
Scarborough,Uk,62603,2024-06-30
Scunthorpe,Uk,82551,2024-06-30
Sheffield,Uk,721879,2024-06-30
Shrewsbury,Uk,79264,2024-06-30
Sittingbourne,Uk,57446,2024-06-30
Slough,Uk,192326,2024-06-30
Southampton,Uk,917596,2024-06-30
Southend-on-Sea,Uk,313524,2024-06-30
Southport,Uk,96394,2024-06-30
Stafford,Uk,75777,2024-06-30
Stevenage,Uk,97394,2024-06-30
Stirling,Uk,50700,2024-06-30
Stoke-on-Trent,Uk,396038,2024-06-30
Stroud,Uk,63042,2024-06-30
Sunderland,Uk,349143,2024-06-30
Swansea,Uk,311378,2024-06-30
Swindon,Uk,220646,2024-06-30
Tamworth,Uk,86076,2024-06-30
Taunton,Uk,75497,2024-06-30
Telford,Uk,170744,2024-06-30
Tonypandy ( Rhondda ),Uk,61837,2024-06-30
Warrington,Uk,179065,2024-06-30
Wellingborough,Uk,58905,2024-06-30
Welwyn Garden City,Uk,65303,2024-06-30
Weston-super-Mare,Uk,93269,2024-06-30
Weymouth,Uk,60493,2024-06-30
Widnes,Uk,63927,2024-06-30
Wigan,Uk,186040,2024-06-30
Winchester,Uk,52625,2024-06-30
Worcester,Uk,111731,2024-06-30
Wrexham,Uk,66958,2024-06-30
Yeovil,Uk,51778,2024-06-30
York,Uk,165965,2024-06-30
Abasha,Georgia,4786,2024-11-14
Akhalkalaki,Georgia,10747,2024-11-14
Akhaltsikhe,Georgia,19262,2024-11-14
Akhmeta,Georgia,6719,2024-11-14
Ambrolauri,Georgia,2206,2024-11-14
Aqwa ( Sukhumi ),Georgia,65083,2024-11-14
Batumi,Georgia,235668,2024-11-14
Bolnisi,Georgia,9654,2024-11-14
Borjomi,Georgia,10797,2024-11-14
Chakvi,Georgia,6803,2024-11-14
Chiatura,Georgia,14158,2024-11-14
Dedoplistskaro,Georgia,5773,2024-11-14
Dusheti,Georgia,6319,2024-11-14
Gagra,Georgia,11743,2024-11-14
Gal ( Gali ),Georgia,7473,2024-11-14
Gardabani,Georgia,13041,2024-11-14
Gori,Georgia,50343,2024-11-14
Gurjaani,Georgia,7922,2024-11-14
Gwdouţa ( Gudauta ),Georgia,8713,2024-11-14
Gwylryphš' ( Gulripshi ),Georgia,3712,2024-11-14
Kareli,Georgia,6971,2024-11-14
Kaspi,Georgia,12911,2024-11-14
Khashuri,Georgia,25721,2024-11-14
Khoni ( Culukidze ),Georgia,9081,2024-11-14
Kobuleti,Georgia,19430,2024-11-14
Kutaisi,Georgia,160971,2024-11-14
Kvareli,Georgia,7854,2024-11-14
Lagodekhi,Georgia,5698,2024-11-14
Lanchkhuti,Georgia,6224,2024-11-14
Marneuli,Georgia,22888,2024-11-14
Mtskheta,Georgia,8082,2024-11-14
Ninotsminda ( Bogdanovka ),Georgia,5136,2024-11-14
Očamčyra ( Ochamchire ),Georgia,5179,2024-11-14
Ochkhamuri,Georgia,3159,2024-11-14
Ozurgeti ( Macharadze ),Georgia,15631,2024-11-14
Piċunda ( Pitsunda ),Georgia,3958,2024-11-14
Poti,Georgia,38845,2024-11-14
Rustavi,Georgia,132047,2024-11-14
Sachkhere,Georgia,6628,2024-11-14
Sagarejo,Georgia,10770,2024-11-14
Samtredia,Georgia,24721,2024-11-14
Senaki,Georgia,20724,2024-11-14
Surami,Georgia,6732,2024-11-14
Tbilisi,Georgia,1273015,2024-11-14
Tchinval ( Tskhinvali ),Georgia,35344,2024-11-14
Telavi,Georgia,20532,2024-11-14
Tkibuli,Georgia,8775,2024-11-14
Tqwarčal ( Tkvarcheli ),Georgia,5050,2024-11-14
Tsalenjikha,Georgia,5707,2024-11-14
Tsnori,Georgia,4826,2024-11-14
Tsqaltubo,Georgia,10811,2024-11-14
Zestaponi,Georgia,21859,2024-11-14
Zugdidi,Georgia,46955,2024-11-14
Aachen [ Aix-la-Chapelle ],Germany,263703,2025-12-31
Aalen,Germany,67675,2025-12-31
Ahlen,Germany,52387,2025-12-31
Arnsberg,Germany,74479,2025-12-31
Aschaffenburg,Germany,73326,2025-12-31
Augsburg,Germany,301786,2025-12-31
Baden-Baden,Germany,56952,2025-12-31
Bad Homburg vor der Höhe,Germany,56938,2025-12-31
Bad Kreuznach,Germany,54347,2025-12-31
Bad Oeynhausen,Germany,50515,2025-12-31
Bad Salzuflen,Germany,53807,2025-12-31
Bamberg,Germany,77218,2025-12-31
Bayreuth,Germany,72919,2025-12-31
Bergheim,Germany,61976,2025-12-31
Bergisch Gladbach,Germany,111174,2025-12-31
Berlin,Germany,3700577,2025-12-31
Bielefeld,Germany,331419,2025-12-31
Böblingen,Germany,51204,2025-12-31
Bocholt,Germany,73048,2025-12-31
Bochum,Germany,358880,2025-12-31
Bonn,Germany,323587,2025-12-31
Bottrop,Germany,118482,2025-12-31
Brandenburg an der Havel,Germany,73945,2025-12-31
Braunschweig [ Brunswick ],Germany,252811,2025-12-31
Bremen,Germany,588413,2025-12-31
Bremerhaven,Germany,118502,2025-12-31
Castrop-Rauxel,Germany,72353,2025-12-31
Celle,Germany,66930,2025-12-31
Chemnitz,Germany,247252,2025-12-31
Cottbus ( Chóśebuz ),Germany,95140,2025-12-31
Darmstadt,Germany,168253,2025-12-31
Delmenhorst,Germany,81274,2025-12-31
Dessau-Roßlau,Germany,75035,2025-12-31
Detmold,Germany,74438,2025-12-31
Dinslaken,Germany,66869,2025-12-31
Dormagen,Germany,63619,2025-12-31
Dorsten,Germany,74783,2025-12-31
Dortmund,Germany,600880,2025-12-31
Dresden,Germany,562764,2025-12-31
Duisburg,Germany,500810,2025-12-31
Düren,Germany,94539,2025-12-31
Düsseldorf [ Dusseldorf ],Germany,619444,2025-12-31
Elmshorn,Germany,51375,2025-12-31
Erfurt,Germany,217159,2025-12-31
Erlangen,Germany,116450,2025-12-31
Eschweiler,Germany,57573,2025-12-31
Essen,Germany,573618,2025-12-31
Esslingen am Neckar,Germany,95419,2025-12-31
Euskirchen,Germany,59977,2025-12-31
Flensburg,Germany,95568,2025-12-31
Frankfurt (Oder),Germany,56586,2025-12-31
Frankfurt am Main,Germany,760656,2025-12-31
Frechen,Germany,51927,2025-12-31
Freiburg im Breisgau,Germany,238299,2025-12-31
Friedrichshafen,Germany,62781,2025-12-31
Fulda,Germany,65755,2025-12-31
Fürth,Germany,131344,2025-12-31
Garbsen,Germany,60007,2025-12-31
Gelsenkirchen,Germany,266199,2025-12-31
Gera,Germany,95162,2025-12-31
Gießen,Germany,88544,2025-12-31
Gladbeck,Germany,75647,2025-12-31
Göppingen,Germany,58678,2025-12-31
Görlitz,Germany,55065,2025-12-31
Göttingen,Germany,130521,2025-12-31
Greifswald,Germany,56154,2025-12-31
Grevenbroich,Germany,65605,2025-12-31
Gronau (Westf.),Germany,50349,2025-12-31
Gummersbach,Germany,51332,2025-12-31
Gütersloh,Germany,99854,2025-12-31
Hagen,Germany,189983,2025-12-31
Halle (Saale),Germany,226186,2025-12-31
Hamburg,Germany,1869473,2025-12-31
Hameln,Germany,58152,2025-12-31
Hamm,Germany,179108,2025-12-31
Hanau,Germany,98582,2025-12-31
Hannover [ Hanover ],Germany,522803,2025-12-31
Hattingen,Germany,52969,2025-12-31
Heidelberg,Germany,156092,2025-12-31
Heidenheim an der Brenz,Germany,50612,2025-12-31
Heilbronn,Germany,132516,2025-12-31
Herford,Germany,67074,2025-12-31
Herne,Germany,156266,2025-12-31
Herten,Germany,60707,2025-12-31
Hilden,Germany,54859,2025-12-31
Hildesheim,Germany,98207,2025-12-31
Hürth,Germany,61732,2025-12-31
Ibbenbüren,Germany,51596,2025-12-31
Ingolstadt,Germany,140799,2025-12-31
Iserlohn,Germany,91317,2025-12-31
Jena,Germany,109353,2025-12-31
Kaiserslautern,Germany,100247,2025-12-31
Karlsruhe,Germany,309247,2025-12-31
Kassel,Germany,196799,2025-12-31
Kempten (Allgäu),Germany,67916,2025-12-31
Kerpen,Germany,66377,2025-12-31
Kiel,Germany,251842,2025-12-31
Kleve,Germany,53094,2025-12-31
Koblenz,Germany,113020,2025-12-31
Köln [ Cologne ],Germany,1025523,2025-12-31
Konstanz,Germany,86691,2025-12-31
Krefeld,Germany,230738,2025-12-31
Lahr/Schwarzwald,Germany,51208,2025-12-31
Landshut,Germany,71922,2025-12-31
Langenfeld (Rheinland),Germany,59821,2025-12-31
Langenhagen,Germany,54059,2025-12-31
Leipzig,Germany,615932,2025-12-31
Leverkusen,Germany,168299,2025-12-31
Lingen (Ems),Germany,56539,2025-12-31
Lippstadt,Germany,68383,2025-12-31
Lörrach,Germany,51274,2025-12-31
Lübeck,Germany,217061,2025-12-31
Lüdenscheid,Germany,70810,2025-12-31
Ludwigsburg,Germany,93002,2025-12-31
Ludwigshafen am Rhein,Germany,177355,2025-12-31
Lüneburg,Germany,74502,2025-12-31
Lünen,Germany,85844,2025-12-31
Magdeburg,Germany,244494,2025-12-31
Mainz,Germany,223888,2025-12-31
Mannheim,Germany,319536,2025-12-31
Marburg,Germany,73571,2025-12-31
Marl,Germany,86899,2025-12-31
Meerbusch,Germany,56947,2025-12-31
Menden (Sauerland),Germany,52121,2025-12-31
Minden,Germany,83598,2025-12-31
Moers,Germany,101298,2025-12-31
Mönchengladbach,Germany,267176,2025-12-31
Mülheim an der Ruhr,Germany,171674,2025-12-31
München [ Munich ],Germany,1505036,2025-12-31
Münster,Germany,306368,2025-12-31
Neubrandenburg,Germany,59494,2025-12-31
Neumünster,Germany,80145,2025-12-31
Neuss,Germany,153767,2025-12-31
Neustadt an der Weinstraße,Germany,52882,2025-12-31
Neu-Ulm,Germany,62843,2025-12-31
Neuwied,Germany,67201,2025-12-31
Norderstedt,Germany,83196,2025-12-31
Nordhorn,Germany,57372,2025-12-31
Nürnberg [ Nuremberg ],Germany,531159,2025-12-31
Oberhausen,Germany,213178,2025-12-31
Offenbach am Main,Germany,133195,2025-12-31
Offenburg,Germany,63437,2025-12-31
Oldenburg (Oldb),Germany,177055,2025-12-31
Osnabrück,Germany,166257,2025-12-31
Paderborn,Germany,155906,2025-12-31
Passau,Germany,53523,2025-12-31
Peine,Germany,51005,2025-12-31
Pforzheim,Germany,134422,2025-12-31
Plauen,Germany,64893,2025-12-31
Potsdam,Germany,185137,2025-12-31
Pulheim,Germany,55979,2025-12-31
Rastatt,Germany,50753,2025-12-31
Ratingen,Germany,88914,2025-12-31
Ravensburg,Germany,50549,2025-12-31
Recklinghausen,Germany,114851,2025-12-31
Regensburg,Germany,151517,2025-12-31
Remscheid,Germany,113333,2025-12-31
Reutlingen,Germany,119040,2025-12-31
Rheine,Germany,77552,2025-12-31
Rosenheim,Germany,65808,2025-12-31
Rostock,Germany,204929,2025-12-31
Rüsselsheim am Main,Germany,66028,2025-12-31
Saarbrücken,Germany,182859,2025-12-31
Salzgitter,Germany,104433,2025-12-31
Sankt Augustin,Germany,56033,2025-12-31
Schwäbisch Gmünd,Germany,63930,2025-12-31
Schweinfurt,Germany,54539,2025-12-31
Schwerin,Germany,97922,2025-12-31
Siegen,Germany,102450,2025-12-31
Sindelfingen,Germany,61428,2025-12-31
Solingen,Germany,164621,2025-12-31
Stolberg (Rhld.),Germany,57678,2025-12-31
Stralsund,Germany,55481,2025-12-31
Stuttgart,Germany,609365,2025-12-31
Trier,Germany,105054,2025-12-31
Troisdorf,Germany,75742,2025-12-31
Tübingen,Germany,92607,2025-12-31
Ulm,Germany,130288,2025-12-31
Unna,Germany,57961,2025-12-31
Velbert,Germany,82166,2025-12-31
Viersen,Germany,78227,2025-12-31
Villingen-Schwenningen,Germany,89766,2025-12-31
Waiblingen,Germany,57186,2025-12-31
Weimar,Germany,65566,2025-12-31
Wesel,Germany,60717,2025-12-31
Wetzlar,Germany,54865,2025-12-31
Wiesbaden,Germany,288584,2025-12-31
Wilhelmshaven,Germany,75324,2025-12-31
Witten,Germany,91474,2025-12-31
Wolfenbüttel,Germany,52511,2025-12-31
Wolfsburg,Germany,129813,2025-12-31
Worms,Germany,86921,2025-12-31
Wuppertal,Germany,357243,2025-12-31
Würzburg,Germany,133753,2025-12-31
Zwickau,Germany,86405,2025-12-31
"Acharnaí [ Acharnes, Acharnae ]",Greece,100844,2021-10-22
Ágios Nikólaos,Greece,12150,2021-10-22
Ágios Stéfanos,Greece,10492,2021-10-22
Agrínion [ Agrinio ],Greece,62400,2021-10-22
"Aígion [ Aigio, Egio ]",Greece,26412,2021-10-22
Alexándreia [ Alexandria ],Greece,15042,2021-10-22
Alexandroúpolis [ Alexandroupoli ],Greece,59476,2021-10-22
Amaliás [ Amaliada ],Greece,16842,2021-10-22
Áno Liósia,Greece,35046,2021-10-22
Árgos,Greece,21465,2021-10-22
Argostólion [ Argostoli ],Greece,10118,2021-10-22
Árta,Greece,21799,2021-10-22
Ártemi [ Artemida ],Greece,21922,2021-10-22
Asprópyrgos,Greece,31380,2021-10-22
Athínai [ Athens ],Greece,3146164,2021-10-22
Chalkís [ Chalcis ],Greece,80672,2021-10-22
Chanía,Greece,90185,2021-10-22
Chíos [ Chios Town ],Greece,35739,2021-10-22
Diavatá,Greece,10204,2021-10-22
Dráma,Greece,43447,2021-10-22
Édessa,Greece,17171,2021-10-22
Elefsís [ Eleusis ],Greece,24973,2021-10-22
"Ermoúpolis [ Ermoupoli, Hermoupolis ]",Greece,15251,2021-10-22
Flórina,Greece,17189,2021-10-22
Gázion [ Gazi ],Greece,13525,2021-10-22
Giannitsá [ Yannitsa ],Greece,28757,2021-10-22
Grevená,Greece,12294,2021-10-22
Ierápetra,Greece,13608,2021-10-22
Ioánnina,Greece,88226,2021-10-22
Irákleion [ Heraklion ],Greece,162600,2021-10-22
Kalamáta,Greece,63419,2021-10-22
Kálymnos,Greece,13528,2021-10-22
Kalývia Thorikoú,Greece,15483,2021-10-22
Kardítsa,Greece,38996,2021-10-22
Kastoriá,Greece,12549,2021-10-22
Kateríni,Greece,61557,2021-10-22
Kavála,Greece,51948,2021-10-22
Kérkyra [ Corfu City ],Greece,39673,2021-10-22
Kilkís,Greece,23180,2021-10-22
Komotiní,Greece,51733,2021-10-22
Kórinthos [ Corinth ],Greece,30817,2021-10-22
Koropíon [ Koropi ],Greece,20150,2021-10-22
Kos [ Kos Town ],Greece,21429,2021-10-22
Kozáni,Greece,42139,2021-10-22
Lamía,Greece,47532,2021-10-22
Lárisa [ Larissa ],Greece,146374,2021-10-22
Levádeia [ Livadeia ],Greece,21469,2021-10-22
Limín Markopoúlou [ Porto Rafti ],Greece,10527,2021-10-22
Loutrákion [ Loutraki ],Greece,12213,2021-10-22
Mándra,Greece,11126,2021-10-22
Markópoulon [ Markopoulo ],Greece,10391,2021-10-22
Mégara,Greece,25467,2021-10-22
Mesolóngion [ Missolonghi ],Greece,12441,2021-10-22
Mytilíni [ Mytilene ],Greece,31714,2021-10-22
Náfpaktos,Greece,12953,2021-10-22
Náfplion [ Nafplio ],Greece,14532,2021-10-22
Náousa,Greece,17831,2021-10-22
Néa Mákri,Greece,16904,2021-10-22
Oraiókastron [ Oraiokastro ],Greece,22689,2021-10-22
Orestiás [ Orestiada ],Greece,18161,2021-10-22
Paianía,Greece,15155,2021-10-22
Pallíni,Greece,17371,2021-10-22
Pátrai [ Patras ],Greece,196937,2021-10-22
Peraía,Greece,16998,2021-10-22
Préveza,Greece,19308,2021-10-22
Ptolemaḯs [ Ptolemaida ],Greece,31536,2021-10-22
Pýrgos,Greece,25152,2021-10-22
Rafína,Greece,13605,2021-10-22
Réthymnon [ Rethymno ],Greece,37252,2021-10-22
Ródos [ Rhodes City ],Greece,54562,2021-10-22
Salamís [ Salamina ],Greece,34850,2021-10-22
Sérrai [ Serres ],Greece,58398,2021-10-22
Siteía [ Sitia ],Greece,10564,2021-10-22
Spárti [ Sparta ],Greece,19334,2021-10-22
Thérmi,Greece,19602,2021-10-22
Thessaloníki,Greece,802392,2021-10-22
Thívai [ Thebes ],Greece,21546,2021-10-22
Tríkala,Greece,61607,2021-10-22
Trípolis [ Tripoli ],Greece,30382,2021-10-22
Týrnavos,Greece,10026,2021-10-22
Véroia [ Veria ],Greece,42510,2021-10-22
Vólos,Greece,127441,2021-10-22
Xánthi,Greece,58749,2021-10-22
Almolonga,Guatemala,12299,2018-07-23
Alotenango,Guatemala,23358,2018-07-23
Amatitlán,Guatemala,98176,2018-07-23
Antigua Guatemala,Guatemala,46054,2018-07-23
Asunción Mita,Guatemala,20936,2018-07-23
Ayutla,Guatemala,23574,2018-07-23
Barberena,Guatemala,47093,2018-07-23
Barillas ( Santa Cruz Barillas ),Guatemala,17166,2018-07-23
Cajolá,Guatemala,14948,2018-07-23
Cantel,Guatemala,35825,2018-07-23
Chajul,Guatemala,24247,2018-07-23
Chicacao,Guatemala,26309,2018-07-23
Chichicastenango,Guatemala,71394,2018-07-23
Chimaltenango,Guatemala,96985,2018-07-23
Chinautla,Guatemala,104972,2018-07-23
Chiquimula,Guatemala,111505,2018-07-23
Chiquimulilla,Guatemala,18848,2018-07-23
Ciudad de Guatemala [ Guatemala City ],Guatemala,923392,2018-07-23
Ciudad Vieja,Guatemala,32802,2018-07-23
Coatepeque,Guatemala,37330,2018-07-23
Cobán,Guatemala,212047,2018-07-23
Colomba,Guatemala,28655,2018-07-23
Comalapa ( San Juan Comalapa ),Guatemala,32312,2018-07-23
Cubulco,Guatemala,10681,2018-07-23
Cuilapa,Guatemala,41359,2018-07-23
El Asintal,Guatemala,17388,2018-07-23
El Estor,Guatemala,20489,2018-07-23
El Nuevo Palmar,Guatemala,19115,2018-07-23
El Tejar,Guatemala,15639,2018-07-23
Escuintla,Guatemala,156313,2018-07-23
Esquipulas,Guatemala,18667,2018-07-23
Flores,Guatemala,38186,2018-07-23
Fraijanes,Guatemala,44117,2018-07-23
Guastatoya,Guatemala,24821,2018-07-23
Huehuetenango,Guatemala,117818,2018-07-23
Jacaltenango,Guatemala,22533,2018-07-23
Jalapa,Guatemala,159840,2018-07-23
Jocotenango,Guatemala,19280,2018-07-23
Joyabaj,Guatemala,15451,2018-07-23
Jutiapa,Guatemala,145880,2018-07-23
La Blanca,Guatemala,13921,2018-07-23
La Democracia,Guatemala,23146,2018-07-23
La Democracia,Guatemala,13400,2018-07-23
La Esperanza,Guatemala,19724,2018-07-23
La Gomera,Guatemala,26533,2018-07-23
La Libertad,Guatemala,23820,2018-07-23
Livingston,Guatemala,17923,2018-07-23
Masagua,Guatemala,16797,2018-07-23
Mazatenango,Guatemala,77431,2018-07-23
Melchor de Mencos,Guatemala,14972,2018-07-23
Mixco,Guatemala,463019,2018-07-23
Momostenango,Guatemala,15601,2018-07-23
Monjas,Guatemala,13541,2018-07-23
Morales,Guatemala,23855,2018-07-23
Nahualá,Guatemala,23635,2018-07-23
Nebaj,Guatemala,31935,2018-07-23
Nentón,Guatemala,18606,2018-07-23
Nueva Concepción,Guatemala,15747,2018-07-23
Nueva Santa Rosa,Guatemala,13535,2018-07-23
Nuevo San Carlos,Guatemala,22657,2018-07-23
Olintepeque,Guatemala,31545,2018-07-23
Ostuncalco ( San Juan Ostuncalco ),Guatemala,20763,2018-07-23
Palencia,Guatemala,31824,2018-07-23
Palín,Guatemala,62095,2018-07-23
Panajachel,Guatemala,13767,2018-07-23
Panzós,Guatemala,22068,2018-07-23
Parramos,Guatemala,11970,2018-07-23
Pastores,Guatemala,12621,2018-07-23
Patulul,Guatemala,11343,2018-07-23
Patzicía,Guatemala,21249,2018-07-23
Patzún,Guatemala,26632,2018-07-23
Petapa ( San Miguel Petapa ),Guatemala,129124,2018-07-23
Playa Grande Ixcán,Guatemala,12710,2018-07-23
Poptún,Guatemala,29130,2018-07-23
Puerto Barrios,Guatemala,100593,2018-07-23
Quetzaltenango,Guatemala,180706,2018-07-23
Rabinal,Guatemala,15157,2018-07-23
Retalhuleu,Guatemala,90505,2018-07-23
Río Bravo,Guatemala,15391,2018-07-23
Salamá,Guatemala,65275,2018-07-23
Salcajá,Guatemala,17042,2018-07-23
San Agustín Acasaguastlán,Guatemala,17728,2018-07-23
San Andrés,Guatemala,12516,2018-07-23
San Andrés Itzapa,Guatemala,24992,2018-07-23
San Andrés Xecul,Guatemala,15074,2018-07-23
San Antonio Suchitepéquez,Guatemala,13666,2018-07-23
Sanarate,Guatemala,20976,2018-07-23
San Benito,Guatemala,34788,2018-07-23
San Cristóbal Totonicapán,Guatemala,12589,2018-07-23
San Cristóbal Verapaz,Guatemala,20961,2018-07-23
San Felipe,Guatemala,17360,2018-07-23
San Francisco El Alto,Guatemala,38995,2018-07-23
San Francisco Zapotitlán,Guatemala,18468,2018-07-23
San José ( Puerto San José ),Guatemala,23887,2018-07-23
San José Pinula,Guatemala,67327,2018-07-23
San Juan Chamelco,Guatemala,13264,2018-07-23
San Juan Cotzal,Guatemala,14032,2018-07-23
San Juan Sacatepéquez,Guatemala,155965,2018-07-23
San Lucas Sacatepéquez,Guatemala,20723,2018-07-23
San Lucas Tolimán,Guatemala,17101,2018-07-23
San Luis Jilotepeque,Guatemala,11675,2018-07-23
San Marcos,Guatemala,47063,2018-07-23
San Martín Jilotepeque,Guatemala,10812,2018-07-23
San Mateo Ixtatán,Guatemala,15090,2018-07-23
San Pablo,Guatemala,16768,2018-07-23
San Pablo Jocopilas,Guatemala,16872,2018-07-23
San Pedro Ayampuc,Guatemala,48727,2018-07-23
San Pedro Carchá,Guatemala,16353,2018-07-23
San Pedro La Laguna,Guatemala,10705,2018-07-23
San Pedro Sacatepéquez,Guatemala,49589,2018-07-23
San Pedro Sacatepéquez,Guatemala,36932,2018-07-23
San Pedro Soloma,Guatemala,14166,2018-07-23
San Raimundo,Guatemala,15447,2018-07-23
Santa Bárbara,Guatemala,17172,2018-07-23
Santa Catalina la Tinta,Guatemala,20552,
Santa Catarina Ixtahuacan,Guatemala,19560,2018-07-23
Santa Catarina Mita,Guatemala,14520,2018-07-23
Santa Catarina Pinula,Guatemala,70982,2018-07-23
Santa Cruz del Quiché,Guatemala,78279,2018-07-23
Santa Lucía Cotzumalguapa,Guatemala,58877,2018-07-23
Santa Lucía Milpas Altas,Guatemala,12234,2018-07-23
Santa María Chiquimula,Guatemala,15919,2018-07-23
Santa María de Jesús,Guatemala,21795,2018-07-23
Santiago Atitlán,Guatemala,38100,2018-07-23
Santiago Sacatepéquez,Guatemala,24100,2018-07-23
Santo Domingo Xenacoj,Guatemala,10632,2018-07-23
Sayaxché,Guatemala,13780,2018-07-23
Siquinalá,Guatemala,18150,2018-07-23
Sololá,Guatemala,88612,2018-07-23
Sumpango,Guatemala,28488,2018-07-23
Tactic,Guatemala,15213,2018-07-23
Tecpán Guatemala,Guatemala,34519,2018-07-23
Tiquisate ( Pueblo Nuevo Tiquisate ),Guatemala,29193,2018-07-23
Totonicapán,Guatemala,103952,2018-07-23
Villa Canales,Guatemala,124680,2018-07-23
Villa Nueva,Guatemala,426316,2018-07-23
Yepocapa,Guatemala,17021,2018-07-23
Zacapa,Guatemala,60370,2018-07-23
Zaragoza,Guatemala,11176,2018-07-23
Abony,Hungary,14603,2025-01-01
Ajka,Hungary,26007,2025-01-01
Baja,Hungary,32401,2025-01-01
Balassagyarmat,Hungary,13706,2025-01-01
Balmazújváros,Hungary,17058,2025-01-01
Békés,Hungary,17282,2025-01-01
Békéscsaba,Hungary,53944,2025-01-01
Berettyóújfalu,Hungary,13924,2025-01-01
Biatorbágy,Hungary,15444,2025-01-01
Budakeszi,Hungary,15950,2025-01-01
Budaörs,Hungary,29291,2025-01-01
Budapest,Hungary,1685209,2025-01-01
Cegléd,Hungary,36125,2025-01-01
Csongrád,Hungary,15317,2025-01-01
Dabas,Hungary,17670,2025-01-01
Debrecen,Hungary,202130,2025-01-01
Dombóvár,Hungary,16752,2025-01-01
Dunaharaszti,Hungary,23700,2025-01-01
Dunakeszi,Hungary,42630,2025-01-01
Dunaújváros,Hungary,41193,2025-01-01
Eger,Hungary,48686,2025-01-01
Érd,Hungary,71495,2025-01-01
Esztergom,Hungary,28521,2025-01-01
Fót,Hungary,20823,2025-01-01
Göd,Hungary,21838,2025-01-01
Gödöllő,Hungary,32410,2025-01-01
Gyál,Hungary,24267,2025-01-01
Gyömrő,Hungary,20355,2025-01-01
Gyöngyös,Hungary,27294,2025-01-01
Győr,Hungary,129373,2025-01-01
Gyula,Hungary,27616,2025-01-01
Hajdúböszörmény,Hungary,29304,2025-01-01
Hajdúnánás,Hungary,15986,2025-01-01
Hajdúszoboszló,Hungary,23871,2025-01-01
Hatvan,Hungary,19505,2025-01-01
Hódmezővásárhely,Hungary,41669,2025-01-01
Jászberény,Hungary,25323,2025-01-01
Kalocsa,Hungary,14257,2025-01-01
Kaposvár,Hungary,58459,2025-01-01
Karcag,Hungary,18022,2025-01-01
Kazincbarcika,Hungary,23608,2025-01-01
Kecskemét,Hungary,108651,2025-01-01
Keszthely,Hungary,17455,2025-01-01
Kiskunfélegyháza,Hungary,28382,2025-01-01
Kiskunhalas,Hungary,25717,2025-01-01
Kisvárda,Hungary,14616,2025-01-01
Komárom,Hungary,19862,2025-01-01
Komló,Hungary,21567,2025-01-01
Makó,Hungary,21703,2025-01-01
Mátészalka,Hungary,14848,2025-01-01
Mezőkövesd,Hungary,15413,2025-01-01
Mezőtúr,Hungary,15257,2025-01-01
Miskolc,Hungary,141440,2025-01-01
Mohács,Hungary,17054,2025-01-01
Monor,Hungary,19355,2025-01-01
Mosonmagyaróvár,Hungary,33743,2025-01-01
Nagykanizsa,Hungary,42042,2025-01-01
Nagykőrös,Hungary,22940,2025-01-01
Nyíregyháza,Hungary,114873,2025-01-01
Orosháza,Hungary,24859,2025-01-01
Oroszlány,Hungary,17510,2025-01-01
Ózd,Hungary,30056,2025-01-01
Paks,Hungary,17873,2025-01-01
Pápa,Hungary,28240,2025-01-01
Pécel,Hungary,17368,2025-01-01
Pécs,Hungary,139412,2025-01-01
Pomáz,Hungary,18243,2025-01-01
Salgótarján,Hungary,30416,2025-01-01
Sárvár,Hungary,13919,2025-01-01
Sátoraljaújhely,Hungary,12653,2025-01-01
Siófok,Hungary,23806,2025-01-01
Sopron,Hungary,60820,2025-01-01
Szarvas,Hungary,14310,2025-01-01
Százhalombatta,Hungary,18115,2025-01-01
Szeged,Hungary,157282,2025-01-01
Székesfehérvár,Hungary,95241,2025-01-01
Szekszárd,Hungary,29337,2025-01-01
Szentendre,Hungary,28483,2025-01-01
Szentes,Hungary,24482,2025-01-01
Szigethalom,Hungary,18382,2025-01-01
Szigetszentmiklós,Hungary,40132,2025-01-01
Szolnok,Hungary,65564,2025-01-01
Szombathely,Hungary,76918,2025-01-01
Tapolca,Hungary,13829,2025-01-01
Tata,Hungary,23663,2025-01-01
Tatabánya,Hungary,64785,2025-01-01
Tiszaújváros,Hungary,14060,2025-01-01
Törökbálint,Hungary,14948,2025-01-01
Törökszentmiklós,Hungary,18963,2025-01-01
Vác,Hungary,33871,2025-01-01
Várpalota,Hungary,19265,2025-01-01
Vecsés,Hungary,21379,2025-01-01
Veresegyház,Hungary,21129,2025-01-01
Veszprém,Hungary,55118,2025-01-01
Zalaegerszeg,Hungary,53960,2025-01-01
Akranes,Iceland,8607,2026-01-01
Akureyri,Iceland,20467,2026-01-01
Álftanes,Iceland,2916,2026-01-01
Blönduós,Iceland,853,2026-01-01
Bolungarvík,Iceland,985,2026-01-01
Borgarnes,Iceland,2250,2026-01-01
Dalvík,Iceland,1385,2026-01-01
Egilsstaðir,Iceland,2719,2026-01-01
Eskifjörður,Iceland,1063,2026-01-01
Eyrarbakki,Iceland,615,2026-01-01
Fáskrúðsfjörður,Iceland,707,2026-01-01
Flúðir,Iceland,539,2026-01-01
Garður,Iceland,2006,2026-01-01
"Grindavík [ → due to volcanic eruptions, the town was evacuated several times ]",Iceland,817,2026-01-01
Grundarfjörður,Iceland,810,2026-01-01
Grundarhverfi ( Kjalarnesi ),Iceland,655,2026-01-01
Hella,Iceland,1083,2026-01-01
Höfn í Hornafirði,Iceland,1813,2026-01-01
Húsavík,Iceland,2403,2026-01-01
Hvammstangi,Iceland,597,2026-01-01
Hveragerði,Iceland,3353,2026-01-01
Hvolsvöllur,Iceland,1181,2026-01-01
Ísafjörður,Iceland,2807,2026-01-01
Keflavík og Njarðvík,Iceland,22572,2026-01-01
Neskaupstaður,Iceland,1478,2026-01-01
Ólafsfjörður,Iceland,771,2026-01-01
Ólafsvík,Iceland,978,2026-01-01
Patreksfjörður,Iceland,714,2026-01-01
Reyðarfjörður,Iceland,1470,2026-01-01
Reykjavík ( Stór-Reykjavík ),Iceland,247162,2026-01-01
Sandgerði,Iceland,2188,2026-01-01
Sauðárkrókur,Iceland,2672,2026-01-01
Selfoss,Iceland,11066,2026-01-01
Seyðisfjörður,Iceland,648,2026-01-01
Siglufjörður,Iceland,1159,2026-01-01
Skagaströnd,Iceland,440,2026-01-01
Stokkseyri,Iceland,523,2026-01-01
Stykkishólmur,Iceland,1218,2026-01-01
Þorlákshöfn,Iceland,2316,2026-01-01
Vestmannaeyjar,Iceland,4518,2026-01-01
Vík í Mýrdal,Iceland,740,2026-01-01
Vogar,Iceland,1818,2026-01-01
Vopnafjörður,Iceland,503,2026-01-01
Ādoni,India,184625,2011-03-01
"Agartala ( incl. Jogendranagar, Pratapgarh, Badharghat )",India,400004,2011-03-01
Āgra [ Agra ],India,1760285,2011-03-01
Ahmadābād [ Ahmedabad ],India,6357693,2011-03-01
Ahmadnagar ( Ahmednagar ),India,379845,2011-03-01
Āīzawl,India,293416,2011-03-01
Ajmer,India,551101,2011-03-01
Akola,India,425817,2011-03-01
Alappuzha ( Alleppey ),India,240991,2011-03-01
Alīgarh,India,911223,2011-03-01
Allahābād [ Allahabad ],India,1212395,2011-03-01
Alwar,India,341422,2011-03-01
Ambāla,India,195153,2011-03-01
Ambāla Sadar,India,205418,2011-03-01
Amrāvati,India,647057,2011-03-01
Amritsar,India,1183549,2011-03-01
Amroha,India,198471,2011-03-01
Ānand,India,288095,2011-03-01
Anantapur,India,340613,2011-03-01
Anantnāg,India,159838,2011-03-01
Ara ( Arrah ),India,261430,2011-03-01
Āsansol,India,1243414,2011-03-01
Aurangābād [ Aurangabad ],India,1193167,2011-03-01
Bahādurgarh,India,170767,2011-03-01
Baharampur ( Berhampore ),India,304487,2011-03-01
Bahraich,India,186223,2011-03-01
Bāleshwar ( Balasore ),India,177751,2011-03-01
Bālurghāt,India,164816,2011-03-01
Bānda,India,160473,2011-03-01
Bardhamān ( Burdwan ),India,346639,2011-03-01
Bareilly,India,985752,2011-03-01
Batāla,India,158621,2011-03-01
Bathinda ( Bhatinda ),India,285788,2011-03-01
Beāwar,India,151152,2011-03-01
Begusarāi,India,252008,2011-03-01
Belgaum,India,610350,2011-03-01
Bellary,India,410445,2011-03-01
Bengaluru [ Bangalore ],India,8520435,2011-03-01
Bettiah,India,155518,2011-03-01
Bhadrāvati,India,151102,2011-03-01
Bhāgalpur,India,412209,2011-03-01
Bharatpur,India,252838,2011-03-01
Bharūch ( Broach ),India,223647,2011-03-01
Bhāvnagar ( Bhaunagar ),India,605882,2011-03-01
Bhilai ( Bhilai Nagar ),India,1064222,2011-03-01
Bhīlwāra,India,359483,2011-03-01
Bhind,India,197585,2011-03-01
Bhiwandi,India,735681,2011-03-01
Bhiwāni,India,196057,2011-03-01
Bhopāl [ Bhopal ],India,1886100,2011-03-01
Bhubaneswar,India,885363,2011-03-01
Bhuj,India,188236,2011-03-01
Bhusāwal,India,203774,2011-03-01
Bīdar,India,216020,2011-03-01
Bihār ( Bihar Sharif ),India,297268,2011-03-01
Bijāpur,India,327427,2011-03-01
Bīkāner,India,644406,2011-03-01
Bilāspur,India,453946,2011-03-01
Bokāro Steel City,India,564319,2011-03-01
Brahmapur ( Berhampur ),India,356598,2011-03-01
Budaun,India,159285,2011-03-01
Bulandshahr,India,234945,2011-03-01
Burhānpur,India,210886,2011-03-01
Chandīgarh [ Chandigarh ],India,1026459,2011-03-01
Chandrapur,India,320379,2011-03-01
Chāpra,India,213714,2011-03-01
Chennai [ Madras ],India,8653521,2011-03-01
Cherthala ( Shertallai ),India,455722,2011-03-01
Chhindwāra,India,190041,2011-03-01
Chīrāla,India,162471,2011-03-01
Chittoor,India,175647,2011-03-01
Coimbatore,India,2136916,2011-03-01
Cuddalore,India,173636,2011-03-01
Cuttack,India,663188,2011-03-01
Damān ( Damão ),India,44282,2011-03-01
Dankuni,India,249015,2011-03-01
Darbhanga,India,308011,2011-03-01
Dāvanagere,India,434971,2011-03-01
Dehra Dūn,India,706124,2011-03-01
Delhi,India,16349831,2011-03-01
Deoghar,India,203123,2011-03-01
Dewās,India,289550,2011-03-01
Dhanbād [ Dhanbad ],India,1196214,2011-03-01
Dhule,India,375559,2011-03-01
Dhuliān,India,239019,2011-03-01
Dibrugarh,India,154296,2011-03-01
Dindigul,India,292512,2011-03-01
Durgāpur,India,580990,2011-03-01
Elūru,India,250834,2011-03-01
Erode,India,521891,2011-03-01
Etāwah,India,256838,2011-03-01
Faizābād,India,256624,2011-03-01
Farīdābād ( New Township ),India,1414050,2011-03-01
Farrukhābād ( Farrukhābād-cum-Fatehgarh ),India,291374,2011-03-01
Fatehpur,India,193193,2011-03-01
Fīrozābād,India,604214,2011-03-01
Gadag-Betigeri,India,172612,2011-03-01
Gāndhīdhām,India,247992,2011-03-01
Gangānagar ( Sri Gangānagar ),India,249914,2011-03-01
Gangtok ( incl. Upper Tādong ),India,100286,2011-03-01
Gayā,India,475987,2011-03-01
Ghāziābād,India,2375820,2011-03-01
Godhra,India,162436,2011-03-01
Gorakhpur,India,694889,2011-03-01
Gulbarga ( Gulburga ),India,543147,2011-03-01
Guna,India,180935,2011-03-01
Guntūr,India,670073,2011-03-01
Gurgaon,India,902112,2011-03-01
Guwāhāti [ Gauhati ],India,962334,2011-03-01
Gwalior,India,1102884,2011-03-01
Hābra,India,299782,2011-03-01
Haldīa,India,200827,2011-03-01
Haldwāni,India,232095,2011-03-01
Hanumāngarh,India,150958,2011-03-01
Hāpur,India,262983,2011-03-01
Hardoī,India,197029,2011-03-01
Hardwār ( Haridwar ),India,310796,2011-03-01
Hassan,India,173008,2011-03-01
Hāthras,India,160909,2011-03-01
Hazārībāg,India,153595,2011-03-01
Hindupur,India,151677,2011-03-01
Hisār,India,307024,2011-03-01
Hoshiārpur,India,168653,2011-03-01
Hospet,India,206167,2011-03-01
Hosūr,India,229528,2011-03-01
Hubli-Dhārwār ( Hubli-Dharwad ) [ Hubli-Dharwar ],India,943788,2011-03-01
Hyderābād [ Hyderabad ],India,7677018,2011-03-01
Ichalkaranji ( Ichaikaroji ),India,325499,2011-03-01
Imphāl,India,418739,2011-03-01
Indore,India,2170295,2011-03-01
"Ingrāj Bāzār ( English Bāzār, Maldah )",India,313681,2011-03-01
Itānagar,India,59490,2011-03-01
Jabalpur,India,1268848,2011-03-01
Jaipur,India,3046163,2011-03-01
Jalandhar [ Jullundur ],India,874412,2011-03-01
Jālgaon,India,460228,2011-03-01
Jālna,India,285577,2011-03-01
Jalpāiguri,India,169002,2011-03-01
Jammu,India,657314,2011-03-01
Jāmnagar,India,600943,2011-03-01
Jamshedpur,India,1339438,2011-03-01
Jaunpur,India,180362,2011-03-01
Jhānsi,India,547638,2011-03-01
Jīnd,India,167592,2011-03-01
Jodhpur,India,1138300,2011-03-01
Jorhāt,India,153889,2011-03-01
Jūnāgadh,India,319462,2011-03-01
Kadapa ( Cuddapah ),India,344893,2011-03-01
Kākināda,India,443028,2011-03-01
Kānchipuram [ Kancheepuram ],India,221715,2011-03-01
Kanhangad ( Kānnangād ),India,229168,2011-03-01
Kannur ( Cannanore ),India,1640986,2011-03-01
Kānpur [ Kanpur ],India,2920496,2011-03-01
Kāraikudi,India,181851,2011-03-01
Karīmnagar,India,297447,2011-03-01
Karnāl,India,302140,2011-03-01
Karūr,India,234191,2011-03-01
Kāsaragod,India,192856,2011-03-01
Katihār,India,240838,2011-03-01
Kavaratti,India,11210,2011-03-01
Kāyamkulam,India,427967,2011-03-01
Khammam ( Khammamett ),India,262255,2011-03-01
Khandwa,India,200738,2011-03-01
Kharagpur,India,299683,2011-03-01
Kishangarh,India,154886,2011-03-01
Kochi [ Cochin ],India,2119724,2011-03-01
Kohīma,India,99039,2011-03-01
Kolhāpur [ Kolhapur ],India,561837,2011-03-01
Kolkata [ Calcutta ],India,14057991,2011-03-01
Kollam ( Quilon ),India,1110668,2011-03-01
Korba,India,365253,2011-03-01
Kotā,India,1001694,2011-03-01
Kottayam,India,357302,2011-03-01
Kozhikode [ Calicut ],India,2028399,2011-03-01
Krishnanagar,India,182010,2011-03-01
Kumārapālayam,India,195071,2011-03-01
Kumbakonam,India,167155,2011-03-01
Kurnool,India,484327,2011-03-01
Lakhīmpur,India,165085,2011-03-01
Lātūr,India,382940,2011-03-01
Leh,India,30870,2011-03-01
Lucknow,India,2902920,2011-03-01
Ludhiāna [ Ludhiana ],India,1618879,2011-03-01
Machilīpatnam ( Masulipatnam ),India,169892,2011-03-01
Madanapalle,India,180180,2011-03-01
Madurai,India,1465625,2011-03-01
Mahbūbnagar,India,210258,2011-03-01
Mahesāna ( Mehsāna ),India,190753,2011-03-01
Malappuram,India,1699060,2011-03-01
Mālegaon,India,576642,2011-03-01
Mancherial,India,163552,2011-03-01
Mangalore,India,623841,2011-03-01
Mathura,India,456706,2011-03-01
Mau ( Maunath Bhanjan ),India,278745,2011-03-01
Medinīpur ( Midnapore ),India,169264,2011-03-01
Meerut,India,1420902,2011-03-01
Mirzāpur ( Mirzāpur-cum-Vindhyāchal ),India,246920,2011-03-01
Modinagar,India,183075,2011-03-01
Moga,India,163397,2011-03-01
Morādābād,India,887871,2011-03-01
Morena,India,200482,2011-03-01
Morvi,India,251859,2011-03-01
Mughalsarāi,India,152091,2011-03-01
Mumbai [ Bombay ],India,18394912,2011-03-01
Munger ( Monghyr ),India,213303,2011-03-01
Murwāra,India,221883,2011-03-01
Muzaffarnagar,India,495543,2011-03-01
Muzaffarpur,India,396590,2011-03-01
Mysore,India,990900,2011-03-01
Nadiād,India,225071,2011-03-01
Nāgercoil,India,224849,2011-03-01
Nāgpur [ Nagpur ],India,2497870,2011-03-01
Nalgonda,India,154326,2011-03-01
Nānded ( Nanded Waghala ),India,550439,2011-03-01
Nandyāl,India,211424,2011-03-01
Nāshik [ Nasik ],India,1561809,2011-03-01
Navadvip ( Nabadwip ),India,175479,2011-03-01
Navi Mumbai ( Raigad District ),India,195373,2011-03-01
Navsāri,India,282791,2011-03-01
Nellore,India,558548,2011-03-01
Neyveli,India,179150,2011-03-01
Nizāmābād,India,311152,2011-03-01
Noida,India,637272,2011-03-01
Ongole,India,208344,2011-03-01
Orai,India,190575,2011-03-01
Ottappālam,India,237970,2011-03-01
Palakkad ( Pālghāt ),India,293533,2011-03-01
Pāli,India,230075,2011-03-01
"Panaji ( Panjim, Pangim )",India,114759,2011-03-01
Panchkula ( Urban Estate ),India,211355,2011-03-01
Pānīpat,India,444524,2011-03-01
Panvel,India,180020,2011-03-01
Parbhani,India,307170,2011-03-01
Pathānkot,India,160509,2011-03-01
Patiāla,India,446246,2011-03-01
Patna,India,2049156,2011-03-01
Phusro,India,185555,2011-03-01
Pīlībhīt,India,156263,2011-03-01
Porbandar,India,217203,2011-03-01
Port Blair,India,108058,2011-03-01
Proddatūr,India,217786,2011-03-01
Puducherry ( Pondicherry ),India,657209,2011-03-01
Pune [ Poona ],India,5057709,2011-03-01
Puri,India,200564,2011-03-01
Pūrnia ( Purnea ),India,312669,2011-03-01
Rāe Bareli,India,191316,2011-03-01
Rāichūr,India,234073,2011-03-01
Rāiganj,India,199690,2011-03-01
Raigarh,India,150019,2011-03-01
Raipur,India,1123558,2011-03-01
Rājahmundry,India,476873,2011-03-01
Rājkot [ Rajkot ],India,1390640,2011-03-01
Rāj Nāndgaon,India,163114,2011-03-01
Rāmagundam,India,252308,2011-03-01
Rāmpur,India,349258,2011-03-01
Rānāghāt,India,234499,2011-03-01
Rānchi [ Ranchi ],India,1120374,2011-03-01
Rānippettai ( Ranipet ),India,264330,2011-03-01
Ratlām,India,273998,2011-03-01
Raurkela ( Rourkela ),India,552239,2011-03-01
Rewa,India,235654,2011-03-01
Robertson Pet,India,162230,
Rohtak,India,374292,2011-03-01
Roorkee,India,238422,2011-03-01
Rudrapur,India,154554,2011-03-01
"S.A.S. Nagar ( Mohali, Ajitgarh )",India,176170,2011-03-01
Sāgar,India,370208,2011-03-01
Sahāranpur,India,705478,2011-03-01
Saharsa,India,156540,2011-03-01
Salem,India,917414,2011-03-01
Sambalpur,India,266271,2011-03-01
Sambhal,India,220813,2011-03-01
Sāngli ( Sāngli-Miraj Kupwad ) [ Sangali ],India,513961,2011-03-01
Sāntipur ( Shāntipur ),India,290345,2011-03-01
Satna,India,282977,2011-03-01
Shāhjahānpur,India,347852,2011-03-01
Shiliguri ( Siliguri ),India,705579,2011-03-01
Shillong,India,354759,2011-03-01
Shimla ( Simla ),India,171640,2011-03-01
Shimoga,India,322650,2011-03-01
Shivpurī,India,179977,2011-03-01
Sīkar,India,244497,2011-03-01
Silchar,India,229136,2011-03-01
Singrauli,India,220257,2011-03-01
Sirsa,India,182534,2011-03-01
Sītāpur,India,188115,2011-03-01
Sivakāsi,India,234704,2011-03-01
Solāpur [ Sholapur ],India,951558,2011-03-01
Sonīpat,India,293025,2011-03-01
Srīnagar [ Srinagar ],India,1264202,2011-03-01
Sūrat [ Surat ],India,4591246,2011-03-01
Surendranagar,India,253606,2011-03-01
Tenāli,India,164937,2011-03-01
Thānesar,India,155152,2011-03-01
Thanjāvūr,India,291067,2011-03-01
Thiruvananthapuram [ Trivandrum ],India,1679754,2011-03-01
Thoothukkudi ( Tuticorin ),India,411628,2011-03-01
Thrissur ( Trichūr ),India,1861269,2011-03-01
Tiruchirāppalli ( Tiruchchirāppalli ) [ Tiruchirappalli ],India,1022518,2011-03-01
Tirunelveli,India,497826,2011-03-01
Tirupati,India,461900,2011-03-01
Tiruppūr ( Tirupper ) [ Tirupur ],India,963173,2011-03-01
Tonk,India,165294,2011-03-01
Tumkūr,India,302143,2011-03-01
Udaipur,India,474531,2011-03-01
Udhagamandalam ( Ooty ),India,233426,2011-03-01
Udupi ( Udipi ),India,165401,2011-03-01
Ujjain,India,515215,2011-03-01
Unnāo,India,177658,2011-03-01
Vadodara ( Baroda ),India,1822221,2011-03-01
Valsād ( Bulsār ),India,170060,2011-03-01
Vāpi ( Wāpi ),India,163630,2011-03-01
Vārānasi [ Benares ],India,1432280,2011-03-01
Vāsai-Virār,India,1222390,2011-03-01
Vellore,India,484690,2011-03-01
Verāval,India,185797,2011-03-01
Vidisha,India,155951,2011-03-01
Vijayawāda [ Vijayawada ],India,1476931,2011-03-01
Visākhapatnam [ Vishakhapatnam ],India,1728128,2011-03-01
Vizianagaram,India,239909,2011-03-01
Warangal,India,753438,2011-03-01
Yamunānagar,India,383353,2011-03-01
Ardee,Ireland,5478,2022-04-03
Arklow ( Antinbhear Mor ),Ireland,13390,2022-04-03
Athlone ( Áth Luain ),Ireland,17100,2022-04-03
Athy,Ireland,10850,2022-04-03
Balbriggan,Ireland,8102,2022-04-03
Ballina,Ireland,10850,2022-04-03
Ballinasloe,Ireland,7361,2022-04-03
Bantry,Ireland,3358,2022-04-03
Birr,Ireland,4726,2022-04-03
Bray ( Brí Chualann ),Ireland,28600,2022-04-03
Buncrana,Ireland,3279,2022-04-03
Carlow ( Ceatharlach ),Ireland,16150,2022-04-03
Carrickmacross,Ireland,2331,2022-04-03
Carrick-on-Suir,Ireland,6003,2022-04-03
Cashel,Ireland,2652,2022-04-03
Castlebar,Ireland,11950,2022-04-03
Cavan,Ireland,3868,2022-04-03
Clonakilty,Ireland,4475,2022-04-03
Clonmel ( Cluain Meala ),Ireland,14800,2022-04-03
Cobh,Ireland,6979,2022-04-03
Cork ( Corcaigh ),Ireland,131423,2022-04-03
Drogheda ( Droichead Átha ),Ireland,30900,2022-04-03
Dublin ( Baile Átha Cliath ),Ireland,592713,2022-04-03
Dundalk ( Dún Dealgan ),Ireland,35450,2022-04-03
Dungarvan,Ireland,8936,2022-04-03
Edenderry,Ireland,7612,2022-04-03
Ennis ( Inis ),Ireland,22350,2022-04-03
Enniscorthy,Ireland,3150,2022-04-03
Fermoy,Ireland,2580,2022-04-03
Galway ( An Ghaillimh ),Ireland,84414,2022-04-03
Gorey,Ireland,3786,2022-04-03
Greystones ( incl. Delgany ),Ireland,13150,2022-04-03
Kells ( Ceannanus Mór ),Ireland,2400,2022-04-03
Kilkenny ( Cill Choinnigh ),Ireland,9768,2022-04-03
Killarney,Ireland,14250,2022-04-03
Kilrush,Ireland,2790,2022-04-03
Kinsale,Ireland,2631,2022-04-03
Leixlip,Ireland,16600,2022-04-03
Letterkenny,Ireland,17550,2022-04-03
Limerick ( Luimneach ),Ireland,62702,2022-04-03
Listowel,Ireland,4230,2022-04-03
Longford,Ireland,9250,2022-04-03
Loughrea,Ireland,6322,2022-04-03
Macroom,Ireland,4395,2022-04-03
Mallow,Ireland,9363,2022-04-03
Midleton,Ireland,3797,2022-04-03
Monaghan,Ireland,6850,2022-04-03
Mountmellick,Ireland,3172,2022-04-03
Muinebeag ( Bagenalstown ),Ireland,2945,2022-04-03
Mullingar,Ireland,10879,2022-04-03
Naas,Ireland,26306,2022-04-03
Navan ( An Uaimh ),Ireland,32000,2022-04-03
Nenagh,Ireland,9507,2022-04-03
Newbridge ( Droichead Nua ),Ireland,7874,2022-04-03
Newcastle West,Ireland,5602,2022-04-03
New Ross,Ireland,4660,2022-04-03
Passage West ( incl. Monkstown ),Ireland,5401,2022-04-03
Portlaoise ( Maryborough ),Ireland,3931,2022-04-03
Shannon,Ireland,10250,2022-04-03
Skibbereen,Ireland,3059,2022-04-03
Sligo ( Sligeach ),Ireland,18855,2022-04-03
Thurles,Ireland,7122,2022-04-03
Tipperary,Ireland,4560,2022-04-03
Tralee ( Tráighlí ),Ireland,22900,2022-04-03
Tramore,Ireland,10150,2022-04-03
Tuam,Ireland,3924,2022-04-03
Tullamore ( An Tulach Mhór ),Ireland,11957,2022-04-03
Tullow,Ireland,4397,2022-04-03
Waterford ( Port Láirge ),Ireland,54313,2022-04-03
Westport,Ireland,6252,2022-04-03
Wexford ( Loch Garman ),Ireland,22350,2022-04-03
Wicklow,Ireland,7102,2022-04-03
Youghal,Ireland,7663,2022-04-03
Acerra,Italy,58585,2026-01-01
Acireale,Italy,50528,2026-01-01
Afragola,Italy,61581,2026-01-01
Agrigento,Italy,55118,2026-01-01
Alessandria,Italy,93409,2026-01-01
Altamura,Italy,70336,2026-01-01
Ancona,Italy,100151,2026-01-01
Andria,Italy,96520,2026-01-01
Anzio,Italy,60063,2026-01-01
Aprilia,Italy,74697,2026-01-01
Ardea,Italy,51374,2026-01-01
Arezzo,Italy,96506,2026-01-01
Asti,Italy,73604,2026-01-01
Avellino,Italy,51819,2026-01-01
Bagheria,Italy,53152,2026-01-01
Bari,Italy,316248,2026-01-01
Barletta,Italy,92067,2026-01-01
Benevento,Italy,55330,2026-01-01
Bergamo,Italy,120629,2026-01-01
Bisceglie,Italy,53242,2026-01-01
Bitonto,Italy,52868,2026-01-01
Bologna,Italy,391473,2026-01-01
Bolzano ( Bozen ),Italy,106901,2026-01-01
Brescia,Italy,201342,2026-01-01
Brindisi,Italy,81181,2026-01-01
Busto Arsizio,Italy,84595,2026-01-01
Cagliari,Italy,145981,2026-01-01
Caltanissetta,Italy,57922,2026-01-01
Carpi,Italy,74041,2026-01-01
Carrara,Italy,59723,2026-01-01
Caserta,Italy,72757,2026-01-01
Casoria,Italy,73257,2026-01-01
Castellammare di Stabia,Italy,61937,2026-01-01
Catania,Italy,296984,2026-01-01
Catanzaro,Italy,82708,2026-01-01
Cerignola,Italy,56711,2026-01-01
Cesena,Italy,95620,2026-01-01
Cinisello Balsamo,Italy,75154,2026-01-01
Civitavecchia,Italy,51359,2026-01-01
Como,Italy,83035,2026-01-01
Corigliano-Rossano,Italy,74403,2026-01-01
Cosenza,Italy,63449,2026-01-01
Cremona,Italy,71093,2026-01-01
Crotone,Italy,58136,2026-01-01
Cuneo,Italy,55747,2026-01-01
Faenza,Italy,58750,2026-01-01
Fano,Italy,59871,2026-01-01
Ferrara,Italy,129048,2026-01-01
Firenze [ Florence ],Italy,361625,2026-01-01
Fiumicino,Italy,83415,2026-01-01
Foggia,Italy,145078,2026-01-01
Foligno,Italy,55262,2026-01-01
Forlì,Italy,118053,2026-01-01
Gallarate,Italy,53023,2026-01-01
Gela,Italy,70109,2026-01-01
Genova [ Genoa ],Italy,566247,2026-01-01
Giugliano in Campania,Italy,125018,2026-01-01
Grosseto,Italy,81275,2026-01-01
Guidonia Montecelio,Italy,89420,2026-01-01
Imola,Italy,69702,2026-01-01
Lamezia Terme ( Nicastro ),Italy,67005,2026-01-01
L'Aquila,Italy,70803,2026-01-01
La Spezia,Italy,92610,2026-01-01
Latina,Italy,127450,2026-01-01
Lecce,Italy,94387,2026-01-01
Legnano,Italy,60980,2026-01-01
Livorno,Italy,152451,2026-01-01
Lucca,Italy,88464,2026-01-01
Manfredonia,Italy,53015,2026-01-01
Mantova [ Mantua ],Italy,50215,2026-01-01
Marano di Napoli,Italy,57631,2026-01-01
Marsala,Italy,79521,2026-01-01
Massa,Italy,65547,2026-01-01
Matera,Italy,59368,2026-01-01
Mazara del Vallo,Italy,50070,2026-01-01
Messina,Italy,216458,2026-01-01
Milano [ Milan ],Italy,1362863,2026-01-01
Modena,Italy,184361,2026-01-01
Modica,Italy,53622,2026-01-01
Molfetta,Italy,57016,2026-01-01
Moncalieri,Italy,55442,2026-01-01
Montesilvano,Italy,53557,2026-01-01
Monza,Italy,123672,2026-01-01
Napoli [ Naples ],Italy,905050,2026-01-01
Novara,Italy,103238,2026-01-01
Olbia,Italy,61739,2026-01-01
Padova [ Padua ],Italy,208202,2026-01-01
Palermo,Italy,626273,2026-01-01
Parma,Italy,199450,2026-01-01
Pavia,Italy,71811,2026-01-01
Perugia,Italy,162384,2026-01-01
Pesaro,Italy,95270,2026-01-01
Pescara,Italy,118487,2026-01-01
Piacenza,Italy,103737,2026-01-01
Pisa,Italy,90146,2026-01-01
Pistoia,Italy,89094,2026-01-01
Pomezia,Italy,64970,2026-01-01
Pordenone,Italy,52744,2026-01-01
Portici,Italy,51213,2026-01-01
Potenza,Italy,63403,2026-01-01
Pozzuoli,Italy,74665,2026-01-01
Prato,Italy,198327,2026-01-01
Quartu Sant'Elena,Italy,67869,2026-01-01
Ragusa,Italy,74122,2026-01-01
Ravenna,Italy,156475,2026-01-01
Reggio di Calabria,Italy,167925,2026-01-01
Reggio nell'Emilia,Italy,172921,2026-01-01
Rho,Italy,51000,2026-01-01
Rimini,Italy,150774,2026-01-01
Roma [ Rome ],Italy,2745062,2026-01-01
Salerno,Italy,125323,2026-01-01
Sanremo ( San Remo ),Italy,53157,2026-01-01
Sassari,Italy,120231,2026-01-01
Savona,Italy,58421,2026-01-01
Sesto San Giovanni,Italy,78850,2026-01-01
Siena,Italy,53180,2026-01-01
Siracusa [ Syracuse ],Italy,115515,2026-01-01
Taranto,Italy,185112,2026-01-01
Teramo,Italy,51400,2026-01-01
Terni,Italy,106272,2026-01-01
Tivoli,Italy,55321,2026-01-01
Torino [ Turin ],Italy,855654,2026-01-01
Torre del Greco,Italy,78839,2026-01-01
Trani,Italy,54731,2026-01-01
Trapani,Italy,54636,2026-01-01
Trento,Italy,119359,2026-01-01
Treviso,Italy,86113,2026-01-01
Trieste,Italy,198622,2026-01-01
Udine,Italy,98501,2026-01-01
Varese,Italy,79100,2026-01-01
Velletri,Italy,53048,2026-01-01
Venezia [ Venice ],Italy,249385,2026-01-01
Verona,Italy,255139,2026-01-01
Viareggio,Italy,60680,2026-01-01
Vicenza,Italy,110741,2026-01-01
Vigevano,Italy,63480,2026-01-01
Viterbo,Italy,66767,2026-01-01
Vittoria,Italy,66329,2026-01-01
"Aḍ-Ḍulaīl [ Dhlail, Dulayl ]",Jordan,50931,2015-11-30
"'Āīdūn [ Dion, Aydoun ]",Jordan,58565,2015-11-30
'Aīn al-Bāshā [ Ain al Basha ],Jordan,60191,2015-11-30
'Ajlūn [ Ajloun ],Jordan,9990,2015-11-30
Al-'Aqabah [ Aqaba ],Jordan,148398,2015-11-30
Al-Baq'ah [ Baqa'a Camp ],Jordan,68816,2015-11-30
Al-Fuḥayṣ [ Fuheis ],Jordan,18916,2015-11-30
Al-Hāshimiyah [ Hashimiyya ],Jordan,44730,2015-11-30
"Al-Ḥiṣn [ Husn, Hoson ]",Jordan,35085,2015-11-30
Al-Jīzah [ Jizeh ],Jordan,95045,2015-11-30
Al-Jubayhah [ Jubeiha ],Jordan,197160,2015-11-30
Al-Karak [ Kerak ],Jordan,32216,2015-11-30
Al-Khālidiyah al-Jadīdah [ Khaldiyah Al-Jadeeda ],Jordan,19608,2015-11-30
Al-Mafraq,Jordan,106008,2015-11-30
Al-Mashāri' [ Mashari'e ],Jordan,24117,2015-11-30
Al-Mazār ash-Shamālī [ Mazar Shamali ],Jordan,21201,2015-11-30
Al-Quwaysimah - Al-Juwaydah - Abū 'Alandā - Ar-Rajīb [ Quwaysimah - Jweideh - Abu Alanda - Rajeeb ],Jordan,296763,2015-11-30
'Ammān ( incl. Mārkā district ) [ Amman ],Jordan,1812059,2015-11-30
'Anjarah [ Anjara ],Jordan,25981,2015-11-30
An-Na'īmah [ No'ayymeh ],Jordan,29128,2015-11-30
Ar-Ramthā [ Ramtha ],Jordan,155693,2015-11-30
Ar-Ruṣayfah ( incl. Mushayrfat Rās al-'Ayn ) [ Russeifa ],Jordan,472604,2015-11-30
Ash-Shajarah,Jordan,27902,2015-11-30
Askān Abū Nuṣaīr [ Askan Abu Nushayr ],Jordan,72489,2015-11-30
As-Salṭ [ Salt ],Jordan,99890,2015-11-30
Aṣ-Ṣarīḥ [ Sarieh ],Jordan,46003,2015-11-30
As-Sukhnah [ Sokhneh ],Jordan,20693,2015-11-30
"Aṭ-Ṭafīlah [ Tafiela, Tafilah ]",Jordan,27559,2015-11-30
Aṭ-Ṭaybah [ Taybeh ],Jordan,21938,2015-11-30
Aṭ-Ṭurrah [ Torrah ],Jordan,33136,2015-11-30
Az-Zarqā' [ Zarqa ],Jordan,635160,2015-11-30
"Bayt Rās [ Beit Ras, Capitolias ]",Jordan,40871,2015-11-30
Bushrā [ Boshra ],Jordan,19444,2015-11-30
Dayr Abī Sa'īd [ Der Abi Saeed ],Jordan,29590,2015-11-30
Ghawr aṣ-Ṣāfī [ Ghawr ash-Shafi ],Jordan,27304,2015-11-30
Ḥuwārah [ Huwwarah ],Jordan,23929,2015-11-30
Irbid,Jordan,502714,2015-11-30
"Jarash [ Jerash, Gerasa ]",Jordan,50745,2015-11-30
Kafr Yūbā [ Kafr Yooba ],Jordan,22943,2015-11-30
Khraībat as-Sūq - Jāwā - Al-Yadūdah [ Khraibet Essooq - Jawa - Yadoodeh ],Jordan,186158,2015-11-30
Kufrinjah,Jordan,31015,2015-11-30
Kurayyimah [ Krayymeh ],Jordan,22081,2015-11-30
Ma'ān [ Ma'an ],Jordan,41055,2015-11-30
Mādabā [ Madaba ],Jordan,105353,2015-11-30
Marj al-Ḥamām [ Marj al-Hamam ],Jordan,82788,2015-11-30
Mukhayyam al-Azraq [ Azraq Camp ],Jordan,34946,2015-11-30
Mukhayyam ash-Shahīd 'Azmī al-Muftī [ Husn Camp ],Jordan,25034,2015-11-30
Mukhayyam az-Za'atarī [ Zaatari Camp ],Jordan,113119,2015-11-30
Mukhayyam Ghazzah [ Jerash Camp ],Jordan,37176,2015-11-30
Mukhayyam Ḥiṭīn [ Marka Camp ],Jordan,38501,
Mu'tah,Jordan,27426,2015-11-30
Nā'ūr [ Naour ],Jordan,32337,2015-11-30
Saḥāb [ Sahab ],Jordan,169434,2015-11-30
Shafā Badrān [ Shafa Badran ],Jordan,72315,2015-11-30
Ṣuwayliḥ [ Sweileh ],Jordan,151016,2015-11-30
Tilā' al-'Alī - Khildā - Umm as-Summāq [ Khilda - Umm Essommaq ],Jordan,251000,2015-11-30
Umm as-Summāq ( in: Nā'ūr district ) [ Umm Essommaq ],Jordan,19034,2015-11-30
Umm Quṣayr - Al-Muqābalīn [ Muqabalayn ],Jordan,99738,2015-11-30
Wādī as-Sīr [ Wadi Essier ],Jordan,241830,2015-11-30
Abaı [ Abay ],Kazakhstan,28126,2026-01-01
Abaı [ Abay ],Kazakhstan,23654,2026-01-01
Áıteke Bı ( Novokazalinsk ),Kazakhstan,46596,2026-01-01
Ajagóz [ Ayagoz ],Kazakhstan,40169,2026-01-01
Alataý ( incl. Jetigen ) [ Alatau ],Kazakhstan,55086,2026-01-01
Alǵa,Kazakhstan,22365,2026-01-01
Almaty [ Alma-Ata ],Kazakhstan,2348103,2026-01-01
Altaı ( Zyrjanovsk ),Kazakhstan,34960,2026-01-01
Aqsaı [ Aksay ],Kazakhstan,35384,2026-01-01
"Aqsý ( Aqsýkent ) [ Aksu, Aksukent ]",Kazakhstan,34071,2026-01-01
Aqsý [ Aksu ],Kazakhstan,51856,2026-01-01
Aqtaý ( Ševcenko ) [ Aktau ],Kazakhstan,298716,2026-01-01
Aqtóbe ( Akt'ubinsk ) [ Aktobe ],Kazakhstan,598683,2026-01-01
Aral,Kazakhstan,37375,2026-01-01
Arqalyq ( Arkalyk ) [ Arkalyk ],Kazakhstan,27149,2026-01-01
Arys,Kazakhstan,55112,2026-01-01
"Astana ( Nur-Sultan, Celinograd, Aqmola )",Kazakhstan,1639176,2026-01-01
Atameken,Kazakhstan,29294,2021-10-01
Atbasar,Kazakhstan,29751,2026-01-01
Atyraý ( Gurjev ),Kazakhstan,328616,2026-01-01
"Baıqońyr ( Bajkonyr, Leninsk ) [ Baikonur ]",Kazakhstan,31233,2026-01-01
Baıserke,Kazakhstan,26338,2021-10-01
Balqash ( Balchaš ) [ Balkhash ],Kazakhstan,72796,2026-01-01
Basqudyq,Kazakhstan,31534,2021-10-01
Beıneý [ Beyneu ],Kazakhstan,57252,2026-01-01
Boraldaı [ Boralday ],Kazakhstan,35863,2021-10-01
Derqul [ Derkul ],Kazakhstan,32455,2026-01-01
Ekibastuz,Kazakhstan,127027,2026-01-01
Esik,Kazakhstan,40718,2026-01-01
Eski Iqan,Kazakhstan,20885,2021-10-01
Hromtaý,Kazakhstan,30393,2026-01-01
Jańaózen ( Novyj Uzen' ) [ Zhanaozen ],Kazakhstan,76430,2026-01-01
Jańaqorǵan [ Zhanakorgan ],Kazakhstan,34969,2026-01-01
Jańatas [ Zhanatas ],Kazakhstan,25578,2026-01-01
Jarkent ( Panfilov ) [ Zharkent ],Kazakhstan,58907,2026-01-01
Jetisaı [ Zhetisay ],Kazakhstan,42865,2026-01-01
Jezqazǵan ( Dzezkazgan ) [ Jezkazgan ],Kazakhstan,89211,2026-01-01
Jibek Joly [ Zhibek Zholy ],Kazakhstan,30124,2021-10-01
Jitiqara [ Zhetikara ],Kazakhstan,34394,2026-01-01
Josaly [ Zhosaly ],Kazakhstan,20079,2026-01-01
Kentaý,Kazakhstan,73876,2026-01-01
Kókshetaý ( Kokčetav ) [ Kokshetau ],Kazakhstan,183218,2026-01-01
Leńgir [ Lenger ],Kazakhstan,33969,2026-01-01
Lısakov ( Lisakovsk ),Kazakhstan,30800,2026-01-01
Makınsk,Kazakhstan,17915,2026-01-01
Mańǵystaý,Kazakhstan,36543,2026-01-01
Mankent,Kazakhstan,30135,2021-10-01
Muhametjan Týımebaev,Kazakhstan,20781,2021-10-01
Oral ( Ural'sk ),Kazakhstan,259361,2026-01-01
Óskemen ( Ust'-Kamenogorsk ),Kazakhstan,360689,2026-01-01
Ótegen Batyr ( Ênergetičeskij ),Kazakhstan,32533,2026-01-01
Pavlodar,Kazakhstan,336073,2026-01-01
Petropavl ( Petropavlovsk ),Kazakhstan,222113,2026-01-01
Qandyaǵash ( Oktjabr'sk ) [ Kandyagash ],Kazakhstan,34807,2026-01-01
Qarabulaq,Kazakhstan,19329,2026-01-01
Qarabulaq [ Karabulak ],Kazakhstan,19329,2026-01-01
Qaraǵandy ( Karaganda ),Kazakhstan,533344,2026-01-01
Qarataý [ Karatau ],Kazakhstan,27948,2026-01-01
Qarǵaly [ Karagayly ],Kazakhstan,30999,2021-10-01
Qaskeleń [ Kaskelen ],Kazakhstan,89032,2026-01-01
Qazyǵurt,Kazakhstan,27733,2026-01-01
Qonaev ( Qapshaǵaı ) [ Qonayev ],Kazakhstan,58075,2026-01-01
Qordaı [ Korday ],Kazakhstan,39392,2026-01-01
Qosshy,Kazakhstan,65084,2026-01-01
Qostanaı ( Kustanaj ) [ Kostanay ],Kazakhstan,277064,2026-01-01
Qulan [ Kulan ],Kazakhstan,18538,2026-01-01
Qulsary [ Kulsary ],Kazakhstan,64379,2026-01-01
Qyzylorda ( Kzyl-Orda ) [ Kyzylorda ],Kazakhstan,287661,2026-01-01
Qyzyltóbe,Kazakhstan,25188,2021-10-01
Rahat,Kazakhstan,35468,2021-10-01
Rıdder ( Leninogorsk ),Kazakhstan,43889,2026-01-01
Rýdnyj [ Rudniy ],Kazakhstan,111861,2026-01-01
Saran,Kazakhstan,34130,2026-01-01
Sarqan [ Sarkand ],Kazakhstan,17312,2026-01-01
Saryaǵash [ Saryag'ash ],Kazakhstan,62782,2026-01-01
Sarykemer,Kazakhstan,33107,2026-01-01
"Sátbaev ( Nikol'skij, Satpajev ) [ Satpayev ]",Kazakhstan,67846,2026-01-01
Ščýchınsk ( Shchoche ) [ Shuchinsk ],Kazakhstan,47554,2026-01-01
Semeı ( Semipalatinsk ) [ Semey ],Kazakhstan,315314,2026-01-01
Shahtınsk [ Shahtinsk ],Kazakhstan,37980,2026-01-01
Shalqar [ Shalkar ],Kazakhstan,27321,2026-01-01
Shamalgan [ Ushkonyr ],Kazakhstan,28644,2021-10-01
Shardara [ Shardara ],Kazakhstan,31252,2026-01-01
Shelek,Kazakhstan,29032,2021-10-01
Shemonaıha [ Shemonaikha ],Kazakhstan,17842,2026-01-01
Shıeli [ Shieli ],Kazakhstan,37118,2026-01-01
Sholaqqorǵan [ Sholakkorgan ],Kazakhstan,19639,2026-01-01
Shonja [ Chundzha ],Kazakhstan,21900,2026-01-01
Shubarsý,Kazakhstan,32390,2021-10-01
Shý [ Shu ],Kazakhstan,45090,2026-01-01
Shymkent,Kazakhstan,1294050,2026-01-01
Stepnogor [ Stepnogorsk ],Kazakhstan,48048,2026-01-01
Taldyqorǵan ( Taldy-Kurgan ) [ Taldykorgan ],Kazakhstan,171882,2026-01-01
Talǵar,Kazakhstan,65930,2026-01-01
"Taraz ( Dzambul, Auliye-Ata )",Kazakhstan,487499,2026-01-01
Tasbóget,Kazakhstan,30822,2026-01-01
Tekeli,Kazakhstan,29596,2026-01-01
Temirlan,Kazakhstan,18315,2026-01-01
Temirtaý,Kazakhstan,170244,2026-01-01
Tobyl ( Zatobol ),Kazakhstan,28936,2026-01-01
Tóle Bı,Kazakhstan,19707,2026-01-01
Turar Rysqulov,Kazakhstan,25700,2026-01-01
Túrkistan [ Turkestan ],Kazakhstan,245606,2026-01-01
Tuzdybastaý,Kazakhstan,21693,2021-10-01
Úsharal,Kazakhstan,20392,2026-01-01
Úshtóbe [ Ushtobe ],Kazakhstan,17784,2026-01-01
Uzynaǵash [ Uzynagash ],Kazakhstan,50083,2026-01-01
Zachagansk,Kazakhstan,67974,2026-01-01
Zaısan [ Zaysan ],Kazakhstan,17884,2026-01-01
Athi River ( Mavoko ),Kenya,81302,2019-08-24
Awendo,Kenya,16815,2019-08-24
Banisa ( Banissa ),Kenya,14974,2019-08-24
Bondo,Kenya,22712,2019-08-24
Bungoma,Kenya,68031,2019-08-24
Busia,Kenya,71886,2019-08-24
Chuka,Kenya,22388,2019-08-24
Elburgon,Kenya,28359,2019-08-24
Eldama Ravine,Kenya,21385,2019-08-24
Eldoret,Kenya,475716,2019-08-24
Elwak,Kenya,60732,2019-08-24
Emali,Kenya,18325,2019-08-24
Embu,Kenya,64979,2019-08-24
Garbatula,Kenya,17443,2019-08-24
Garissa,Kenya,163399,2019-08-24
Gilgil,Kenya,60711,2019-08-24
Githunguri,Kenya,63319,2019-08-24
Habaswein,Kenya,49599,2019-08-24
Hola,Kenya,20912,2019-08-24
Homa Bay,Kenya,44949,2019-08-24
Isebania,Kenya,23891,2019-08-24
Isiolo,Kenya,78650,2019-08-24
Juja,Kenya,156041,2019-08-24
Kabarnet,Kenya,22474,2019-08-24
Kajiado,Kenya,24678,2019-08-24
Kakamega,Kenya,107227,2019-08-24
Kakuma,Kenya,22984,2019-08-24
Kapsabet,Kenya,41997,2019-08-24
Karatina,Kenya,23552,2019-08-24
Karuri,Kenya,194342,2019-08-24
Kehancha,Kenya,22194,2019-08-24
Kenol,Kenya,44086,2019-08-24
Kericho,Kenya,53804,2019-08-24
Kerugoya,Kenya,30045,2019-08-24
Kiambu,Kenya,147870,2019-08-24
Kikuyu,Kenya,323881,2019-08-24
Kilifi,Kenya,74270,2019-08-24
Kimilili,Kenya,56050,2019-08-24
Kiminini,Kenya,16560,2019-08-24
Kiserian,Kenya,76903,2019-08-24
Kisii,Kenya,112417,2019-08-24
Kisumu,Kenya,397957,2019-08-24
Kitale,Kenya,162174,2019-08-24
Kitengela,Kenya,154436,2019-08-24
Kitui,Kenya,29062,2019-08-24
Lafey,Kenya,22882,2019-08-24
Lamu,Kenya,25385,2019-08-24
Limuru,Kenya,81316,2019-08-24
Lodwar,Kenya,82970,2019-08-24
Machakos,Kenya,63767,2019-08-24
Mai Mahiu,Kenya,20823,2019-08-24
Mairo Inya,Kenya,30527,2019-08-24
Makindu,Kenya,15038,2019-08-24
Makutano ( Kapenguria ),Kenya,28469,2019-08-24
Malaba,Kenya,15581,2019-08-24
Malindi,Kenya,119859,2019-08-24
Mandera,Kenya,114718,2019-08-24
Maralal,Kenya,31350,2019-08-24
Mariakani,Kenya,31715,2019-08-24
Marsabit,Kenya,36289,2019-08-24
Masalani,Kenya,43642,2019-08-24
Maua,Kenya,22121,2019-08-24
Mazeras,Kenya,16254,2019-08-24
Mbale ( Vihiga ),Kenya,17404,2019-08-24
Mbita ( Mbita Point ),Kenya,14916,2019-08-24
Meru,Kenya,80191,2019-08-24
Migori,Kenya,71668,2019-08-24
Mlolongo,Kenya,136351,2019-08-24
Moi's Bridge,Kenya,16355,2019-08-24
Molo ( Turi ),Kenya,48356,2019-08-24
Mombasa,Kenya,1208333,2019-08-24
Moyale,Kenya,47850,2019-08-24
Msambweni,Kenya,14951,2019-08-24
Mtwapa,Kenya,90677,2019-08-24
Mumias,Kenya,41942,2019-08-24
Murang'a,Kenya,43314,2019-08-24
Mwingi,Kenya,17025,2019-08-24
Nairobi,Kenya,4397073,2019-08-24
Naivasha,Kenya,198444,2019-08-24
Nakuru,Kenya,570674,2019-08-24
Namanga,Kenya,14922,2019-08-24
Nanyuki,Kenya,72813,2019-08-24
Narok,Kenya,65430,2019-08-24
Ngong,Kenya,102323,2019-08-24
Njoro,Kenya,42173,2019-08-24
Nyahururu,Kenya,37650,2019-08-24
Nyamira,Kenya,24483,2019-08-24
Nyeri,Kenya,80081,2019-08-24
Ongata Rongai,Kenya,172569,2019-08-24
Oyugis,Kenya,19947,2019-08-24
Rhamu,Kenya,35644,2019-08-24
Rongo,Kenya,20688,2019-08-24
Ruiru,Kenya,490120,2019-08-24
Siaya,Kenya,33153,2019-08-24
Takaba,Kenya,21517,2019-08-24
Taveta,Kenya,22018,2019-08-24
Thika,Kenya,251407,2019-08-24
Ukunda,Kenya,77686,2019-08-24
Voi,Kenya,53353,2019-08-24
Wajir,Kenya,90116,2019-08-24
Wanguru,Kenya,51722,2019-08-24
Watamu,Kenya,27857,2019-08-24
Webuye,Kenya,42642,2019-08-24
Wote,Kenya,19725,2019-08-24
Abhā,Saudiarabia,334290,2022-05-22
Abū 'Arīsh,Saudiarabia,69632,2022-05-22
Ad-Dammām [ Dammam ],Saudiarabia,1386166,2022-05-22
Ad-Dawādmī,Saudiarabia,86861,2022-05-22
Ad-Dilam,Saudiarabia,39267,2022-05-22
Ad-Dir'iyah,Saudiarabia,61609,2022-05-22
'Afïf,Saudiarabia,47340,2022-05-22
Aḥad al-Masāriḥah,Saudiarabia,25670,2022-05-22
Aḥad Rāfidah,Saudiarabia,79202,2022-05-22
Al-'Aqīq,Saudiarabia,19269,2022-05-22
Al-'Awāmiyah,Saudiarabia,26276,2022-05-22
Al-Badā'i'a,Saudiarabia,48474,2022-05-22
Al-Bāḥah,Saudiarabia,90515,2022-05-22
Al-Bukayriyah,Saudiarabia,43229,2022-05-22
Al-Ḥawiyah,Saudiarabia,171610,2022-05-22
Al-Ḥinākīyah [ Al-Henakiyah ],Saudiarabia,24880,2022-05-22
Al-Hufūf ( incl. Al-Mubarraz ) [ Hofuf ],Saudiarabia,729606,2022-05-22
Al-Jārūdiyah [ Al-Jaroudiya ],Saudiarabia,20986,2022-05-22
Al-Jish,Saudiarabia,22343,2022-05-22
Al-Jubaīl [ Jubail ],Saudiarabia,474679,2022-05-22
Al-Jumūm,Saudiarabia,41089,2022-05-22
Al-Jurn [ Al-Gorn ],Saudiarabia,20329,2022-05-22
Al-Khafjī,Saudiarabia,78691,2022-05-22
Al-Kharj ( As-Saīḥ ),Saudiarabia,295462,2022-05-22
Al-Khubar [ Khobar ],Saudiarabia,409549,2022-05-22
Al-Khurmah,Saudiarabia,28491,2022-05-22
Al-Kulābiyah,Saudiarabia,21992,2022-05-22
Al-Līth [ Al-Leith ],Saudiarabia,20811,2022-05-22
Al-Madīnah [ Medina ],Saudiarabia,1411599,2022-05-22
Al-Majāridah,Saudiarabia,21837,2022-05-22
Al-Majma'ah,Saudiarabia,70243,2022-05-22
Al-Makhwāh,Saudiarabia,26248,2022-05-22
Al-Midhnab,Saudiarabia,33341,2022-05-22
Al-Mish'alīah,Saudiarabia,23252,2022-05-22
Al-Munaīzilah,Saudiarabia,21346,2022-05-22
Al-Muzāḥimiyah,Saudiarabia,55604,2022-05-22
Al-Qaīṣūmah,Saudiarabia,27307,2022-05-22
Al-Qaṭīf,Saudiarabia,87332,2022-05-22
Al-Qudaīḥ,Saudiarabia,22492,2022-05-22
Al-Qunfudhah,Saudiarabia,42447,2022-05-22
Al-Qurayyāt,Saudiarabia,167080,2022-05-22
Al-Qūway'iyah,Saudiarabia,28589,2022-05-22
Al-Qūz,Saudiarabia,22374,2022-05-22
Al-'Ulā,Saudiarabia,40760,2022-05-22
Al-'Ulāyah,Saudiarabia,20250,2022-05-22
Al-'Umrān,Saudiarabia,22781,2022-05-22
Al-'Uyūn,Saudiarabia,35226,2022-05-22
Al-Wajh,Saudiarabia,33868,2022-05-22
'Ank,Saudiarabia,20038,2022-05-22
An-Nimāṣ [ Namas ],Saudiarabia,22541,2022-05-22
An-Nu'ayriyah [ Nariyah ],Saudiarabia,40023,2022-05-22
'Ar'ar,Saudiarabia,199247,2022-05-22
Ar-Rass,Saudiarabia,107902,2022-05-22
Ar-Riyāḍ [ Riyadh ],Saudiarabia,6924566,2022-05-22
As-Sulayyil,Saudiarabia,25136,2022-05-22
Ath-Thuqbah,Saudiarabia,248888,2022-05-22
Aṭ-Ṭa'if [ Ta'if ],Saudiarabia,563282,2022-05-22
Aṭ-Ṭaraf,Saudiarabia,29588,2022-05-22
Aẓ-Ẓahrān [ Dhahran ],Saudiarabia,143936,2022-05-22
Az-Zulfī,Saudiarabia,68317,2022-05-22
Badr,Saudiarabia,30494,2022-05-22
Baḥrah,Saudiarabia,70118,2022-05-22
Baljurashī,Saudiarabia,35985,2022-05-22
Baq'ā' [ Baqaa ],Saudiarabia,19659,2022-05-22
Bīsh,Saudiarabia,32679,2022-05-22
Bīshah [ Bisha ],Saudiarabia,115537,2022-05-22
Buqayq [ Abqaiq ],Saudiarabia,45032,2022-05-22
Buraydah [ Buraidah ],Saudiarabia,571169,2022-05-22
Ḍamad,Saudiarabia,26079,2022-05-22
Ḍubā',Saudiarabia,39543,2022-05-22
Dūmat al-Jandal ( Al-Jawf ),Saudiarabia,42362,2022-05-22
Ḥafar al-Bāṭin,Saudiarabia,387096,2022-05-22
Ḥā'il [ Ha'il ],Saudiarabia,448623,2022-05-22
Ḥaql,Saudiarabia,25652,2022-05-22
Ḥawṭah Banī Tamīm [ Hotat Bani Tamim ],Saudiarabia,30720,2022-05-22
'Irqah,Saudiarabia,42179,2022-05-22
Jiddah [ Jeddah ],Saudiarabia,3712917,2022-05-22
Jīzān,Saudiarabia,173919,2022-05-22
Khamīs Mushaīṭ [ Khamis Mushait ],Saudiarabia,535065,2022-05-22
Khulaīṣ [ Khulays ],Saudiarabia,20139,2022-05-22
Laylā,Saudiarabia,29698,2022-05-22
Madīnat al-Malik Khālid al-'Askariyah [ King Khalid Military City ],Saudiarabia,25356,2022-05-22
Mahd adh-Dhahab,Saudiarabia,20272,2022-05-22
Makkah [ Mecca ],Saudiarabia,2385509,2022-05-22
Mazāri' Wādī al-'Uqūl [ Wadi al-Aqool Farms ],Saudiarabia,24381,2022-05-22
Muḥā'yil,Saudiarabia,97967,2022-05-22
Najrān [ Najran ],Saudiarabia,381431,2022-05-22
Rābigh,Saudiarabia,72928,2022-05-22
Rafḥā',Saudiarabia,63929,2022-05-22
Raḥīmah ( R'ās Tanūrah ),Saudiarabia,57030,2022-05-22
Ranyah,Saudiarabia,28681,2022-05-22
Rimāḥ,Saudiarabia,25031,2022-05-22
Riyāḍ al-Khabrā',Saudiarabia,25588,2022-05-22
Ṣabyā,Saudiarabia,72086,2022-05-22
Ṣafwah [ Safwa ],Saudiarabia,45676,2022-05-22
Saīhāt,Saudiarabia,84818,2022-05-22
Sakākā,Saudiarabia,204174,2022-05-22
Ṣāmiṭah [ Samtah ],Saudiarabia,43301,2022-05-22
Sarāt 'Abīdah,Saudiarabia,19855,2022-05-22
Shaqrā' [ Shaqraa ],Saudiarabia,32215,2022-05-22
Sharūrah,Saudiarabia,89456,2022-05-22
Tabūk [ Tabouk ],Saudiarabia,594350,2022-05-22
Tārūt [ Tarout ],Saudiarabia,117646,2022-05-22
Taymā',Saudiarabia,37579,2022-05-22
Thuwal,Saudiarabia,26957,2022-05-22
Ṭubarjal,Saudiarabia,78354,2022-05-22
Ṭuraīf,Saudiarabia,61395,2022-05-22
Turubah,Saudiarabia,28279,2022-05-22
'Umluj,Saudiarabia,46229,2022-05-22
'Unaīzah [ Unaizah ],Saudiarabia,183319,2022-05-22
Wādī ad-Dawāsir,Saudiarabia,77433,2022-05-22
Yanbu' al-Baḥr [ Yanbu ],Saudiarabia,331916,2022-05-22
Ẓahrān al-Janūb,Saudiarabia,24134,2022-05-22
Ādaži,Latvia,7580,2025-01-01
Ainaži,Latvia,650,2025-01-01
Aizkraukle,Latvia,6689,2025-01-01
Aizpute,Latvia,3820,2025-01-01
Aknīste,Latvia,931,2025-01-01
Aloja,Latvia,1046,2025-01-01
Alūksne,Latvia,6188,2025-01-01
Ape,Latvia,773,2025-01-01
Auce,Latvia,2154,2025-01-01
Baldone,Latvia,3684,2025-01-01
Baloži,Latvia,6739,2025-01-01
Balvi,Latvia,5546,2025-01-01
Bauska,Latvia,9701,2025-01-01
Brocēni,Latvia,2922,2025-01-01
Cēsis,Latvia,15020,2025-01-01
Cesvaine,Latvia,1197,2025-01-01
Dagda,Latvia,1773,2025-01-01
Daugavpils,Latvia,78112,2025-01-01
Dobele,Latvia,8536,2025-01-01
Durbe,Latvia,480,2025-01-01
Grobiņa,Latvia,3674,2025-01-01
Gulbene,Latvia,6722,2025-01-01
Iecava,Latvia,5298,2025-01-01
Ikšķile,Latvia,7448,2025-01-01
Ilūkste,Latvia,2036,2025-01-01
Jaunjelgava,Latvia,1681,2025-01-01
Jēkabpils,Latvia,21014,2025-01-01
Jelgava,Latvia,54821,2025-01-01
Jūrmala,Latvia,51933,2025-01-01
Kandava,Latvia,3232,2025-01-01
Kārsava,Latvia,1837,2025-01-01
Ķegums,Latvia,2065,2025-01-01
Ķekava,Latvia,4942,2025-01-01
Koknese,Latvia,2377,2025-01-01
Krāslava,Latvia,6797,2025-01-01
Kuldīga,Latvia,9863,2025-01-01
Lielvārde,Latvia,5873,2025-01-01
Liepāja,Latvia,67398,2025-01-01
Līgatne,Latvia,1017,2025-01-01
Limbaži,Latvia,6516,2025-01-01
Līvāni,Latvia,6757,2025-01-01
Lubāna,Latvia,1418,2025-01-01
Ludza,Latvia,7162,2025-01-01
Madona,Latvia,6575,2025-01-01
Mārupe,Latvia,16790,2025-01-01
Mazsalaca,Latvia,1092,2025-01-01
Ogre,Latvia,22753,2025-01-01
Olaine,Latvia,9648,2025-01-01
Pāvilosta,Latvia,858,2025-01-01
Piltene,Latvia,823,2025-01-01
Pļaviņas,Latvia,2862,2025-01-01
Preiļi,Latvia,5767,2025-01-01
Priekule,Latvia,1841,2025-01-01
Rēzekne,Latvia,26425,2025-01-01
Rīga,Latvia,591882,2025-01-01
Rūjiena,Latvia,2633,2025-01-01
Sabile,Latvia,1353,2025-01-01
Salacgrīva,Latvia,2468,2025-01-01
Salaspils,Latvia,17863,2025-01-01
Saldus,Latvia,9686,2025-01-01
Saulkrasti,Latvia,3123,2025-01-01
Seda,Latvia,1101,2025-01-01
Sigulda,Latvia,14757,2025-01-01
Skrunda,Latvia,1736,2025-01-01
Smiltene,Latvia,5072,2025-01-01
Staicele,Latvia,745,2025-01-01
Stende,Latvia,1501,2025-01-01
Strenči,Latvia,968,2025-01-01
Subate,Latvia,523,2025-01-01
Talsi,Latvia,8673,2025-01-01
Tukums,Latvia,16180,2025-01-01
Valdemārpils,Latvia,1147,2025-01-01
Valka,Latvia,4615,2025-01-01
Valmiera,Latvia,22811,2025-01-01
Vangaži,Latvia,3168,2025-01-01
Varakļāni,Latvia,1619,2025-01-01
Ventspils,Latvia,32719,2025-01-01
Viesīte,Latvia,1473,2025-01-01
Viļaka,Latvia,1139,2025-01-01
Viļāni,Latvia,2696,2025-01-01
Zilupe,Latvia,1232,2025-01-01
Akmenė,Lithuania,2217,2026-01-01
Alytus,Lithuania,49952,2026-01-01
Anykščiai,Lithuania,8226,2026-01-01
Ariogala,Lithuania,2507,2026-01-01
Baltoji Vokė,Lithuania,987,2026-01-01
Birštonas,Lithuania,2969,2026-01-01
Biržai,Lithuania,9867,2026-01-01
Daugai,Lithuania,870,2026-01-01
Druskininkai,Lithuania,12787,2026-01-01
Dūkštas,Lithuania,630,2026-01-01
Dusetos,Lithuania,441,2026-01-01
Eišiškės,Lithuania,2955,2026-01-01
Elektrėnai,Lithuania,12136,2026-01-01
Ežerėlis,Lithuania,1563,2026-01-01
Gargždai,Lithuania,15553,2026-01-01
Garliava,Lithuania,9768,2026-01-01
Gelgaudiškis,Lithuania,1474,2026-01-01
Grigiškės,Lithuania,9713,2026-01-01
Ignalina,Lithuania,4581,2026-01-01
Jieznas,Lithuania,987,2026-01-01
Jonava,Lithuania,26341,2026-01-01
Joniškėlis,Lithuania,927,2026-01-01
Joniškis,Lithuania,8249,2026-01-01
Jurbarkas,Lithuania,11236,2026-01-01
Kaišiadorys,Lithuania,8347,2026-01-01
Kalvarija,Lithuania,3822,2026-01-01
Kaunas,Lithuania,302874,2026-01-01
Kavarskas,Lithuania,465,2026-01-01
Kazlų Rūda,Lithuania,5413,2026-01-01
Kėdainiai,Lithuania,23321,2026-01-01
Kelmė,Lithuania,7109,2026-01-01
Klaipėda,Lithuania,160082,2026-01-01
Kretinga,Lithuania,16952,2026-01-01
Kudirkos Naumiestis,Lithuania,1275,2026-01-01
Kupiškis,Lithuania,5859,2026-01-01
Kuršėnai,Lithuania,10365,2026-01-01
Kybartai,Lithuania,3869,2026-01-01
Lazdijai,Lithuania,3698,2026-01-01
Lentvaris,Lithuania,9373,2026-01-01
Linkuva,Lithuania,1179,2026-01-01
Marijampolė ( Kapsukas ),Lithuania,35681,2026-01-01
Mažeikiai,Lithuania,32838,2026-01-01
Molėtai,Lithuania,5464,2026-01-01
Naujoji Akmenė,Lithuania,8008,2026-01-01
Nemenčinė,Lithuania,4379,2026-01-01
Neringa,Lithuania,4566,2026-01-01
Obeliai,Lithuania,734,2026-01-01
Pabradė,Lithuania,4507,2026-01-01
Pagėgiai,Lithuania,1511,2026-01-01
Pakruojis,Lithuania,4349,2026-01-01
Palanga,Lithuania,19198,2026-01-01
Pandėlys,Lithuania,641,2026-01-01
Panemunė,Lithuania,210,2026-01-01
Panevėžys,Lithuania,84392,2026-01-01
Pasvalys,Lithuania,6205,2026-01-01
Plungė,Lithuania,16722,2026-01-01
Priekulė,Lithuania,1144,2026-01-01
Prienai,Lithuania,8692,2026-01-01
Radviliškis,Lithuania,15250,2026-01-01
Ramygala,Lithuania,1133,2026-01-01
Raseiniai,Lithuania,9348,2026-01-01
Rietavas,Lithuania,3109,2026-01-01
Rokiškis,Lithuania,11103,2026-01-01
Rūdiškės,Lithuania,1851,2026-01-01
Šakiai,Lithuania,5184,2026-01-01
Salantai,Lithuania,1147,2026-01-01
Šalčininkai,Lithuania,7357,2026-01-01
Seda,Lithuania,796,2026-01-01
Šeduva,Lithuania,2300,2026-01-01
Šiauliai,Lithuania,111018,2026-01-01
Šilalė,Lithuania,4487,2026-01-01
Šilutė,Lithuania,15828,2026-01-01
Simnas,Lithuania,1117,2026-01-01
Širvintos,Lithuania,5472,2026-01-01
Skaudvilė,Lithuania,1321,2026-01-01
Skuodas,Lithuania,5076,2026-01-01
Smalininkai,Lithuania,917,2026-01-01
Subačius,Lithuania,840,2026-01-01
Švenčionėliai,Lithuania,4300,2026-01-01
Švenčionys,Lithuania,4159,2026-01-01
Tauragė,Lithuania,21463,2026-01-01
Telšiai,Lithuania,21454,2026-01-01
Trakai,Lithuania,5659,2026-01-01
Troškūnai,Lithuania,359,2026-01-01
Tytuvėnai,Lithuania,1708,2026-01-01
Ukmergė,Lithuania,21543,2026-01-01
Utena,Lithuania,25415,2026-01-01
Užventis,Lithuania,567,2026-01-01
Vabalninkas,Lithuania,775,2026-01-01
Varėna,Lithuania,7554,2026-01-01
Varniai,Lithuania,826,2026-01-01
Veisiejai,Lithuania,999,2026-01-01
Venta,Lithuania,2151,2026-01-01
Viekšniai,Lithuania,2066,2026-01-01
Vievis,Lithuania,4113,2026-01-01
Vilkaviškis,Lithuania,9955,2026-01-01
Vilkija,Lithuania,1646,2026-01-01
Vilnius,Lithuania,607842,2026-01-01
Virbalis,Lithuania,844,2026-01-01
Visaginas ( Sniečkus ),Lithuania,18815,2026-01-01
Žagarė,Lithuania,1184,2026-01-01
Zarasai,Lithuania,5579,2026-01-01
Žiežmariai,Lithuania,2896,2026-01-01
Abū Ghīlān,Libya,6449,2006-04-15
Abū Zayyān,Libya,11699,2006-04-15
Adirī,Libya,3834,2006-04-15
Ajdābiyā,Libya,107564,2006-04-15
Al-Abriq [ Labraq ],Libya,6756,2006-04-15
Al-Abyār,Libya,23681,2006-04-15
Al-'Ajaylāt,Libya,77198,2006-04-15
Al-Akhyār,Libya,16708,2006-04-15
Al-'Alūaṣ,Libya,13977,2006-04-15
Al-Aṣābi'ah,Libya,22622,2006-04-15
Al-'Awaynāt,Libya,3168,2006-04-15
Al-'Azīziyah,Libya,42777,2006-04-15
Al-Bardī [ Bardia ],Libya,4716,2006-04-15
Al-Bayḍā' [ Bayda ],Libya,105659,2006-04-15
Al-Bayyāḍah,Libya,5538,2006-04-15
Al-Birkat,Libya,8088,2006-04-15
Al-Buraīqah [ Brega ],Libya,25550,2006-04-15
Al-Gharayfah ( incl. Al-Q'īrāt ),Libya,19141,2006-04-15
Al-Ḥarshah,Libya,66216,2006-04-15
Al-Ḥawāmid,Libya,3721,2006-04-15
Al-Jawf ( incl. Al-Kufrah ),Libya,34349,2006-04-15
Al-Jumayl,Libya,51974,2006-04-15
Al-Khaḍrā',Libya,7772,2006-04-15
Al-Khums,Libya,126348,2006-04-15
Al-Marj,Libya,62595,2006-04-15
Al-Māyah,Libya,11594,2006-04-15
Al-Mukhīlī [ Mechili ],Libya,1764,2006-04-15
Al-Qarābūllī [ Castelverde ],Libya,40496,2006-04-15
Al-Qaṭrūn,Libya,5913,2006-04-15
Al-Qawāsim,Libya,12354,2006-04-15
Al-Qubbah [ El Gubba ],Libya,19191,2006-04-15
An-Nāṣiriyah,Libya,16887,2006-04-15
Aqār,Libya,3945,2006-04-15
Ar-Raḥaībāt,Libya,9989,2006-04-15
Ar-Rajbān,Libya,5240,2006-04-15
Ar-Rīyāynah,Libya,12270,2006-04-15
As-Sawānī [ Suani Ben Adem ],Libya,46585,2006-04-15
Awbārī [ Ubari ],Libya,27402,2006-04-15
'Awjilah,Libya,4184,2006-04-15
Az-Zahrā',Libya,20966,2006-04-15
Az-Zāwiyah [ Zawiya ],Libya,141653,2006-04-15
Az-Zintān,Libya,26187,2006-04-15
Badr,Libya,3100,2006-04-15
Banghāzī [ Benghazi ],Libya,618325,2006-04-15
Banī Walīd,Libya,37332,2006-04-15
Bin Jawad ( incl. As-Sidrah ),Libya,12660,2006-04-15
Bint Bayah,Libya,5091,2006-04-15
Birāk [ Brak ],Libya,13224,2006-04-15
B'īr al-Ghanam,Libya,3414,2006-04-15
Brqin [ Brguen ],Libya,4818,2006-04-15
Daraj,Libya,4940,2006-04-15
Darnah [ Derna ],Libya,83735,2006-04-15
Daryānah [ Deriana ],Libya,6170,2006-04-15
Ghadāmis ( incl. Afūghās ) [ Ghadames ],Libya,9874,2006-04-15
Gharyān,Libya,29476,2006-04-15
Ghāt,Libya,11943,2006-04-15
Hūn,Libya,19943,2006-04-15
Jādū,Libya,10210,2006-04-15
Jālū,Libya,10939,2006-04-15
Janzūr,Libya,126025,2006-04-15
Jardas al-'Abīd,Libya,5505,2006-04-15
Kabāw,Libya,6274,2006-04-15
Kambūt,Libya,5692,2006-04-15
Kiklah,Libya,9613,2006-04-15
Martūbah,Libya,7638,2006-04-15
Marzūq [ Murzuk ],Libya,24890,2006-04-15
Massah,Libya,6393,2006-04-15
Miṣrātah [ Misrata ],Libya,290316,2006-04-15
Mizdah,Libya,13661,2006-04-15
Msalātah,Libya,60329,2006-04-15
Nālūt,Libya,23208,2006-04-15
Qamīnis,Libya,7092,2006-04-15
Qandūlah,Libya,6335,2006-04-15
Qarqūzah,Libya,14163,2006-04-15
Qaṣr Bin Ghashīr [ Ben Gashir ],Libya,81685,2006-04-15
Qaṣr Lībyā,Libya,4878,2006-04-15
Qīrah,Libya,5712,2006-04-15
Qirnādah [ Ghirnada ],Libya,3434,2006-04-15
Riqdālīn [ Regdalin ],Libya,25801,2006-04-15
Sabhā [ Sebha ],Libya,121895,2006-04-15
Ṣabrātah,Libya,68077,2006-04-15
Samnū,Libya,3667,2006-04-15
Shaḥḥāt,Libya,23841,2006-04-15
Sīdī aṣ-Ṣīd,Libya,8017,2006-04-15
Sīnāwin,Libya,3314,2006-04-15
Sūknah [ Sokna ],Libya,9859,2006-04-15
Sulṭān,Libya,2998,2006-04-15
Sulūq,Libya,16259,2006-04-15
Ṣurmān [ Sorman ],Libya,62947,2006-04-15
Surt [ Sirte ],Libya,87102,2006-04-15
Sūsah,Libya,5947,2006-04-15
Tāmzāwah,Libya,6049,2006-04-15
Ṭarābulus [ Tripoli ],Libya,1063571,2006-04-15
Tarhūnah,Libya,42790,2006-04-15
Tāzirbū,Libya,6600,2006-04-15
Tījī,Libya,5637,2006-04-15
Trāghan,Libya,6667,2006-04-15
Ṭubruq [ Tobruk ],Libya,115503,2006-04-15
Tūkrah [ Tocra ],Libya,10280,2006-04-15
'Umar al-Mukhtār,Libya,6556,2006-04-15
Umm al-Aranib,Libya,8566,2006-04-15
Umm ar-Rizam,Libya,7136,2006-04-15
Umm Sā'ad [ Musaid ],Libya,7032,2006-04-15
Waddān,Libya,8286,2006-04-15
Wādī 'Utbah,Libya,13670,2006-04-15
Wardāmah,Libya,9027,2006-04-15
Wāzin,Libya,3849,2006-04-15
Yafran,Libya,18514,2006-04-15
Zalṭan,Libya,11535,2006-04-15
Zawīlah,Libya,3620,2006-04-15
Zillah [ Zella ],Libya,8188,2006-04-15
Zlīṭan [ Zliten ],Libya,166350,2006-04-15
Zuwārah,Libya,27662,2006-04-15
Acapulco ( Acapulco de Juárez ),Mexico,658609,2020-03-15
Aguascalientes,Mexico,863893,2020-03-15
Apatzingán de la Constitución,Mexico,102362,2020-03-15
Buenavista,Mexico,216776,2020-03-15
Cabo San Lucas,Mexico,202694,2020-03-15
Campeche ( San Francisco de Campeche ),Mexico,249623,2020-03-15
Cancún,Mexico,888797,2020-03-15
Celaya,Mexico,378143,2020-03-15
Chalco de Díaz Covarrubias,Mexico,174704,2020-03-15
Chetumal ( Othón P. Blanco ),Mexico,169028,2020-03-15
Chicoloapan de Juárez,Mexico,193532,2020-03-15
Chihuahua,Mexico,925762,2020-03-15
Chilpancingo de los Bravo,Mexico,225728,2020-03-15
Chimalhuacán,Mexico,703215,2020-03-15
Cholula de Rivadavia,Mexico,102260,2020-03-15
Ciudad Acuña,Mexico,160225,2020-03-15
Ciudad Apodaca,Mexico,536436,2020-03-15
Ciudad Benito Juárez,Mexico,308285,2020-03-15
Ciudad del Carmen,Mexico,191238,2020-03-15
Ciudad de México [ Mexico City ],Mexico,8843706,2020-03-15
Ciudad Guzmán,Mexico,111975,2020-03-15
Ciudad Juárez ( Juárez ),Mexico,1501551,2020-03-15
Ciudad López Mateos,Mexico,523065,2020-03-15
Ciudad Madero,Mexico,205933,2020-03-15
Ciudad Nicolás Romero,Mexico,323545,2020-03-15
Ciudad Obregón ( Cajeme ),Mexico,329404,2020-03-15
Ciudad Santa Catarina,Mexico,304052,2020-03-15
Ciudad Valles,Mexico,136351,2020-03-15
Ciudad Victoria,Mexico,332100,2020-03-15
Coatzacoalcos,Mexico,212540,2020-03-15
Colima,Mexico,146965,2020-03-15
Comitán de Domínguez,Mexico,113479,2020-03-15
Córdoba,Mexico,139075,2020-03-15
Cuauhtémoc,Mexico,135586,2020-03-15
Cuautitlán,Mexico,117995,2020-03-15
Cuautitlán Izcalli,Mexico,515353,2020-03-15
Cuautla de Morelos,Mexico,157336,2020-03-15
Cuernavaca,Mexico,341029,2020-03-15
Culiacán ( Culiacán Rosales ),Mexico,808416,2020-03-15
Delicias,Mexico,128548,2020-03-15
Durango ( Victoria de Durango ),Mexico,616068,2020-03-15
Ecatepec de Morelos,Mexico,1643623,2020-03-15
El Pueblito,Mexico,115264,2020-03-15
Ensenada,Mexico,330652,2020-03-15
Fresnillo,Mexico,143281,2020-03-15
García ( Villa de García ),Mexico,234698,2020-03-15
General Escobedo ( Ciudad General Escobedo ),Mexico,454967,2020-03-15
Gómez Palacio,Mexico,301742,2020-03-15
Guadalajara,Mexico,1385621,2020-03-15
Guadalupe,Mexico,635862,2020-03-15
Guadalupe,Mexico,170029,2020-03-15
Guaymas ( Heroica Guaymas ),Mexico,117253,2020-03-15
Hacienda Santa Fe,Mexico,139174,2020-03-15
Hermosillo,Mexico,855563,2020-03-15
Hidalgo del Parral,Mexico,113843,2020-03-15
Iguala de la Independencia,Mexico,132854,2020-03-15
Irapuato,Mexico,452090,2020-03-15
Ixtapaluca,Mexico,368585,2020-03-15
Jiutepec,Mexico,174629,2020-03-15
Kanasín,Mexico,139753,2020-03-15
Lagos de Moreno,Mexico,111569,2020-03-15
La Paz,Mexico,250141,2020-03-15
León ( León de los Aldama ),Mexico,1579803,2020-03-15
Los Mochis ( Ahome ),Mexico,298009,2020-03-15
Manzanillo,Mexico,159853,2020-03-15
Matamoros ( Heroica Matamoros ),Mexico,510739,2020-03-15
Mazatlán,Mexico,441975,2020-03-15
Mérida,Mexico,921771,2020-03-15
Mexicali,Mexico,854186,2020-03-15
Minatitlán,Mexico,149162,2020-03-15
Miramar,Mexico,161820,2020-03-15
Monclova,Mexico,237169,2020-03-15
Monterrey,Mexico,1142952,2020-03-15
Morelia,Mexico,743275,2020-03-15
Naucalpan de Juárez,Mexico,911168,2020-03-15
Navojoa,Mexico,120926,2020-03-15
Nezahualcóyotl ( Ciudad Nezahualcóyotl ),Mexico,1072676,2020-03-15
Nogales ( Heroica Nogales ),Mexico,261137,2020-03-15
Nuevo Laredo,Mexico,416055,2020-03-15
Oaxaca de Juárez,Mexico,258913,2020-03-15
Ojo de Agua,Mexico,386290,2020-03-15
Orizaba,Mexico,120500,2020-03-15
Pachuca de Soto,Mexico,297848,2020-03-15
Piedras Negras,Mexico,173959,2020-03-15
Playa del Carmen,Mexico,304942,2020-03-15
Poza Rica de Hidalgo,Mexico,180057,2020-03-15
Puebla ( Heróica Puebla de Zaragoza ),Mexico,1542232,2020-03-15
Puerto Vallarta,Mexico,224166,2020-03-15
Querétaro ( Santiago de Querétaro ),Mexico,794789,2020-03-15
Ramos Arizpe,Mexico,114010,2020-03-15
Reynosa,Mexico,691557,2020-03-15
Río Bravo ( Ciudad Río Bravo ),Mexico,111314,2020-03-15
Rosarito ( Playas de Rosarito ),Mexico,100660,2020-03-15
Salamanca,Mexico,160682,2020-03-15
Saltillo,Mexico,864431,2020-03-15
San Cristóbal de las Casas,Mexico,183509,2020-03-15
San Francisco Coacalco ( Coacalco de Berriozábal ),Mexico,293245,2020-03-15
San José del Cabo,Mexico,136285,2020-03-15
San Juan Bautista Tuxtepec,Mexico,103609,2020-03-15
San Juan del Río,Mexico,177719,2020-03-15
San Luis Potosí,Mexico,845941,2020-03-15
San Luis Río Colorado,Mexico,176685,2020-03-15
San Nicolás de los Garza,Mexico,412199,2020-03-15
San Pablo de las Salinas,Mexico,157998,2020-03-15
San Pedro Garza García,Mexico,132128,2020-03-15
Soledad de Graciano Sánchez,Mexico,310192,2020-03-15
Tampico,Mexico,297373,2020-03-15
Tapachula de Córdova y Ordóñez,Mexico,217550,2020-03-15
Tehuacán,Mexico,293825,2020-03-15
Temixco,Mexico,104461,2020-03-15
Tepexpan,Mexico,120778,2020-03-15
Tepic,Mexico,371387,2020-03-15
Tijuana,Mexico,1810645,2020-03-15
Tlalnepantla,Mexico,658907,2020-03-15
Tlaquepaque,Mexico,650123,2020-03-15
Toluca ( Toluca de Lerdo ),Mexico,223876,2020-03-15
Tonalá,Mexico,442440,2020-03-15
Torreón,Mexico,690193,2020-03-15
Tulancingo de Bravo,Mexico,106163,2020-03-15
Tuxtla Gutiérrez,Mexico,578830,2020-03-15
Uruapan del Progreso,Mexico,299523,2020-03-15
Veracruz,Mexico,537963,2020-03-15
Villa de Álvarez ( Ciudad de Villa de Álvarez ),Mexico,147496,2020-03-15
Villahermosa,Mexico,340060,2020-03-15
Xalapa-Enríquez ( Jalapa ),Mexico,443063,2020-03-15
Xico ( Valle de Chalco ),Mexico,384327,2020-03-15
Zacatecas,Mexico,138444,2020-03-15
Zamora de Hidalgo,Mexico,154546,2020-03-15
Zapopan,Mexico,1257547,2020-03-15
Anenii Noi,Moldova,6610,2024-04-08
Bălți ( Bel'cy ),Moldova,90954,2024-04-08
Basarabeasca,Moldova,6291,2024-04-08
Biruința,Moldova,2203,2024-04-08
Briceni,Moldova,5785,2024-04-08
Bucovăț,Moldova,807,2024-04-08
Cahul,Moldova,21326,2024-04-08
Căinari,Moldova,1993,2024-04-08
Călărași,Moldova,9413,2024-04-08
Camenca ( Kamenka ),Moldova,8871,2014-05-12
Cantemir,Moldova,2655,2024-04-08
Căușeni,Moldova,13458,2024-04-08
Ceadîr-Lunga,Moldova,14285,2024-04-08
Chișinău ( Kišin'ov ),Moldova,567038,2024-04-08
Cimișlia,Moldova,7918,2024-04-08
Codru,Moldova,18310,2024-04-08
Comrat,Moldova,19120,2024-04-08
Cornești,Moldova,1390,2024-04-08
Costești,Moldova,1495,2024-04-08
Crasnoe ( Krasnoe ),Moldova,2610,2014-05-12
Cricova,Moldova,9536,2024-04-08
Criuleni,Moldova,5044,2024-04-08
Cupcini,Moldova,4517,2024-04-08
Dnestrovsk ( Dnestrovsc ),Moldova,10436,2014-05-12
Dondușeni,Moldova,5987,2024-04-08
Drochia,Moldova,12939,2024-04-08
Dubăsari ( Dubossary ),Moldova,25060,2014-05-12
Durlești,Moldova,26308,2024-04-08
Edineț,Moldova,11290,2024-04-08
Fălești,Moldova,11328,2024-04-08
Florești,Moldova,10925,2024-04-08
Frunză,Moldova,581,2024-04-08
Ghindești,Moldova,1251,2024-04-08
Glodeni,Moldova,7075,2024-04-08
Grigoriopol ( Grigoriopol' ),Moldova,9381,2014-05-12
Hîncești,Moldova,11391,2024-04-08
Ialoveni,Moldova,14665,2024-04-08
Iargara,Moldova,2498,2024-04-08
Leova,Moldova,6394,2024-04-08
Lipcani,Moldova,3569,2024-04-08
Maiac ( Majak ),Moldova,1060,2014-05-12
Mărculești,Moldova,1049,2024-04-08
Nisporeni,Moldova,9140,2024-04-08
Ocnița,Moldova,5187,2024-04-08
Orhei,Moldova,22183,2024-04-08
Otaci,Moldova,3598,2024-04-08
Pervomaisc ( Pervomajsk ),Moldova,3553,2014-05-12
Rezina,Moldova,7586,2024-04-08
Rîbnița ( Rybnica ),Moldova,47949,2014-05-12
Rîșcani,Moldova,8054,2024-04-08
Sîngera,Moldova,8303,2024-04-08
Sîngerei,Moldova,9550,2024-04-08
Slobozia ( Slobodzeja ),Moldova,14618,2014-05-12
Șoldănești,Moldova,4797,2024-04-08
Soroca,Moldova,21135,2024-04-08
Ștefan Vodă,Moldova,5436,2024-04-08
Strășeni,Moldova,13915,2024-04-08
Taraclia,Moldova,10021,2024-04-08
Telenești,Moldova,4695,2024-04-08
Tighina ( Bendery ),Moldova,87000,2024-04-08
Tiraspol ( Tiraspol' ),Moldova,130000,2024-04-08
Tvardița,Moldova,3503,2024-04-08
Ungheni,Moldova,26457,2024-04-08
Vadul lui Vodă,Moldova,3864,2024-04-08
Vatra,Moldova,3391,2024-04-08
Vulcănești,Moldova,10754,2024-04-08
Altaj [ Altai ],Mongolia,17514,2021-12-31
Arvajchėėr [ Arvaikheer ],Mongolia,34605,2021-12-31
Bagachangaj [ Bagakhangai ],Mongolia,4459,2021-12-31
Baganuur,Mongolia,29433,2021-12-31
Bajanchongor [ Bayankhongor ],Mongolia,32454,2021-12-31
Bajantooroi [ Bayantooroi ],Mongolia,781,2021-12-31
Baruun-Urt,Mongolia,19827,2021-12-31
Bėrch [ Berkh ],Mongolia,2377,2021-12-31
Bugant,Mongolia,3258,2021-12-31
Bulgan,Mongolia,12810,2021-12-31
Cagaannuur [ Tsagaannuur ],Mongolia,1663,2021-12-31
Cėcėrlėg [ Tsetserleg ],Mongolia,20881,2021-12-31
Chatgal [ Khatgal ],Mongolia,3723,2021-12-31
Chėrlėnbajan-Ulaan [ Kherlenbayan-Ulaan ],Mongolia,527,2021-12-31
Chjalganat [ Khyalganat ],Mongolia,2975,2021-12-31
Chovd [ Khovd ],Mongolia,31980,2021-12-31
Čojbalsan [ Choibalsan ],Mongolia,47153,2021-12-31
Čojr [ Choir ],Mongolia,10831,2021-12-31
Dalanzadgad,Mongolia,28854,2021-12-31
Darchan [ Darkhan ],Mongolia,84429,2021-12-31
Dulaanchaan [ Dulaankhaan ],Mongolia,1802,2021-12-31
Ėrdėnėt [ Erdenet ],Mongolia,102141,2021-12-31
Gurvanbajan [ Gurvanbayan ],Mongolia,968,2021-12-31
Guulin,Mongolia,722,2021-12-31
Mandalgov' [ Mandalgovi ],Mongolia,13043,2021-12-31
Mörön,Mongolia,42423,2021-12-31
Nalajch [ Nalaikh ],Mongolia,38929,2021-12-31
Nomgon,Mongolia,1987,2021-12-31
Ölgij [ Ölgii ],Mongolia,39711,2021-12-31
Öndörchaan [ Öndörkhaan ],Mongolia,24115,2021-12-31
Orchontuul [ Orkhontuul ],Mongolia,1857,2021-12-31
Sajnšand [ Sainshand ],Mongolia,27405,2021-12-31
Süchbaatar [ Sükhbaatar ],Mongolia,22412,2021-12-31
Ulaanbaatar [ Ulan Bator ],Mongolia,1466431,2021-12-31
Ulaangom,Mongolia,31354,2021-12-31
Uliastaj [ Uliastai ],Mongolia,16580,2021-12-31
Zamyn-Üüd,Mongolia,18995,2021-12-31
Züüncharaa [ Züünkharaa ],Mongolia,6049,2021-12-31
Zuunmod,Mongolia,17313,2021-12-31
Agadir,Morocco,504768,2024-09-01
Agouraï,Morocco,19158,2024-09-01
Ahfir,Morocco,16310,2024-09-01
Aïn Attig,Morocco,73985,2024-09-01
Aïn El Aouda,Morocco,98502,2024-09-01
Aïn Harrouda,Morocco,60804,2024-09-01
Aïn Taoujdate,Morocco,33055,2024-09-01
Aït Amira,Morocco,78163,2024-09-01
Aït Melloul,Morocco,210870,2024-09-01
Aït Ourir,Morocco,56954,2024-09-01
Al Aâroui,Morocco,46540,2024-09-01
Al Hoceïma,Morocco,50225,2024-09-01
Ameur,Morocco,23971,2024-09-01
Aoulouz,Morocco,21502,2024-09-01
Aourir,Morocco,44406,2024-09-01
Arfoud,Morocco,28912,2024-09-01
Assilah,Morocco,36039,2024-09-01
Azemmour,Morocco,42098,2024-09-01
Azilal,Morocco,48138,2024-09-01
Azrou,Morocco,57657,2024-09-01
Bejaâd,Morocco,47209,2024-09-01
Ben Ahmed,Morocco,33469,2024-09-01
Ben Guerir,Morocco,114872,2024-09-01
Beni Bouayach,Morocco,20013,2024-09-01
Beni Ensar ( incl. Farkhana ),Morocco,50508,2024-09-01
Béni Mellal,Morocco,209594,2024-09-01
Benslimane,Morocco,67317,2024-09-01
Berkane ( incl. Bouhdila ),Morocco,99069,2024-09-01
Berrechid,Morocco,168687,2024-09-01
Biougra,Morocco,50626,2024-09-01
Bni Yakhlef,Morocco,89531,2024-09-01
Bouarfa,Morocco,30068,2024-09-01
Bouizakarne,Morocco,18036,2024-09-01
Boumia,Morocco,19433,2024-09-01
Bouskoura ( incl. Lamkanssa ),Morocco,200359,2024-09-01
Bouznika,Morocco,55722,2024-09-01
Casablanca ( Dar El Beida ),Morocco,3218036,2024-09-01
Chefchaouen,Morocco,46168,2024-09-01
Chichaoua,Morocco,38452,2024-09-01
Dar Bouazza,Morocco,302970,2024-09-01
Dcheira El Jihadia,Morocco,113041,2024-09-01
Demnate,Morocco,33635,2024-09-01
Deroua,Morocco,96619,2024-09-01
Drargua,Morocco,78830,2024-09-01
Ech-Challalate,Morocco,52622,2024-09-01
Echemmaia,Morocco,26547,2024-09-01
El Aïoun Sidi Mellouk,Morocco,40652,2024-09-01
El Borouj,Morocco,19438,2024-09-01
El Gara,Morocco,20467,2024-09-01
El Hajeb,Morocco,41359,2024-09-01
El Jadida,Morocco,237464,2024-09-01
El Kelaâ des Sraghna,Morocco,106418,2024-09-01
El Ksiba,Morocco,19964,2024-09-01
El Mansouria,Morocco,29139,2024-09-01
Errachidia,Morocco,97687,2024-09-01
Er-Rich,Morocco,28462,2024-09-01
Essaouira,Morocco,82962,2024-09-01
Fès ( incl. Méchouar Fès Jdid ) [ Fes ],Morocco,1182963,2024-09-01
Fkih Ben Salah,Morocco,97380,2024-09-01
Fnideq,Morocco,77250,2024-09-01
Guelmim,Morocco,126729,2024-09-01
Guercif,Morocco,80703,2024-09-01
Gueznaia,Morocco,88676,2024-09-01
Had Soualem,Morocco,74762,2024-09-01
Harhoura,Morocco,20950,2024-09-01
Imintanoute,Morocco,25049,2024-09-01
Imouzzer Kandar,Morocco,21943,2024-09-01
Imzouren,Morocco,34848,2024-09-01
Inezgane,Morocco,137512,2024-09-01
Jerada,Morocco,41014,2024-09-01
Jorf El Melha,Morocco,31976,2024-09-01
Karia Ba Mohamed,Morocco,20859,2024-09-01
Kasba Tadla,Morocco,48172,2024-09-01
Kénitra,Morocco,507736,2024-09-01
Khémisset,Morocco,125834,2024-09-01
Khénifra ( incl. Amalou Ighriben ),Morocco,123738,2024-09-01
Khouribga,Morocco,195931,2024-09-01
Ksar El Kébir,Morocco,124701,2024-09-01
Laâttaouia,Morocco,38405,2024-09-01
Lahraouyine,Morocco,87977,2024-09-01
Lalla Mimouna,Morocco,19644,2024-09-01
Larache,Morocco,133731,2024-09-01
Lbir Jdid,Morocco,30247,2024-09-01
Lqliâa,Morocco,107133,2024-09-01
Marrakech ( incl. Méchouar Kasba ) [ Marrakesh ],Morocco,1014813,2024-09-01
Martil,Morocco,95896,2024-09-01
M'Diq,Morocco,67599,2024-09-01
Mechra Bel Ksiri,Morocco,32615,2024-09-01
Médiouna,Morocco,29972,2024-09-01
Mehdia,Morocco,58558,2024-09-01
Meknès ( incl. Al Machouar - Stinia ),Morocco,556512,2024-09-01
Mers El Kheir,Morocco,23301,2024-09-01
Midelt,Morocco,62648,2024-09-01
Missour,Morocco,28408,2024-09-01
Mohammédia,Morocco,194358,2024-09-01
Moulay Abdellah,Morocco,17438,2024-09-01
Moulay Ali Cherif ( Rissani ),Morocco,22082,2024-09-01
M'Rirt,Morocco,46285,2024-09-01
Nador ( incl. Touima ),Morocco,158202,2024-09-01
Nouaceur,Morocco,36326,2024-09-01
Ouarzazate,Morocco,79218,2024-09-01
Oued Zem,Morocco,93776,2024-09-01
Ouezzane,Morocco,57737,2024-09-01
Ouislane,Morocco,112180,2024-09-01
Oujda,Morocco,506224,2024-09-01
Oulad Ayad,Morocco,24564,2024-09-01
Oulad Belaaguid ( in: Ouahat Sidi Brahim commune ),Morocco,19256,2024-09-01
Oulad Berhil,Morocco,30330,2024-09-01
Oulad Tayeb,Morocco,44614,2024-09-01
Oulad Teïma,Morocco,100284,2024-09-01
Ourika,Morocco,24056,2024-09-01
Outat El Haj,Morocco,20673,2024-09-01
Rabat ( incl. Touarga ),Morocco,515619,2024-09-01
Ras El Mae ( in: Ain Chkef commune ),Morocco,37142,2024-09-01
Ribate El Kheir,Morocco,18469,2024-09-01
Sabaâ Aïyoun,Morocco,28736,2024-09-01
Safi,Morocco,323888,2024-09-01
Salé,Morocco,945101,2024-09-01
Sebt Gzoula,Morocco,24600,2024-09-01
Séfrou,Morocco,86903,2024-09-01
Selouane,Morocco,29628,2024-09-01
Settat,Morocco,171556,2024-09-01
Sidi Allal El Bahraoui,Morocco,29147,2024-09-01
Sidi Bennour,Morocco,56201,2024-09-01
Sidi Bouknadel,Morocco,43598,2024-09-01
Sidi Ifni,Morocco,22696,2024-09-01
Sidi Kacem,Morocco,75037,2024-09-01
Sidi Rahal Chatai,Morocco,34431,2024-09-01
Sidi Slimane,Morocco,95114,2024-09-01
Sidi Slimane Echcharaa,Morocco,31686,2024-09-01
Sidi Taïbi,Morocco,67255,2024-09-01
Sidi Yahya El Gharb,Morocco,39946,2024-09-01
Sid L'Mokhtar,Morocco,20860,2024-09-01
Skhirat,Morocco,122705,2024-09-01
Souk El Arbaa,Morocco,70894,2024-09-01
Souk Sebt Oulad Nemma,Morocco,60293,2024-09-01
Tabounte,Morocco,37465,2024-09-01
Tahla,Morocco,28612,2024-09-01
Tamallalt,Morocco,20528,2024-09-01
Tamensourt,Morocco,68285,2024-09-01
Tamesna,Morocco,86851,2024-09-01
Tanger ( incl. Boukhalef ) [ Tangier ],Morocco,1275428,2024-09-01
Tan-Tan,Morocco,76134,2024-09-01
Taounate,Morocco,39114,2024-09-01
Taourirt,Morocco,100402,2024-09-01
Taroudant,Morocco,83496,2024-09-01
Tata,Morocco,19544,2024-09-01
Taza,Morocco,150763,2024-09-01
Témara,Morocco,297098,2024-09-01
Temsia,Morocco,37128,2024-09-01
Tétouan,Morocco,422757,2024-09-01
Tiflet,Morocco,103850,2024-09-01
Tinghir,Morocco,44239,2024-09-01
Tit Mellil,Morocco,56019,2024-09-01
Tiznit,Morocco,86595,2024-09-01
Toulal,Morocco,26970,2024-09-01
Victoria ( in: Oulad Salah commune ),Morocco,33185,2024-09-01
Youssoufia,Morocco,65669,2024-09-01
Zagora,Morocco,42294,2024-09-01
Zaïo,Morocco,36766,2024-09-01
Zaouïat Cheikh,Morocco,25088,2024-09-01
Zeghanghane ( incl. Jaadar ),Morocco,31431,2024-09-01
Acoyapa,Nicaragua,10436,2023-06-30
Bluefields,Nicaragua,56421,2023-06-30
Boaco,Nicaragua,26398,2023-06-30
Bonanza,Nicaragua,15138,2023-06-30
Camoapa,Nicaragua,17523,2023-06-30
Chichigalpa,Nicaragua,44281,2023-06-30
Chinandega,Nicaragua,115687,2023-06-30
Ciudad Darío,Nicaragua,23526,2023-06-30
Ciudad Sandino,Nicaragua,130357,
Condega,Nicaragua,12188,2023-06-30
Corinto,Nicaragua,18650,2023-06-30
Diriamba,Nicaragua,44661,2023-06-30
Diriomo,Nicaragua,17309,2023-06-30
El Crucero,Nicaragua,10616,2023-06-30
El Cuá,Nicaragua,11731,2023-06-30
El Jícaro,Nicaragua,10440,2023-06-30
El Rama,Nicaragua,23939,2023-06-30
El Sauce,Nicaragua,11898,2023-06-30
El Tortuguero,Nicaragua,11601,2023-06-30
El Tuma - La Dalia,Nicaragua,13832,2023-06-30
El Viejo,Nicaragua,53382,2023-06-30
Estelí,Nicaragua,112132,2023-06-30
Granada,Nicaragua,106719,2023-06-30
Jalapa,Nicaragua,43757,2023-06-30
Jinotega,Nicaragua,57605,2023-06-30
Jinotepe,Nicaragua,40612,2023-06-30
Juigalpa,Nicaragua,54124,2023-06-30
La Concepción,Nicaragua,18990,2023-06-30
Laguna de Perlas [ Pearl Lagoon ],Nicaragua,11638,2023-06-30
La Paz Centro,Nicaragua,23834,2023-06-30
Larreynaga ( Malpaisillo ),Nicaragua,14933,2023-06-30
La Trinidad,Nicaragua,13087,2023-06-30
León,Nicaragua,177270,2023-06-30
Managua,Nicaragua,1055111,2023-06-30
Masatepe,Nicaragua,23365,2023-06-30
Masaya,Nicaragua,140721,2023-06-30
Matagalpa,Nicaragua,114120,2023-06-30
Mateare,Nicaragua,63771,2023-06-30
Matiguás,Nicaragua,16824,2023-06-30
Muelle de los Bueyes,Nicaragua,11291,2023-06-30
Mulukukú,Nicaragua,19109,2023-06-30
Nagarote,Nicaragua,26070,2023-06-30
Nandaime,Nicaragua,22027,2023-06-30
Nindirí,Nicaragua,30165,2023-06-30
Nueva Guinea,Nicaragua,40913,2023-06-30
Ocotal,Nicaragua,49538,2023-06-30
Puerto Cabezas ( Bilwi ),Nicaragua,86279,2023-06-30
Quilalí,Nicaragua,11500,2023-06-30
Río Blanco,Nicaragua,18457,2023-06-30
Rivas,Nicaragua,35968,2023-06-30
Rosita,Nicaragua,16590,2023-06-30
San Carlos,Nicaragua,17266,2023-06-30
San José de Bocay,Nicaragua,14813,2023-06-30
San Juan de Río Coco,Nicaragua,13120,2023-06-30
San Marcos,Nicaragua,22003,2023-06-30
San Rafael del Sur,Nicaragua,37965,2023-06-30
Santo Tomás,Nicaragua,14547,2023-06-30
Sébaco,Nicaragua,25849,2023-06-30
Siuna,Nicaragua,25014,2023-06-30
Somotillo,Nicaragua,20582,2023-06-30
Somoto,Nicaragua,21299,2023-06-30
Telica,Nicaragua,10175,2023-06-30
Ticuantepe,Nicaragua,18489,2023-06-30
Tipitapa,Nicaragua,150597,2023-06-30
Villa El Carmen,Nicaragua,12603,2023-06-30
Villanueva,Nicaragua,12651,2023-06-30
Waslala,Nicaragua,13166,2023-06-30
Waspám ( Waspán ),Nicaragua,14211,2023-06-30
Wiwilí de Jinotega,Nicaragua,15528,2023-06-30
Banepa,Nepal,67690,2021-11-25
Bhaktapur ( Bhadgaon ),Nepal,79136,2021-11-25
Bharatpur,Nepal,369268,2021-11-25
Bhimdatta,Nepal,122320,2021-11-25
Biratnagar ( Morang ),Nepal,243927,2021-11-25
Birendranagar,Nepal,153863,2021-11-25
Birgunj,Nepal,272382,2021-11-25
Birtamod,Nepal,116192,2021-11-25
Budhanilkantha,Nepal,177557,2021-11-25
Butwal,Nepal,194335,2021-11-25
Chandragiri,Nepal,136860,2021-11-25
Damak,Nepal,107227,2021-11-25
Dhangadhi,Nepal,198792,2021-11-25
Dharan,Nepal,166531,2021-11-25
Ghorahi ( incl. Tribhuvannagar ),Nepal,200530,2021-11-25
Godawari,Nepal,97633,2021-11-25
Gokarneshwar,Nepal,149366,2021-11-25
Gulariya,Nepal,74505,2021-11-25
Hetauda,Nepal,193576,2021-11-25
Inaruwa,Nepal,74914,2021-11-25
Itahari,Nepal,197241,2021-11-25
Janakpur ( Janakpurdham ),Nepal,194556,2021-11-25
Jitpur Simara,Nepal,127307,2021-11-25
Kageshwari Manohara,Nepal,130433,2021-11-25
Kalaiya,Nepal,136222,2021-11-25
Kathmandu,Nepal,862400,2021-11-25
Kawasoti,Nepal,86821,2021-11-25
Kirtipur,Nepal,81578,2021-11-25
Kohalpur,Nepal,101667,2021-11-25
Lahan,Nepal,102031,2021-11-25
Lalitpur ( Patan ),Nepal,294098,2021-11-25
Madhyapur Thimi,Nepal,119756,2021-11-25
Mahalaxmi,Nepal,123116,2021-11-25
Mechinagar ( Dhulabari-Kakarbhitta ),Nepal,133073,2021-11-25
Nagarjun,Nepal,115437,2021-11-25
Nepalganj,Nepal,164444,2021-11-25
Pokhara,Nepal,513504,2021-11-25
Rajbiraj,Nepal,70803,2021-11-25
Ratnanagar,Nepal,89905,2021-11-25
Siddharthanagar ( Bhairahawa ),Nepal,74436,2021-11-25
Siraha,Nepal,95410,2021-11-25
Sundarharaicha,Nepal,120213,2021-11-25
Suryabinayak,Nepal,140085,2021-11-25
Tarakeshwar,Nepal,151479,2021-11-25
Tikapur,Nepal,89835,2021-11-25
Tilottama,Nepal,149479,2021-11-25
Tokha,Nepal,133755,2021-11-25
Triyuga ( Gaighat ),Nepal,102725,2021-11-25
Tulsipur,Nepal,179755,2021-11-25
Alblasserdam,Netherlands,19225,2021-01-01
Alkmaar,Netherlands,103470,2021-01-01
Almelo,Netherlands,68015,2021-01-01
Almere,Netherlands,186690,2021-01-01
Almere-Haven,Netherlands,23455,2021-01-01
Alphen aan den Rijn,Netherlands,72780,2021-01-01
Amersfoort,Netherlands,155600,2021-01-01
Amsterdam,Netherlands,1136210,2021-01-01
Apeldoorn,Netherlands,144260,2021-01-01
Arnhem,Netherlands,113565,2021-01-01
Arnhem-Zuid,Netherlands,77110,2021-01-01
Assen,Netherlands,67500,2021-01-01
Baarn,Netherlands,23375,2021-01-01
Barendrecht,Netherlands,55520,2021-01-01
Barneveld,Netherlands,32810,2021-01-01
Bennekom,Netherlands,15090,2021-01-01
Bergen op Zoom  / Halsteren,Netherlands,63665,2021-01-01
Berkel  / Rodenrijs / Bergschenhoek ( Lansingerland ),Netherlands,48835,2021-01-01
Best,Netherlands,28755,2021-01-01
Beuningen  / Ewijk,Netherlands,20230,2021-01-01
Bilthoven / De Bilt,Netherlands,36730,2021-01-01
Bodegraven,Netherlands,17980,2021-01-01
Borne,Netherlands,21380,2021-01-01
Boxtel,Netherlands,23495,2021-01-01
Breda,Netherlands,154855,2021-01-01
Bunschoten / Spakenburg,Netherlands,20740,2021-01-01
Bussum,Netherlands,49105,2021-01-01
Castricum,Netherlands,22500,2021-01-01
Cuijk,Netherlands,18275,2021-01-01
Culemborg,Netherlands,28100,2021-01-01
Delfzijl,Netherlands,16815,2021-01-01
Den Helder,Netherlands,40970,2021-01-01
Deurne,Netherlands,21955,2021-01-01
Deventer,Netherlands,89640,2021-01-01
Dieren,Netherlands,14335,2021-01-01
Doetinchem,Netherlands,42285,2021-01-01
Dongen,Netherlands,22285,2021-01-01
Dordrecht,Netherlands,224440,2021-01-01
Drachten ( Smallingerland ),Netherlands,43945,2021-01-01
Driebergen-Rijsenburg,Netherlands,18280,2021-01-01
Dronten,Netherlands,26685,2021-01-01
Drunen,Netherlands,17960,2021-01-01
Duiven,Netherlands,21730,2021-01-01
Edam-Volendam,Netherlands,29265,2021-01-01
Ede,Netherlands,74155,2021-01-01
Eindhoven,Netherlands,320365,2021-01-01
Elst,Netherlands,21640,2021-01-01
Emmeloord,Netherlands,22695,2021-01-01
Emmen,Netherlands,52510,2021-01-01
Enkhuizen,Netherlands,18225,2021-01-01
Enschede,Netherlands,149315,2021-01-01
Ermelo,Netherlands,21865,2021-01-01
Etten-Leur,Netherlands,41680,2021-01-01
Geertruidenberg / Raamsdonksveer,Netherlands,19425,2021-01-01
Geldermalsen / Meteren,Netherlands,14785,2021-01-01
Gemert,Netherlands,15560,2021-01-01
Goes / Kloetinge,Netherlands,31830,2021-01-01
Gorinchem,Netherlands,36825,2021-01-01
Gouda,Netherlands,78585,2021-01-01
Groningen,Netherlands,218105,2021-01-01
Haaksbergen,Netherlands,18750,2021-01-01
Haarlem,Netherlands,208270,2021-01-01
Hardenberg,Netherlands,19345,2021-01-01
Harderwijk,Netherlands,34130,2021-01-01
Heerenveen ( It Hearrenfean ),Netherlands,31980,2021-01-01
Heerhugowaard / Scharwoude / Broek op Langedijk,Netherlands,75880,2021-01-01
Heerlen,Netherlands,170030,2021-01-01
Heiloo,Netherlands,22835,2021-01-01
Hellevoetsluis,Netherlands,36680,2021-01-01
Helmond,Netherlands,86815,2021-01-01
Hengelo,Netherlands,56070,2021-01-01
Hengelo-Noord,Netherlands,22560,2021-01-01
Hillegom / Beinsdorp,Netherlands,19420,2021-01-01
Hilversum,Netherlands,86645,2021-01-01
Hoofddorp ( Haarlemmermeer ),Netherlands,77465,2021-01-01
Hoogeveen,Netherlands,40755,2021-01-01
Hoogezand  / Sappemeer,Netherlands,28685,2021-01-01
Hoogvliet,Netherlands,35180,2021-01-01
Hoorn,Netherlands,73615,2021-01-01
Houten,Netherlands,46350,2021-01-01
Huissen,Netherlands,18385,2021-01-01
Huizen,Netherlands,46485,2021-01-01
IJburg-Zuidoost,Netherlands,19655,2021-01-01
IJmond ( IJmuiden / Velsen / Beverwijk ),Netherlands,119430,2021-01-01
IJsselstein,Netherlands,33150,2021-01-01
Kampen  / IJsselmuiden,Netherlands,44235,2021-01-01
Kerkrade,Netherlands,30415,2021-01-01
Laren / Blaricum,Netherlands,16445,2021-01-01
Leek,Netherlands,16050,2021-01-01
Leerdam,Netherlands,18065,2021-01-01
Leeuwarden ( Ljouwert ),Netherlands,97070,2021-01-01
Leiden,Netherlands,273720,2021-01-01
Lelystad,Netherlands,75825,2021-01-01
Leusden,Netherlands,26510,2021-01-01
Lisse / Lisserbroek,Netherlands,24010,2021-01-01
Maassluis,Netherlands,33815,2021-01-01
Maastricht,Netherlands,116630,2021-01-01
Meppel,Netherlands,29955,2021-01-01
Middelburg,Netherlands,40300,2021-01-01
Mijdrecht / Wilnis,Netherlands,21225,2021-01-01
Naaldwijk / Honselersdijk,Netherlands,27650,2021-01-01
Nieuwegein,Netherlands,63540,2021-01-01
Nieuw-Vennep,Netherlands,30665,2021-01-01
Nijkerk,Netherlands,27575,2021-01-01
Nijmegen,Netherlands,160960,2021-01-01
Nijverdal,Netherlands,16800,2021-01-01
Noordwijk,Netherlands,25140,2021-01-01
Nuenen,Netherlands,19455,2021-01-01
Nunspeet,Netherlands,19290,2021-01-01
Oisterwijk,Netherlands,19015,2021-01-01
Oldenzaal,Netherlands,30905,2021-01-01
Oosterhout,Netherlands,50140,2021-01-01
Oss  / Berghem,Netherlands,67760,2021-01-01
Oud-Beijerland,Netherlands,24100,2021-01-01
Pijnacker,Netherlands,25890,2021-01-01
Purmerend,Netherlands,83990,2021-01-01
Putten,Netherlands,18725,2021-01-01
Raalte,Netherlands,17930,2021-01-01
Ridderkerk,Netherlands,35055,2021-01-01
Rijen,Netherlands,16530,2021-01-01
Rijssen,Netherlands,27935,2021-01-01
Roden,Netherlands,15665,2021-01-01
Roermond / Herten / Merum,Netherlands,48085,2021-01-01
Roosendaal,Netherlands,66055,2021-01-01
Rotterdam,Netherlands,868135,2021-01-01
Sassenheim,Netherlands,16120,2021-01-01
Schagen,Netherlands,18600,2021-01-01
Schijndel / Wijbosch,Netherlands,21000,2021-01-01
's-Gravenhage [ The Hague ],Netherlands,851010,2021-01-01
's-Gravenzande,Netherlands,18145,2021-01-01
's-Hertogenbosch,Netherlands,165545,2021-01-01
Sittard-Geleen,Netherlands,106760,2021-01-01
Sliedrecht,Netherlands,23540,2021-01-01
Sneek ( Snits ),Netherlands,34015,2021-01-01
Soest,Netherlands,37925,2021-01-01
Spijkenisse,Netherlands,71780,2021-01-01
Stadskanaal,Netherlands,21320,2021-01-01
Stede Broec ( Bovenkarspel / Grootebroek / Lutjebroek ),Netherlands,21135,2021-01-01
Steenwijk,Netherlands,19515,2021-01-01
Terneuzen,Netherlands,25375,2021-01-01
Tiel,Netherlands,39290,2021-01-01
Tilburg,Netherlands,218130,2021-01-01
Uden / Volkel,Netherlands,37680,2021-01-01
Uithoorn,Netherlands,26425,2021-01-01
Urk,Netherlands,20980,2021-01-01
Utrecht,Netherlands,396315,2021-01-01
Valkenswaard,Netherlands,20275,2021-01-01
Veendam / Wildervank,Netherlands,24320,2021-01-01
Veenendaal,Netherlands,67470,2021-01-01
Veghel,Netherlands,26095,2021-01-01
Velserbroek / Santpoort-Noord,Netherlands,22025,2021-01-01
Venlo / Blerick / Tegelen,Netherlands,83970,2021-01-01
Venray,Netherlands,30185,2021-01-01
Vianen,Netherlands,16170,2021-01-01
Vlijmen / Nieuwkuijk,Netherlands,16895,2021-01-01
Vlissingen / Oost-Souburg,Netherlands,43550,2021-01-01
Voorhout,Netherlands,15900,2021-01-01
Waalwijk  / Kaatsheuvel,Netherlands,56150,2021-01-01
Waddinxveen,Netherlands,28740,2021-01-01
Wageningen,Netherlands,36865,2021-01-01
Weert / Boshoven,Netherlands,39330,2021-01-01
Weesp,Netherlands,19370,2021-01-01
Westervoort,Netherlands,14935,2021-01-01
Wijchen,Netherlands,35105,2021-01-01
Wijk bij Duurstede,Netherlands,17635,2021-01-01
Winschoten,Netherlands,18645,2021-01-01
Winterswijk,Netherlands,22790,2021-01-01
Woerden,Netherlands,37470,2021-01-01
Zandvoort,Netherlands,16030,2021-01-01
Zeewolde,Netherlands,20835,2021-01-01
Zeist,Netherlands,52970,2021-01-01
Zevenaar,Netherlands,24285,2021-01-01
Zoetermeer,Netherlands,128360,2021-01-01
Zutphen / Warnsveld,Netherlands,44025,2021-01-01
Zwolle,Netherlands,125820,2021-01-01
Ålesund,Norway,59663,2026-01-01
Alta,Norway,22074,2026-01-01
Alver ( incl. Knarvik ),Norway,30285,2026-01-01
Arendal,Norway,46603,2026-01-01
Ås,Norway,22725,2026-01-01
Asker ( incl. Røyken ),Norway,101509,2026-01-01
Askøy,Norway,30600,2026-01-01
Bærum,Norway,133228,2026-01-01
Bergen,Norway,294860,2026-01-01
Bjørnafjorden ( incl. Osøyro ),Norway,26753,2026-01-01
Bodø,Norway,53638,2026-01-01
Drammen ( incl. Nedre Eiker ),Norway,106013,2026-01-01
Eidsvoll,Norway,28739,2026-01-01
Elverum,Norway,21937,2026-01-01
"Færder ( incl. Nøtterøy, Tjøme )",Norway,27743,2026-01-01
Fredrikstad,Norway,86243,2026-01-01
Gjøvik,Norway,31350,2026-01-01
Grimstad,Norway,25569,2026-01-01
Hå,Norway,20087,2026-01-01
Halden,Norway,32082,2026-01-01
Hamar,Norway,33817,2026-01-01
Harstad,Norway,25204,2026-01-01
Haugesund,Norway,38663,2026-01-01
Holmestrand,Norway,27086,2026-01-01
Horten,Norway,28173,2026-01-01
Indre Østfold ( incl. Askim ),Norway,47943,2026-01-01
Karmøy ( incl. Åkrehamn ),Norway,43990,2026-01-01
Klepp,Norway,21444,2026-01-01
Kongsberg,Norway,29169,2026-01-01
Kristiansand,Norway,119287,2026-01-01
Kristiansund,Norway,24479,2026-01-01
Larvik,Norway,49022,2026-01-01
Levanger,Norway,20807,2026-01-01
Lier,Norway,28797,2026-01-01
Lillehammer,Norway,29669,2026-01-01
Lillestrøm,Norway,96771,2026-01-01
Lindesnes ( incl. Mandal ),Norway,23702,2026-01-01
Lørenskog,Norway,51511,2026-01-01
Molde,Norway,33291,2026-01-01
Moss,Norway,53207,2026-01-01
Narvik,Norway,21647,2026-01-01
Nes,Norway,24948,2026-01-01
Nesodden ( incl. Nesoddtangen ),Norway,21005,2026-01-01
Nittedal,Norway,26032,2026-01-01
"Nordre Follo ( incl. Ski, Oppegård )",Norway,65381,2026-01-01
Oslo,Norway,728714,2026-01-01
Øvre Eiker,Norway,20965,2026-01-01
"Øygarden ( incl. Fjell, Sund )",Norway,40641,2026-01-01
Porsgrunn,Norway,37435,2026-01-01
Rælingen,Norway,20904,2026-01-01
Rana ( incl. Mo i Rana ),Norway,25844,2026-01-01
Ringerike ( incl. Hønefoss ),Norway,31942,2026-01-01
Ringsaker,Norway,36199,2026-01-01
Sandefjord,Norway,67062,2026-01-01
Sandnes,Norway,85785,2026-01-01
Sarpsborg,Norway,60614,2026-01-01
Skien,Norway,56906,2026-01-01
Sola,Norway,29541,2026-01-01
Stange,Norway,21839,2026-01-01
Stavanger,Norway,151669,2026-01-01
Steinkjer,Norway,24007,2026-01-01
Stjørdal ( incl. Stjørdalshalsen ),Norway,25108,2026-01-01
Sunnfjord ( incl. Førde ),Norway,22804,2026-01-01
Time,Norway,20461,2026-01-01
Tønsberg,Norway,60246,2026-01-01
Tromsø,Norway,79943,2026-01-01
Trondheim,Norway,218460,2026-01-01
Ullensaker ( incl. Jessheim ),Norway,45982,2026-01-01
Vadsø,Norway,5808,2026-01-01
Vestby,Norway,20167,2026-01-01
Aleksandrów Łódzki,Poland,21929,2025-12-31
Andrychów,Poland,17867,2025-12-31
Augustów,Poland,28518,2025-12-31
Bartoszyce,Poland,20767,2025-12-31
Będzin,Poland,52460,2025-12-31
Bełchatów,Poland,50961,2025-12-31
Biała Podlaska,Poland,53470,2025-12-31
Białogard,Poland,21919,2025-12-31
Białystok,Poland,289217,2025-12-31
Bielawa,Poland,27480,2025-12-31
Bielsko-Biała,Poland,163164,2025-12-31
Bielsk Podlaski,Poland,23241,2025-12-31
Bieruń,Poland,18627,
Biłgoraj,Poland,24312,2025-12-31
Bochnia,Poland,28187,2025-12-31
Bolesławiec,Poland,36642,2025-12-31
Brodnica,Poland,27695,2025-12-31
Brzeg,Poland,32724,2025-12-31
Bydgoszcz,Poland,321100,2025-12-31
Bytom,Poland,144598,2025-12-31
Chełm,Poland,55661,2025-12-31
Chełmno,Poland,17540,2025-12-31
Chodzież,Poland,16812,2025-12-31
Chojnice,Poland,38109,2025-12-31
Chorzów,Poland,98418,2025-12-31
Chrzanów,Poland,33193,2025-12-31
Ciechanów,Poland,41234,2025-12-31
Cieszyn,Poland,32217,2025-12-31
Czechowice-Dziedzice,Poland,34564,2025-12-31
Czeladź,Poland,29373,2025-12-31
Czerwionka-Leszczyny,Poland,26031,2025-12-31
Częstochowa,Poland,201439,2025-12-31
Dąbrowa Górnicza,Poland,111309,2025-12-31
Dębica,Poland,42223,2025-12-31
Działdowo,Poland,19777,2025-12-31
Dzierżoniów,Poland,30014,2025-12-31
Elbląg,Poland,111089,2025-12-31
Ełk,Poland,58889,2025-12-31
Gdańsk,Poland,489328,2025-12-31
Gdynia,Poland,238712,2025-12-31
Giżycko,Poland,26482,2025-12-31
Gliwice,Poland,166942,2025-12-31
Głogów,Poland,60605,2025-12-31
Gniezno,Poland,62018,2025-12-31
Goleniów,Poland,21241,2025-12-31
Gorlice,Poland,24825,2025-12-31
Gorzów Wielkopolski,Poland,113569,2025-12-31
Gostyń,Poland,19484,2025-12-31
Gostynin,Poland,16458,2025-12-31
Grajewo,Poland,20551,2025-12-31
Grodzisk Mazowiecki,Poland,35516,2025-12-31
Grudziądz,Poland,86811,2025-12-31
Gryfino,Poland,19430,2025-12-31
Hajnówka,Poland,18452,2025-12-31
Iława,Poland,31798,2025-12-31
Inowrocław,Poland,65742,2025-12-31
Jarocin,Poland,26240,2025-12-31
Jarosław,Poland,34707,2025-12-31
Jasło,Poland,32042,2025-12-31
Jastrzębie-Zdrój,Poland,80527,2025-12-31
Jawor,Poland,19945,2025-12-31
Jaworzno,Poland,85253,2025-12-31
Jelenia Góra,Poland,73470,2025-12-31
Józefów,Poland,21139,2025-12-31
Kalisz,Poland,91059,2025-12-31
Kamienna Góra,Poland,16710,2025-12-31
Katowice,Poland,277415,2025-12-31
Kędzierzyn-Koźle,Poland,53140,2025-12-31
Kętrzyn,Poland,24427,2025-12-31
Kielce,Poland,178837,2025-12-31
Kłodzko,Poland,24187,2025-12-31
Kluczbork,Poland,21232,2025-12-31
Knurów,Poland,34919,2025-12-31
Kobyłka,Poland,28850,2025-12-31
Koło,Poland,18773,2025-12-31
Kołobrzeg,Poland,43362,2025-12-31
Konin,Poland,65233,2025-12-31
Końskie,Poland,16901,2025-12-31
Kościan,Poland,22956,2025-12-31
Kościerzyna,Poland,23131,2025-12-31
Koszalin,Poland,104582,2025-12-31
Kozienice,Poland,15009,2025-12-31
Kraków [ Krakow ],Poland,816614,2025-12-31
Kraśnik,Poland,30525,2025-12-31
Krasnystaw,Poland,16850,2025-12-31
Krosno,Poland,43274,2025-12-31
Krotoszyn,Poland,27786,2025-12-31
Kutno,Poland,39973,2025-12-31
Kwidzyn,Poland,36192,2025-12-31
Łaziska Górne,Poland,20826,2025-12-31
Lębork,Poland,33541,2025-12-31
Łęczna,Poland,17203,2025-12-31
Legionowo,Poland,51869,2025-12-31
Legnica,Poland,89919,2025-12-31
Leszno,Poland,58766,2025-12-31
Łódź [ Lodz ],Poland,639890,2025-12-31
Łomża,Poland,58925,2025-12-31
Łowicz,Poland,25313,2025-12-31
Lubań,Poland,19031,2025-12-31
Lubartów,Poland,19371,2025-12-31
Lubin,Poland,65961,2025-12-31
Lublin,Poland,326685,2025-12-31
Lubliniec,Poland,22931,2025-12-31
Luboń,Poland,32727,2025-12-31
Łuków,Poland,26637,2025-12-31
Malbork,Poland,36147,2025-12-31
Marki,Poland,46963,2025-12-31
Mielec,Poland,56032,2025-12-31
Mikołów,Poland,41478,2025-12-31
Mińsk Mazowiecki,Poland,39467,2025-12-31
Mława,Poland,30607,2025-12-31
Mrągowo,Poland,20008,2025-12-31
Mysłowice,Poland,70160,2025-12-31
Myszków,Poland,28660,2025-12-31
Nakło nad Notecią,Poland,16638,2025-12-31
Nowa Ruda,Poland,19816,2025-12-31
Nowa Sól,Poland,35230,2025-12-31
Nowy Dwór Mazowiecki,Poland,28422,2025-12-31
Nowy Sącz,Poland,79416,2025-12-31
Nowy Targ,Poland,32956,2025-12-31
Nysa,Poland,39887,2025-12-31
Oława,Poland,32928,2025-12-31
Oleśnica,Poland,34676,2025-12-31
Olkusz,Poland,31538,2025-12-31
Olsztyn,Poland,165393,2025-12-31
Opoczno,Poland,18407,2025-12-31
Opole,Poland,124563,2025-12-31
Orzesze,Poland,22242,2025-12-31
Ostróda,Poland,30755,2025-12-31
Ostrołęka,Poland,47351,2025-12-31
Ostrowiec Świętokrzyski,Poland,60246,2025-12-31
Ostrów Mazowiecka,Poland,21251,2025-12-31
Ostrów Wielkopolski,Poland,68111,2025-12-31
Oświęcim,Poland,35005,2025-12-31
Otwock,Poland,43118,2025-12-31
Ozorków,Poland,17643,2025-12-31
Pabianice,Poland,59302,2025-12-31
Piaseczno,Poland,51449,2025-12-31
Piastów,Poland,22567,2025-12-31
Piekary Śląskie,Poland,51030,2025-12-31
Piła,Poland,68762,2025-12-31
Pionki,Poland,15566,2025-12-31
Piotrków Trybunalski,Poland,65435,2025-12-31
Płock,Poland,108772,2025-12-31
Płońsk,Poland,21280,2025-12-31
Police,Poland,28919,2025-12-31
Polkowice,Poland,20832,2025-12-31
Poznań,Poland,534239,2025-12-31
Prudnik,Poland,18424,2025-12-31
Pruszcz Gdański,Poland,32339,2025-12-31
Pruszków,Poland,65936,2025-12-31
Przemyśl,Poland,54352,2025-12-31
Pszczyna,Poland,24478,2025-12-31
Puławy,Poland,42996,2025-12-31
Pyskowice,Poland,17160,2025-12-31
Racibórz,Poland,48750,2025-12-31
Radom,Poland,191819,2025-12-31
Radomsko,Poland,41909,2025-12-31
Rawicz,Poland,19275,2025-12-31
Reda,Poland,29066,2025-12-31
Ruda Śląska,Poland,127601,2025-12-31
Rumia,Poland,54107,2025-12-31
Rybnik,Poland,128788,2025-12-31
Rydułtowy,Poland,19756,
Rzeszów,Poland,199436,2025-12-31
Sandomierz,Poland,20709,2025-12-31
Sanok,Poland,33488,2025-12-31
Siedlce,Poland,74251,2025-12-31
Siemianowice Śląskie,Poland,62311,2025-12-31
Sieradz,Poland,37764,2025-12-31
Skarżysko-Kamienna,Poland,40099,2025-12-31
Skawina,Poland,23766,2025-12-31
Skierniewice,Poland,44814,2025-12-31
Słupsk,Poland,84217,2025-12-31
Sochaczew,Poland,32786,2025-12-31
Sopot,Poland,31205,2025-12-31
Sosnowiec,Poland,182971,2025-12-31
Śrem,Poland,27110,2025-12-31
Środa Wielkopolska,Poland,24284,2025-12-31
Stalowa Wola,Poland,53540,2025-12-31
Starachowice,Poland,43278,2025-12-31
Stargard Szczeciński,Poland,65699,2025-12-31
Starogard Gdański,Poland,44672,2025-12-31
Strzelce Opolskie,Poland,16529,2025-12-31
Sulejówek,Poland,21693,2025-12-31
Suwałki,Poland,67879,2025-12-31
Swarzędz,Poland,27504,2025-12-31
Świdnica,Poland,51357,2025-12-31
Świdnik,Poland,36215,2025-12-31
Świebodzice,Poland,21469,2025-12-31
Świebodzin,Poland,20480,2025-12-31
Świecie,Poland,24472,2025-12-31
Świętochłowice,Poland,44621,2025-12-31
Świnoujście,Poland,38188,2025-12-31
Szczecin,Poland,383786,2025-12-31
Szczecinek,Poland,37101,2025-12-31
Szczytno,Poland,21323,2025-12-31
Tarnobrzeg,Poland,42730,2025-12-31
Tarnów,Poland,101177,2025-12-31
Tarnowskie Góry,Poland,61001,2025-12-31
Tczew,Poland,55922,2025-12-31
Tomaszów Lubelski,Poland,17292,2025-12-31
Tomaszów Mazowiecki,Poland,56055,2025-12-31
Toruń,Poland,192784,2025-12-31
Trzebinia,Poland,18121,2025-12-31
Turek,Poland,23811,2025-12-31
Tychy,Poland,120081,2025-12-31
Wągrowiec,Poland,25223,2025-12-31
Wałbrzych,Poland,97546,2025-12-31
Wałcz,Poland,22972,2025-12-31
Warszawa [ Warsaw ],Poland,1866729,2025-12-31
Wejherowo,Poland,44983,2025-12-31
Wieliczka,Poland,28485,2025-12-31
Wieluń,Poland,19771,2025-12-31
Włocławek,Poland,98038,2025-12-31
Wodzisław Śląski,Poland,44017,2025-12-31
Wołomin,Poland,35115,2025-12-31
Wrocław,Poland,672601,2025-12-31
Września,Poland,31595,2025-12-31
Wyszków,Poland,25656,2025-12-31
Ząbki,Poland,45654,2025-12-31
Zabrze,Poland,150780,2025-12-31
Żagań,Poland,22800,2025-12-31
Zakopane,Poland,24921,2025-12-31
Zambrów,Poland,20503,2025-12-31
Zamość,Poland,56844,2025-12-31
Żary,Poland,33949,2025-12-31
Zawiercie,Poland,44922,2025-12-31
Zduńska Wola,Poland,37532,2025-12-31
Zgierz,Poland,52418,2025-12-31
Zgorzelec,Poland,28095,2025-12-31
Zielona Góra,Poland,138476,2025-12-31
Żory,Poland,61857,2025-12-31
Żyrardów,Poland,38281,2025-12-31
Żywiec,Poland,29085,2025-12-31
Abrantes,Portugal,17199,2021-03-22
Agualva-Cacém,Portugal,81006,2021-03-22
Águeda,Portugal,14360,2021-03-22
Albergaria-a-Velha,Portugal,8600,2021-03-22
Albufeira,Portugal,21290,2021-03-22
Alfena,Portugal,13670,2021-03-22
Almada,Portugal,95851,2021-03-22
Almeirim,Portugal,11552,2021-03-22
Alverca do Ribatejo,Portugal,30930,2021-03-22
Amadora,Portugal,171454,2021-03-22
Amarante,Portugal,12120,2021-03-22
Amora,Portugal,41140,2021-03-22
Angra do Heroísmo,Portugal,8050,2021-03-22
Aveiro,Portugal,62130,2021-03-22
Barcelos,Portugal,20723,2021-03-22
Barreiro,Portugal,62860,2021-03-22
Beja,Portugal,22260,2021-03-22
Braga,Portugal,146543,2021-03-22
Bragança,Portugal,22851,2021-03-22
Caldas da Rainha,Portugal,27790,2021-03-22
Câmara de Lobos,Portugal,13960,2021-03-22
Caniço,Portugal,20800,2021-03-22
Cartaxo,Portugal,10552,2021-03-22
Castelo Branco,Portugal,33450,2021-03-22
Chaves,Portugal,21210,2021-03-22
Coimbra,Portugal,106655,2021-03-22
Costa da Caparica,Portugal,13031,2021-03-22
Covilhã,Portugal,31950,2021-03-22
Elvas,Portugal,14324,2021-03-22
Entroncamento,Portugal,20141,2021-03-22
Ermesinde,Portugal,38570,2021-03-22
Esmoriz,Portugal,11922,2021-03-22
Espinho,Portugal,21001,2021-03-22
Esposende,Portugal,10824,2021-03-22
Estarreja,Portugal,7390,2021-03-22
Estremoz,Portugal,6799,2021-03-22
Évora,Portugal,40373,2021-03-22
Fafe,Portugal,15455,2021-03-22
Faro,Portugal,49360,2021-03-22
Fátima,Portugal,10265,2021-03-22
Felgueiras,Portugal,14927,2021-03-22
Fiães,Portugal,7096,2021-03-22
Figueira da Foz,Portugal,29690,2021-03-22
Freamunde,Portugal,10180,2021-03-22
Funchal,Portugal,105782,2021-03-22
Fundão,Portugal,7600,2021-03-22
Gafanha da Nazaré,Portugal,13260,2021-03-22
Gondomar,Portugal,26669,2021-03-22
Guarda,Portugal,25182,2021-03-22
Guimarães,Portugal,54750,2021-03-22
Horta,Portugal,5110,2021-03-22
Ílhavo,Portugal,10640,2021-03-22
Lagoa,Portugal,8210,2021-03-22
Lagos,Portugal,19790,2021-03-22
Lamego,Portugal,11078,2021-03-22
Leiria,Portugal,54540,2021-03-22
Lisboa [ Lisbon ],Portugal,545796,2021-03-22
Lordelo ( São Salvador de Lordelo ),Portugal,9106,2021-03-22
Loulé,Portugal,14890,2021-03-22
Loures,Portugal,46246,2021-03-22
Lourosa,Portugal,8003,2021-03-22
Machico,Portugal,9990,2021-03-22
Maia,Portugal,40534,2021-03-22
Marco de Canaveses,Portugal,10390,2021-03-22
Marinha Grande,Portugal,10860,2021-03-22
Matosinhos,Portugal,49034,2021-03-22
Mirandela,Portugal,10911,2021-03-22
Montemor-o-Novo,Portugal,7929,2021-03-22
Montijo,Portugal,40130,2021-03-22
Moura,Portugal,6888,2021-03-22
Odivelas,Portugal,58170,2021-03-22
Olhão da Restauração,Portugal,28310,2021-03-22
Oliveira de Azeméis,Portugal,15449,2021-03-22
Ovar,Portugal,16980,2021-03-22
Paços de Ferreira,Portugal,14530,2021-03-22
Paredes,Portugal,20586,2021-03-22
Penafiel,Portugal,10420,2021-03-22
Peniche,Portugal,13302,2021-03-22
Peso da Régua,Portugal,8145,2021-03-22
Pombal,Portugal,11890,2021-03-22
Ponta Delgada,Portugal,40050,2021-03-22
Ponte de Sor,Portugal,7270,2021-03-22
Portalegre,Portugal,13960,2021-03-22
Portimão,Portugal,43810,2021-03-22
Porto,Portugal,231800,2021-03-22
Póvoa de Santa Iria,Portugal,29710,2021-03-22
Póvoa de Varzim,Portugal,41206,2021-03-22
Quarteira,Portugal,17500,2021-03-22
Queluz,Portugal,73047,2021-03-22
Rebordosa,Portugal,8496,2021-03-22
Ribeira Grande,Portugal,12590,2021-03-22
Rio Maior,Portugal,8693,2021-03-22
Rio Tinto,Portugal,65469,2021-03-22
Sacavém,Portugal,24672,2021-03-22
Samora Correia,Portugal,11736,2021-03-22
Santa Comba Dão,Portugal,3160,2021-03-22
Santa Cruz,Portugal,6850,2021-03-22
Santa Maria da Feira,Portugal,39576,2021-03-22
Santarém,Portugal,29790,2021-03-22
Santo Tirso,Portugal,26959,2021-03-22
São João da Madeira,Portugal,22143,2021-03-22
São Mamede de Infesta,Portugal,22844,2021-03-22
Seixal,Portugal,29850,2021-03-22
Senhora da Hora,Portugal,26988,2021-03-22
Setúbal,Portugal,98470,2021-03-22
Sines,Portugal,12338,2021-03-22
Tavira,Portugal,13762,2021-03-22
Tomar,Portugal,13882,2021-03-22
Tondela,Portugal,8570,2021-03-22
Torres Novas,Portugal,12330,2021-03-22
Torres Vedras,Portugal,19680,2021-03-22
Trofa ( Bougado ),Portugal,17099,2021-03-22
Valbom,Portugal,13803,2021-03-22
Vale de Cambra,Portugal,5492,2021-03-22
Valongo,Portugal,25530,2021-03-22
Vendas Novas,Portugal,9048,2021-03-22
Viana do Castelo,Portugal,37860,2021-03-22
Vila do Conde,Portugal,29328,2021-03-22
Vila Franca de Xira,Portugal,16270,2021-03-22
Vila Nova de Famalicão,Portugal,35770,2021-03-22
Vila Nova de Gaia,Portugal,188421,2021-03-22
Vila Nova de Santo André,Portugal,8227,2021-03-22
Vila Real,Portugal,27370,2021-03-22
Vila Real de Santo António,Portugal,11180,2021-03-22
Viseu,Portugal,60570,2021-03-22
Vizela,Portugal,11072,2021-03-22
Ānshān [ Anshan ],China,1480332,2020-11-01
Ānyáng [ Anyang ],China,1187772,2020-11-01
"Băodìng ( incl. Qīngyuàn, Mănchéng ) [ Baoding ]",China,1940384,2020-11-01
Băojī [ Baoji ],China,1107702,2020-11-01
Bāotóu ( Buɣutu ) [ Baotou ],China,2104114,2020-11-01
Bĕijīng [ Beijing ],China,18960744,2020-11-01
Bèngbù [ Bengbu ],China,1077704,2020-11-01
Bĕnxī [ Benxi ],China,808221,2020-11-01
Bózhōu,China,750569,2020-11-01
Cāngzhōu,China,759403,2020-11-01
Chángchūn [ Changchun ],China,4557356,2020-11-01
Chángdé [ Changde ],China,1100719,2020-11-01
Chángshā ( incl. Wàngchéng ) [ Changsha ],China,5630256,2020-11-01
Chángshā,China,1024407,2020-11-01
Chángshú [ Changshu ],China,1230599,2020-11-01
"Chángzhì ( incl. Lùchéng, Shàngdǎng ) [ Changzhi ]",China,1047461,2020-11-01
Chángzhōu ( incl. Wŭjìn ),China,3187315,2020-11-01
Cháozhōu ( incl. Cháo'ān ),China,1254007,2020-11-01
"Chéngdū ( incl. Xīndū, Shuāngliú, Pídōu, Xīnjīn ) [ Chengtu ]",China,13568357,2020-11-01
Chēnzhōu,China,819883,2020-11-01
Chìfēng ( Ulaɣanqada ) [ Ulanhad ],China,1093068,2020-11-01
"Chóngqìng ( incl. Bānán, Jiāngbĕi ) [ Chungking ]",China,9580819,2020-11-01
Cíxī [ Cixi ],China,1457510,2020-11-01
Dàlián [ Dairen ],China,4913879,2020-11-01
Dāndōng [ Dandong ],China,748983,2020-11-01
Dānyáng,China,792584,2020-11-01
Dàqìng [ Daqing ],China,1604027,2020-11-01
Dàtóng [ Datong ],China,1809505,2020-11-01
Dázhōu ( incl. Dáchuān ) [ Dazhou ],China,1135817,2020-11-01
Dézhōu,China,843372,2020-11-01
Dōngguān,China,9644871,2020-11-01
Dōngyíng ( incl. Kěnlì ) [ Dongying ],China,961300,2020-11-01
"Fóshān ( incl. Gāomíng, Nánhǎi, Sānshuǐ, Shùndé )",China,9042509,2020-11-01
Fúlíng [ Fuling ],China,801151,2020-11-01
Fúqīng,China,744774,2020-11-01
Fŭshùn,China,1228890,2020-11-01
Fùyáng [ Fuyang ],China,1191810,2020-11-01
Fúzhōu ( incl. Chánglè ) [ Fuzhou ],China,3723454,2020-11-01
"Gànzhōu ( incl. Gànxiàn, Nánkāng ) [ Ganzhou ]",China,1778132,2020-11-01
"Guăngzhōu ( incl. Cónghuà, Huādū, Pānyú, Zēngchéng ) [ Canton ]",China,16096724,2020-11-01
Guìgăng,China,921440,2020-11-01
Guìlín ( incl. Línguì ) [ Guilin ],China,1361244,2020-11-01
Guìyáng [ Guiyang ],China,4021275,2020-11-01
Hā'ĕrbīn ( incl. Hūlán ) [ Harbin ],China,5242897,2020-11-01
Hăikŏu ( incl. Qiongshan ) [ Haikou ],China,2349239,2020-11-01
Hăiníng,China,752775,2020-11-01
Hándān ( incl. Yŏngnián ) [ Handan ],China,2095134,2020-11-01
"Hángzhōu ( incl. Xiāoshān, Yúháng, Fùyáng, Lín'ān ) [ Hangchou ]",China,9236032,2020-11-01
Héchuān [ Hechuan ],China,795780,2020-11-01
Héféi [ Hofei ],China,5055978,2020-11-01
Héngshuĭ ( incl. Jìzhōu ),China,885468,2020-11-01
Héngyáng [ Hengyang ],China,1185130,2020-11-01
Hézé ( incl. Dìngtáo ) [ Heze ],China,1293767,2020-11-01
Huái'ān ( Huáiyīn ) [ Huai'an ],China,1804611,2020-11-01
Huáibĕi [ Huaibei ],China,830891,2020-11-01
Huáinán [ Huainan ],China,1255619,2020-11-01
Hūhéhàotè ( Kökeqota ) [ Hohhot ],China,2373399,2020-11-01
Huìzhōu ( incl. Huìyáng ) [ Huizhou ],China,2900113,2020-11-01
Húlúdăo ( Jǐnxī ) [ Huludao ],China,764241,2020-11-01
Húzhōu [ Huzhou ],China,1083953,2020-11-01
Jiāngjīn [ Jiangjin ],China,817888,2020-11-01
Jiāngmén ( incl. Xīnhuì ),China,1795459,2020-11-01
Jiāngyīn [ Jiangyin ],China,1331352,2020-11-01
Jiāozuò [ Jiaozuo ],China,874733,2020-11-01
Jiāxīng [ Jiaxing ],China,1188321,2020-11-01
Jiēyáng ( incl. Jiēdōng ),China,1242906,2020-11-01
Jílín [ Jilin ],China,1509292,2020-11-01
"Jìnán ( incl. Jìyáng, Zhāngqiū ) [ Jinan ]",China,5648162,2020-11-01
"Jīngzhōu ( incl. Shāshì, Jiānglíng ) [ Jingzhou ]",China,950215,2020-11-01
Jīnhuá [ Jinhua ],China,1040948,2020-11-01
Jìníng ( incl. Yănzhōu ) [ Jining ],China,1700054,2020-11-01
Jìnjiāng,China,1416151,2020-11-01
Jĭnzhōu [ Jinzhou ],China,1021478,2020-11-01
Jiŭjiāng,China,957424,2020-11-01
Jīxī [ Jixi ],China,626019,2020-11-01
Kāifēng ( incl. Xiángfú ) [ Kaifeng ],China,1193802,2020-11-01
"Kūnmíng ( incl. Chénggòng, Jìnníng ) [ Kunming ]",China,5273144,2020-11-01
Kūnshān,China,1652159,2020-11-01
Láiwú,China,761440,2020-11-01
Lángfāng,China,886490,2020-11-01
Lánzhōu [ Lanzhou ],China,3012577,2020-11-01
Lèshān [ Leshan ],China,802817,2020-11-01
Lhasa ( Lāsà ),China,568927,2020-11-01
Liányúngăng [ Lianyungang ],China,1071019,2020-11-01
Liáochéng [ Liaocheng ],China,1020430,2020-11-01
Liáoyáng,China,764504,2020-11-01
Línyí [ Linyi ],China,2743843,2020-11-01
Liúyáng [ Liuyang ],China,886257,2020-11-01
Liŭzhōu ( incl. Liǔjiāng ) [ Liuzhou ],China,2204841,2020-11-01
Lù'ān [ Lu'an ],China,1069940,2020-11-01
Luòhé [ Luohe ],China,807745,2020-11-01
Luòyáng [ Luoyang ],China,2230661,2020-11-01
Lúzhōu [ Luzhou ],China,1128479,2020-11-01
Mă'ānshān [ Ma'anshan ],China,784608,2020-11-01
Màomíng ( incl. Diànbái ) [ Maoming ],China,1307802,2020-11-01
Miányáng ( incl. Ānzhōu ) [ Mianyang ],China,1549499,2020-11-01
Mŭdānjiāng [ Mudanjiang ],China,808216,2020-11-01
Nán'ān,China,936897,2020-11-01
Nánchāng ( incl. Xīnjiàn ) [ Nanchang ],China,3518975,2020-11-01
Nánchāng,China,916463,2020-11-01
Nánchōng [ Nanchong ],China,1254455,2020-11-01
"Nánjīng ( incl. Jiāngníng, Jiāngpǔ, Lùhé ) [ Nanking ]",China,7519814,2020-11-01
Nánníng ( incl. Yōngníng ) [ Nanning ],China,4582703,2020-11-01
"Nántōng ( incl. Tōngzhōu, Hăimén ) [ Nantong ]",China,2987600,2020-11-01
Nányáng [ Nanyang ],China,1407616,2020-11-01
Níngbō ( incl. Yínzhōu ) [ Ningbo ],China,3731203,2020-11-01
Níngxiāng [ Ningxiang ],China,759080,2020-11-01
Pánjĭn ( incl. Dàwā ) [ Panjin ],China,980422,2020-11-01
Píngdĭngshān [ Pingdingshan ],China,1045966,2020-11-01
Pīzhōu ( Pīxiàn ),China,850815,2020-11-01
Pŭníng,China,935668,2020-11-01
Pútián [ Putian ],China,1539389,2020-11-01
Púyáng [ Puyang ],China,824397,2020-11-01
"Qīngdăo ( incl. Jiāonán, Jímò ) [ Tsingtao ]",China,6165279,2020-11-01
Qīngyuăn ( incl. Qīngxīn ) [ Qingyuan ],China,1197581,2020-11-01
Qínhuángdăo ( incl. Fŭníng ) [ Qinhuangdao ],China,1520199,2020-11-01
Qīnzhōu,China,771052,2020-11-01
Qíqíhā'ĕr [ Qiqihar ],China,1029522,2020-11-01
Quánzhōu,China,1469157,2020-11-01
Qŭjìng ( incl. Zhānyì ) [ Qujing ],China,976161,2020-11-01
Rìzhào [ Rizhao ],China,1147175,2020-11-01
Rúgāo,China,761879,2020-11-01
Ruì'ān,China,1012731,2020-11-01
Sānhé,China,760107,2020-11-01
Shànghăi [ Shanghai ],China,21909814,2020-11-01
Shāngqiū [ Shangqiu ],China,1031123,2020-11-01
"Shàngráo ( incl. Guăngfēng, Guǎngxìn ) [ Shangrao ]",China,1342220,2020-11-01
"Shàntóu ( incl. Cháoyáng, Chénghǎi ) [ Shantou ]",China,3838900,2020-11-01
Sháoguān ( incl. Qūjiāng ) [ Shaoguan ],China,803375,2020-11-01
"Shàoxīng ( incl. Shàngyú, Shàoxīng )",China,2333080,2020-11-01
Shĕnyáng [ Shenyang ],China,7026358,2020-11-01
Shēnzhèn ( incl. Bǎo'ān ),China,17444609,2020-11-01
"Shíjiāzhuāng ( incl. Luánchéng, Lùquán, Găochéng ) [ Shijiazhuang ]",China,5090440,2020-11-01
Shíyàn [ Shiyan ],China,954914,2020-11-01
Shùyáng [ Shuyang ],China,986247,2020-11-01
Suìníng,China,829356,2020-11-01
Sùqiān [ Suqian ],China,1081559,2020-11-01
Sùzhōu [ Suzhou ],China,920722,2020-11-01
"Sūzhōu ( incl. Wújiāng, Wúzhōng )",China,5892892,2020-11-01
Tài'ān [ Tai'an ],China,1416591,2020-11-01
Tàiyuán [ Taiyuan ],China,4303673,2020-11-01
"Tàizhōu ( incl. Huángyán, Jiāngyàn ) [ Taizhou ]",China,1348327,2020-11-01
Táizhōu [ Taizhou ],China,1485502,2020-11-01
"Tángshān ( incl. Fēngnán, Fēngrùn ) [ Tangshan ]",China,2549968,2020-11-01
Téngzhōu [ Tengzhou ],China,937438,2020-11-01
Tiānjīn [ Tientsin ],China,11052404,2020-11-01
Tiānshuĭ [ Tianshui ],China,752900,2020-11-01
Ürümqi ( Wūlŭmùqí ),China,3842560,2020-11-01
Wànzhōu ( Wànxiàn ) [ Wanzhou ],China,1078149,2020-11-01
Wéifāng [ Weifang ],China,1998405,2020-11-01
Wēihăi ( incl. Wéndēng ) [ Weihai ],China,1339645,2020-11-01
Wēnlĭng,China,920913,2020-11-01
Wēnzhōu [ Wenzhou ],China,2582017,2020-11-01
"Wŭhàn ( incl. Hànyáng, Huángpí, Wŭchāng, Xīnzhōu ) [ Wuhan ]",China,10494879,2020-11-01
Wúhú [ Wuhu ],China,1598165,2020-11-01
Wúxī,China,3956985,2020-11-01
Xiàmén ( Amoy ) [ Xiamen ],China,4617251,2020-11-01
"Xī'ān ( incl. Cháng'ān, Líntóng, Hùyì, Gāolíng ) [ Sian ]",China,9392938,2020-11-01
Xiāngtán [ Xiangtan ],China,978000,2020-11-01
Xiāngyáng ( Xiāngfán ) [ Xiangyang ],China,1686403,2020-11-01
Xiāntáo,China,752155,2020-11-01
Xiányáng,China,1192776,2020-11-01
Xiàogăn,China,742452,2020-11-01
"Xíngtái ( incl. Nèiqiū, Rènxiàn ) [ Xingtai ]",China,1480754,2020-11-01
Xīníng ( incl. Huángzhōng ) [ Xining ],China,1677177,2020-11-01
Xīntài,China,774715,2020-11-01
Xīnxiāng [ Xinxiang ],China,1271350,2020-11-01
Xìnyáng [ Xinyang ],China,1014843,2020-11-01
Xīnzhèng,China,787544,2020-11-01
Xŭchāng [ Xuchang ],China,850403,2020-11-01
Xúzhōu ( incl. Tóngshān ) [ Xuzhou ],China,2845552,2020-11-01
Yánchéng [ Yancheng ],China,1353475,2020-11-01
Yángjiāng ( incl. Yángdōng ),China,859595,2020-11-01
Yángzhōu ( incl. Jiāngdū ) [ Yangzhou ],China,2067254,2020-11-01
Yāntái [ Yantai ],China,2311885,2020-11-01
Yíbīn ( incl. Xùzhōu ) [ Yibin ],China,1100737,2020-11-01
Yíchāng [ Yichang ],China,1284305,2020-11-01
Yínchuān [ Yinchuan ],China,1662968,2020-11-01
Yìwū [ Yiwu ],China,1481384,2020-11-01
Yíxīng [ Yixing ],China,889871,2020-11-01
Yìyáng [ Yiyang ],China,758408,2020-11-01
Yŏngchuān,China,803458,2020-11-01
Yuèqīng,China,949585,2020-11-01
Yuèyáng [ Yueyang ],China,1125448,2020-11-01
Yùlín [ Yulin ],China,877561,2020-11-01
Yúyáo,China,1013866,2020-11-01
Zăozhuāng [ Zaozhuang ],China,1349883,2020-11-01
Zhāngjiāgăng,China,1055893,2020-11-01
"Zhāngjiākŏu ( incl. Wànquán, Xuānhuà ) [ Zhangjiakou ]",China,1339384,2020-11-01
Zhāngzhōu,China,845286,2020-11-01
Zhànjiāng [ Zhanjiang ],China,1400709,2020-11-01
Zhàoqìng ( incl. Gāoyào ) [ Zhaoqing ],China,1035810,2020-11-01
Zhèngzhōu [ Zhengzhou ],China,6461013,2020-11-01
Zhènjiāng [ Zhenjiang ],China,1123813,2020-11-01
Zhōngshān,China,3841873,2020-11-01
Zhūhăi ( incl. Dòumén ) [ Zhuhai ],China,2207090,2020-11-01
Zhūjì,China,762917,2020-11-01
Zhùmădiàn [ Zhumadian ],China,754320,2020-11-01
Zhūzhōu [ Zhuzhou ],China,1510148,2020-11-01
Zībó [ Zibo ],China,2750312,2020-11-01
Zìgòng [ Zigong ],China,868565,2020-11-01
Zōuchéng ( Zōuxiàn ),China,755941,2020-11-01
Zūnyì ( incl. Bōzhōu ) [ Zunyi ],China,1675245,2020-11-01
Andong,Southkorea,159412,2020-11-01
Ansan,Southkorea,717345,2020-11-01
Anseong,Southkorea,203030,2020-11-01
Anyang,Southkorea,542336,2020-11-01
Asan,Southkorea,340518,2020-11-01
Boryeong,Southkorea,99088,2020-11-01
Bucheon,Southkorea,833148,2020-11-01
Busan,Southkorea,3349016,2020-11-01
"Changwon ( incl. Masan, Jinhae )",Southkorea,1029389,2020-11-01
Cheonan,Southkorea,682199,2020-11-01
Cheongju ( incl. Cheongwon-gun ),Southkorea,855326,2020-11-01
Chuncheon,Southkorea,284645,2020-11-01
Chungju,Southkorea,218412,2020-11-01
Daegu,Southkorea,2410700,2020-11-01
Daejeon,Southkorea,1488435,2020-11-01
Dangjin,Southkorea,168955,2020-11-01
Dongducheon,Southkorea,95239,2020-11-01
Donghae,Southkorea,87801,2020-11-01
Gangneung,Southkorea,216542,2020-11-01
Geoje,Southkorea,246965,2020-11-01
Gimcheon,Southkorea,139145,2020-11-01
Gimhae,Southkorea,552427,2020-11-01
Gimje,Southkorea,79733,2020-11-01
Gimpo,Southkorea,474546,2020-11-01
Gongju,Southkorea,108333,2020-11-01
Goyang,Southkorea,1045497,2020-11-01
Gumi,Southkorea,416603,2020-11-01
Gunpo,Southkorea,275571,2020-11-01
Gunsan,Southkorea,269023,2020-11-01
Guri,Southkorea,192051,2020-11-01
Gwacheon,Southkorea,58018,2020-11-01
Gwangju,Southkorea,385141,2020-11-01
Gwangju,Southkorea,1477573,2020-11-01
Gwangmyeong,Southkorea,298116,2020-11-01
Gwangyang,Southkorea,143928,2020-11-01
Gyeongju,Southkorea,261778,2020-11-01
Gyeongsan,Southkorea,283733,2020-11-01
Gyeryong,Southkorea,40854,2020-11-01
Hanam,Southkorea,279795,2020-11-01
Hwaseong,Southkorea,880859,2020-11-01
Icheon,Southkorea,226212,2020-11-01
Iksan,Southkorea,285312,2020-11-01
Incheon,Southkorea,2945454,2020-11-01
Jecheon,Southkorea,134768,2020-11-01
Jeju,Southkorea,492306,2020-11-01
Jeongeup,Southkorea,106706,2020-11-01
Jeonju,Southkorea,666517,2020-11-01
Jinju,Southkorea,352403,2020-11-01
Miryang,Southkorea,103228,2020-11-01
Mokpo,Southkorea,224509,2020-11-01
Mungyeong,Southkorea,68212,2020-11-01
Naju,Southkorea,113293,2020-11-01
Namwon,Southkorea,78097,2020-11-01
Namyangju,Southkorea,696033,2020-11-01
Nonsan,Southkorea,119707,2020-11-01
Osan,Southkorea,240645,2020-11-01
Paju,Southkorea,460541,2020-11-01
Pocheon,Southkorea,157939,2020-11-01
Pohang,Southkorea,501109,2020-11-01
Pyeongtaek,Southkorea,542522,2020-11-01
Sacheon,Southkorea,111184,2020-11-01
Samcheok,Southkorea,65939,2020-11-01
Sangju,Southkorea,95473,2020-11-01
Sejong,Southkorea,353933,2020-11-01
Seogwipo,Southkorea,178552,2020-11-01
Seongnam,Southkorea,922025,2020-11-01
Seosan,Southkorea,176379,2020-11-01
Seoul,Southkorea,9586195,2020-11-01
Siheung,Southkorea,535147,2020-11-01
Sokcho,Southkorea,80054,2020-11-01
Suncheon,Southkorea,272449,2020-11-01
Suwon,Southkorea,1210150,2020-11-01
Taebaek,Southkorea,41494,2020-11-01
Tongyeong,Southkorea,127984,2020-11-01
Uijeongbu,Southkorea,449572,2020-11-01
Uiwang,Southkorea,160230,2020-11-01
Ulsan,Southkorea,1135423,2020-11-01
Wonju,Southkorea,352429,2020-11-01
Yangju,Southkorea,233286,2020-11-01
Yangsan,Southkorea,351206,2020-11-01
Yeoju,Southkorea,113352,2020-11-01
Yeongcheon,Southkorea,100353,2020-11-01
Yeongju,Southkorea,103818,2020-11-01
Yeosu,Southkorea,271505,2020-11-01
Yongin,Southkorea,1066975,2020-11-01
Adjud,Romania,15178,2021-12-01
Aiud,Romania,21307,2021-12-01
Alba Iulia,Romania,64227,2021-12-01
Alexandria,Romania,40390,2021-12-01
Apahida,Romania,17239,2021-12-01
Arad,Romania,145078,2021-12-01
Bacău,Romania,136087,2021-12-01
Baia Mare,Romania,108759,2021-12-01
Baia Sprie,Romania,14329,2021-12-01
Băicoi,Romania,16722,2021-12-01
Băilești,Romania,15928,2021-12-01
Balș,Romania,16114,2021-12-01
Bârlad,Romania,52475,2021-12-01
Bistrița,Romania,78877,2021-12-01
Blaj,Romania,17816,2021-12-01
Bocșa,Romania,12949,2021-12-01
Borșa,Romania,27711,2021-12-01
Botoșani,Romania,90010,2021-12-01
Brad,Romania,12690,2021-12-01
Bragadiru,Romania,40080,2021-12-01
Brăila,Romania,154686,2021-12-01
Brașov,Romania,237589,2021-12-01
Breaza,Romania,14871,2021-12-01
București [ Bucharest ],Romania,1716961,2021-12-01
Buftea,Romania,20586,2021-12-01
Buhuși,Romania,14152,2021-12-01
Buzău,Romania,103481,2021-12-01
Calafat,Romania,13807,2021-12-01
Călărași,Romania,58211,2021-12-01
Câmpia Turzii,Romania,20590,2021-12-01
Câmpina,Romania,28993,2021-12-01
Câmpulung,Romania,27574,2021-12-01
Câmpulung Moldovenesc,Romania,15642,2021-12-01
Caracal,Romania,27403,2021-12-01
Caransebeș,Romania,21714,2021-12-01
Carei,Romania,18957,2021-12-01
Cernavodă,Romania,15088,2021-12-01
Chiajna,Romania,43588,2021-12-01
Chitila,Romania,14762,2021-12-01
Cisnădie,Romania,22277,2021-12-01
Ciurea,Romania,17254,2021-12-01
Cluj-Napoca,Romania,286598,2021-12-01
Codlea,Romania,20534,2021-12-01
Comănești,Romania,19996,2021-12-01
Constanța,Romania,263688,2021-12-01
Corabia,Romania,13527,2021-12-01
Craiova,Romania,234140,2021-12-01
Cugir,Romania,19473,2021-12-01
Cumpăna,Romania,14757,2021-12-01
Curtea de Argeș,Romania,25977,2021-12-01
Dej,Romania,31475,2021-12-01
Deva,Romania,53113,2021-12-01
Dobroești,Romania,16875,2021-12-01
Dorohoi,Romania,22893,2021-12-01
Drăgășani,Romania,15617,2021-12-01
Drobeta-Turnu Severin,Romania,79865,2021-12-01
Dumbrăvița,Romania,20014,2021-12-01
Făgăraș,Romania,26284,2021-12-01
Fălticeni,Romania,23902,2021-12-01
Fetești,Romania,27465,2021-12-01
Filiași,Romania,15031,2021-12-01
Florești,Romania,52735,2021-12-01
Focșani,Romania,66648,2021-12-01
Găești,Romania,12583,2021-12-01
Galați,Romania,217851,2021-12-01
Gheorgheni,Romania,15884,2021-12-01
Gherla,Romania,19873,2021-12-01
Giroc,Romania,22270,2021-12-01
Giurgiu,Romania,54551,2021-12-01
Gura Humorului,Romania,13278,2021-12-01
Hunedoara,Romania,50457,2021-12-01
Huși,Romania,25045,2021-12-01
Iași,Romania,271692,2021-12-01
Luduș,Romania,14757,2021-12-01
Lugoj,Romania,35450,2021-12-01
Lupeni,Romania,18699,2021-12-01
Măgurele,Romania,14414,2021-12-01
Mangalia,Romania,31950,2021-12-01
Marghita,Romania,13573,2021-12-01
Medgidia,Romania,34612,2021-12-01
Mediaș,Romania,39505,2021-12-01
Miercurea Ciuc,Romania,34484,2021-12-01
Mioveni ( Colibaşi ),Romania,29317,2021-12-01
Miroslava,Romania,28534,2021-12-01
Mizil,Romania,12962,2021-12-01
Moinești,Romania,19728,2021-12-01
Moreni,Romania,15472,2021-12-01
Moșnița Nouă,Romania,16424,2021-12-01
Motru,Romania,15950,2021-12-01
Năvodari,Romania,34398,2021-12-01
Negrești-Oaș,Romania,14616,2021-12-01
Ocna Mureș,Romania,12480,2021-12-01
Odorheiu Secuiesc,Romania,31335,2021-12-01
Oltenița,Romania,22624,2021-12-01
Onești ( Gheorghe Gheorghiu-Dej ),Romania,34005,2021-12-01
Oradea,Romania,183105,2021-12-01
Orăștie,Romania,16825,2021-12-01
Otopeni,Romania,21750,2021-12-01
Pantelimon,Romania,32873,2021-12-01
Pașcani,Romania,30766,2021-12-01
Petrila,Romania,19600,2021-12-01
Petroșani,Romania,31044,2021-12-01
Piatra Neamț,Romania,79679,2021-12-01
Pitești,Romania,141275,2021-12-01
Ploiești,Romania,180540,2021-12-01
Popești-Leordeni,Romania,53434,2021-12-01
Pucioasa,Romania,12953,2021-12-01
Rădăuți,Romania,24292,2021-12-01
Râmnicu Sărat,Romania,29774,2021-12-01
Râmnicu Vâlcea,Romania,93151,2021-12-01
Râșnov,Romania,15920,2021-12-01
Reghin,Romania,29742,2021-12-01
Reșița,Romania,58393,2021-12-01
Roman,Romania,48644,2021-12-01
Roșiori de Vede,Romania,22294,2021-12-01
Săcele,Romania,30920,2021-12-01
Salonta,Romania,15792,2021-12-01
Satu Mare,Romania,91520,2021-12-01
Sebeș,Romania,26490,2021-12-01
Șelimbăr,Romania,17492,2021-12-01
Sfântu Gheorghe,Romania,50080,2021-12-01
Sibiu,Romania,134309,2021-12-01
Sighetu Marmației,Romania,32793,2021-12-01
Sighișoara,Romania,23927,2021-12-01
Șimleu Silvaniei,Romania,13948,2021-12-01
Slatina,Romania,63487,2021-12-01
Slobozia,Romania,41550,2021-12-01
Ștefănești ( Florica ),Romania,15931,2021-12-01
Suceava,Romania,84322,2021-12-01
Târgoviște,Romania,66965,2021-12-01
Târgu Jiu,Romania,73545,2021-12-01
Târgu Mureș,Romania,116033,2021-12-01
Târgu Neamț,Romania,18029,2021-12-01
Târgu Secuiesc,Romania,16243,2021-12-01
Târnăveni,Romania,20604,2021-12-01
Tecuci,Romania,32801,2021-12-01
Timișoara,Romania,250849,2021-12-01
Toplița,Romania,12609,2021-12-01
Tulcea,Romania,65624,2021-12-01
Turda,Romania,43319,2021-12-01
Turnu Măgurele,Romania,19597,2021-12-01
Urziceni,Romania,13380,2021-12-01
Valea Lupului,Romania,14510,2021-12-01
Valu lui Traian,Romania,16617,2021-12-01
Vaslui,Romania,63035,2021-12-01
Vatra Dornei,Romania,12578,2021-12-01
Vicovu de Sus,Romania,15143,2021-12-01
Vișeu de Sus,Romania,15349,2021-12-01
Voluntari,Romania,47366,2021-12-01
Vulcan,Romania,19772,2021-12-01
Zalău,Romania,52359,2021-12-01
Zărnești,Romania,21624,2021-12-01
Zimnicea,Romania,12589,2021-12-01
Bánovce nad Bebravou,Slovakia,15872,2025-12-31
Banská Bystrica,Slovakia,73054,2025-12-31
Bardejov,Slovakia,29495,2025-12-31
Bratislava,Slovakia,480902,2025-12-31
Brezno,Slovakia,19577,2025-12-31
Čadca,Slovakia,22072,2025-12-31
Detva,Slovakia,13416,2025-12-31
Dolný Kubín,Slovakia,17378,2025-12-31
Dubnica nad Váhom,Slovakia,21356,2025-12-31
Dunajská Streda,Slovakia,22720,2025-12-31
Galanta,Slovakia,15402,2025-12-31
Handlová,Slovakia,15289,2025-12-31
Hlohovec,Slovakia,19214,2025-12-31
Humenné,Slovakia,29179,2025-12-31
Kežmarok,Slovakia,14984,2025-12-31
Komárno,Slovakia,31560,2025-12-31
Košice,Slovakia,222286,2025-12-31
Kysucké Nové Mesto,Slovakia,14213,2025-12-31
Levice,Slovakia,30161,2025-12-31
Levoča,Slovakia,13779,2025-12-31
Liptovský Mikuláš,Slovakia,29710,2025-12-31
Lučenec,Slovakia,24427,2025-12-31
Malacky,Slovakia,18742,2025-12-31
Martin,Slovakia,50153,2025-12-31
Michalovce,Slovakia,34894,2025-12-31
Nitra,Slovakia,75301,2025-12-31
Nové Mesto nad Váhom,Slovakia,19171,2025-12-31
Nové Zámky,Slovakia,35628,2025-12-31
Partizánske,Slovakia,20096,2025-12-31
Pezinok,Slovakia,24340,2025-12-31
Piešťany,Slovakia,26086,2025-12-31
Poprad,Slovakia,48034,2025-12-31
Považská Bystrica,Slovakia,36690,2025-12-31
Prešov,Slovakia,81223,2025-12-31
Prievidza,Slovakia,41959,2025-12-31
Púchov,Slovakia,16622,2025-12-31
Rimavská Sobota,Slovakia,20964,2025-12-31
Rožňava,Slovakia,16794,2025-12-31
Ružomberok,Slovakia,26099,2025-12-31
Šaľa,Slovakia,19534,2025-12-31
Senec,Slovakia,20260,2025-12-31
Senica,Slovakia,18970,2025-12-31
Sereď,Slovakia,14946,2025-12-31
Skalica,Slovakia,15358,2025-12-31
Snina,Slovakia,17612,2025-12-31
Spišská Nová Ves,Slovakia,34023,2025-12-31
Stará Ľubovňa,Slovakia,15534,2025-12-31
Topoľčany,Slovakia,23638,2025-12-31
Trebišov,Slovakia,22706,2025-12-31
Trenčín,Slovakia,54104,2025-12-31
Trnava,Slovakia,63184,2025-12-31
Vranov nad Topľou,Slovakia,20007,2025-12-31
Žiar nad Hronom,Slovakia,16433,2025-12-31
Žilina,Slovakia,79873,2025-12-31
Zvolen,Slovakia,38747,2025-12-31
Ajdovščina,Slovenia,7247,2026-01-01
Bled,Slovenia,5155,2026-01-01
Brežice,Slovenia,6934,2026-01-01
Celje,Slovenia,38175,2026-01-01
Črnomelj,Slovenia,5432,2026-01-01
Domžale,Slovenia,13326,2026-01-01
Grosuplje,Slovenia,7866,2026-01-01
Hrastnik,Slovenia,4667,2026-01-01
Idrija,Slovenia,5701,2026-01-01
Izola ( Isola ),Slovenia,11424,2026-01-01
Jesenice,Slovenia,13740,2026-01-01
Kamnik,Slovenia,13745,2026-01-01
Kočevje,Slovenia,8008,2026-01-01
Koper ( Capodistria ),Slovenia,26579,2026-01-01
Kranj,Slovenia,38089,2026-01-01
Krško,Slovenia,6934,2026-01-01
Litija,Slovenia,6732,2026-01-01
Ljubljana,Slovenia,293244,2026-01-01
Logatec,Slovenia,10107,2026-01-01
Lucija ( Lucia ),Slovenia,6241,2026-01-01
Maribor,Slovenia,98097,2026-01-01
Medvode,Slovenia,5451,2026-01-01
Mengeš,Slovenia,7336,2026-01-01
Murska Sobota,Slovenia,10859,2026-01-01
Nova Gorica,Slovenia,12950,2026-01-01
Novo Mesto,Slovenia,24741,2026-01-01
Postojna,Slovenia,10043,2026-01-01
Ptuj,Slovenia,18247,2026-01-01
Radovljica,Slovenia,6077,2026-01-01
Ravne na Koroškem ( incl. Dobja vas ),Slovenia,7157,2026-01-01
Rogaška Slatina,Slovenia,5256,2026-01-01
Šentjur,Slovenia,5107,2026-01-01
Sežana,Slovenia,6173,2026-01-01
Škofja Loka,Slovenia,11743,2026-01-01
Slovenj Gradec,Slovenia,7746,2026-01-01
Slovenska Bistrica,Slovenia,8435,2026-01-01
Slovenske Konjice,Slovenia,5242,2026-01-01
Trbovlje,Slovenia,13665,2026-01-01
Velenje ( Titovo Velenje ),Slovenia,25617,2026-01-01
Vrhnika,Slovenia,9178,2026-01-01
Zagorje ob Savi,Slovenia,5995,2026-01-01
Žalec,Slovenia,5096,2026-01-01
Aleksandrov [ Alexandrov ],Russia,54179,2025-01-01
Aleksejevka [ Alexeyevka ],Russia,35793,2025-01-01
Aleksin,Russia,58220,2025-01-01
Aprelevka,Russia,38955,2025-01-01
Balabanovo,Russia,31919,2025-01-01
Balašicha ( incl. Železnodorožnyj ) [ Balashikha ],Russia,544303,2025-01-01
Belgorod,Russia,321761,2025-01-01
Bežeck [ Bezhetsk ],Russia,20550,2025-01-01
Bobrov,Russia,20413,2025-01-01
Bogorodick [ Bogoroditsk ],Russia,29133,2025-01-01
Bologoje [ Bologoye ],Russia,19310,2025-01-01
Borisoglebsk,Russia,57682,2025-01-01
Brjansk [ Bryansk ],Russia,372123,2025-01-01
Bronnicy [ Bronnitsy ],Russia,21050,2025-01-01
Buj [ Buy ],Russia,19639,2025-01-01
Buturlinovka,Russia,23648,2025-01-01
Čechov [ Chekhov ],Russia,86786,2025-01-01
Černogolovka [ Chernogolovka ],Russia,18352,2025-01-01
Chimki [ Khimki ],Russia,259399,2025-01-01
Chot'kovo [ Khotkovo ],Russia,20612,2025-01-01
Dankov,Russia,18314,2025-01-01
Dedovsk,Russia,30180,2025-01-01
Desnogorsk,Russia,24406,2025-01-01
Djat'kovo [ Dyatkovo ],Russia,23872,2025-01-01
Dmitrov,Russia,63986,2025-01-01
Dolgoprudnyj [ Dolgoprudny ],Russia,118760,2025-01-01
Domodedovo,Russia,158046,2025-01-01
Donskoj [ Donskoy ],Russia,61740,2025-01-01
Drožžino [ Drozhzhino ],Russia,37311,2025-01-01
Dubna,Russia,74223,2025-01-01
Dzeržinskij [ Dzerzhinsky ],Russia,57308,2025-01-01
Èlektrogorsk,Russia,30044,2025-01-01
Èlektrostal' [ Elektrostal ],Russia,143048,2025-01-01
Èlektrougli,Russia,18060,2025-01-01
Frjazino [ Fryazino ],Russia,58535,2025-01-01
Furmanov,Russia,28609,2025-01-01
Gagarin,Russia,25051,2025-01-01
Golicyno [ Golitsyno ],Russia,22878,2025-01-01
Grjazi [ Gryazi ],Russia,43640,2025-01-01
Gubkin,Russia,83150,2025-01-01
Gus'-Chrustal'nyj [ Gus-Khrustalny ],Russia,48649,2025-01-01
Istra,Russia,34552,2025-01-01
Ivanovo,Russia,356735,2025-01-01
Ivantejevka [ Ivanteyevka ],Russia,84203,2025-01-01
Jarcevo [ Yartsevo ],Russia,39801,2025-01-01
Jaroslavl' [ Yaroslavl ],Russia,563717,2025-01-01
Jefremov [ Yefremov ],Russia,34965,2025-01-01
Jegorjevsk [ Yegoryevsk ],Russia,71024,2025-01-01
Jelec [ Yelets ],Russia,93761,2025-01-01
Kalač [ Kalach ],Russia,16635,2025-01-01
Kalininec,Russia,25545,2025-01-01
Kaluga,Russia,324989,2025-01-01
Karačev [ Karachev ],Russia,16593,2025-01-01
Kasimov,Russia,27234,2025-01-01
Kašira ( incl. Ožerelje ) [ Kashira ],Russia,44433,2025-01-01
Kimovsk,Russia,25950,2025-01-01
Kimry,Russia,38441,2025-01-01
Kinešma [ Kineshma ],Russia,74197,2025-01-01
Kirejevsk [ Kireyevsk ],Russia,25240,2025-01-01
Kirov,Russia,27340,2025-01-01
Kiržač [ Kirzhach ],Russia,25814,2025-01-01
Klin,Russia,89153,2025-01-01
Klincy [ Klintsy ],Russia,61153,2025-01-01
Kochma [ Kokhma ],Russia,29933,2025-01-01
Kol'čugino [ Kolchugino ],Russia,37324,2025-01-01
Kolomna,Russia,132772,2025-01-01
Konakovo,Russia,31169,2025-01-01
Korolëv ( Kaliningrad ) [ Korolyov ],Russia,226477,2025-01-01
Kostroma,Russia,264952,2025-01-01
Kotel'niki [ Kotelniki ],Russia,75289,2025-01-01
Kotovsk,Russia,25852,2025-01-01
Kovrov,Russia,127831,2025-01-01
Kraskovo,Russia,28195,2025-01-01
Krasnoarmejsk [ Krasnoarmeysk ],Russia,26746,2025-01-01
Krasnogorsk,Russia,196987,2025-01-01
Krasnoznamensk ( Golicyno-2 ),Russia,44687,2025-01-01
Kubinka,Russia,23638,2025-01-01
Kurčaloj [ Kurchatov ],Russia,38543,2025-01-01
Kurovskoje [ Kurovskoye ],Russia,19931,2025-01-01
Kursk,Russia,434696,2025-01-01
Lebedjan' [ Lebedyan ],Russia,18886,2025-01-01
L'gov [ Lgov ],Russia,16554,2025-01-01
Likino-Dulëvo [ Likino-Dulyovo ],Russia,33917,2025-01-01
Lipeck [ Lipetsk ],Russia,483040,2025-01-01
Liski,Russia,51778,2025-01-01
Livny,Russia,42256,2025-01-01
Ljubercy [ Lyubertsy ],Russia,238534,2025-01-01
Ljudinovo [ Lyudinovo ],Russia,34621,2025-01-01
Lobnja [ Lobnya ],Russia,82353,2025-01-01
Losino-Petrovskij [ Losino-Petrovsky ],Russia,29831,2025-01-01
Luchovicy [ Lukhovitsy ],Russia,29805,2025-01-01
Lytkarino,Russia,66930,2025-01-01
Malachovka [ Malakhovka ],Russia,25898,2025-01-01
Malojaroslavec [ Maloyaroslavets ],Russia,42899,2025-01-01
Mcensk [ Mtsensk ],Russia,35116,2025-01-01
Mičurinsk [ Michurinsk ],Russia,87914,2025-01-01
Misajlovo [ Misaylovo ],Russia,33100,2025-01-01
Monino,Russia,20726,2025-01-01
Moršansk [ Morshansk ],Russia,38049,2025-01-01
Moskva [ Moscow ],Russia,13274285,2025-01-01
Možajsk [ Mozhaysk ],Russia,32516,2025-01-01
Murom,Russia,104078,2025-01-01
Mytišči ( incl. Pirogovskij ) [ Mytishchi ],Russia,278693,2025-01-01
Nachabino [ Nakhabino ],Russia,56608,2025-01-01
Naro-Fominsk,Russia,76191,2025-01-01
Nelidovo,Russia,17530,2025-01-01
Nerechta [ Nerekhta ],Russia,18954,2025-01-01
Noginsk,Russia,103403,2025-01-01
Novaja Usman' [ Novaya Usman ],Russia,35700,2025-01-01
Novomičurinsk [ Novomichurinsk ],Russia,16407,2025-01-01
Novomoskovsk,Russia,115938,2025-01-01
Novovoronež [ Novovoronezh ],Russia,30434,2025-01-01
Novozybkov,Russia,37852,2025-01-01
Novyj Oskol [ Novy Oskol ],Russia,18065,2025-01-01
Obninsk,Russia,132965,2025-01-01
Odincovo [ Odintsovo ],Russia,189797,2025-01-01
Oktjabr'skij [ Oktyabrsky ],Russia,26352,2025-01-01
Orechovo-Zujevo [ Orekhovo-Zuyevo ],Russia,104812,2025-01-01
Orël [ Oryol ],Russia,289503,2025-01-01
Ostaškov [ Ostashkov ],Russia,15894,2025-01-01
Ostrogožsk [ Ostrogozhsk ],Russia,30549,2025-01-01
Ozëry [ Ozyory ],Russia,23952,2025-01-01
Pavlovsk,Russia,21409,2025-01-01
Pavlovskij Posad [ Pavlovsky Posad ],Russia,65331,2025-01-01
Pereslavl'-Zalesskij [ Pereslavl-Zalessky ],Russia,35956,2025-01-01
"Podol'sk ( incl. Klimovsk, L'vovskij ) [ Podolsk ]",Russia,313414,2025-01-01
Protvino,Russia,37270,2025-01-01
Puščino [ Pushchino ],Russia,19229,2025-01-01
Puškino [ Pushkino ],Russia,112807,2025-01-01
Putilkovo,Russia,32200,2025-01-01
Ramenskoje [ Ramenskoye ],Russia,117115,2025-01-01
Rasskazovo,Russia,46264,2025-01-01
Razumnoje [ Razumnoye ],Russia,28878,2025-01-01
Reutov,Russia,118065,2025-01-01
Rjazan' [ Ryazan ],Russia,519315,2025-01-01
Rjažsk [ Ryazhsk ],Russia,19886,2025-01-01
Rodniki,Russia,23610,2025-01-01
Rošal' [ Roshal ],Russia,20757,2025-01-01
Roslavl' [ Roslavl ],Russia,43208,2025-01-01
Rossoš' [ Rossosh ],Russia,59568,2025-01-01
Rostov,Russia,27050,2025-01-01
Rybinsk ( Andropov ),Russia,169579,2025-01-01
Rybnoje [ Rybnoye ],Russia,21165,2025-01-01
Ržev [ Rzhev ],Russia,52619,2025-01-01
Safonovo,Russia,36779,2025-01-01
Šar'ja [ Sharya ],Russia,19869,2025-01-01
Sasovo,Russia,20534,2025-01-01
Šatura [ Shatura ],Russia,36428,2025-01-01
Ščëkino [ Shchyokino ],Russia,52177,2025-01-01
Ščëlkovo [ Shchyolkovo ],Russia,139737,2025-01-01
Šebekino [ Shebekino ],Russia,37592,2025-01-01
Semiluki,Russia,28103,2025-01-01
Sergijev Posad ( Zagorsk ) [ Sergiyev Posad ],Russia,98476,2025-01-01
Serpuchov [ Serpukhov ],Russia,134360,2025-01-01
Severnyj [ Severny ],Russia,24488,2025-01-01
Skopin,Russia,24055,2025-01-01
Smolensk,Russia,310460,2025-01-01
Sobinka,Russia,16246,2025-01-01
Solnečnogorsk [ Solnechnogorsk ],Russia,48678,2025-01-01
Staraja Kupavna [ Staraya Kupavna ],Russia,23944,2025-01-01
Staryj Oskol [ Stary Oskol ],Russia,215937,2025-01-01
Stroitel',Russia,19400,2025-01-01
Stroitel',Russia,23443,2025-01-01
Stupino,Russia,63151,2025-01-01
Šuja [ Shuya ],Russia,52971,2025-01-01
Suvorov,Russia,17201,2025-01-01
Sverdlovskij [ Sverdlovsky ],Russia,27482,2025-01-01
Tambov,Russia,254940,2025-01-01
Tejkovo [ Teykovo ],Russia,30398,2025-01-01
Tomilino,Russia,30811,2025-01-01
Toržok [ Torzhok ],Russia,39259,2025-01-01
Tučkovo [ Tuchkovo ],Russia,23437,2025-01-01
Tula,Russia,456813,2025-01-01
Tutajev [ Tutayev ],Russia,39009,2025-01-01
Tver' ( Kalinin ) [ Tver ],Russia,412806,2025-01-01
Udomlja [ Udomlya ],Russia,24716,2025-01-01
Uglič [ Uglich ],Russia,31614,2025-01-01
Uneča [ Unecha ],Russia,23491,2025-01-01
Usman',Russia,19165,2025-01-01
Uvarovo,Russia,22754,2025-01-01
Uzlovaja [ Uzlovaya ],Russia,47558,2025-01-01
Valujki [ Valuyki ],Russia,31199,2025-01-01
Vičuga [ Vichuga ],Russia,29228,2025-01-01
Vidnoje [ Vidnoye ],Russia,108683,2025-01-01
Vjaz'ma [ Vyazma ],Russia,49932,2025-01-01
Vjazniki [ Vyazniki ],Russia,33815,2025-01-01
Vladimir,Russia,341579,2025-01-01
Vlasicha,Russia,28556,2025-01-01
Volokolamsk,Russia,25394,2025-01-01
Voronež [ Voronezh ],Russia,1041722,2025-01-01
Voskresensk,Russia,95347,2025-01-01
Vyšnij Voločëk [ Vyshny Volochyok ],Russia,42884,2025-01-01
Zarajsk [ Zaraysk ],Russia,20253,2025-01-01
Železnogorsk [ Zheleznogorsk ],Russia,94959,2025-01-01
Žukovskij [ Zhukovsky ],Russia,109831,2025-01-01
Zvenigorod,Russia,37915,2025-01-01
Aldan,Russia,21837,2025-01-01
Amursk,Russia,37204,2025-01-01
Anadyr' [ Anadyr ],Russia,13224,2025-01-01
Arsenjev [ Arsenyev ],Russia,46543,2025-01-01
Artëm [ Artyom ],Russia,108274,2025-01-01
Belogorsk,Russia,59901,2025-01-01
Birobidžan [ Birobidzhan ],Russia,67212,2025-01-01
Blagoveščensk [ Blagoveshchensk ],Russia,239932,2025-01-01
Bol'šoj Kamen' [ Bolshoy Kamen ],Russia,40387,2025-01-01
Borzja [ Borzya ],Russia,28988,2025-01-01
Chabarovsk [ Khabarovsk ],Russia,615600,2025-01-01
Cholmsk [ Kholmsk ],Russia,24730,2025-01-01
Čita [ Chita ],Russia,337063,2025-01-01
Dal'negorsk [ Dalnegorsk ],Russia,32310,2025-01-01
Dal'nerečensk [ Dalnerechensk ],Russia,22521,2025-01-01
Fokino ( Škotovo-17 ),Russia,19171,2025-01-01
Gusinoozërsk [ Gusinoozyorsk ],Russia,24319,2025-01-01
Jakutsk [ Yakutsk ],Russia,372801,2025-01-01
Jelizovo [ Yelizovo ],Russia,36779,2025-01-01
Južno-Sachalinsk [ Yuzhno-Sakhalinsk ],Russia,181976,2025-01-01
Kjachta [ Kyakhta ],Russia,17758,2025-01-01
Komsomol'sk-na-Amure [ Komsomolsk-on-Amur ],Russia,233716,2025-01-01
Korsakov,Russia,32772,2025-01-01
Krasnokamensk,Russia,51358,2025-01-01
Lensk,Russia,21007,2025-01-01
Lesozavodsk,Russia,34289,2025-01-01
Lučegorsk [ Luchegorsk ],Russia,16763,2025-01-01
Magadan,Russia,90421,2025-01-01
Mirnyj [ Mirny ],Russia,34295,2025-01-01
Nachodka [ Nakhodka ],Russia,133859,2025-01-01
Nerjungri [ Neryungri ],Russia,53366,2025-01-01
Nikolajevsk-na-Amure [ Nikolayevsk-on-Amur ],Russia,17471,2025-01-01
Ocha [ Okha ],Russia,19354,2025-01-01
Partizansk,Russia,32635,2025-01-01
Petropavlovsk-Kamčatskij [ Petropavlovsk-Kamchatsky ],Russia,162546,2025-01-01
Petrovsk-Zabajkal'skij [ Petrovsk-Zabaykalsky ],Russia,14303,2025-01-01
Rajčichinsk [ Raychikhinsk ],Russia,15609,2025-01-01
Severobajkal'sk [ Severobaykalsk ],Russia,24375,2025-01-01
Šimanovsk [ Shimanovsk ],Russia,15913,2025-01-01
Sovetskaja Gavan' [ Sovetskaya Gavan ],Russia,23232,2025-01-01
Spassk-Dal'nij [ Spassk-Dalny ],Russia,34370,2025-01-01
Svobodnyj [ Svobodny ],Russia,49825,2025-01-01
Trudovoje [ Trudovoye ],Russia,19600,2025-01-01
Tynda,Russia,27626,2025-01-01
Ulan-Udè,Russia,435067,2025-01-01
Ussurijsk [ Ussuriysk ],Russia,178803,2025-01-01
Viljučinsk ( Petropavlovsk-Kamčatskij-50 ) [ Vilyuchinsk ],Russia,22569,2025-01-01
Vladivostok,Russia,594201,2025-01-01
Zeja [ Zeya ],Russia,18486,2025-01-01
Apatity,Russia,48410,2025-01-01
Archangel'sk [ Arkhangelsk ],Russia,294914,2025-01-01
Baltijsk ( Pillau ) [ Baltiysk ],Russia,27318,2025-01-01
Boroviči [ Borovichi ],Russia,46325,2025-01-01
Bugry,Russia,34617,2025-01-01
Čerepovec [ Cherepovets ],Russia,298160,2025-01-01
Černjachovsk ( Insterburg ) [ Chernyakhovsk ],Russia,35066,2025-01-01
Gatčina [ Gatchina ],Russia,91514,2025-01-01
Gurjevsk [ Guryevsk ],Russia,28943,2025-01-01
Gusev ( Gumbinnen ),Russia,28600,2025-01-01
Inta,Russia,18737,2025-01-01
Janino-1 [ Yanino-1 ],Russia,24115,2025-01-01
Kaliningrad ( Königsberg ),Russia,488690,2025-01-01
Kandalakša [ Kandalaksha ],Russia,27772,2025-01-01
Kingisepp,Russia,48355,2025-01-01
Kiriši [ Kirishi ],Russia,49235,2025-01-01
Kirovsk,Russia,23710,2025-01-01
Kirovsk,Russia,27083,2025-01-01
Kommunar,Russia,25830,2025-01-01
Kondopoga,Russia,24689,2025-01-01
Korjažma [ Koryazhma ],Russia,33419,2025-01-01
Kostomukša [ Kostomuksha ],Russia,25704,2025-01-01
Kotlas,Russia,55614,2025-01-01
Kovdor,Russia,15170,2025-01-01
Kudrovo,Russia,68384,2025-01-01
Lodejnoje Pole [ Lodeynoye Pole ],Russia,18394,2025-01-01
Luga,Russia,36454,2025-01-01
Mirnyj [ Mirny ],Russia,27034,2025-01-01
Mončegorsk [ Monchegorsk ],Russia,38810,2025-01-01
Murino,Russia,116293,2025-01-01
Murmansk,Russia,264339,2025-01-01
Nar'jan-Mar [ Naryan-Mar ],Russia,24056,2025-01-01
Nikol'skoje [ Nikolskoye ],Russia,21186,2025-01-01
Njandoma [ Nyandoma ],Russia,18010,2025-01-01
Novodvinsk,Russia,32366,2025-01-01
Novoje Devjatkino [ Novoye Devyatkino ],Russia,25800,2025-01-01
Olenegorsk,Russia,20610,2025-01-01
Onega,Russia,15691,2025-01-01
Ostrov,Russia,20655,2025-01-01
Otradnoje [ Otradnoye ],Russia,25290,2025-01-01
Pečora [ Pechora ],Russia,33766,2025-01-01
Petrozavodsk,Russia,234577,2025-01-01
Pikalëvo [ Pikalyovo ],Russia,19830,2025-01-01
Podporožje [ Podporozhye ],Russia,15324,2025-01-01
Priozersk,Russia,17920,2025-01-01
Pskov,Russia,185486,2025-01-01
Sankt-Peterburg ( Leningrad ) [ Saint Petersburg ],Russia,5652922,2025-01-01
Segeža [ Segezha ],Russia,22506,2025-01-01
Šeksna [ Sheksna ],Russia,15973,2025-01-01
Sertolovo,Russia,72273,2025-01-01
Severodvinsk,Russia,155365,2025-01-01
Severomorsk,Russia,44486,2025-01-01
Slancy [ Slantsy ],Russia,32984,2025-01-01
Sokol,Russia,33690,2025-01-01
Sortavala,Russia,14593,2025-01-01
Sosnogorsk,Russia,21671,2025-01-01
Sosnovyj Bor [ Sosnovy Bor ],Russia,63746,2025-01-01
Sovetsk ( Tilsit ),Russia,38270,2025-01-01
Staraja Russa [ Staraya Russa ],Russia,26285,2025-01-01
Svetlyj [ Svetly ],Russia,20754,2025-01-01
Syktyvkar,Russia,219094,2025-01-01
Tel'mana,Russia,23407,2025-01-01
Tichvin [ Tikhvin ],Russia,53778,2025-01-01
Tosno,Russia,31676,2025-01-01
Uchta [ Ukhta ],Russia,77164,2025-01-01
Usinsk,Russia,31192,2025-01-01
Velikije Luki [ Velikiye Luki ],Russia,84655,2025-01-01
Velikij Novgorod [ Veliky Novgorod ],Russia,222669,2025-01-01
Velikij Ustjug [ Veliky Ustyug ],Russia,27511,2025-01-01
Vel'sk [ Velsk ],Russia,21502,2025-01-01
Volchov [ Volkhov ],Russia,37337,2025-01-01
Vologda,Russia,311476,2025-01-01
Vorkuta,Russia,55702,2025-01-01
Vsevoložsk [ Vsevolozhsk ],Russia,78533,2025-01-01
Vyborg,Russia,70443,2025-01-01
Ačchoj-Martan [ Achkhoy-Martan ],Russia,29998,2025-01-01
Alagir,Russia,21253,2025-01-01
Aleksandrovskoje [ Alexandrovskoye ],Russia,25100,2025-01-01
Argun,Russia,42126,2025-01-01
Baksan,Russia,40276,2025-01-01
Beslan,Russia,36199,2025-01-01
Blagodarnyj [ Blagodarny ],Russia,30632,2025-01-01
Budënnovsk [ Budyonnovsk ],Russia,56258,2025-01-01
Bujnaksk [ Buynaksk ],Russia,70190,2025-01-01
Čegem [ Chegem ],Russia,21161,2025-01-01
Čerkessk [ Cherkessk ],Russia,112952,2025-01-01
Chasavjurt [ Khasavyurt ],Russia,161114,2025-01-01
Dagestanskije Ogni [ Dagestanskiye Ogni ],Russia,32673,2025-01-01
Derbent,Russia,128141,2025-01-01
Dygulubgej [ Dygulybgey ],Russia,21100,2025-01-01
Ekaževo [ Ekazhevo ],Russia,28400,2025-01-01
Georgijevsk [ Georgiyevsk ],Russia,61046,2025-01-01
Gojty [ Goyty ],Russia,19000,2025-01-01
Gorjačevodskij [ Goryachevodsky ],Russia,35706,2025-01-01
Groznyj [ Grozny ],Russia,399286,2025-01-01
Gudermes,Russia,64641,2025-01-01
Inozemcevo [ Inozemtsevo ],Russia,28091,2025-01-01
Ipatovo,Russia,25163,2025-01-01
Izberbaš [ Izberbash ],Russia,59275,2025-01-01
Izobil'nyj [ Izobilny ],Russia,37450,2025-01-01
Jessentuki [ Yessentuki ],Russia,124038,2025-01-01
Jessentukskaja [ Yessentukskaya ],Russia,24200,2025-01-01
Karabudachkent [ Karabudakhkent ],Russia,21800,2025-01-01
Karabulak,Russia,44643,2025-01-01
Karačajevsk [ Karachayevsk ],Russia,23841,2025-01-01
Kaspijsk [ Kaspiysk ],Russia,133105,2025-01-01
Kislovodsk,Russia,125931,2025-01-01
Kiziljurt [ Kizilyurt ],Russia,39601,2025-01-01
Kizljar [ Kizlyar ],Russia,51197,2025-01-01
Kočubejevskoje [ Kochubeyevskoye ],Russia,26300,2025-01-01
Kurčaloj [ Kurchaloy ],Russia,24271,2025-01-01
Leninkent,Russia,19795,2025-01-01
Lermontov,Russia,23336,2025-01-01
Machačkala [ Makhachkala ],Russia,625322,2025-01-01
Majskij [ Maysky ],Russia,26210,2025-01-01
Malgobek,Russia,38704,2025-01-01
Michajlovsk [ Mikhaylovsk ],Russia,113701,2025-01-01
Mineral'nyje Vody [ Mineralnye Vody ],Russia,68761,2025-01-01
Mozdok,Russia,34841,2025-01-01
Nal'čik [ Nalchik ],Russia,245588,2025-01-01
Nartkala,Russia,33119,2025-01-01
Nazran' [ Nazran ],Russia,127994,2025-01-01
Neftekumsk,Russia,22998,2025-01-01
Nesterovskaja [ Nesterovskaya ],Russia,18600,2025-01-01
Nevinnomyssk,Russia,113112,2025-01-01
Nezlobnaja [ Nezlobnaya ],Russia,18900,2025-01-01
Novoaleksandrovsk [ Novoalexandrovsk ],Russia,25718,2025-01-01
Novopavlovsk,Russia,20490,2025-01-01
Ojschara [ Oyskhara ],Russia,35163,2025-01-01
Pjatigorsk [ Pyatigorsk ],Russia,142895,2025-01-01
Prochladnyj [ Prokhladny ],Russia,60009,2025-01-01
Šali [ Shali ],Russia,55225,2025-01-01
Stavropol' [ Stavropol ],Russia,562964,2025-01-01
Sunža ( Ordžonikidzevskaja ) [ Sunzha ],Russia,63378,2025-01-01
Suvorovskaja [ Suvorovskaya ],Russia,19000,2025-01-01
Svetlograd,Russia,34406,2025-01-01
Terek,Russia,20154,2025-01-01
Troickaja,Russia,23600,2025-01-01
Tyrnyauz,Russia,22334,2025-01-01
Urus-Martan,Russia,63830,2025-01-01
Ust'-Džeguta [ Ust-Dzheguta ],Russia,31685,2025-01-01
Vladikavkaz ( Ordzonikidse ),Russia,293287,2025-01-01
Zelenčukskaja [ Zelenchukskaya ],Russia,19900,2025-01-01
Zelenokumsk,Russia,32800,2025-01-01
Železnovodsk [ Zheleznovodsk ],Russia,21727,2025-01-01
Abakan,Russia,184284,2025-01-01
Ačinsk [ Achinsk ],Russia,99048,2025-01-01
Alejsk [ Aleysk ],Russia,24343,2025-01-01
Angarsk,Russia,216973,2025-01-01
Anžero-Sudžensk [ Anzhero-Sudzhensk ],Russia,63942,2025-01-01
Asino,Russia,24401,2025-01-01
Barabinsk,Russia,27184,2025-01-01
Barnaul,Russia,621598,2025-01-01
Belovo,Russia,66862,2025-01-01
Berdsk,Russia,101987,2025-01-01
Berëzovka [ Beryozovka ],Russia,18715,2025-01-01
Berëzovskij [ Beryozovsky ],Russia,43254,2025-01-01
Bijsk [ Biysk ],Russia,179211,2025-01-01
Bogotol,Russia,17245,2025-01-01
Bratsk,Russia,219365,2025-01-01
Čeremchovo [ Cheremkhovo ],Russia,52879,2025-01-01
Čerepanovo [ Cherepanovo ],Russia,19706,2025-01-01
Černogorsk [ Chernogorsk ],Russia,75672,2025-01-01
Divnogorsk,Russia,27010,2025-01-01
Dudinka,Russia,19459,2025-01-01
Gorno-Altajsk [ Gorno-Altaysk ],Russia,63848,2025-01-01
Gurjevsk [ Guryevsk ],Russia,21487,2025-01-01
Irkutsk,Russia,605708,2025-01-01
Isil'kul' [ Isilkul ],Russia,19445,2025-01-01
Iskitim,Russia,56509,2025-01-01
Jarovoje [ Yarovoye ],Russia,16406,2025-01-01
Jenisejsk [ Yeniseysk ],Russia,17868,2025-01-01
Jurga [ Yurga ],Russia,77092,2025-01-01
Južnyj [ Yuzhny ],Russia,17670,2025-01-01
Kaa-Chem [ Kaa-Khem ],Russia,20356,2025-01-01
Kalačinsk [ Kalachinsk ],Russia,20168,2025-01-01
Kaltan,Russia,20724,2025-01-01
Kamen'-na-Obi [ Kamen-na-Obi ],Russia,31437,2025-01-01
Kansk,Russia,85182,2025-01-01
Karasuk,Russia,24569,2025-01-01
Kemerovo,Russia,542928,2025-01-01
Kiselëvsk [ Kiselyovsk ],Russia,80115,2025-01-01
Kol'covo [ Koltsovo ],Russia,20942,2025-01-01
Kolpaševo [ Kolpashevo ],Russia,19887,2025-01-01
Krasnojarsk [ Krasnoyarsk ],Russia,1211756,2025-01-01
Krasnoobsk,Russia,30316,2025-01-01
Kujbyšev [ Kuybyshev ],Russia,41123,2025-01-01
Kyzyl,Russia,131981,2025-01-01
Leninsk-Kuzneckij [ Leninsk-Kuznetsky ],Russia,88171,2025-01-01
Lesosibirsk,Russia,54451,2025-01-01
Linëvo [ Linyovo ],Russia,17521,2025-01-01
Mariinsk,Russia,39883,2025-01-01
Markova,Russia,39940,2025-01-01
Meždurečensk [ Mezhdurechensk ],Russia,94435,2025-01-01
Minusinsk,Russia,68034,2025-01-01
Myski,Russia,38720,2025-01-01
Nazarovo,Russia,43770,2025-01-01
Nižneudinsk [ Nizhneudinsk ],Russia,29271,2025-01-01
Noril'sk [ Norilsk ],Russia,175773,2025-01-01
Novoaltajsk [ Novoaltaysk ],Russia,73292,2025-01-01
Novokuzneck [ Novokuznetsk ],Russia,528747,2025-01-01
Novosibirsk,Russia,1637266,2025-01-01
Ob',Russia,31207,2025-01-01
Omsk,Russia,1101367,2025-01-01
Osinniki,Russia,38740,2025-01-01
Polysajevo [ Polysayevo ],Russia,25177,2025-01-01
Prokopjevsk [ Prokopyevsk ],Russia,170429,2025-01-01
Promyšlennaja [ Promyshlennaya ],Russia,19149,2025-01-01
Rubcovsk [ Rubtsovsk ],Russia,121698,2025-01-01
Sajanogorsk [ Sayanogorsk ],Russia,43726,2025-01-01
Sajansk [ Sayansk ],Russia,35725,2025-01-01
Šarypovo [ Sharypovo ],Russia,32641,2025-01-01
Šelechov [ Shelekhov ],Russia,40262,2025-01-01
Seversk ( Tomsk-7 ),Russia,104982,2025-01-01
Slavgorod,Russia,27040,2025-01-01
Sosnovoborsk,Russia,40819,2025-01-01
Streževoj [ Strezhevoy ],Russia,37165,2025-01-01
Tajga [ Tayga ],Russia,21717,2025-01-01
Tajšet [ Tayshet ],Russia,33225,2025-01-01
Tal'menka,Russia,17785,2025-01-01
Tara,Russia,26874,2025-01-01
Taštagol [ Tashtagol ],Russia,21209,2025-01-01
Tatarsk,Russia,23210,2025-01-01
Togučin [ Toguchin ],Russia,20244,2025-01-01
Tomsk,Russia,544566,2025-01-01
Topki,Russia,26648,2025-01-01
Tulun,Russia,37366,2025-01-01
Usolje-Sibirskoje [ Usolye-Sibirskoye ],Russia,71694,2025-01-01
Ust'-Ilimsk,Russia,77034,2025-01-01
Ust'-Kut,Russia,35821,2025-01-01
Vichorevka [ Vikhorevka ],Russia,21092,2025-01-01
Zarinsk,Russia,39804,2025-01-01
Zelenogorsk ( Krasnojarsk-45 ),Russia,52389,2025-01-01
Železnogorsk ( Krasnojarsk-26 ) [ Zheleznogorsk ],Russia,80081,2025-01-01
Železnogorsk-Ilimskij [ Zheleznogorsk-Ilimsky ],Russia,20600,2025-01-01
Zima,Russia,29681,2025-01-01
Abinsk,Russia,38440,2025-01-01
Achtubinsk [ Akhtubinsk ],Russia,34873,2025-01-01
Achtyrskij [ Akhtyrsky ],Russia,20875,2025-01-01
Afipskij [ Afipsky ],Russia,24589,2025-01-01
Aksaj [ Aksay ],Russia,49004,2025-01-01
Anapa,Russia,84804,2025-01-01
Apšeronsk [ Apsheronsk ],Russia,39047,2025-01-01
Armavir,Russia,185356,2025-01-01
Astrachan' [ Astrakhan ],Russia,465990,2025-01-01
Azov,Russia,79872,2025-01-01
Batajsk [ Bataysk ],Russia,125378,2025-01-01
Belaja Kalitva [ Belaya Kalitva ],Russia,38597,2025-01-01
Belorečensk [ Belorechensk ],Russia,54190,2025-01-01
Br'uchoveckaja [ Bryukhovetskaya ],Russia,18800,2025-01-01
Čaltyr' [ Chaltyr ],Russia,19900,2025-01-01
Chadyžensk [ Khadyzhensk ],Russia,21700,2025-01-01
Dinskaja [ Dinskaya ],Russia,35600,2025-01-01
Doneck [ Donetsk ],Russia,45334,2025-01-01
Èlista,Russia,104082,2025-01-01
Ènem,Russia,27988,2025-01-01
Frolovo,Russia,33933,2025-01-01
Gelendžik [ Gelendzhik ],Russia,80534,2025-01-01
Gorjačij Ključ [ Goryachy Klyuch ],Russia,42634,2025-01-01
Gorodišče [ Gorodishche ],Russia,23028,2025-01-01
Gukovo,Russia,58316,2025-01-01
Gul'keviči [ Gulkevichi ],Russia,32911,2025-01-01
Il'skij [ Ilsky ],Russia,25125,2025-01-01
Jablonovskij [ Yablonovsky ],Russia,56658,2025-01-01
Jejsk [ Yeysk ],Russia,81099,2025-01-01
Jelizavetinskaja [ Elizavetinskaya ],Russia,24400,2025-01-01
Kalač -na-Donu [ Kalach-na-Donu ],Russia,23398,2025-01-01
Kamensk-Šachtinskij [ Kamensk-Shakhtinsky ],Russia,82425,2025-01-01
Kamyšin [ Kamyshin ],Russia,104220,2025-01-01
Kanevskaja [ Kanevskaya ],Russia,41000,2025-01-01
Korenovsk,Russia,40944,2025-01-01
Kotel'nikovo [ Kotelnikovo ],Russia,22056,2025-01-01
Kotovo,Russia,19955,2025-01-01
Krasnodar,Russia,1154885,2025-01-01
Krasnyj Sulin [ Krasny Sulin ],Russia,34694,2025-01-01
Kropotkin,Russia,73854,2025-01-01
Krymsk,Russia,54756,2025-01-01
Kurganinsk,Russia,46089,2025-01-01
Kuščëvskaja [ Kushchyovskaya ],Russia,29900,2025-01-01
Labinsk,Russia,55434,2025-01-01
Leningradskaja [ Leningradskaya ],Russia,35100,2025-01-01
Majkop [ Maykop ],Russia,137899,2025-01-01
Michajlovka [ Mikhaylovka ],Russia,54343,2025-01-01
Millerovo,Russia,34246,2025-01-01
Morozovsk,Russia,23753,2025-01-01
Mostovskoj [ Mostovskoy ],Russia,25285,2025-01-01
Novočerkassk [ Novocherkassk ],Russia,161060,2025-01-01
Novokubansk,Russia,33048,2025-01-01
Novorossijsk [ Novorossiysk ],Russia,261973,2025-01-01
Novošachtinsk [ Novoshakhtinsk ],Russia,100738,2025-01-01
Novotitarovskaja,Russia,31100,2025-01-01
Orlovskij [ Orlovsky ],Russia,15400,2025-01-01
Otradnaja [ Otradnaya ],Russia,22600,2025-01-01
Pavlovskaja [ Pavlovskaya ],Russia,28300,2025-01-01
Poltavskaja [ Poltavskaya ],Russia,23700,2025-01-01
Primorsko-Achtarsk [ Primorsko-Akhtarsk ],Russia,30084,2025-01-01
Proletarsk,Russia,18750,2025-01-01
Rostov-na-Donu [ Rostov-on-Don ],Russia,1143123,2025-01-01
Šachty [ Shakhty ],Russia,219111,2025-01-01
Sal'sk [ Salsk ],Russia,56605,2025-01-01
Semikarakorsk,Russia,21106,2025-01-01
Severskaja [ Severskaya ],Russia,27500,2025-01-01
Slavjansk-na-Kubani [ Slavyansk-na-Kubani ],Russia,60780,2025-01-01
Soči [ Sochi ],Russia,445149,2025-01-01
Starominskaja [ Starominskaya ],Russia,29900,2025-01-01
Surovikino,Russia,18909,2025-01-01
Taganrog,Russia,240055,2025-01-01
Tbilisskaja [ Tbilisskaya ],Russia,24700,2025-01-01
Temrjuk [ Temryuk ],Russia,40415,2025-01-01
Tichoreck [ Tikhoretsk ],Russia,54009,2025-01-01
Timašëvsk [ Timashyovsk ],Russia,51101,2025-01-01
Tuapse,Russia,60089,2025-01-01
Urjupinsk [ Uryupinsk ],Russia,34783,2025-01-01
Ust'-Labinsk,Russia,38572,2025-01-01
Volgodonsk,Russia,162908,2025-01-01
Volgograd,Russia,1012219,2025-01-01
Volžskij [ Volzhsky ],Russia,313034,2025-01-01
Vyselki,Russia,19600,2025-01-01
Zernograd,Russia,23305,2025-01-01
Znamensk ( Kasputin Jar-1 ),Russia,23487,2025-01-01
Zverevo,Russia,18246,2025-01-01
Alapajevsk [ Alapayevsk ],Russia,35704,2025-01-01
Aramil' [ Aramil ],Russia,20559,2025-01-01
Artëmovskij [ Artyomovsky ],Russia,28546,2025-01-01
Aša [ Asha ],Russia,26696,2025-01-01
Asbest,Russia,55518,2025-01-01
Bakal,Russia,15947,2025-01-01
Belojarskij [ Beloyarsky ],Russia,19861,2025-01-01
Berëzovskij [ Beryozovsky ],Russia,60752,2025-01-01
Bogdanovič [ Bogdanovich ],Russia,29574,2025-01-01
Čebarkul' [ Chebarkul ],Russia,44341,2025-01-01
Čeljabinsk [ Chelyabinsk ],Russia,1176770,2025-01-01
Chanty-Mansijsk [ Khanty-Mansiysk ],Russia,113663,2025-01-01
Fëdorovskij [ Fedorovsky ],Russia,24466,2025-01-01
Gubkinskij [ Gubkinsky ],Russia,35170,2025-01-01
Irbit,Russia,36178,2025-01-01
Išim [ Ishim ],Russia,67345,2025-01-01
Izlučinsk [ Izluchinsk ],Russia,22268,2025-01-01
Jalutorovsk [ Yalutorovsk ],Russia,38824,2025-01-01
Jekaterinburg ( Sverdlovsk ) [ Yekaterinburg ],Russia,1548187,2025-01-01
Jemanželinsk [ Yemanzhelinsk ],Russia,27290,2025-01-01
Jugorsk [ Yugorsk ],Russia,39568,2025-01-01
Južnoural'sk [ Yuzhnouralsk ],Russia,36964,2025-01-01
Kačkanar [ Kachkanar ],Russia,36252,2025-01-01
Kamensk-Ural'skij [ Kamensk-Uralsky ],Russia,160312,2025-01-01
Kamyšlov [ Kamyshlov ],Russia,26915,2025-01-01
Karpinsk,Russia,24918,2025-01-01
Kartaly,Russia,26675,2025-01-01
Katav-Ivanovsk,Russia,14025,2025-01-01
Kirovgrad,Russia,18234,2025-01-01
Kogalym,Russia,64066,2025-01-01
Kopejsk [ Kopeysk ],Russia,143751,2025-01-01
Korkino,Russia,35832,2025-01-01
Krasnotur'insk [ Krasnoturyinsk ],Russia,55056,2025-01-01
Krasnoufimsk,Russia,37350,2025-01-01
Krasnoural'sk [ Krasnouralsk ],Russia,21159,2025-01-01
Kurgan,Russia,300763,2025-01-01
Kusa,Russia,16675,2025-01-01
Kušva [ Kushva ],Russia,26347,2025-01-01
Kyštym [ Kyshtym ],Russia,35058,2025-01-01
Labytnangi,Russia,26462,2025-01-01
Langepas,Russia,44797,2025-01-01
Lesnoj ( Sverdlovsk-45 ) [ Lesnoy ],Russia,47994,2025-01-01
Ljantor [ Lyantor ],Russia,42530,2025-01-01
Magnitogorsk,Russia,408487,2025-01-01
Megion,Russia,53203,2025-01-01
Miass,Russia,146650,2025-01-01
Muravlenko,Russia,29529,2025-01-01
Nadym,Russia,44046,2025-01-01
Neftejugansk [ Nefteyugansk ],Russia,127950,2025-01-01
Nev'jansk [ Nevyansk ],Russia,22079,2025-01-01
Nižnevartovsk [ Nizhnevartovsk ],Russia,293130,2025-01-01
Nižnij Tagil [ Nizhny Tagil ],Russia,328157,2025-01-01
Nižnjaja Tura [ Nizhnyaya Tura ],Russia,17510,2025-01-01
Njagan' [ Nyagan ],Russia,63683,2025-01-01
Nojabr'sk [ Noyabrsk ],Russia,104550,2025-01-01
Novoural'sk ( Sverdlovsk-44 ) [ Novouralsk ],Russia,76982,2025-01-01
Novyj Urengoj [ Novy Urengoy ],Russia,112014,2025-01-01
Ozërsk ( Čel'abinsk-65 ) [ Ozyorsk ],Russia,75395,2025-01-01
Pervoural'sk [ Pervouralsk ],Russia,110999,2025-01-01
Pojkovskij [ Poykovsky ],Russia,24503,2025-01-01
Polevskoj [ Polevskoy ],Russia,53366,2025-01-01
Pyt'-Jach [ Pyt-Yakh ],Russia,41213,2025-01-01
Radužnyj [ Raduzhny ],Russia,45961,2025-01-01
Revda,Russia,58831,2025-01-01
Rež [ Rezh ],Russia,36094,2025-01-01
Šadrinsk [ Shadrinsk ],Russia,67067,2025-01-01
Salechard [ Salekhard ],Russia,49486,2025-01-01
Satka,Russia,41556,2025-01-01
Serov,Russia,91550,2025-01-01
Severoural'sk [ Severouralsk ],Russia,23705,2025-01-01
Snežinsk ( Čel'abinsk-70 ) [ Snezhinsk ],Russia,50711,2025-01-01
Sovetskij [ Sovetsky ],Russia,31687,2025-01-01
Sredneural'sk [ Sredneuralsk ],Russia,24103,2025-01-01
Suchoj Log [ Sukhoy Log ],Russia,32293,2025-01-01
Surgut,Russia,432875,2025-01-01
Sysert' [ Sysert ],Russia,20245,2025-01-01
Tarko-Sale,Russia,21987,2025-01-01
Tavda,Russia,31773,2025-01-01
Tjumen' [ Tyumen ],Russia,872077,2025-01-01
Tobol'sk [ Tobolsk ],Russia,99538,2025-01-01
Trëchgornyj ( Zlatoust-36 ) [ Tryokhgorny ],Russia,32496,2025-01-01
Troick [ Troitsk ],Russia,69471,2025-01-01
Uraj [ Uray ],Russia,41251,2025-01-01
Ust'-Katav,Russia,20588,2025-01-01
Verchnij Ufalej [ Verkhny Ufaley ],Russia,21881,2025-01-01
Verchnjaja Pyšma [ Verkhnyaya Pyshma ],Russia,77492,2025-01-01
Verchnjaja Salda [ Verkhnyaya Salda ],Russia,39766,2025-01-01
Zarečnyj [ Zarechny ],Russia,28230,2025-01-01
Zavodoukovsk,Russia,27357,2025-01-01
Zlatoust,Russia,157244,2025-01-01
Abdulino,Russia,16719,2025-01-01
Agryz,Russia,19822,2025-01-01
Alatyr' [ Alatyr ],Russia,30989,2025-01-01
Al'metjevsk [ Almetyevsk ],Russia,164293,2025-01-01
Arsk,Russia,19968,2025-01-01
Arzamas,Russia,103538,2025-01-01
Atkarsk,Russia,21583,2025-01-01
Aznakajevo [ Aznakayevo ],Russia,33823,2025-01-01
Balachna [ Balakhna ],Russia,46915,2025-01-01
Balakovo,Russia,180694,2025-01-01
Balašov [ Balashov ],Russia,71959,2025-01-01
Bavly,Russia,20897,2025-01-01
Belebej [ Belebey ],Russia,58615,2025-01-01
Beloreck [ Beloretsk ],Russia,62742,2025-01-01
Berezniki,Russia,132841,2025-01-01
Bezenčuk [ Bezenchuk ],Russia,19680,2025-01-01
Birsk,Russia,44611,2025-01-01
Blagoveščensk [ Blagoveshchensk ],Russia,34988,2025-01-01
Bogorodsk,Russia,33818,2025-01-01
Bor,Russia,77024,2025-01-01
Bugul'ma [ Bugulma ],Russia,78851,2025-01-01
Buguruslan,Russia,41792,2025-01-01
Buinsk,Russia,19495,2025-01-01
Buzuluk,Russia,88202,2025-01-01
Čajkovskij [ Chaykovsky ],Russia,74382,2025-01-01
Čapajevsk [ Chapayevsk ],Russia,68211,2025-01-01
Čeboksary [ Cheboksary ],Russia,497061,2025-01-01
Černuška [ Chernushka ],Russia,33247,2025-01-01
Čišmy [ Chishmy ],Russia,22179,2025-01-01
Čistopol' [ Chistopol ],Russia,57844,2025-01-01
Čusovoj [ Chusovoy ],Russia,44047,2025-01-01
Davlekanovo,Russia,21013,2025-01-01
Dimitrovgrad,Russia,108073,2025-01-01
Djurtjuli [ Dyurtyuli ],Russia,30706,2025-01-01
Dobrjanka [ Dobryanka ],Russia,28210,2025-01-01
Dzeržinsk [ Dzerzhinsk ],Russia,213410,2025-01-01
Èngel's [ Engels ],Russia,222115,2025-01-01
Gaj [ Gay ],Russia,32105,2025-01-01
Glazov,Russia,85340,2025-01-01
Gorodec [ Gorodets ],Russia,28010,2025-01-01
Gubacha [ Gubakha ],Russia,22368,2025-01-01
Iglino,Russia,34100,2025-01-01
Igra,Russia,18600,2025-01-01
Inza,Russia,15737,2025-01-01
Išimbaj [ Ishimbay ],Russia,61978,2025-01-01
Iževsk ( Ustinov ) [ Izhevsk ],Russia,616297,2025-01-01
Janaul [ Yanaul ],Russia,25274,2025-01-01
Jelabuga [ Yelabuga ],Russia,74451,2025-01-01
Jeršov [ Yershov ],Russia,16972,2025-01-01
Joškar-Ola [ Yoshkar-Ola ],Russia,285219,2025-01-01
Kamenka,Russia,32477,2025-01-01
Kanaš [ Kanash ],Russia,43035,2025-01-01
Kazan' [ Kazan ],Russia,1329825,2025-01-01
Kinel',Russia,36477,2025-01-01
Kirov ( Vi'atka ),Russia,475871,2025-01-01
Kirovo-Čepeck [ Kirovo-Chepetsk ],Russia,63979,2025-01-01
Kizel,Russia,14748,2025-01-01
Kotel'nič [ Kotelnich ],Russia,19238,2025-01-01
Kovylkino,Russia,19314,2025-01-01
Koz'modem'jansk [ Kozmodemyansk ],Russia,18911,2025-01-01
Krasnoarmejsk [ Krasnoarmeysk ],Russia,20925,2025-01-01
Krasnokamsk,Russia,47051,2025-01-01
Kstovo,Russia,61118,2025-01-01
Kudymkar,Russia,28905,2025-01-01
Kulebaki,Russia,31020,2025-01-01
Kumertau,Russia,56748,2025-01-01
Kungur,Russia,60946,2025-01-01
Kuvandyk,Russia,26133,2025-01-01
Kuzneck [ Kuznetsk ],Russia,75965,2025-01-01
Leninogorsk,Russia,60056,2025-01-01
Lyskovo,Russia,21030,2025-01-01
Lys'va [ Lysva ],Russia,52258,2025-01-01
Marks,Russia,28313,2025-01-01
Mednogorsk,Russia,22723,2025-01-01
Medvedevo,Russia,22555,2025-01-01
Meleuz,Russia,54847,2025-01-01
Mendelejevsk [ Mendeleyevsk ],Russia,22371,2025-01-01
Možga [ Mozhga ],Russia,43065,2025-01-01
Naberežnyje Čelny ( Brešnev ) [ Naberezhnye Chelny ],Russia,548221,2025-01-01
Neftekamsk ( Nikolo-Berëzovka ),Russia,133874,2025-01-01
Nikol'sk [ Nikolsk ],Russia,18996,2025-01-01
Nižnekamsk [ Nizhnekamsk ],Russia,240842,2025-01-01
Nižnij Lomov [ Nizhny Lomov ],Russia,19864,2025-01-01
Nižnij Novgorod ( Gor'kij ) [ Nizhny Novgorod ],Russia,1198245,2025-01-01
Novočeboksarsk [ Novocheboksarsk ],Russia,120361,2025-01-01
Novokujbyševsk [ Novokuybyshevsk ],Russia,95862,2025-01-01
Novotroick [ Novotroitsk ],Russia,73994,2025-01-01
Nurlat,Russia,32868,2025-01-01
Nytva,Russia,16070,2025-01-01
Oktjabr'sk [ Oktyabrsk ],Russia,19547,2025-01-01
Oktjabr'skij [ Oktyabrsky ],Russia,116510,2025-01-01
Omutninsk,Russia,18878,2025-01-01
Orenburg,Russia,536515,2025-01-01
Orsk,Russia,185362,2025-01-01
Osa,Russia,19068,2025-01-01
Otradnyj [ Otradny ],Russia,46123,2025-01-01
Pavlovo,Russia,55307,2025-01-01
Penza,Russia,487978,2025-01-01
Perm' [ Perm ],Russia,1027518,2025-01-01
Petrovsk,Russia,25164,2025-01-01
Pochvistnevo [ Pokhvistnevo ],Russia,26389,2025-01-01
Pridorožnyj [ Pridorozhny ],Russia,31400,2025-01-01
Prijutovo [ Priyutovo ],Russia,19038,2025-01-01
Privolžskij [ Privolzhsky ],Russia,32264,2025-01-01
Pugačëv [ Pugachyov ],Russia,39306,2025-01-01
Rajevskij,Russia,18500,2025-01-01
Rtiščevo [ Rtishchevo ],Russia,36766,2025-01-01
Ruzajevka [ Ruzayevka ],Russia,41660,2025-01-01
Šachun'ja [ Shakhunya ],Russia,17116,2025-01-01
Salavat,Russia,144970,2025-01-01
Samara ( Kujbyšev ),Russia,1154223,2025-01-01
Saransk,Russia,309349,2025-01-01
Sarapul,Russia,88388,2025-01-01
Saratov,Russia,886165,2025-01-01
Sarov ( Arzamas-16 ),Russia,93493,2025-01-01
Semënov [ Semyonov ],Russia,24517,2025-01-01
Serdobsk,Russia,29225,2025-01-01
Sergač [ Sergach ],Russia,19465,2025-01-01
Sibaj [ Sibay ],Russia,55354,2025-01-01
Slobodskoj [ Slobodskoy ],Russia,27917,2025-01-01
Solikamsk,Russia,87745,2025-01-01
Sol'-Ileck [ Sol-Iletsk ],Russia,25228,2025-01-01
Soročinsk [ Sorochinsk ],Russia,27686,2025-01-01
Sterlitamak,Russia,280487,2025-01-01
Strojkeramika [ Stroykeramika ],Russia,25406,2025-01-01
Šumerlja [ Shumerlya ],Russia,25554,2025-01-01
Syzran' [ Syzran ],Russia,159587,2025-01-01
Tol'jatti [ Tolyatti ],Russia,662683,2025-01-01
Tujmazy [ Tuymazy ],Russia,67209,2025-01-01
Učaly [ Uchaly ],Russia,35915,2025-01-01
Ufa,Russia,1166098,2025-01-01
Ul'janovsk ( Simbirsk ) [ Ulyanovsk ],Russia,612516,2025-01-01
Uva,Russia,18400,2025-01-01
Vereščagino [ Vereshchagino ],Russia,21886,2025-01-01
Vjatskije Poljany [ Vyatskiye Polyany ],Russia,28574,2025-01-01
Vol'sk [ Volsk ],Russia,52825,2025-01-01
Volžsk [ Volzhsk ],Russia,51054,2025-01-01
Votkinsk,Russia,95137,2025-01-01
Vyksa,Russia,43842,2025-01-01
Zainsk,Russia,38363,2025-01-01
Zarečnyj ( Penza-19 ) [ Zarechny ],Russia,58597,2025-01-01
Zasečnoje [ Zasechnoye ],Russia,29900,2025-01-01
Zavolžje [ Zavolzhye ],Russia,35930,2025-01-01
Zelenodol'sk [ Zelenodolsk ],Russia,98791,2025-01-01
Žigulëvsk [ Zhigulyovsk ],Russia,48070,2025-01-01
A Coruña ( La Coruña ),Spain,251277,2025-01-01
Adeje,Spain,50612,2025-01-01
Albacete,Spain,175068,2025-01-01
Alcalá de Guadaíra,Spain,77718,2025-01-01
Alcalá de Henares,Spain,202549,2025-01-01
Alcobendas,Spain,123222,2025-01-01
Alcoi ( Alcoy ),Spain,61613,2025-01-01
Alcorcón,Spain,176806,2025-01-01
Algeciras,Spain,126500,2025-01-01
Alicant ( Alicante ),Spain,365586,2025-01-01
Almería,Spain,204772,2025-01-01
Aranjuez,Spain,63838,2025-01-01
Arganda del Rey,Spain,60105,2025-01-01
Arona,Spain,89036,2025-01-01
Arrecife,Spain,70265,2025-01-01
Ávila,Spain,59480,2025-01-01
Avilés,Spain,75915,2025-01-01
Badajoz,Spain,150870,2025-01-01
Badalona,Spain,230642,2025-01-01
Barakaldo ( San Vicente de Baracaldo ),Spain,103084,2025-01-01
Barcelona,Spain,1713247,2025-01-01
Benalmádena,Spain,78787,2025-01-01
Benidorm,Spain,77211,2025-01-01
Bilbao,Spain,350975,2025-01-01
Boadilla del Monte,Spain,66319,2025-01-01
Burgos,Spain,178370,2025-01-01
Cáceres,Spain,96598,2025-01-01
Cádiz,Spain,110123,2025-01-01
Calvià,Spain,54082,2025-01-01
Cartagena,Spain,220400,2025-01-01
Castelldefels,Spain,69689,2025-01-01
Castelló de la Plana ( Castellón de la Plana ),Spain,183709,2025-01-01
Cerdanyola del Vallès,Spain,58264,2025-01-01
Ceuta,Spain,83567,2025-01-01
Chiclana de la Frontera,Spain,90997,2025-01-01
Ciudad Real,Spain,76087,2025-01-01
Collado Villalba,Spain,67956,2025-01-01
Colmenar Viejo,Spain,58654,2025-01-01
Córdoba,Spain,324159,2025-01-01
Cornellà de Llobregat,Spain,92255,2025-01-01
Coslada,Spain,80365,2025-01-01
Cuenca,Spain,53761,2025-01-01
Donostia ( San Sebastián ),Spain,189507,2025-01-01
Dos Hermanas,Spain,142463,2025-01-01
Eivissa ( Ibiza ),Spain,54628,2025-01-01
Elda,Spain,55554,2025-01-01
El Ejido,Spain,90617,2025-01-01
El Prat de Llobregat,Spain,66251,2025-01-01
El Puerto de Santa María,Spain,90242,2025-01-01
Elx ( Elche ),Spain,245575,2025-01-01
Estepona,Spain,79593,2025-01-01
Ferrol ( El Ferrol ),Spain,64903,2025-01-01
Fuengirola,Spain,84857,2025-01-01
Fuenlabrada,Spain,189814,2025-01-01
Gandia ( Gandía ),Spain,82909,2025-01-01
Getafe,Spain,195628,2025-01-01
Getxo ( Guecho ),Spain,75967,2025-01-01
Gijón,Spain,271259,2025-01-01
Girona ( Gerona ),Spain,108352,2025-01-01
Granada,Spain,235294,2025-01-01
Granadilla de Abona,Spain,59126,2025-01-01
Granollers,Spain,65123,2025-01-01
Guadalajara,Spain,92798,2025-01-01
Huelva,Spain,143774,2025-01-01
Huesca,Spain,55033,2025-01-01
Irun ( Irún ),Spain,63737,2025-01-01
Jaén,Spain,112119,2025-01-01
Jerez de la Frontera,Spain,215025,2025-01-01
La Línea de la Concepción,Spain,65420,2025-01-01
Las Palmas de Gran Canaria,Spain,384023,2025-01-01
Las Rozas de Madrid,Spain,99579,2025-01-01
Leganés,Spain,195946,2025-01-01
León,Spain,124091,2025-01-01
L'Hospitalet de Llobregat,Spain,292161,2025-01-01
Linares,Spain,55689,2025-01-01
Lleida ( Lérida ),Spain,147369,2025-01-01
Logroño,Spain,151681,2025-01-01
Lorca,Spain,98613,2025-01-01
Lugo,Spain,100071,2025-01-01
Madrid,Spain,3477497,2025-01-01
Majadahonda,Spain,73662,2025-01-01
Málaga,Spain,597173,2025-01-01
Manresa,Spain,80692,2025-01-01
Marbella,Spain,160478,2025-01-01
Mataró,Spain,131370,2025-01-01
Melilla,Spain,87067,2025-01-01
Mérida,Spain,60319,2025-01-01
Mijas,Spain,94320,2025-01-01
Molina de Segura,Spain,78210,2025-01-01
Mollet del Vallès,Spain,52759,2025-01-01
Móstoles,Spain,214293,2025-01-01
Motril,Spain,60160,2025-01-01
Murcia,Spain,477631,2025-01-01
Orihuela,Spain,84279,2025-01-01
Ourense ( Orense ),Spain,105609,2025-01-01
Oviedo,Spain,223576,2025-01-01
Palencia,Spain,77369,2025-01-01
Palma ( Palma de Mallorca ),Spain,443196,2025-01-01
Pamplona ( Iruña ),Spain,209676,2025-01-01
Parla,Spain,138012,2025-01-01
Paterna,Spain,75805,2025-01-01
Pinto,Spain,56592,2025-01-01
Ponferrada,Spain,63112,2025-01-01
Pontevedra,Spain,83339,2025-01-01
Pozuelo de Alarcón,Spain,89474,2025-01-01
Reus,Spain,111911,2025-01-01
Rincón de la Victoria,Spain,52355,2025-01-01
Rivas-Vaciamadrid,Spain,103243,2025-01-01
Roquetas de Mar,Spain,110054,2025-01-01
Rubí,Spain,82825,2025-01-01
Sabadell,Spain,224589,2025-01-01
Sagunt ( Sagunto ),Spain,73416,2025-01-01
Salamanca,Spain,145583,2025-01-01
San Bartolomé de Tirajana,Spain,54925,2025-01-01
San Cristóbal de la Laguna ( La Laguna ),Spain,161927,2025-01-01
San Fernando,Spain,93490,2025-01-01
Sanlúcar de Barrameda,Spain,69952,2025-01-01
San Sebastián de los Reyes,Spain,97330,2025-01-01
Santa Coloma de Gramenet ( Santa Coloma de Gramanet ),Spain,123250,2025-01-01
Santa Cruz de Tenerife,Spain,211498,2025-01-01
Santa Lucía de Tirajana,Spain,79506,2025-01-01
Santander,Spain,175082,2025-01-01
Sant Boi de Llobregat,Spain,85317,2025-01-01
Sant Cugat del Vallès,Spain,97959,2025-01-01
Santiago de Compostela,Spain,100842,2025-01-01
Sant Vicent del Raspeig ( San Vicente del Raspeig ),Spain,60428,2025-01-01
Segovia,Spain,52189,2025-01-01
Sevilla,Spain,688714,2025-01-01
Siero,Spain,52997,2025-01-01
Talavera de la Reina,Spain,84413,2025-01-01
Tarragona,Spain,143260,2025-01-01
Telde,Spain,104933,2025-01-01
Terrassa ( Tarrasa ),Spain,232676,2025-01-01
Toledo,Spain,87074,2025-01-01
Torrejón de Ardoz,Spain,144211,2025-01-01
Torrelavega,Spain,51668,2025-01-01
Torremolinos,Spain,71270,2025-01-01
Torrent ( Torrente ),Spain,91353,2025-01-01
Torrevieja,Spain,100470,2025-01-01
Tres Cantos,Spain,54506,2025-01-01
Utrera,Spain,52489,2025-01-01
Valdemoro,Spain,86078,2025-01-01
València [ Valencia ],Spain,841558,2025-01-01
Valladolid,Spain,301798,2025-01-01
Vélez-Málaga,Spain,87798,2025-01-01
Vic,Spain,50405,2025-01-01
Vigo,Spain,295735,2025-01-01
Viladecans,Spain,67536,2025-01-01
Vilanova i la Geltrú,Spain,71305,2025-01-01
Vila-real ( Villarreal ),Spain,53634,2025-01-01
Vitoria-Gasteiz,Spain,260402,2025-01-01
Zamora,Spain,59857,2025-01-01
Zaragoza,Spain,699007,2025-01-01
Aleksinac,Serbia,14593,2022-09-30
Apatin,Serbia,14613,2022-09-30
Aranđelovac,Serbia,22881,2022-09-30
Bačka Palanka,Serbia,25476,2022-09-30
Bačka Topola,Serbia,11930,2022-09-30
Bečej,Serbia,19492,2022-09-30
Beograd [ Belgrade ],Serbia,1197714,2022-09-30
Bor,Serbia,28822,2022-09-30
Borča,Serbia,51862,2022-09-30
Bujanovac,Serbia,11468,2022-09-30
Čačak,Serbia,69598,2022-09-30
Ćuprija,Serbia,16522,2022-09-30
Futog,Serbia,18011,2022-09-30
Gornji Milanovac,Serbia,23109,2022-09-30
Inđija,Serbia,24450,2022-09-30
Jagodina ( Svetozarevo ),Serbia,34892,2022-09-30
Kaluđerica,Serbia,28483,2022-09-30
Kikinda,Serbia,32084,2022-09-30
Knjaževac,Serbia,16350,2022-09-30
Kragujevac,Serbia,146315,2022-09-30
Kraljevo,Serbia,57432,2022-09-30
Kruševac,Serbia,53746,2022-09-30
Kula,Serbia,14873,2022-09-30
Lazarevac,Serbia,27635,2022-09-30
Leskovac,Serbia,54091,2022-09-30
Loznica,Serbia,19515,2022-09-30
Mladenovac,Serbia,22346,2022-09-30
Negotin,Serbia,14647,2022-09-30
Niš,Serbia,178976,2022-09-30
Nova Pazova,Serbia,16115,2022-09-30
Novi Pazar,Serbia,71462,2022-09-30
Novi Sad,Serbia,260438,2022-09-30
Obrenovac,Serbia,25380,2022-09-30
Pančevo,Serbia,73401,2022-09-30
Paraćin,Serbia,22349,2022-09-30
Petrovaradin,Serbia,15621,2022-09-30
Pirot,Serbia,34942,2022-09-30
Požarevac,Serbia,42530,2022-09-30
Preševo,Serbia,14219,2022-09-30
Priboj,Serbia,13172,2022-09-30
Prijepolje,Serbia,11928,2022-09-30
Prokuplje,Serbia,24627,2022-09-30
Ruma,Serbia,27747,2022-09-30
Šabac,Serbia,51163,2022-09-30
Senta,Serbia,14452,2022-09-30
Šid,Serbia,12618,2022-09-30
Smederevo,Serbia,59261,2022-09-30
Smederevska Palanka,Serbia,20345,2022-09-30
Sombor,Serbia,41814,2022-09-30
Sremčica,Serbia,19434,2022-09-30
Sremska Mitrovica,Serbia,36764,2022-09-30
Stara Pazova,Serbia,18522,2022-09-30
Subotica,Serbia,88752,2022-09-30
Surčin,Serbia,20602,2022-09-30
Temerin,Serbia,17998,2022-09-30
Trstenik,Serbia,13476,2022-09-30
Užice ( Titovo Užice ),Serbia,48539,2022-09-30
Valjevo,Serbia,56059,2022-09-30
Velika Plana,Serbia,14609,2022-09-30
Veternik,Serbia,18849,2022-09-30
Vlasotince,Serbia,14924,2022-09-30
Vranje,Serbia,50954,2022-09-30
Vrbas ( Titov Vrbas ),Serbia,20892,2022-09-30
Vršac,Serbia,31946,2022-09-30
Zaječar,Serbia,32448,2022-09-30
Zrenjanin,Serbia,67129,2022-09-30
Åhus,Sweden,10877,2023-12-31
Åkersberga,Sweden,38329,2023-12-31
Alingsås,Sweden,27895,2023-12-31
Älmhult,Sweden,11053,2023-12-31
Ängelholm ( incl. Vejbystrand ),Sweden,31089,2023-12-31
Arboga,Sweden,10906,2023-12-31
Arvika,Sweden,14186,2023-12-31
Åstorp,Sweden,10952,2023-12-31
Avesta,Sweden,16055,2023-12-31
Bålsta,Sweden,16205,2023-12-31
Bjärred,Sweden,9816,2023-12-31
Bjuv ( incl. Billesholm ),Sweden,11595,2023-12-31
Boden,Sweden,18457,2023-12-31
Bollnäs,Sweden,13918,2023-12-31
Borås,Sweden,83060,2023-12-31
Borlänge,Sweden,44299,2023-12-31
Bunkeflostrand,Sweden,15488,2023-12-31
Ekerö,Sweden,12270,2023-12-31
Eksjö,Sweden,11077,2023-12-31
Enköping,Sweden,26353,2023-12-31
Eskilstuna,Sweden,76262,2023-12-31
Eslöv,Sweden,20422,2023-12-31
Fagersta,Sweden,11771,2023-12-31
Falkenberg,Sweden,29671,2023-12-31
Falköping,Sweden,17924,2023-12-31
Falun,Sweden,41126,2023-12-31
Finspång,Sweden,13186,2023-12-31
Gällivare,Sweden,12385,2023-12-31
Gävle,Sweden,88274,2023-12-31
Gislaved,Sweden,10029,2023-12-31
Göteborg [ Gothenburg ],Sweden,725729,2023-12-31
Gustavsberg,Sweden,25034,2023-12-31
Hallstahammar,Sweden,11652,2023-12-31
Halmstad,Sweden,72979,2023-12-31
Härnösand,Sweden,18236,2023-12-31
Hässleholm,Sweden,19760,2023-12-31
Helsingborg,Sweden,116029,2023-12-31
Höganäs,Sweden,16274,2023-12-31
Höllviken ( incl. Ljunghusen ),Sweden,15669,2023-12-31
Höör,Sweden,14004,2023-12-31
Hudiksvall,Sweden,16792,2023-12-31
Jönköping,Sweden,104211,2023-12-31
Kalmar,Sweden,43462,2023-12-31
Karlshamn,Sweden,19966,2023-12-31
Karlskoga,Sweden,27686,2023-12-31
Karlskrona,Sweden,36423,2023-12-31
Karlstad,Sweden,72759,2023-12-31
Katrineholm,Sweden,23953,2023-12-31
Kävlinge,Sweden,10453,2023-12-31
Kinna,Sweden,15507,2023-12-31
Kiruna,Sweden,17284,2023-12-31
Knivsta,Sweden,9771,2023-12-31
Köping,Sweden,18605,2023-12-31
Kristianstad,Sweden,41198,2023-12-31
Kristinehamn,Sweden,18358,2023-12-31
Kumla,Sweden,17889,2023-12-31
Kungälv,Sweden,28912,2023-12-31
Kungsängen ( incl. Brunna ),Sweden,16899,2023-12-31
Landskrona,Sweden,33859,2023-12-31
Landvetter,Sweden,9999,2023-12-31
Lerum,Sweden,28789,2023-12-31
Lidingö,Sweden,44642,2023-12-31
Lidköping,Sweden,28113,2023-12-31
Linköping,Sweden,120109,2023-12-31
Ljungby,Sweden,16076,2023-12-31
Lomma,Sweden,13699,2023-12-31
Ludvika,Sweden,15675,2023-12-31
Luleå,Sweden,49646,2023-12-31
Lund,Sweden,98308,2023-12-31
Malmö,Sweden,339316,2023-12-31
Mariestad,Sweden,16750,2023-12-31
Märsta,Sweden,30576,2023-12-31
Mjölby,Sweden,14282,2023-12-31
Mölnlycke,Sweden,25172,2023-12-31
Mora,Sweden,12830,2023-12-31
Motala,Sweden,31367,2023-12-31
Nässjö,Sweden,18639,2023-12-31
Nödinge-Nol,Sweden,11658,2023-12-31
Norrköping,Sweden,98229,2023-12-31
Norrtälje,Sweden,23606,2023-12-31
Nybro,Sweden,13584,2023-12-31
Nyköping,Sweden,39770,2023-12-31
Nynäshamn,Sweden,16447,2023-12-31
Onsala,Sweden,12486,2023-12-31
Örebro,Sweden,129116,2023-12-31
Örnsköldsvik,Sweden,33399,2023-12-31
Oskarshamn,Sweden,18817,2023-12-31
Östersund,Sweden,55493,2023-12-31
Oxelösund,Sweden,11718,2023-12-31
Oxie,Sweden,14040,2023-12-31
Piteå,Sweden,23824,2023-12-31
Ronneby,Sweden,12636,2023-12-31
Sala,Sweden,13702,2023-12-31
Sandviken,Sweden,25035,2023-12-31
Sävja,Sweden,9614,2023-12-31
Sigtuna,Sweden,10407,2023-12-31
Skara,Sweden,11475,2023-12-31
Skellefteå,Sweden,39146,2023-12-31
Skoghall,Sweden,14610,2023-12-31
Skövde,Sweden,40422,2023-12-31
Söderhamn,Sweden,12038,2023-12-31
Södertälje,Sweden,78377,2023-12-31
Staffanstorp,Sweden,17838,2023-12-31
Stenungsund,Sweden,14636,2023-12-31
Stockholm,Sweden,1809412,2023-12-31
Strängnäs,Sweden,15369,2023-12-31
Sundsvall ( incl. Timrå ),Sweden,70918,2023-12-31
Svedala ( incl. Sjödiken ),Sweden,13433,2023-12-31
Tranås,Sweden,14611,2023-12-31
Trelleborg,Sweden,31366,2023-12-31
Trollhättan,Sweden,50069,2023-12-31
Tumba,Sweden,46893,2023-12-31
Uddevalla,Sweden,35639,2023-12-31
Ulricehamn,Sweden,11794,2023-12-31
Umeå,Sweden,94243,2023-12-31
Uppsala,Sweden,178098,2023-12-31
Vallentuna,Sweden,33918,2023-12-31
Vänersborg,Sweden,25105,2023-12-31
Varberg,Sweden,38575,2023-12-31
Värnamo,Sweden,20273,2023-12-31
Västerås,Sweden,131643,2023-12-31
Västerhaninge ( incl. Jordbro ),Sweden,31941,2023-12-31
Västervik,Sweden,21615,2023-12-31
Växjö,Sweden,74052,2023-12-31
Vetlanda,Sweden,13895,2023-12-31
Visby,Sweden,26305,2023-12-31
Ystad,Sweden,21259,2023-12-31
Aadorf,Switzerland,9924,2025-12-31
Aarau,Switzerland,22929,2025-12-31
Adliswil,Switzerland,19899,2025-12-31
Aesch,Switzerland,11326,2025-12-31
Affoltern am Albis,Switzerland,12905,2025-12-31
Aigle,Switzerland,12046,2025-12-31
Allschwil,Switzerland,22364,2025-12-31
Altdorf,Switzerland,10617,2025-12-31
Altstätten,Switzerland,12784,2025-12-31
Amriswil,Switzerland,15223,2025-12-31
Appenzell,Switzerland,6191,2025-12-31
Arbon,Switzerland,16405,2025-12-31
Arth,Switzerland,12614,2025-12-31
Baar,Switzerland,25507,2025-12-31
Baden,Switzerland,24005,2025-12-31
Basel,Switzerland,180075,2025-12-31
Bassersdorf,Switzerland,12355,2025-12-31
Bellinzona,Switzerland,45823,2025-12-31
Belp,Switzerland,11738,2025-12-31
Bern,Switzerland,138489,2025-12-31
Bernex,Switzerland,11132,2025-12-31
Biel ( Bienne ),Switzerland,57434,2025-12-31
Binningen,Switzerland,16241,2025-12-31
Birsfelden,Switzerland,10394,2025-12-31
Blonay - Saint-Légier,Switzerland,12607,2025-12-31
Brig-Glis,Switzerland,14192,2025-12-31
Brugg,Switzerland,13609,2025-12-31
Buchs,Switzerland,14286,2025-12-31
Bülach,Switzerland,24588,2025-12-31
Bulle,Switzerland,27265,2025-12-31
Burgdorf,Switzerland,17560,2025-12-31
Bussigny,Switzerland,12111,2025-12-31
Carouge,Switzerland,22770,2025-12-31
Cham,Switzerland,18512,2025-12-31
Chavannes-près-Renens,Switzerland,10717,2025-12-31
Chêne-Bougeries,Switzerland,14935,2025-12-31
Chur,Switzerland,39740,2025-12-31
Collombey-Muraz,Switzerland,10184,2025-12-31
Crans-Montana,Switzerland,10781,2025-12-31
Crissier,Switzerland,11098,2025-12-31
Davos,Switzerland,10733,2025-12-31
Delémont,Switzerland,12989,2025-12-31
Dietikon,Switzerland,28317,2025-12-31
Dübendorf,Switzerland,33204,2025-12-31
Ebikon,Switzerland,14734,2025-12-31
Ecublens,Switzerland,13742,2025-12-31
Einsiedeln,Switzerland,16663,2025-12-31
Embrach,Switzerland,10414,2025-12-31
Emmen,Switzerland,32770,2025-12-31
Epalinges,Switzerland,9860,2025-12-31
Eschenbach,Switzerland,10401,2025-12-31
Estavayer,Switzerland,10811,2025-12-31
Flawil,Switzerland,10669,2025-12-31
Frauenfeld,Switzerland,27193,2025-12-31
Freienbach,Switzerland,17097,2025-12-31
Fribourg,Switzerland,39584,2025-12-31
Genève [ Geneva ],Switzerland,211030,2025-12-31
Gland,Switzerland,14000,2025-12-31
Glarus,Switzerland,12969,2025-12-31
Glarus Nord,Switzerland,19846,2025-12-31
Glarus Süd,Switzerland,9635,2025-12-31
Goldach,Switzerland,9871,2025-12-31
Gossau,Switzerland,18937,2025-12-31
Gossau,Switzerland,10620,2025-12-31
Grenchen,Switzerland,18947,2025-12-31
Herisau,Switzerland,16098,2025-12-31
Hinwil,Switzerland,11946,2025-12-31
Hochdorf,Switzerland,10156,2025-12-31
Horgen,Switzerland,24638,2025-12-31
Horw,Switzerland,15935,2025-12-31
Illnau-Effretikon,Switzerland,17966,2025-12-31
Ittigen,Switzerland,11475,2025-12-31
Kirchberg,Switzerland,9878,2025-12-31
Kloten,Switzerland,22010,2025-12-31
Köniz,Switzerland,43915,2025-12-31
Kreuzlingen,Switzerland,23547,2025-12-31
Kriens,Switzerland,30680,2025-12-31
Küsnacht,Switzerland,15243,2025-12-31
Küssnacht,Switzerland,14182,2025-12-31
La Chaux-de-Fonds,Switzerland,37845,2025-12-31
Lancy,Switzerland,37515,2025-12-31
Langenthal,Switzerland,16232,2025-12-31
Laténa,Switzerland,11749,2025-12-31
La Tour-de-Peilz,Switzerland,13048,2025-12-31
Lausanne,Switzerland,145521,2025-12-31
Le Grand-Saconnex,Switzerland,12771,2025-12-31
Le Locle,Switzerland,10910,2025-12-31
Lenzburg,Switzerland,11320,2025-12-31
Liestal,Switzerland,16074,2025-12-31
Locarno,Switzerland,16462,2025-12-31
Lugano,Switzerland,63688,2025-12-31
Lutry,Switzerland,10826,2025-12-31
Luzern,Switzerland,86687,2025-12-31
Lyss,Switzerland,16608,2025-12-31
Männedorf,Switzerland,11762,2025-12-31
Martigny,Switzerland,22509,2025-12-31
Maur,Switzerland,10871,2025-12-31
Meilen,Switzerland,14949,2025-12-31
Mendrisio,Switzerland,15076,2025-12-31
Meyrin,Switzerland,27367,2025-12-31
Möhlin,Switzerland,11348,2025-12-31
Monthey,Switzerland,19346,2025-12-31
Montreux,Switzerland,27171,2025-12-31
Morges,Switzerland,17800,2025-12-31
Münchenbuchsee,Switzerland,10751,2025-12-31
Münchenstein,Switzerland,12654,2025-12-31
Münsingen,Switzerland,12998,2025-12-31
Muri bei Bern,Switzerland,13933,2025-12-31
Muttenz,Switzerland,18305,2025-12-31
Naters,Switzerland,10788,2025-12-31
Neuchâtel,Switzerland,45456,2025-12-31
Neuhausen am Rheinfall,Switzerland,12194,2025-12-31
Niederhasli,Switzerland,9838,2025-12-31
Nyon,Switzerland,23754,2025-12-31
Oberwil,Switzerland,11457,2025-12-31
Oftringen,Switzerland,15192,2025-12-31
Olten,Switzerland,19263,2025-12-31
Onex,Switzerland,19092,2025-12-31
Opfikon,Switzerland,21456,2025-12-31
Ostermundigen,Switzerland,18425,2025-12-31
Payerne,Switzerland,10934,2025-12-31
Pfäffikon,Switzerland,12880,2025-12-31
Plan-les-Ouates,Switzerland,12641,2025-12-31
Pratteln,Switzerland,16604,2025-12-31
Prilly,Switzerland,13030,2025-12-31
Pully,Switzerland,19526,2025-12-31
Rapperswil-Jona,Switzerland,28834,2025-12-31
Regensdorf,Switzerland,20694,2025-12-31
Reinach,Switzerland,21002,2025-12-31
Reinach,Switzerland,9855,2025-12-31
Renens,Switzerland,21787,2025-12-31
Rheinfelden,Switzerland,14032,2025-12-31
Richterswil,Switzerland,14543,2025-12-31
Riehen,Switzerland,22773,2025-12-31
Risch,Switzerland,11830,2025-12-31
Romanshorn,Switzerland,11982,2025-12-31
Rorschach,Switzerland,10382,2025-12-31
Rothrist,Switzerland,9980,2025-12-31
Rüti,Switzerland,13140,2025-12-31
Sarnen,Switzerland,10903,2025-12-31
Schaffhausen,Switzerland,39224,2025-12-31
Schlieren,Switzerland,20460,2025-12-31
Schübelbach,Switzerland,9917,2025-12-31
Schwyz,Switzerland,16736,2025-12-31
Sierre,Switzerland,18060,2025-12-31
Sion,Switzerland,37831,2025-12-31
Solothurn,Switzerland,16825,2025-12-31
Spiez,Switzerland,13331,2025-12-31
Spreitenbach,Switzerland,13374,2025-12-31
St. Gallen,Switzerland,79462,2025-12-31
Stäfa,Switzerland,15226,2025-12-31
Stans,Switzerland,8565,2025-12-31
Steffisburg,Switzerland,16598,2025-12-31
Steinhausen,Switzerland,10447,2025-12-31
Suhr,Switzerland,11760,2025-12-31
Sursee,Switzerland,11114,2025-12-31
Thalwil,Switzerland,18833,2025-12-31
Therwil,Switzerland,10140,2025-12-31
Thônex,Switzerland,16930,2025-12-31
Thun,Switzerland,44158,2025-12-31
Urdorf,Switzerland,10534,2025-12-31
Uster,Switzerland,37025,2025-12-31
Uzwil,Switzerland,14670,2025-12-31
Val de Bagnes,Switzerland,11042,2025-12-31
Val-de-Ruz,Switzerland,17540,2025-12-31
Val-de-Travers,Switzerland,10706,2025-12-31
Vernier,Switzerland,38746,2025-12-31
Versoix,Switzerland,14053,2025-12-31
Vevey,Switzerland,20145,2025-12-31
Veyrier,Switzerland,12220,2025-12-31
Villars-sur-Glâne,Switzerland,12643,2025-12-31
Volketswil,Switzerland,19946,2025-12-31
Wädenswil,Switzerland,26006,2025-12-31
Wald,Switzerland,10683,2025-12-31
Wallisellen,Switzerland,17808,2025-12-31
Weinfelden,Switzerland,12651,2025-12-31
Wettingen,Switzerland,22022,2025-12-31
Wetzikon,Switzerland,27311,2025-12-31
Widnau,Switzerland,10483,2025-12-31
Wil,Switzerland,25437,2025-12-31
Winterthur,Switzerland,120715,2025-12-31
Wittenbach,Switzerland,10155,2025-12-31
Wohlen,Switzerland,18146,2025-12-31
Worb,Switzerland,11595,2025-12-31
Yverdon-les-Bains,Switzerland,30582,2025-12-31
Zofingen,Switzerland,13054,2025-12-31
Zollikofen,Switzerland,11837,2025-12-31
Zollikon,Switzerland,13731,2025-12-31
Zug,Switzerland,32155,2025-12-31
Zürich [ Zurich ],Switzerland,440471,2025-12-31
Abū Ḥammām,Syria,21947,2004-09-22
Abū Kamāl,Syria,42510,2004-09-22
Aḍ-Ḍumayr [ Dumeir ],Syria,24223,2004-09-22
'Adrā,Syria,20559,2004-09-22
'Afrīn ( Efrîn ),Syria,36562,2004-09-22
"'Aīn al-'Arab ( Kobanî, Kobanê )",Syria,44821,2004-09-22
'Aīn Tarmā,Syria,35722,2004-09-22
Al-Bāb,Syria,63069,2004-09-22
Al-Ḥajar al-Aswad,Syria,84948,2004-09-22
Al-Ḥarāk,Syria,20760,2004-09-22
Al-Ḥasakah ( Hesîçe ),Syria,188160,2004-09-22
Al-Kiswah,Syria,43456,2004-09-22
Al-Lādhiqiyah [ Latakia ],Syria,383786,2004-09-22
Al-Malīḥah ( Dêrika Hemko ),Syria,23034,2004-09-22
Al-Mālikiyah,Syria,26311,2004-09-22
Al-Mayādīn,Syria,44028,2004-09-22
Al-Qāmishlī ( Qamişlo ),Syria,184231,2004-09-22
Al-Qunayṭirah [ Quneitra ],Syria,153,2004-09-22
Al-Qūriyah,Syria,28172,2004-09-22
Al-Quṣayr,Syria,29818,2004-09-22
Al-Quṭayfah,Syria,26671,2004-09-22
Al-Yarmūk [ Yarmouk ],Syria,137248,2004-09-22
'Amūdā,Syria,26821,2004-09-22
An-Nabk,Syria,32548,2004-09-22
'Arbīn,Syria,44934,2004-09-22
Arīḥā,Syria,39501,2004-09-22
Ar-Raqqah [ Ar-Rakka ],Syria,220488,2004-09-22
Ar-Rastan,Syria,39834,2004-09-22
Ar-Ruḥaybah,Syria,30450,2004-09-22
Ashrafiyat Ṣaḥnāyā,Syria,30519,2004-09-22
Ash-Shaykh Maskīn,Syria,24057,2004-09-22
As-Sabīnah,Syria,62509,2004-09-22
As-Safīrah,Syria,63708,2004-09-22
As-Salamiyah,Syria,66724,2004-09-22
Aṣ-Ṣanamayn,Syria,26268,2004-09-22
As-Sayyidah Zaynab,Syria,136427,2004-09-22
As-Suwaydā',Syria,73641,2004-09-22
Ath-Thawrah,Syria,69425,2004-09-22
At-Tall,Syria,44597,2004-09-22
A'zāz,Syria,31623,2004-09-22
Az-Zabadānī,Syria,26285,2004-09-22
Babīlā,Syria,50880,2004-09-22
Bāniyās,Syria,41632,2004-09-22
Binnish,Syria,21848,2004-09-22
Buṣra āsh-Shām [ Bosra ],Syria,19683,2004-09-22
Dā'il,Syria,29408,2004-09-22
Dar'ā [ Daraa ],Syria,97969,2004-09-22
Dārayyā,Syria,78763,2004-09-22
Dayr az-Zawr [ Deir ez-Zor ],Syria,211857,2004-09-22
Dimashq [ Damascus ],Syria,1414913,2004-09-22
Dūmā [ Douma ],Syria,110893,2004-09-22
Gharānīj,Syria,23009,2004-09-22
Hajīn,Syria,37935,2004-09-22
Ḥalab [ Aleppo ],Syria,2132100,2004-09-22
Ḥalfāyā,Syria,21180,2004-09-22
Ḥamāh [ Hama ],Syria,312994,2004-09-22
Ḥarastā al-Baṣal,Syria,68708,2004-09-22
Ḥimṣ [ Homs ],Syria,652609,2004-09-22
Idlib,Syria,98791,2004-09-22
Inkhil,Syria,31258,2004-09-22
Izra',Syria,19158,2004-09-22
Jablah,Syria,53989,2004-09-22
Jaramānā,Syria,114363,2004-09-22
Jāsim,Syria,31683,2004-09-22
Jayrūd,Syria,24219,2004-09-22
Jisr ash-Shughūr,Syria,39917,2004-09-22
Judaydat 'Arṭūz,Syria,45000,2004-09-22
Kafr Baṭnā,Syria,22535,2004-09-22
Kafr Lāhā,Syria,20041,2004-09-22
Khan Shaykhūn,Syria,34371,2004-09-22
Ma'arrat an-Nu'mān,Syria,58008,2004-09-22
Manbij,Syria,99497,2004-09-22
Maṣyāf,Syria,22508,2004-09-22
Mu'aḍamiyat ash-Shām,Syria,52738,2004-09-22
Nawā,Syria,47066,2004-09-22
Nubl,Syria,21039,2004-09-22
Qaṭanā,Syria,33996,2004-09-22
Qudsayā,Syria,33571,2004-09-22
Ra's al-'Aīn ( Serê Kanîyê ),Syria,29347,2004-09-22
Ṣāfītā,Syria,20301,2004-09-22
Salqīn,Syria,23700,2004-09-22
Saqbā,Syria,25696,2004-09-22
Sarāqib,Syria,32495,2004-09-22
Ṣubaykhān,Syria,23867,2004-09-22
Ṣūrān,Syria,29100,2004-09-22
Tadmur [ Palmyra ],Syria,51323,2004-09-22
Ṭafas,Syria,32236,2004-09-22
Tallbīsah,Syria,30796,2004-09-22
Tall Rif'at,Syria,20514,2004-09-22
Ṭarṭūs [ Tartous ],Syria,115769,2004-09-22
Ṭaybat al-Imām,Syria,24105,2004-09-22
Yabrūd,Syria,25891,2004-09-22
Yaldā,Syria,28384,2004-09-22
Zamalkā,Syria,44661,2004-09-22
Ad-Dandān ( Den Den ),Tunisia,30293,2023-01-01
Akūdah ( Akouda ),Tunisia,31938,2023-01-01
Al-'Ayn ( El Aïn ),Tunisia,47871,2023-01-01
Al-Biqāliṭah ( Bekalta ),Tunisia,20506,2023-01-01
Al-Faḥṣ ( El Fahs ),Tunisia,25100,2023-01-01
Al-Ḥāmmah ( El Hamma ),Tunisia,47000,2023-01-01
Al-Ḥammāmāt ( Hammamet ),Tunisia,79600,2023-01-01
Al-Jamm ( El Jem ),Tunisia,25000,2023-01-01
Al-Judaydah ( Djedeida ),Tunisia,32300,2023-01-01
Al-Kāf ( Le Kef ),Tunisia,60000,2023-01-01
Al-Karam ( Le Kram ),Tunisia,88151,2023-01-01
Al-Mahdiyah ( Mahdia ),Tunisia,57200,2023-01-01
Al-Marsā ( La Marsa ),Tunisia,101601,2023-01-01
Al-Mitlawī ( Métlaoui ),Tunisia,38600,2023-01-01
Al-Muknīn ( Moknine ),Tunisia,62802,2023-01-01
Al-Munastīr ( Monastir ),Tunisia,107127,2023-01-01
Al-Munayhilah ( Mnihla ),Tunisia,77100,2023-01-01
Al-Murnāqiyah ( Mornaguia ),Tunisia,23100,2023-01-01
Al-Murūj ( El Mourouj ),Tunisia,120732,2023-01-01
Al-Qal'at al-Kabīrah ( Kalâa Kebira ),Tunisia,57000,2023-01-01
Al-Qal'at aṣ-Ṣaghīrah ( Kalâa Seghira ),Tunisia,40400,2023-01-01
Al-Qaṣr ( El Ksar ),Tunisia,36700,2023-01-01
Al-Qaṣrayn ( Kasserine ),Tunisia,90500,2023-01-01
Al-Qayrawān ( Kairouan ),Tunisia,153900,2023-01-01
Al-Wardānīn ( Ouerdanine ),Tunisia,23706,2023-01-01
Ar-Rudayyif ( Redeyef ),Tunisia,24900,2023-01-01
Aryānah ( Ariana ),Tunisia,123079,2023-01-01
Ash-Shābbah ( Chebba ),Tunisia,23700,2023-01-01
Ash-Shayḥah ( Chihia ),Tunisia,29700,2023-01-01
As-Sāḥilīn M'utmar ( Sahline Moôtmar ),Tunisia,21533,2023-01-01
At-Taḍāmun ( Ettadhamen ),Tunisia,85142,2023-01-01
Az-Zahrā' ( Ezzahra ),Tunisia,36298,2023-01-01
Az-Zuhūr ( Ezzouhour ),Tunisia,20289,2023-01-01
Bājah ( Béja ),Tunisia,64900,2023-01-01
Banī Khiyār ( Béni Khiar ),Tunisia,24500,2023-01-01
Banzart ( Bizerte ),Tunisia,154300,2023-01-01
Bārdaw ( Le Bardo ),Tunisia,71416,2023-01-01
Bin Qirdān ( Ben Gardane ),Tunisia,72800,2023-01-01
Bin 'Arūs ( Ben Arous ),Tunisia,96605,2023-01-01
Bū Mahl al-Bassātīn ( Bou Mhel El Bassatine ),Tunisia,50604,2023-01-01
Bū Sālim ( Bou Salem ),Tunisia,21200,2023-01-01
Dār Sha'bān ( Dar Châabane ),Tunisia,47200,2023-01-01
Dawwār Hayshar ( Douar Hicher ),Tunisia,91500,2023-01-01
Dūz ( Douz ),Tunisia,33100,2023-01-01
Firiyānah ( Fériana ),Tunisia,32200,2023-01-01
Fūshānah ( Fouchana ),Tunisia,53300,2023-01-01
Ghannūsh ( Ghannouch ),Tunisia,32581,2023-01-01
Ghār ad-Dimā' ( Ghardimaou ),Tunisia,19200,2023-01-01
Ḥalq al-Wādī ( La Goulette ),Tunisia,60916,2023-01-01
Ḥammām al-Anif ( Hammam Lif ),Tunisia,44207,2023-01-01
Ḥammām ash-Shaṭṭ ( Hammam Chott ),Tunisia,37236,2023-01-01
Ḥammām Sūsah ( Hammam Sousse ),Tunisia,47520,2023-01-01
Jammāl ( Jemmal ),Tunisia,55285,2023-01-01
Jarbah Ajīm ( Djerba Ajim ),Tunisia,25193,2023-01-01
Jarbah Madyūnī ( Djerba Midoun ),Tunisia,73224,2023-01-01
Jarbah Ḥawmat as-Sūq ( Djerba Houmt Souk ),Tunisia,84494,2023-01-01
Jarjīs ( Zarzis ),Tunisia,75900,2023-01-01
Jundūbah ( Jendouba ),Tunisia,47500,2023-01-01
Madanīn ( Médenine ),Tunisia,79000,2023-01-01
Majāz al-Bāb ( Medjez El Bab ),Tunisia,24100,2023-01-01
Manūbah ( La Manouba ),Tunisia,36194,2023-01-01
Manzil Jamīl ( Menzel Jemil ),Tunisia,24500,2023-01-01
Manzil Tamīm ( Menzel Temime ),Tunisia,42200,2023-01-01
Manzil Bū Ruqaybah ( Menzel Bourguiba ),Tunisia,58800,2023-01-01
Manzil Būzalafah ( Menzel Bouzelfa ),Tunisia,20300,2023-01-01
Maqrīn ( Mégrine ),Tunisia,27960,2023-01-01
Masākin ( M'saken ),Tunisia,64000,2023-01-01
Māṭir ( Mateur ),Tunisia,31700,2023-01-01
Menzil 'Abd ar-Raḥmān ( Menzel Abderrahmane ),Tunisia,21059,2023-01-01
Mūḥammadiyah ( Mohamedia ),Tunisia,76000,2023-01-01
Murnāq ( Mornag ),Tunisia,31700,2023-01-01
Nābul ( Nabeul ),Tunisia,81200,2023-01-01
Nafṭah ( Nefta ),Tunisia,22700,2023-01-01
Qābis ( Gabès ),Tunisia,107634,2023-01-01
Qafṣah ( Gafsa ),Tunisia,103400,2023-01-01
Qarmadah ( Gremda ),Tunisia,45141,2023-01-01
Qaṣr Hilāl ( Ksar Hellal ),Tunisia,55415,2023-01-01
Qibilī ( Kébili ),Tunisia,27800,2023-01-01
Qulaybiyah ( Kélibia ),Tunisia,50500,2023-01-01
Qurbah ( Korba ),Tunisia,42800,2023-01-01
Qurunbāliyah ( Grombalia ),Tunisia,27200,2023-01-01
Quṣūr as-Sāf ( Ksour Essef ),Tunisia,32000,2023-01-01
Rādis ( Radès ),Tunisia,72209,2023-01-01
R'ās al-Jabal ( Ras Jebel ),Tunisia,31000,2023-01-01
Rawād ( Raoued ),Tunisia,124000,2023-01-01
Ṣafāqis ( Sfax ),Tunisia,286636,2023-01-01
Sāqiyat ad-Dā'ir ( Sakiet Eddaïer ),Tunisia,41800,2023-01-01
Sāqiyat az-Zayt ( Sakiet Ezzit ),Tunisia,60200,2023-01-01
Sīdī Bū Zayd ( Sidi Bouzid ),Tunisia,52300,2023-01-01
Sīdī Ḥusayn ( Sidi Hassine ),Tunisia,130255,2023-01-01
Silyānah ( Siliana ),Tunisia,35900,2023-01-01
Subayṭilah ( Sbeïtla ),Tunisia,25400,2023-01-01
Sukrah ( La Soukra ),Tunisia,153307,2023-01-01
Sulaymān ( Soliman ),Tunisia,45053,2023-01-01
Sūq al-Aḥad ( Souk Lahad ),Tunisia,14900,2023-01-01
Sūsah [ Sousse ],Tunisia,250540,2023-01-01
Ṭabarqah ( Tabarka ),Tunisia,22100,2023-01-01
Ṭabulbah ( Téboulba ),Tunisia,41731,2023-01-01
Ṭaburbah ( Tebourba ),Tunisia,29900,2023-01-01
Tājarwīn ( Tajerouine ),Tunisia,17100,2023-01-01
Tākalsah ( Takelsa ),Tunisia,24109,2023-01-01
Taṭāwīn ( Tataouine ),Tunisia,70200,2023-01-01
Tawzar ( Tozeur ),Tunisia,41300,2023-01-01
Tīnah ( Thyna ),Tunisia,41200,2023-01-01
Tīnjah ( Tinja ),Tunisia,23600,2023-01-01
Tūnis [ Tunis ],Tunisia,599368,2023-01-01
Umm al-'Arā'is ( Moularès ),Tunisia,20200,2023-01-01
Wādī al-Layl ( Oued Ellil ),Tunisia,66100,2023-01-01
Zaghwān ( Zaghouan ),Tunisia,22600,2023-01-01
Zāwiyat Sūsah ( Zaouiet Sousse ),Tunisia,28100,2023-01-01
Adana,Turkey,1779463,2022-12-31
Adapazarı ( Sakarya ),Turkey,553316,2022-12-31
Adıyaman,Turkey,273241,2022-12-31
Afşin,Turkey,48187,2022-12-31
Afyonkarahisar ( Afyon ),Turkey,256901,2022-12-31
Ağrı ( Karaköse ),Turkey,120633,2022-12-31
Ahlat,Turkey,28904,2022-12-31
"Akçaabat ( incl. Söğütlü, Yıldızlı )",Turkey,82799,2022-12-31
Akçakale,Turkey,40152,2022-12-31
Akçakoca,Turkey,27878,2022-12-31
Akdağmadeni,Turkey,22180,2022-12-31
Akhisar,Turkey,132311,2022-12-31
Aksaray,Turkey,253112,2022-12-31
Akşehir,Turkey,68833,2022-12-31
Aksu,Turkey,54690,2022-12-31
Akyazı,Turkey,53942,2022-12-31
Akyurt,Turkey,40072,2022-12-31
Alaca,Turkey,19510,2022-12-31
"Alanya ( incl. Cikcilli, Oba )",Turkey,189222,2022-12-31
Alaplı,Turkey,20777,2022-12-31
Alaşehir,Turkey,57415,2022-12-31
Aliağa,Turkey,80422,2022-12-31
Amasya,Turkey,116353,2022-12-31
Anamur,Turkey,40579,2022-12-31
Ankara,Turkey,5186002,2022-12-31
Antakya ( Hatay ),Turkey,368279,2022-12-31
Antalya,Turkey,1322766,2022-12-31
Araklı,Turkey,26696,2022-12-31
Ardahan,Turkey,23295,2022-12-31
Ardeşen,Turkey,30454,2022-12-31
Arnavutköy,Turkey,258924,2022-12-31
Artvin,Turkey,26180,2022-12-31
Aydın ( incl. Ovaeymir ),Turkey,259027,2022-12-31
Ayvalık,Turkey,40628,2022-12-31
Babaeski,Turkey,29215,2022-12-31
Bafra,Turkey,92303,2022-12-31
Balıkesir,Turkey,314958,2022-12-31
Bandırma,Turkey,145469,2022-12-31
Bartın,Turkey,83744,2022-12-31
Başiskele,Turkey,112930,2022-12-31
Batman,Turkey,461354,2022-12-31
Bayburt,Turkey,48762,2022-12-31
Bayındır,Turkey,22848,2022-12-31
Belen,Turkey,27775,2022-12-31
Bergama,Turkey,73054,2022-12-31
Besni,Turkey,39111,2022-12-31
Beypazarı,Turkey,39740,2022-12-31
Beyşehir,Turkey,48583,2022-12-31
Biga,Turkey,58505,2022-12-31
Bilecik,Turkey,72238,2022-12-31
Bingöl,Turkey,133423,2022-12-31
Birecik,Turkey,46538,2022-12-31
Bismil,Turkey,68583,2022-12-31
Bitlis,Turkey,54567,2022-12-31
"Bodrum ( incl. Bitez, Konacık )",Turkey,118224,2022-12-31
Boğazlıyan,Turkey,18791,2022-12-31
Bolu,Turkey,186078,2022-12-31
Bolvadin,Turkey,33818,2022-12-31
Bor,Turkey,41995,2022-12-31
Boyabat,Turkey,28291,2022-12-31
Bozüyük,Turkey,73504,2022-12-31
Bucak,Turkey,47150,2022-12-31
Bulancak,Turkey,48627,2022-12-31
Bulanık,Turkey,27427,2022-12-31
Burdur,Turkey,95907,2022-12-31
Burhaniye,Turkey,51783,2022-12-31
Bursa,Turkey,2051464,2022-12-31
Çan,Turkey,31156,2022-12-31
Çanakkale,Turkey,143675,2022-12-31
Çankırı,Turkey,91383,2022-12-31
Çarşamba,Turkey,74687,2022-12-31
Çatalca,Turkey,39678,2022-12-31
Çaycuma,Turkey,30254,2022-12-31
Çayeli,Turkey,24463,2022-12-31
Çerkezköy,Turkey,141847,2022-12-31
Çermik,Turkey,21366,2022-12-31
Çeşme,Turkey,33259,2022-12-31
Ceyhan,Turkey,115965,2022-12-31
Ceylanpınar,Turkey,55530,2022-12-31
Çiftlikköy,Turkey,43547,2022-12-31
Çınarcık,Turkey,20454,2022-12-31
Çine,Turkey,21336,2022-12-31
Çivril,Turkey,21414,2022-12-31
Cizre,Turkey,134041,2022-12-31
Çorlu,Turkey,308073,2022-12-31
Çorum,Turkey,269594,2022-12-31
Çubuk,Turkey,91149,2022-12-31
Çumra,Turkey,35311,2022-12-31
Dalaman,Turkey,37467,2022-12-31
Denizciler,Turkey,25270,2022-12-31
Denizli,Turkey,651200,2022-12-31
Derik,Turkey,22671,2022-12-31
Derince,Turkey,143496,2022-12-31
Develi,Turkey,44298,2022-12-31
Devrek,Turkey,27444,2022-12-31
Didim,Turkey,80830,2022-12-31
Dikili,Turkey,26006,2022-12-31
Dilovası,Turkey,47305,2022-12-31
Dinar,Turkey,26708,2022-12-31
Diyadin,Turkey,19556,2022-12-31
Diyarbakır,Turkey,1087786,2022-12-31
Doğubayazıt,Turkey,79798,2022-12-31
Dörtyol,Turkey,90288,2022-12-31
Döşemealtı,Turkey,62236,2022-12-31
Düzce,Turkey,194097,2022-12-31
Düziçi,Turkey,56724,2022-12-31
Edirne,Turkey,180002,2022-12-31
Edremit,Turkey,23821,2022-12-31
Edremit,Turkey,125324,2022-12-31
Elâzığ,Turkey,387072,2022-12-31
Elbistan,Turkey,106142,2022-12-31
Elmadağ,Turkey,43307,2022-12-31
Emirdağ,Turkey,22978,2022-12-31
Erbaa,Turkey,75210,2022-12-31
Erciş,Turkey,92945,2022-12-31
Erdek,Turkey,19996,2022-12-31
Erdemli,Turkey,65975,2022-12-31
Ereğli,Turkey,113999,2022-12-31
Ereğli ( Karadeniz Ereğli ),Turkey,122282,2022-12-31
Ergani,Turkey,90253,2022-12-31
Erzin ( Yeşilkent ),Turkey,31632,2022-12-31
Erzincan,Turkey,135682,2022-12-31
Erzurum,Turkey,422636,2022-12-31
Eskil,Turkey,18019,2022-12-31
Eskişehir,Turkey,789023,2022-12-31
Espiye,Turkey,26671,2022-12-31
Fatsa,Turkey,95759,2022-12-31
Ferizli,Turkey,21534,2022-12-31
Fethiye,Turkey,111231,2022-12-31
Finike,Turkey,21765,2022-12-31
Foça,Turkey,28594,2022-12-31
Gaziantep,Turkey,1680723,2022-12-31
Gazipaşa,Turkey,30732,2022-12-31
"Gebze ( incl. Çayırova, Darıca )",Turkey,768467,2022-12-31
Gediz,Turkey,26659,2022-12-31
Gelibolu,Turkey,31507,2022-12-31
Gemlik,Turkey,111261,2022-12-31
Genç,Turkey,20881,2022-12-31
Gerede,Turkey,23879,2022-12-31
Geyve,Turkey,25780,2022-12-31
Giresun,Turkey,125682,2022-12-31
Göksun,Turkey,22589,2022-12-31
Gölbaşı,Turkey,33976,2022-12-31
Gölcük,Turkey,169922,2022-12-31
Gönen,Turkey,51789,2022-12-31
Görele,Turkey,18725,2022-12-31
Gümüşhane,Turkey,38105,2022-12-31
Güroymak,Turkey,26445,2022-12-31
Gürsu,Turkey,99891,2022-12-31
Hakkâri,Turkey,60098,2022-12-31
Harbiye,Turkey,27057,2022-12-31
Havza,Turkey,21177,2022-12-31
Hendek,Turkey,62252,2022-12-31
Hilvan,Turkey,26334,2022-12-31
Hopa,Turkey,23108,2022-12-31
İdil,Turkey,30583,2022-12-31
Iğdır,Turkey,101700,2022-12-31
Ilgın,Turkey,33221,2022-12-31
İmamoğlu,Turkey,19431,2022-12-31
İncesu,Turkey,23848,2022-12-31
İncirliova,Turkey,29119,2022-12-31
İnegöl,Turkey,239675,2022-12-31
İskenderun,Turkey,186706,2022-12-31
İslahiye,Turkey,38787,2022-12-31
Isparta,Turkey,247580,2022-12-31
İstanbul [ Istanbul ],Turkey,15244936,2022-12-31
İzmir [ Izmir ],Turkey,2948160,2022-12-31
İzmit ( Kocaeli ),Turkey,342074,2022-12-31
İznik,Turkey,26541,2022-12-31
Kadirli,Turkey,98469,2022-12-31
Kağızman,Turkey,21130,2022-12-31
Kahramanmaraş ( Maraş ),Turkey,571266,2022-12-31
Kâhta,Turkey,89195,2022-12-31
Kaman,Turkey,21340,2022-12-31
Kapaklı,Turkey,127412,2022-12-31
Karaağaç,Turkey,33718,2022-12-31
Karabük,Turkey,125403,2022-12-31
Karacabey,Turkey,64795,2022-12-31
Karaköprü,Turkey,241558,2022-12-31
Karaman,Turkey,175390,2022-12-31
Karamürsel,Turkey,54981,2022-12-31
Karapınar,Turkey,36142,2022-12-31
Karasu,Turkey,48371,2022-12-31
Kars,Turkey,91449,2022-12-31
Kartepe,Turkey,128466,2022-12-31
Kastamonu,Turkey,128707,2022-12-31
Kayseri,Turkey,988578,2022-12-31
Kazan ( Kahramankazan ),Turkey,56952,2022-12-31
Kelkit,Turkey,21316,2022-12-31
Kemalpaşa,Turkey,93988,2022-12-31
Kemer,Turkey,27033,2022-12-31
Kepez,Turkey,35390,2022-12-31
Keşan,Turkey,62399,2022-12-31
Kestel,Turkey,64125,2022-12-31
Kilimli,Turkey,19989,2022-12-31
Kilis,Turkey,111648,2022-12-31
Kırıkhan,Turkey,91084,2022-12-31
Kırıkkale,Turkey,186960,2022-12-31
Kırkağaç,Turkey,21789,2022-12-31
Kırklareli,Turkey,85493,2022-12-31
Kırşehir,Turkey,150700,2022-12-31
Kızılpınar,Turkey,54268,2022-12-31
Kızıltepe,Turkey,196633,2022-12-31
Konya,Turkey,1365287,2022-12-31
Körfez,Turkey,174344,2022-12-31
Korkuteli,Turkey,28725,2022-12-31
Kovancılar,Turkey,24764,2022-12-31
Kozan,Turkey,95113,2022-12-31
Kozlu,Turkey,43140,2022-12-31
Kozluk,Turkey,27933,2022-12-31
Kula,Turkey,26071,2022-12-31
Kulu,Turkey,27335,2022-12-31
Kumluca,Turkey,42861,2022-12-31
Kurtalan,Turkey,36665,2022-12-31
Kuşadası,Turkey,99710,2022-12-31
Kütahya,Turkey,263860,2022-12-31
Lüleburgaz,Turkey,125404,2022-12-31
Mahmutlar,Turkey,53034,2022-12-31
Malatya,Turkey,485484,2022-12-31
Malazgirt,Turkey,18873,2022-12-31
Malkara,Turkey,30199,2022-12-31
"Manavgat ( incl. Sarılar, Side )",Turkey,165950,2022-12-31
Manisa ( incl. Muradiye ),Turkey,385452,2022-12-31
Mardin ( incl. Yalım ),Turkey,133381,2022-12-31
"Marmaris ( incl. Armutalan, Beldibi )",Turkey,71092,2022-12-31
Menderes,Turkey,88977,2022-12-31
Menemen,Turkey,185573,2022-12-31
Mersin ( İçel ),Turkey,1040507,2022-12-31
Merzifon,Turkey,62533,2022-12-31
Midyat,Turkey,85591,2022-12-31
Milas,Turkey,71117,2022-12-31
Mudanya,Turkey,86975,2022-12-31
Muğla,Turkey,82717,2022-12-31
Muratlı,Turkey,25025,2022-12-31
Muş,Turkey,116707,2022-12-31
Mustafakemalpaşa,Turkey,61700,2022-12-31
Mut,Turkey,32684,2022-12-31
Nazilli,Turkey,124824,2022-12-31
Nevşehir,Turkey,123882,2022-12-31
Niğde,Turkey,161224,2022-12-31
Niksar,Turkey,37017,2022-12-31
Nizip,Turkey,117750,2022-12-31
Nurdağı,Turkey,22928,2022-12-31
Nusaybin,Turkey,91602,2022-12-31
Ödemiş,Turkey,85182,2022-12-31
Of,Turkey,21628,2022-12-31
Oltu,Turkey,21225,2022-12-31
Ordu,Turkey,190425,2022-12-31
Orhangazi,Turkey,66617,2022-12-31
Ortaca,Turkey,36556,2022-12-31
Ortaköy,Turkey,19558,2022-12-31
Osmancık,Turkey,30537,2022-12-31
Osmaniye,Turkey,252186,2022-12-31
Pamukova,Turkey,21120,2022-12-31
Patnos,Turkey,59941,2022-12-31
Payas,Turkey,36876,2022-12-31
Pazarcık,Turkey,32701,2022-12-31
Polatlı,Turkey,109439,2022-12-31
Reyhanlı,Turkey,75367,2022-12-31
Rize,Turkey,122555,2022-12-31
Safranbolu,Turkey,52999,2022-12-31
Salihli,Turkey,111377,2022-12-31
Samandağ,Turkey,49678,2022-12-31
Samsun,Turkey,639930,2022-12-31
Sandıklı,Turkey,34468,2022-12-31
Şanlıurfa ( Urfa ),Turkey,596637,2022-12-31
Sapanca,Turkey,38488,2022-12-31
Saray,Turkey,28047,2022-12-31
Sarayköy,Turkey,20436,2022-12-31
Sarıkaya,Turkey,18457,2022-12-31
Şarkışla,Turkey,23707,2022-12-31
Şarköy,Turkey,22213,2022-12-31
Saruhanlı,Turkey,24336,2022-12-31
Seferihisar,Turkey,50685,2022-12-31
Selçuk,Turkey,32179,2022-12-31
Şereflikoçhisar,Turkey,27169,2022-12-31
Serik,Turkey,76046,2022-12-31
Seydişehir,Turkey,47138,2022-12-31
Siirt,Turkey,161328,2022-12-31
Silifke,Turkey,66641,2022-12-31
Silivri,Turkey,191903,2022-12-31
Silopi,Turkey,107031,2022-12-31
Silvan,Turkey,48969,2022-12-31
Simav,Turkey,26872,2022-12-31
Sinop,Turkey,45629,2022-12-31
Şırnak,Turkey,69388,2022-12-31
Sivas,Turkey,365270,2022-12-31
Siverek,Turkey,160122,2022-12-31
Söke ( incl. Savuca ),Turkey,89093,2022-12-31
Solhan,Turkey,20410,2022-12-31
Soma ( incl. Turgutalp ),Turkey,98714,2022-12-31
Sorgun,Turkey,55079,2022-12-31
Suluova,Turkey,39522,2022-12-31
Sungurlu,Turkey,30275,2022-12-31
Suruç,Turkey,61519,2022-12-31
Susurluk,Turkey,23931,2022-12-31
Talas,Turkey,164352,2022-12-31
Tarsus,Turkey,278470,2022-12-31
Tatvan,Turkey,82103,2022-12-31
Tavşanlı,Turkey,73306,2022-12-31
Tekirdağ,Turkey,186421,2022-12-31
Tekkeköy,Turkey,44639,2022-12-31
Terme,Turkey,35465,2022-12-31
Tire,Turkey,64918,2022-12-31
Tirebolu,Turkey,20671,2022-12-31
Tokat,Turkey,163405,2022-12-31
Torbalı,Turkey,197330,2022-12-31
Tosya,Turkey,29133,2022-12-31
"Trabzon ( incl. Çukurçayır, Pelitli )",Turkey,293661,2022-12-31
Tunceli,Turkey,36291,2022-12-31
Turgutlu,Turkey,154493,2022-12-31
Turhal,Turkey,62030,2022-12-31
Türkoğlu,Turkey,20366,2022-12-31
Ünye,Turkey,97555,2022-12-31
Ürgüp,Turkey,24647,2022-12-31
Urla,Turkey,62989,2022-12-31
Uşak,Turkey,229463,2022-12-31
Uzunköprü,Turkey,39577,2022-12-31
Van ( incl. Bostaniçi ),Turkey,525016,2022-12-31
Vezirköprü,Turkey,33669,2022-12-31
Viranşehir,Turkey,118754,2022-12-31
Yahşihan,Turkey,31195,2022-12-31
Yahyalı,Turkey,20728,2022-12-31
Yalova,Turkey,133109,2022-12-31
Yalvaç,Turkey,22538,2022-12-31
Yatağan,Turkey,20221,2022-12-31
Yenişehir,Turkey,37578,2022-12-31
Yerköy,Turkey,27084,2022-12-31
"Yeşilyurt ( incl. Bostanbaşı, Yakınca )",Turkey,62928,2022-12-31
Yozgat,Turkey,92643,2022-12-31
Yüksekova,Turkey,72745,2022-12-31
Zile,Turkey,33557,2022-12-31
Zonguldak,Turkey,101749,2022-12-31
Arusha,Tanzania,617631,2022-08-23
Babati,Tanzania,67445,2022-08-23
Bagamoyo,Tanzania,55000,2022-08-23
Bariadi,Tanzania,260927,2022-08-23
Bomang'ombe ( Hai ),Tanzania,37538,2022-08-23
Bukoba,Tanzania,144938,2022-08-23
Bunda,Tanzania,182970,2022-08-23
Buseresere,Tanzania,27000,2022-08-23
Chake Chake,Tanzania,52047,2022-08-23
Chalinze,Tanzania,29000,2022-08-23
Chato,Tanzania,30000,2022-08-23
Dar es Salaam,Tanzania,5383728,2022-08-23
Diobahika ( Uyovu ),Tanzania,45000,2022-08-23
Dodoma,Tanzania,765179,2022-08-23
Dumila,Tanzania,40000,2022-08-23
Gairo,Tanzania,40000,2022-08-23
Geita,Tanzania,318006,2022-08-23
Handeni ( Chanika ),Tanzania,108968,2022-08-23
Hedaru,Tanzania,21000,2022-08-23
Ifakara,Tanzania,205843,2022-08-23
Igunga,Tanzania,45000,2022-08-23
Igurusi,Tanzania,19000,2022-08-23
Ikwiriri,Tanzania,45000,2022-08-23
Ilula,Tanzania,17000,2022-08-23
Iringa,Tanzania,202490,2022-08-23
Itigi,Tanzania,24000,2022-08-23
Kahama,Tanzania,453654,2022-08-23
Karatu,Tanzania,20000,2022-08-23
Kasulu,Tanzania,238321,2022-08-23
Katesh,Tanzania,21462,2022-08-23
Katoro,Tanzania,75000,2022-08-23
Kibaha,Tanzania,265360,2022-08-23
Kibaigwa,Tanzania,50054,2022-08-23
Kibiti,Tanzania,18000,2022-08-23
Kibondo,Tanzania,27200,2022-08-23
Kigoma,Tanzania,232388,2022-08-23
Kilindoni,Tanzania,23426,2022-08-23
Kilosa,Tanzania,43418,2022-08-23
Kilwa Masoko,Tanzania,21519,2022-08-23
Kiomboi,Tanzania,17350,2022-08-23
Kisesa,Tanzania,30000,2022-08-23
Kondoa,Tanzania,80443,2022-08-23
Korogwe,Tanzania,62032,2022-08-23
Kyela,Tanzania,47000,2022-08-23
Lindi,Tanzania,95096,2022-08-23
Liwale,Tanzania,25000,2022-08-23
Lushoto,Tanzania,34000,2022-08-23
Madizini ( Mtibwa ),Tanzania,18000,2022-08-23
Mafinga,Tanzania,99305,2022-08-23
Magu,Tanzania,35000,2022-08-23
Makambako,Tanzania,116232,2022-08-23
Makongorosi,Tanzania,23787,2022-08-23
Makuyuni ( Himo ),Tanzania,20000,2022-08-23
Malinyi,Tanzania,20000,2022-08-23
Manyoni,Tanzania,25000,2022-08-23
Mapinga,Tanzania,40000,2022-08-23
Masasi,Tanzania,89700,2022-08-23
Masumbwe ( Marongwe ),Tanzania,50000,2022-08-23
Maswa,Tanzania,28000,2022-08-23
Matongo,Tanzania,20000,2022-08-23
Matundasi,Tanzania,26073,2022-08-23
Mbeya,Tanzania,541603,2022-08-23
Mbinga,Tanzania,60868,2022-08-23
Mbuguni ( Mirerani ),Tanzania,49801,2022-08-23
Mbulu,Tanzania,45384,2022-08-23
Mikumi,Tanzania,20000,2022-08-23
Misungwi,Tanzania,30000,2022-08-23
Mkoani,Tanzania,23719,2022-08-23
Mkuranga,Tanzania,20000,2022-08-23
Mlimba,Tanzania,21000,2022-08-23
Mlowo,Tanzania,40000,2022-08-23
Morogoro,Tanzania,471409,2022-08-23
Moshi,Tanzania,221733,2022-08-23
Mpanda,Tanzania,204338,2022-08-23
Mpwapwa,Tanzania,30000,2022-08-23
Mtwara,Tanzania,140793,2022-08-23
Mugumu,Tanzania,29000,2022-08-23
Muheza,Tanzania,20000,2022-08-23
Musoma,Tanzania,164172,2022-08-23
Mvomero,Tanzania,18000,2022-08-23
Mwandege,Tanzania,45000,2022-08-23
Mwanga,Tanzania,21000,2022-08-23
Mwanhuzi ( Meatu ),Tanzania,21664,2022-08-23
Mwanza ( incl. Ilemela ),Tanzania,1104521,2022-08-23
Nachingwea,Tanzania,21000,2022-08-23
Namanyere,Tanzania,40000,2022-08-23
Nansio,Tanzania,44000,2022-08-23
Newala,Tanzania,34862,2022-08-23
Ngudu,Tanzania,32446,2022-08-23
Njombe,Tanzania,92537,2022-08-23
Nkome,Tanzania,25000,2022-08-23
Nungwi,Tanzania,30762,2022-08-23
Nzega,Tanzania,125193,2022-08-23
Ruaha,Tanzania,24000,2022-08-23
Ruangwa,Tanzania,20000,2022-08-23
Rujewa,Tanzania,42013,2022-08-23
Same,Tanzania,34322,2022-08-23
Sengerema,Tanzania,110000,2022-08-23
Shinyanga,Tanzania,139727,2022-08-23
Shirati,Tanzania,18904,2022-08-23
Singida,Tanzania,165492,2022-08-23
Sirari,Tanzania,25000,2022-08-23
Songea,Tanzania,286285,2022-08-23
Sumbawanga,Tanzania,182970,2022-08-23
Tabora,Tanzania,221466,2022-08-23
Tandahimba,Tanzania,20000,2022-08-23
Tanga,Tanzania,393429,2022-08-23
Tarakea,Tanzania,18000,2022-08-23
Tarime,Tanzania,133043,2022-08-23
Tukuyu,Tanzania,50000,2022-08-23
Tunduma,Tanzania,219309,2022-08-23
Tunduru,Tanzania,48000,2022-08-23
Ubaruku,Tanzania,23000,2022-08-23
Urambo,Tanzania,31752,2022-08-23
Usa River,Tanzania,21000,2022-08-23
Ushirombo ( Igulwa ),Tanzania,45000,2022-08-23
Utengule,Tanzania,50000,2022-08-23
Vikindu,Tanzania,70000,2022-08-23
Vwawa,Tanzania,85000,2022-08-23
Wete,Tanzania,35951,2022-08-23
Zanzibar,Tanzania,709809,2022-08-23
Abū Ẓaby [ Abu Dhabi ],Uae,1750000,2023-07-01
Ad-Dhaīd,Uae,33000,2023-07-01
'Ajmān,Uae,557071,2023-07-01
Al-'Ayn [ Al Ain ],Uae,690000,2023-07-01
Al-Baṭāeḥ,Uae,7000,2023-07-01
Al-Fujayrah ( Madīnat al-Fujayrah ) [ Fujairah City ],Uae,114356,2023-07-01
Al-Ḥamriyah,Uae,19000,2023-07-01
Al-Madām,Uae,18000,2023-07-01
Al-Manāmah [ Manama ],Uae,6600,2023-07-01
Ash-Shāriqah [ Sharjah City ],Uae,1610000,2023-07-01
Dibā al-Fujayrah ( Madīnat Dibā ) [ Dibba ],Uae,49333,2023-07-01
Dibā al-Ḥiṣn [ Dibba ],Uae,15000,2023-07-01
Dubayy [ Dubai ],Uae,3570099,2023-07-01
Ḥatā [ Hatta ],Uae,15792,2023-07-01
Kalbā',Uae,51000,2023-07-01
Khawr Fakān [ Khor Fakkan ],Uae,53000,2023-07-01
Maṣfūt ( incl. Sayḥ Muzayra' ) [ Masfout ],Uae,10215,2023-07-01
Mileīḥah [ Mileiha ],Uae,6000,2023-07-01
Rā's al-Khaymah [ Ras al-Khaimah ],Uae,263000,2015-07-01
Umm al-Qaywayn [ Umm al-Quwain ],Uae,75000,2015-07-01
Aboke,Uganda,29469,2024-05-10
Adjumani,Uganda,36853,2024-05-10
Akalo,Uganda,23139,2024-05-10
Aloi,Uganda,20426,2024-05-10
Amuru,Uganda,17246,2024-05-10
Anaka,Uganda,22113,2024-05-10
Apac,Uganda,49593,2024-05-10
Arua,Uganda,384656,2024-05-10
Ayilo 1/2,Uganda,23644,2024-05-10
Bala,Uganda,19339,2024-05-10
Banda,Uganda,23706,2024-05-10
Barakala,Uganda,28583,2024-05-10
Bidi Bidi Zone 1,Uganda,32233,2024-05-10
Bidi Bidi Zone 2,Uganda,26795,2024-05-10
Bidi Bidi Zone 3,Uganda,30379,2024-05-10
Biguli,Uganda,19121,2024-05-10
Bitooma,Uganda,17216,2024-05-10
Bombo,Uganda,29298,2024-05-10
Bubaare,Uganda,18956,2024-05-10
Budadiri,Uganda,12846,2024-05-10
Budaka,Uganda,33120,2024-05-10
Bugadde,Uganda,17638,2024-05-10
Bugango,Uganda,17079,2024-05-10
Bugiri,Uganda,31819,2024-05-10
Buheesi,Uganda,19344,2024-05-10
Buhoma,Uganda,17052,2024-05-10
Buikwe,Uganda,20665,2024-05-10
Bukomansimbi,Uganda,16747,2024-05-10
Bukomero,Uganda,17622,2024-05-10
Bukoova,Uganda,20788,2024-05-10
Bukungu,Uganda,17754,2024-05-10
Bukuya,Uganda,26972,2024-05-10
Bundibugyo,Uganda,20828,2024-05-10
Buremba,Uganda,23182,2024-05-10
Busaana,Uganda,21635,2024-05-10
Busembatia,Uganda,21869,2024-05-10
Busesa,Uganda,19021,2024-05-10
Bushenyi-Ishaka,Uganda,52408,2024-05-10
Busia,Uganda,63681,2024-05-10
Busiika,Uganda,42412,2024-05-10
Busowa,Uganda,19432,2024-05-10
Busunju,Uganda,18391,2024-05-10
Butaleja,Uganda,24726,2024-05-10
Butemba,Uganda,25338,2024-05-10
Buteraniro-Nyeihanga,Uganda,17898,2024-05-10
Butogota,Uganda,17694,2024-05-10
Butunduzi,Uganda,22468,2024-05-10
Buwama,Uganda,31774,2024-05-10
Buwenge,Uganda,30377,2024-05-10
Buwuni,Uganda,18448,2024-05-10
Buyende,Uganda,33843,2024-05-10
Buyengo,Uganda,39130,2024-05-10
Bweyale,Uganda,58489,2024-05-10
Bwizibwera-Rutooma,Uganda,18664,2024-05-10
Bwondha,Uganda,26680,2024-05-10
Dokolo,Uganda,24697,2024-05-10
Endiinzi,Uganda,17623,2024-05-10
Entebbe,Uganda,81160,2024-05-10
Fort Portal ( incl. Karago ),Uganda,137549,2024-05-10
Gombe ( Butambala ),Uganda,22070,2024-05-10
Gulu,Uganda,233271,2024-05-10
Hapuuyo ( Kitaleesa ),Uganda,20751,2024-05-10
Hima,Uganda,17640,2024-05-10
Hoima,Uganda,143304,2024-05-10
Ibanda,Uganda,126088,2024-05-10
Ibanda-Kyanya,Uganda,19430,2024-05-10
Idudi,Uganda,23784,2024-05-10
Iganga,Uganda,56381,2024-05-10
Igayaza ( Gayaza ),Uganda,22077,2024-05-10
Imvepi Zone 1 / Zone 2,Uganda,33756,2024-05-10
Ishongororo,Uganda,26426,2024-05-10
Isingiro,Uganda,39957,2024-05-10
Jinja ( incl. Bugembe ),Uganda,279184,2024-05-10
Kaabong,Uganda,25657,2024-05-10
Kabale,Uganda,64695,2024-05-10
Kabuyanda,Uganda,17911,2024-05-10
Kacheri,Uganda,20959,2024-05-10
Kagadi,Uganda,31602,2024-05-10
Kajjansi,Uganda,155058,2024-05-10
Kakabara,Uganda,19467,2024-05-10
Kakira,Uganda,42854,2024-05-10
Kakiri,Uganda,38994,2024-05-10
Kakukuru-Rwenanura,Uganda,19942,2024-05-10
Kaliro,Uganda,23410,2024-05-10
Kamira,Uganda,18227,2024-05-10
Kampala,Uganda,1797722,2024-05-10
Kamuli,Uganda,76758,2024-05-10
Kamwenge,Uganda,23638,2024-05-10
Kangulumira,Uganda,37937,2024-05-10
Kanoni,Uganda,17570,2024-05-10
Kapchorwa,Uganda,54520,2024-05-10
Karita,Uganda,18082,2024-05-10
Karugutu,Uganda,19070,2024-05-10
Kasaali,Uganda,36659,2024-05-10
Kasambya,Uganda,24588,2024-05-10
Kasangati,Uganda,277685,2024-05-10
Kasanje,Uganda,46962,2024-05-10
Kasawo,Uganda,26176,2024-05-10
Kasese,Uganda,133629,2024-05-10
Kassanda,Uganda,17239,2024-05-10
Katabi,Uganda,169602,2024-05-10
Katooke,Uganda,20303,2024-05-10
Katosi,Uganda,28125,2024-05-10
Kayabwe,Uganda,22005,2024-05-10
Kayunga,Uganda,35617,2024-05-10
Kazo,Uganda,18217,2024-05-10
Kebisoni,Uganda,16811,2024-05-10
Kibibi,Uganda,22231,2024-05-10
Kiboga,Uganda,26677,2024-05-10
Kidera,Uganda,20476,2024-05-10
Kiganda,Uganda,21647,2024-05-10
Kigumba,Uganda,24835,2024-05-10
Kihiihi,Uganda,28033,2024-05-10
Kikuube,Uganda,17173,2024-05-10
Kikyusa,Uganda,24478,2024-05-10
Kinoni,Uganda,17137,2024-05-10
Kira,Uganda,459827,2024-05-10
Kiryandongo,Uganda,30074,2024-05-10
Kisiita,Uganda,19570,2024-05-10
Kisinga,Uganda,18653,2024-05-10
Kisoro,Uganda,26689,2024-05-10
Kitagwenda,Uganda,24135,2024-05-10
Kitgum,Uganda,50166,2024-05-10
Kitimbwa,Uganda,20941,2024-05-10
Kitwe,Uganda,20076,2024-05-10
Kiyindi,Uganda,21931,2024-05-10
Koboko,Uganda,67727,2024-05-10
Kongunga,Uganda,17624,2024-05-10
Kotido,Uganda,53888,2024-05-10
Kumi,Uganda,39781,2024-05-10
Kuru,Uganda,28238,2024-05-10
Kyaka II,Uganda,90021,2024-05-10
Kyamukube,Uganda,18213,2024-05-10
Kyangwali,Uganda,72098,2024-05-10
Kyaterekera,Uganda,19782,2024-05-10
Kyazanga ( Bukoto ),Uganda,21754,2024-05-10
Kyegegwa,Uganda,33476,2024-05-10
Kyenda,Uganda,19769,2024-05-10
Kyengera,Uganda,311112,2024-05-10
Kyenjojo,Uganda,35014,2024-05-10
Lira,Uganda,245132,2024-05-10
Lobe,Uganda,29406,2024-05-10
Lodonga,Uganda,29357,2024-05-10
Loro,Uganda,19029,2024-05-10
Lugazi,Uganda,129795,2024-05-10
Lukaya,Uganda,32825,2024-05-10
Luweero ( Luweero ),Uganda,73644,2024-05-10
Lwengo ( Lwensinga ),Uganda,18964,2024-05-10
Lyantonde,Uganda,19799,2024-05-10
Maaji 1/2/3,Uganda,20197,2024-05-10
Magamaga,Uganda,21741,2024-05-10
Mahyoro,Uganda,17119,2024-05-10
Makindye-Ssabagabo,Uganda,439605,2024-05-10
Malaba,Uganda,18847,2024-05-10
Masaka,Uganda,294166,2024-05-10
Masindi,Uganda,97781,2024-05-10
Masuliita ( Kiziba ),Uganda,18669,2024-05-10
Mayuge,Uganda,20197,2024-05-10
Mbale ( incl. Nakaloke ),Uganda,290414,2024-05-10
Mbarara,Uganda,264425,2024-05-10
Midigo,Uganda,23533,2024-05-10
Minakulu,Uganda,25771,2024-05-10
Mityana,Uganda,126109,2024-05-10
Moroto,Uganda,16769,2024-05-10
Mpara,Uganda,21660,2024-05-10
Mpeefu ya Sande,Uganda,19010,2024-05-10
Mpigi,Uganda,48461,2024-05-10
Mpondwe - Lhubiriha,Uganda,65539,2024-05-10
Mubende,Uganda,113298,2024-05-10
Muhorro,Uganda,29706,2024-05-10
Mukono,Uganda,305945,2024-05-10
Mutumba,Uganda,25509,2024-05-10
Muwayo,Uganda,21084,2024-05-10
Nabiganda,Uganda,27220,2024-05-10
Nabilatuk,Uganda,20874,2024-05-10
Nabingoola,Uganda,18815,2024-05-10
Naboa,Uganda,19156,2024-05-10
Nakifuma-Naggalama,Uganda,66547,2024-05-10
Nakivale,Uganda,68645,2024-05-10
Nakivale-Juru,Uganda,18817,2024-05-10
Nakivale-Rubondo,Uganda,21057,2024-05-10
Namagera,Uganda,22908,2024-05-10
Namataba,Uganda,22395,2024-05-10
Namayemba,Uganda,18198,2024-05-10
Namayingo ( Buinja ),Uganda,25252,2024-05-10
Namayumba ( Lukoma ),Uganda,29130,2024-05-10
Namungalwe,Uganda,44990,2024-05-10
Namutumba,Uganda,27400,2024-05-10
Namwendwa,Uganda,22400,2024-05-10
Nankoma,Uganda,26823,2024-05-10
Nansana,Uganda,692478,2024-05-10
Nazigo,Uganda,16940,2024-05-10
Nebbi,Uganda,49191,2024-05-10
Ngora,Uganda,21488,2024-05-10
Njeru,Uganda,201484,2024-05-10
Nkuringo,Uganda,18511,2024-05-10
Ntenjeru-Kisoga,Uganda,34725,2024-05-10
Ntunda,Uganda,17941,2024-05-10
Ntungamo,Uganda,20760,2024-05-10
Nyahuka,Uganda,19913,2024-05-10
Nyakigumba,Uganda,19470,2024-05-10
Nyakyera,Uganda,32724,2024-05-10
Nyamunuka,Uganda,26212,2024-05-10
Nyaravur - Angal,Uganda,25168,2024-05-10
Nyumanzi,Uganda,24281,2024-05-10
Osukuru,Uganda,22511,2024-05-10
Pader,Uganda,17704,2024-05-10
Pagirinya,Uganda,18506,2024-05-10
Paidha,Uganda,42733,2024-05-10
Pakwach,Uganda,31079,2024-05-10
Palabek,Uganda,36548,2024-05-10
Pallisa,Uganda,41108,2024-05-10
Palorinya Base Camp / Zone 1,Uganda,28259,2024-05-10
Palorinya Zone 2 / Zone 3,Uganda,42558,2024-05-10
Parombo,Uganda,19473,2024-05-10
Rhino Camp Ofua Zone,Uganda,19429,2024-05-10
Rubaare,Uganda,22263,2024-05-10
Rubanda,Uganda,20687,2024-05-10
Rubuguri,Uganda,19584,2024-05-10
Rukungiri,Uganda,43529,2024-05-10
Rushere,Uganda,18775,2024-05-10
Rwamwanja,Uganda,43456,2024-05-10
Rwentobo-Rwahi,Uganda,26375,2024-05-10
Rwimi,Uganda,19185,2024-05-10
"Sheema ( incl. Kibingo, Kabwohe, Itendero )",Uganda,98594,2024-05-10
Shuuku,Uganda,17211,2024-05-10
Sironko,Uganda,20374,2024-05-10
Soroti,Uganda,134199,2024-05-10
Ssekanyonyi,Uganda,19540,2024-05-10
Tororo,Uganda,42865,2024-05-10
Wakiso,Uganda,91060,2024-05-10
Wobulenzi,Uganda,35801,2024-05-10
Yumbe,Uganda,65882,2024-05-10
Zirobwe,Uganda,16895,2024-05-10
Zombo,Uganda,18573,2024-05-10
Alčevs'k ( Kommunarsk ) [ Alchevsk ],Ukraine,106062,2022-01-01
Alušta [ Alushta ],Ukraine,31364,2022-01-01
Amvrosiïvka [ Amvrosiivka ],Ukraine,17998,2022-01-01
Antracyt [ Antratsyt ],Ukraine,52150,2022-01-01
Armjans'k ( Armensk ) [ Armyansk ],Ukraine,20692,2022-01-01
Avdiïvka [ Avdiivka ],Ukraine,31392,2022-01-01
Bachčysaraj [ Bakhchysarai ],Ukraine,28609,2022-01-01
Bachmač [ Bakhmach ],Ukraine,16862,2022-01-01
Bachmut ( Artėmivs'k ) [ Bakhmut ],Ukraine,71094,2022-01-01
Balaklija [ Balakliia ],Ukraine,26334,2022-01-01
Balta,Ukraine,17854,2022-01-01
Berdjans'k [ Berdiansk ],Ukraine,106311,2022-01-01
Berdyčiv [ Berdychiv ],Ukraine,73046,2022-01-01
Berehove,Ukraine,23325,2022-01-01
Bila Cerkva [ Bila Tserkva ],Ukraine,207273,2022-01-01
Bilhorod-Dnistrovs'kyj [ Bilhorod-Dnistrovskyi ],Ukraine,47727,2022-01-01
Bojarka [ Boyarka ],Ukraine,34394,2022-01-01
Boryslav,Ukraine,32473,2022-01-01
Boryspil' [ Boryspil ],Ukraine,64117,2022-01-01
Brjanka [ Brianka ],Ukraine,44760,2022-01-01
Brody,Ukraine,23134,2022-01-01
Brovary,Ukraine,109806,2022-01-01
Buča [ Bucha ],Ukraine,37321,2022-01-01
Čerkasy [ Cherkasy ],Ukraine,269836,2022-01-01
Černihiv [ Chernihiv ],Ukraine,282747,2022-01-01
Černivci [ Chernivtsi ],Ukraine,264298,2022-01-01
Červonohrad [ Chervonohrad ],Ukraine,64297,2022-01-01
Charcyz'k [ Khartsyzk ],Ukraine,56182,2022-01-01
Charkiv [ Kharkiv ],Ukraine,1421125,2022-01-01
Cherson [ Kherson ],Ukraine,279131,2022-01-01
Chmel'nyc'kyj [ Khmelnytskyi ],Ukraine,274452,2022-01-01
Chmil'nyk [ Khmilnyk ],Ukraine,26916,2022-01-01
Chrestivka ( Kirovs'kė ) [ Khrestivka ],Ukraine,27370,2022-01-01
Chrustal'nyj ( Krasnyj Luč ) [ Khrustalni ],Ukraine,79533,2022-01-01
Chust [ Khust ],Ukraine,28039,2022-01-01
Čornomors'k ( Illičivs'k ) [ Chornomorsk ],Ukraine,57983,2022-01-01
Čortkiv [ Chortkiv ],Ukraine,28279,2022-01-01
Čuhuïv [ Chuhuiv ],Ukraine,31018,2022-01-01
Čystjakove ( Torėz ) [ Khystyakove ],Ukraine,53462,2022-01-01
Debal'ceve [ Debaltseve ],Ukraine,24209,2022-01-01
Derhači [ Derhachi ],Ukraine,17139,2022-01-01
Dnipro ( Dnipropėtrovs'k ) [ Dnepropetrovsk ],Ukraine,968502,2022-01-01
Dniprorudne,Ukraine,17736,2022-01-01
Dobropillja [ Dobropillia ],Ukraine,28170,2022-01-01
Dokučajevs'k [ Dokuchaievsk ],Ukraine,22835,2022-01-01
Dolyna,Ukraine,20417,2022-01-01
Donec'k [ Donetsk ],Ukraine,901645,2022-01-01
Dovžans'k ( Svėrdlovs'k ) [ Dovzhansk ],Ukraine,62691,2022-01-01
Drohobyč [ Drohobych ],Ukraine,73682,2022-01-01
Družkivka [ Druzhkivka ],Ukraine,53977,2022-01-01
Dubno,Ukraine,36901,2022-01-01
Džankoj [ Dzhankoy ],Ukraine,37014,2022-01-01
Enerhodar,Ukraine,52237,2022-01-01
Fastiv,Ukraine,44014,2022-01-01
Feodosija [ Feodosia ],Ukraine,66293,2022-01-01
Hadjač [ Hadiach ],Ukraine,22851,2022-01-01
Hajsyn [ Haisyn ],Ukraine,25698,2022-01-01
Heničes'k [ Henichesk ],Ukraine,18889,2022-01-01
Hluchiv [ Hlukhiv ],Ukraine,31789,2022-01-01
Holubivka ( Kirovs'k ),Ukraine,26654,2022-01-01
Horišni Plavni ( Komsomol'sk ) [ Horishni Plavni ],Ukraine,49854,2022-01-01
Horlivka,Ukraine,239828,2022-01-01
Irpin' [ Irpin ],Ukraine,65167,2022-01-01
Ivano-Frankivs'k [ Ivano-Frankivsk ],Ukraine,238196,2022-01-01
Izjum [ Izium ],Ukraine,44979,2022-01-01
Izmaïl [ Izmail ],Ukraine,69932,2022-01-01
Jahotyn [ Yahotyn ],Ukraine,18995,2022-01-01
Jalta [ Yalta ],Ukraine,74652,2022-01-01
Jasynuvata [ Yasynuvata ],Ukraine,34144,2022-01-01
Jenakijeve [ Yenakiieve ],Ukraine,76673,2022-01-01
Jevpatorija ( Gözleve ) [ Yevpatoria ],Ukraine,107877,2022-01-01
Južne [ Yuzhne ],Ukraine,32677,2022-01-01
Južnoukraïns'k [ Yuzhnoukrainsk ],Ukraine,38560,2022-01-01
Kachovka [ Kakhovka ],Ukraine,34749,2022-01-01
Kadiïvka ( Stachanov ),Ukraine,73248,2022-01-01
Kaluš [ Kalush ],Ukraine,65088,2022-01-01
Kalynivka,Ukraine,18492,2022-01-01
Kam'janec'-Podil's'kyj [ Kamianets-Podilskyi ],Ukraine,96896,2022-01-01
Kam'jans'ke ( Dniprodzėržyns'k ) [ Kamianske ],Ukraine,226845,2022-01-01
Kaniv,Ukraine,23172,2022-01-01
Kerč [ Kerch ],Ukraine,154621,2022-01-01
Kilija [ Kiliya ],Ukraine,18745,2022-01-01
Kolomyja [ Kolomyia ],Ukraine,60821,2022-01-01
Konotop,Ukraine,83543,2022-01-01
Korosten' [ Korosten ],Ukraine,61496,2022-01-01
Korostyšiv [ Korostyshiv ],Ukraine,24129,2022-01-01
Kostjantynivka [ Kostiantynivka ],Ukraine,67350,2022-01-01
Kostopil' [ Kostopil ],Ukraine,30838,2022-01-01
Kovel' [ Kovel ],Ukraine,67575,2022-01-01
Kozjatyn [ Koziatyn ],Ukraine,22241,2022-01-01
Kramators'k [ Kramatorsk ],Ukraine,147145,2022-01-01
Krasnohrad,Ukraine,19674,2022-01-01
Krasnoperekops'k,Ukraine,25569,2022-01-01
Krasyliv,Ukraine,18356,2022-01-01
Kremenčuk [ Kremenchuk ],Ukraine,215271,2022-01-01
Kremenec' [ Kremenets ],Ukraine,20476,2022-01-01
Kreminna,Ukraine,18116,2022-01-01
Krolevec' [ Krolevets ],Ukraine,22111,2022-01-01
Kropyvnyc'kyj ( Kirovhrad ) [ Kropyvnytskyi ],Ukraine,219676,2022-01-01
Kryvyj Rih ( incl. Inhulec' ) [ Kryvyi Rih ],Ukraine,603904,2022-01-01
Kup'jans'k [ Kupiansk ],Ukraine,26627,2022-01-01
Kurachove [ Kurakhove ],Ukraine,18220,2022-01-01
Kyïv [ Kiev ],Ukraine,2952301,2022-01-01
Ladyžyn [ Ladyzhyn ],Ukraine,22459,2022-01-01
Lebedyn,Ukraine,23892,2022-01-01
Ljubotyn [ Liubotyn ],Ukraine,20001,2022-01-01
Lozova,Ukraine,53126,2022-01-01
Lubny,Ukraine,44089,2022-01-01
Luc'k [ Lutsk ],Ukraine,215986,2022-01-01
Luhans'k ( Vorošilovgrad ) [ Luhansk ],Ukraine,397677,2022-01-01
L'viv [ Lviv ],Ukraine,717273,2022-01-01
Lyman ( Krasnyj Liman ),Ukraine,20066,2022-01-01
Lysyčans'k [ Lysychansk ],Ukraine,93340,2022-01-01
Makiïvka [ Makiivka ],Ukraine,338968,2022-01-01
Malyn,Ukraine,25172,2022-01-01
Marhanec' [ Marhanets ],Ukraine,44980,2022-01-01
Mariupol' ( Zdanov ) [ Mariupol ],Ukraine,425681,2022-01-01
Melitopol' [ Melitopol ],Ukraine,148851,2022-01-01
Merefa,Ukraine,21202,2022-01-01
Mohyliv-Podil's'kyj [ Mohyliv-Podilskyi ],Ukraine,29925,2022-01-01
Molodohvardijs'k [ Molodohvardiysk ],Ukraine,22449,2022-01-01
Mukačeve [ Mukacheve ],Ukraine,85569,2022-01-01
Mykolaïv [ Mykolaiv ],Ukraine,470011,2022-01-01
Myrhorod,Ukraine,37886,2022-01-01
Myrnohrad ( Dymytrov ),Ukraine,46098,2022-01-01
Nadvirna,Ukraine,22504,2022-01-01
Netišyn [ Netishyn ],Ukraine,36492,2022-01-01
Nikopol' [ Nikopol ],Ukraine,105160,2022-01-01
Nižyn [ Nizhyn ],Ukraine,65830,2022-01-01
Nova Kachovka [ Nova Kakhovka ],Ukraine,44427,2022-01-01
Novohrad-Volyns'kyj [ Novohrad-Volynskyi ],Ukraine,55086,2022-01-01
Novojavorivs'k [ Novoiavorivsk ],Ukraine,31366,2022-01-01
Novomoskovs'k [ Novomoskovsk ],Ukraine,69855,2022-01-01
Novovolyns'k [ Novovolynsk ],Ukraine,49772,2022-01-01
Novyj Rozdil [ Novyi Rozdil ],Ukraine,27841,2022-01-01
Obuchiv [ Obukhiv ],Ukraine,33287,2022-01-01
Ochtyrka [ Okhtyrka ],Ukraine,46660,2022-01-01
Odesa [ Odessa ],Ukraine,1010537,2022-01-01
Oleksandrija [ Oleksandriia ],Ukraine,76097,2022-01-01
Olešky ( Cjurupyns'k ) [ Oleshky ],Ukraine,24124,2022-01-01
Pavlohrad,Ukraine,101430,2022-01-01
Perejaslav-Chmel'nyc'kyj [ Pereiaslav-Khmelnytskyi ],Ukraine,26273,2022-01-01
Pereval's'k [ Perevalsk ],Ukraine,24817,2022-01-01
Peršotravens'k [ Pershotravensk ],Ukraine,27099,2022-01-01
Pervomajs'k [ Pervomaisk ],Ukraine,62426,2022-01-01
Pervomajs'k [ Pervomaisk ],Ukraine,36091,2022-01-01
Pervomajs'kyj [ Pervomaiskyi ],Ukraine,28510,2022-01-01
P'jatychatky [ Piatykhatky ],Ukraine,18140,2022-01-01
Podil's'k ( Kotovs'k ) [ Podilsk ],Ukraine,39220,2022-01-01
Pokrov ( Ordžonikidzė ),Ukraine,37493,2022-01-01
Pokrovs'k ( Krasnoarmijs'k ) [ Pokrovsk ],Ukraine,60127,2022-01-01
Polohy,Ukraine,18111,2022-01-01
Polonne,Ukraine,20172,2022-01-01
Poltava,Ukraine,279593,2022-01-01
Popasna,Ukraine,19199,2022-01-01
Pryluky,Ukraine,51637,2022-01-01
Reni,Ukraine,17736,2022-01-01
Rivne,Ukraine,243873,2022-01-01
Romny,Ukraine,37765,2022-01-01
Roven'ky [ Rovenky ],Ukraine,45514,2022-01-01
Rubižne [ Rubizhne ],Ukraine,55247,2022-01-01
Šachtars'k [ Shakhtarsk ],Ukraine,48208,2022-01-01
Saky,Ukraine,24285,2022-01-01
Sambir,Ukraine,34152,2022-01-01
Sarny,Ukraine,28626,2022-01-01
Selydove,Ukraine,21521,2022-01-01
Šepetivka [ Shepetivka ],Ukraine,40299,2022-01-01
Sevastopol' ( Akyar ),Ukraine,485386,2022-01-01
Simferopol' ( Akmescid ),Ukraine,340540,2022-01-01
Sjevjerodonec'k [ Sievierodonetsk ],Ukraine,99067,2022-01-01
Slavuta,Ukraine,34918,2022-01-01
Slavutyč [ Slavutych ],Ukraine,24464,2022-01-01
Slov'jans'k [ Sloviansk ],Ukraine,105141,2022-01-01
Smila,Ukraine,65675,2022-01-01
Snižne [ Snizhne ],Ukraine,45767,2022-01-01
Sokal' [ Sokal ],Ukraine,20373,2022-01-01
Sorokyne ( Krasnodon ) [ Sorokine ],Ukraine,42315,2022-01-01
Šostka [ Shostka ],Ukraine,71966,2022-01-01
Starobil's'k [ Starobilsk ],Ukraine,15947,2022-01-01
Starokostjantyniv [ Starokostiantyniv ],Ukraine,33921,2022-01-01
Stebnyk,Ukraine,20200,2022-01-01
Stryj [ Stryi ],Ukraine,59425,2022-01-01
Suchodil's'k [ Sukhodilsk ],Ukraine,20390,2022-01-01
Sumy,Ukraine,256474,2022-01-01
Svitlovods'k [ Svitlovodsk ],Ukraine,43130,2022-01-01
Synel'nykove [ Synelnykove ],Ukraine,29651,2022-01-01
Ternivka,Ukraine,26961,2022-01-01
Ternopil' [ Ternopil ],Ukraine,225004,2022-01-01
Tokmak,Ukraine,29573,2022-01-01
Torec'k ( Dzėržyns'k ) [ Toretsk ],Ukraine,30914,2022-01-01
Trostjanec' [ Trostianets ],Ukraine,19544,2022-01-01
Truskavec' [ Truskavets ],Ukraine,28287,2022-01-01
Uman' [ Uman ],Ukraine,81525,2022-01-01
Užhorod [ Uzhhorod ],Ukraine,115449,2022-01-01
Varaš ( Kuznėcovs'k ) [ Varash ],Ukraine,41711,2022-01-01
Vasyl'kiv [ Vasylkiv ],Ukraine,37068,2022-01-01
Vatutine,Ukraine,15763,2022-01-01
Vil'nohirs'k [ Vilnohirsk ],Ukraine,22079,2022-01-01
Vinnycja [ Vinnytsia ],Ukraine,369739,2022-01-01
Volnovacha [ Volnovakha ],Ukraine,21166,2022-01-01
Voločys'k [ Volochysk ],Ukraine,18295,2022-01-01
Volodymyr-Volyns'kyj [ Volodymyr-Volynskyi ],Ukraine,37910,2022-01-01
Vovčans'k [ Vovchansk ],Ukraine,17459,2022-01-01
Voznesens'k [ Voznesensk ],Ukraine,33442,2022-01-01
Vynohradiv,Ukraine,25317,2022-01-01
Vyšhorod [ Vyshhorod ],Ukraine,33109,2022-01-01
Vyšneve [ Vyshneve ],Ukraine,42983,2022-01-01
Zaporižžja [ Zaporizhia ],Ukraine,710052,2022-01-01
Zdolbuniv,Ukraine,24501,2022-01-01
Žmerynka [ Zhmerynka ],Ukraine,33754,2022-01-01
Znam'janka [ Znamianka ],Ukraine,21221,2022-01-01
Zoločiv [ Zolochiv ],Ukraine,23912,2022-01-01
Zolotonoša [ Zolotonosha ],Ukraine,27206,2022-01-01
Žovti Vody [ Zhovti Vody ],Ukraine,42052,2022-01-01
Žytomyr [ Zhytomyr ],Ukraine,261624,2022-01-01
'Abs,Yemen,15568,2004-12-16
'Adan [ Aden ],Yemen,588938,2004-12-16
Aḍ-Ḍaḥi,Yemen,13517,2004-12-16
Aḍ-Ḍāli' [ Dhale ],Yemen,18352,2004-12-16
Ad-Dīs,Yemen,13594,2004-12-16
Al-Bayḍā',Yemen,29853,2004-12-16
Al-Ghayḍah,Yemen,13987,2004-12-16
Al-Ḥabīlayn,Yemen,10248,2004-12-16
Al-Ḥazm,Yemen,13658,2004-12-16
Al-Ḥudaydah,Yemen,409994,2004-12-16
Al-Jarrāḥī,Yemen,18872,2004-12-16
Al-Khawkhah,Yemen,12434,2004-12-16
Al-Maḥābishah,Yemen,14225,2004-12-16
Al-Maḥwīt,Yemen,13008,2004-12-16
Al-Manṣūrīyah,Yemen,12420,2004-12-16
Al-Marāwi'ah,Yemen,23147,2004-12-16
Al-Marhinah,Yemen,20925,2004-12-16
Al-Milāḥah,Yemen,15190,2004-12-16
Al-Misrākh,Yemen,10141,2004-12-16
Al-Mukallā,Yemen,182478,2004-12-16
Al-Qā'idah,Yemen,39254,2004-12-16
Al-Qaṭn,Yemen,13012,2004-12-16
Al-Quţay',Yemen,14990,2004-12-16
'Amrān,Yemen,77825,2004-12-16
Ar-Rāhidah,Yemen,12177,2004-12-16
Ash-Shihr,Yemen,47663,2004-12-16
'Atāq,Yemen,21505,2004-12-16
At-Tuḥaytā,Yemen,11808,2004-12-16
At-Turbah,Yemen,10505,2004-12-16
Az-Zaydīyah,Yemen,18504,2004-12-16
Bājil,Yemen,55760,2004-12-16
Bayḥān ( al-Qiṣāb ) [ Beihan ],Yemen,13234,2004-12-16
Bayt al-Faqīh,Yemen,39445,2004-12-16
Ḍaiḥān,Yemen,10827,2004-12-16
Damt,Yemen,14877,2004-12-16
Dhamār,Yemen,146346,2004-12-16
Ghayl Bā Wazīr,Yemen,21259,2004-12-16
Ḥajjah,Yemen,35180,2004-12-16
Ḥaraḍ,Yemen,26763,2004-12-16
Ḥays,Yemen,15048,2004-12-16
Ibb,Yemen,212992,2004-12-16
Ja'ār,Yemen,29495,2004-12-16
Jiblah,Yemen,13325,2004-12-16
Khamr,Yemen,15230,2004-12-16
Laḥij ( Al-Hawtah ),Yemen,25881,2004-12-16
Lawdar,Yemen,13578,2004-12-16
Ma'bar,Yemen,24707,2004-12-16
Maqbanah,Yemen,10644,2004-12-16
Qa'ṭabah,Yemen,10604,2004-12-16
Radā',Yemen,51087,2004-12-16
Rayḍah,Yemen,14046,2004-12-16
Ṣa'dah,Yemen,51870,2004-12-16
Saḥḥār,Yemen,12100,2004-12-16
Ṣan'ā' ( incl. ar-Rawḍah ) [ Sana'a ],Yemen,1707531,2004-12-16
Say'ūn,Yemen,49083,2004-12-16
Shafar,Yemen,12894,2004-12-16
Shibām,Yemen,13316,2004-12-16
Ta'izz [ Taiz ],Yemen,466968,2004-12-16
Tarīm,Yemen,48079,2004-12-16
Yarīm,Yemen,46964,2004-12-16
Zabīd,Yemen,21576,2004-12-16
Zinjibār,Yemen,20071,2004-12-16
Abbeville,USA,18078,2020-04-01
Abbeville,USA,4940,2020-04-01
Aberdeen,USA,27982,2020-04-01
Aberdeen,USA,26603,2020-04-01
Abilene,USA,6605,2020-04-01
Abilene,USA,118138,2020-04-01
Ada,USA,5343,2020-04-01
Ada,USA,17264,2020-04-01
Adairsville,USA,5799,2020-04-01
Adel,USA,7034,2020-04-01
Adel,USA,5674,2020-04-01
Adrian,USA,29206,2020-04-01
Ahoskie,USA,4861,2020-04-01
Akron,USA,541879,2020-04-01
Alamogordo,USA,30801,2020-04-01
Alamosa,USA,10965,2020-04-01
Albany,USA,85960,2020-04-01
Albany,USA,62074,2020-04-01
Albany - Schenectady,USA,593142,2020-04-01
Albemarle,USA,16988,2020-04-01
Albert Lea,USA,17992,2020-04-01
Albertville,USA,38476,2020-04-01
Albion,USA,8133,2020-04-01
Albion,USA,7216,2020-04-01
Albuquerque,USA,769837,2020-04-01
Alexander City,USA,8920,2020-04-01
Alexandria,USA,6140,2020-04-01
Alexandria,USA,78305,2020-04-01
Alexandria,USA,18957,2020-04-01
Algona,USA,5443,2020-04-01
Alice,USA,19413,2020-04-01
Allegan,USA,7247,2020-04-01
Allendale,USA,25094,2020-04-01
Allentown - Bethlehem,USA,621703,2020-04-01
Alliance,USA,8119,2020-04-01
Alliance,USA,30944,2020-04-01
Alma - St. Louis,USA,17417,2020-04-01
Alpena,USA,15425,2020-04-01
Alpine,USA,13307,2020-04-01
Alpine,USA,6283,2020-04-01
Altavista,USA,4597,2020-04-01
Alton,USA,79260,2020-04-01
Altoona,USA,74426,2020-04-01
Altus,USA,18870,2020-04-01
Alva,USA,5145,2020-04-01
Alvarado,USA,5034,2020-04-01
Amarillo,USA,205860,2020-04-01
Americus,USA,17407,2020-04-01
Ames,USA,66342,2020-04-01
Amherst Town - Northampton - Easthampton Town,USA,90570,2020-04-01
Amory,USA,5977,2020-04-01
Amsterdam,USA,21753,2020-04-01
Anaconda-Deer Lodge County,USA,6697,2020-04-01
Anacortes,USA,18529,2020-04-01
Anadarko,USA,5005,2020-04-01
Anamosa,USA,5411,2020-04-01
Anchorage,USA,249252,2020-04-01
Anchorage Northeast,USA,29561,2020-04-01
Andalusia,USA,6391,2020-04-01
Anderson,USA,79517,2020-04-01
Anderson - Clemson,USA,118369,2020-04-01
Andrews,USA,15201,2020-04-01
Angleton,USA,19866,2020-04-01
Angola,USA,12686,2020-04-01
Anna,USA,6068,2020-04-01
Ann Arbor,USA,317689,2020-04-01
Anniston - Oxford,USA,78302,2020-04-01
Antigo,USA,8071,2020-04-01
Antioch,USA,326205,2020-04-01
Appleton,USA,230967,2020-04-01
Arab,USA,7849,2020-04-01
Aransas Pass - Port Aransas - Ingleside,USA,21868,2020-04-01
Arcadia,USA,16128,2020-04-01
Arcata,USA,19714,2020-04-01
Ardmore,USA,21403,2020-04-01
Arizona City,USA,9640,2020-04-01
Arkadelphia,USA,10086,2020-04-01
Arkansas City,USA,11878,2020-04-01
Arlington,USA,14230,2020-04-01
Arroyo Grande - Grover Beach - Pismo Beach,USA,50885,2020-04-01
Artesia,USA,14149,2020-04-01
Arvin,USA,19385,2020-04-01
Asbury Lake - Middleburg,USA,23649,2020-04-01
Ashburn,USA,4738,2020-04-01
Asheboro,USA,37523,2020-04-01
Asheville,USA,285776,2020-04-01
Ashland,USA,19206,2020-04-01
Ashland,USA,4249,2020-04-01
Ashland,USA,7225,2020-04-01
Ashtabula,USA,27421,2020-04-01
Ashville,USA,6670,2020-04-01
Aspen,USA,7674,2020-04-01
Astoria,USA,15825,2020-04-01
Atchison,USA,10907,2020-04-01
Athens,USA,23204,2020-04-01
Athens,USA,27355,2020-04-01
Athens,USA,15724,2020-04-01
Athens,USA,12050,2020-04-01
Athens ( Clarke County ),USA,143213,2020-04-01
Athol,USA,13557,2020-04-01
Atlanta,USA,4999259,2020-04-01
Atlanta,USA,5531,2020-04-01
Atlantic,USA,6608,2020-04-01
Atlantic City - Ocean City - Villas,USA,294921,2020-04-01
Atmore,USA,6390,2020-04-01
Atoka,USA,13056,2020-04-01
Aubrey,USA,5116,2020-04-01
Auburn,USA,100842,2020-04-01
Auburn,USA,20346,2020-04-01
Auburn,USA,31433,2020-04-01
Auburn,USA,31371,2020-04-01
Au Gres,USA,1869,2020-04-01
Augusta,USA,9231,2020-04-01
Augusta,USA,24005,2020-04-01
Augusta ( Richmond County ),USA,431480,2020-04-01
Aurora,USA,7466,2020-04-01
Austin,USA,25479,2020-04-01
Austin,USA,1809888,2020-04-01
Avalon,USA,3362,2020-04-01
Avenal,USA,13304,2020-04-01
Aztec,USA,7301,2020-04-01
Bainbridge,USA,13857,2020-04-01
Baker City,USA,9768,2020-04-01
Bakersfield,USA,570235,2020-04-01
Baltimore,USA,2212038,2020-04-01
Bandon,USA,4104,2020-04-01
Bangor,USA,61539,2020-04-01
Baraboo,USA,14201,2020-04-01
Barbourville,USA,5998,2020-04-01
Bardstown,USA,17682,2020-04-01
Barnesville,USA,6825,2020-04-01
Barnstable Town,USA,303269,2020-04-01
Barre - Montpelier,USA,20014,2020-04-01
Barstow,USA,30522,2020-04-01
Bartlesville,USA,39479,2020-04-01
Bartow,USA,16948,2020-04-01
Basalt,USA,8127,2020-04-01
Bastrop,USA,12604,2020-04-01
Bastrop,USA,19384,2020-04-01
Batavia,USA,17472,2020-04-01
Batesburg-Leesville,USA,4989,2020-04-01
Batesville,USA,10913,2020-04-01
Batesville,USA,7941,2020-04-01
Batesville,USA,6273,2020-04-01
Bath,USA,6335,2020-04-01
Baton Rouge,USA,631326,2020-04-01
Battle Creek,USA,75513,2020-04-01
Battlement Mesa,USA,6311,2020-04-01
Baxley,USA,5354,2020-04-01
Bayard,USA,4975,2020-04-01
Bay City,USA,68472,2020-04-01
Bay City,USA,19311,2020-04-01
Bay Minette,USA,7685,2020-04-01
Bayside Gardens - Manzanita,USA,2849,2020-04-01
Bealeton,USA,6608,2020-04-01
Beardstown,USA,6262,2020-04-01
Beatrice,USA,12142,2020-04-01
Beaufort - Port Royal,USA,52515,2020-04-01
Beaumont,USA,146649,2020-04-01
Beaver Dam,USA,5658,2020-04-01
Beaver Dam,USA,18824,2020-04-01
Beckley,USA,57468,2020-04-01
Bedford,USA,14432,2020-04-01
Bedford,USA,4392,2020-04-01
Bedford,USA,7541,2020-04-01
Beebe,USA,7216,2020-04-01
Beeville,USA,14230,2020-04-01
Bel Air - Aberdeen,USA,214647,2020-04-01
Belding,USA,5611,2020-04-01
Belfair,USA,5141,2020-04-01
Belfast,USA,3754,2020-04-01
Belgrade,USA,18534,2020-04-01
Bellefontaine,USA,14024,2020-04-01
Bellefonte,USA,15588,2020-04-01
Belle Fourche,USA,5089,2020-04-01
Belle Glade,USA,23009,2020-04-01
Belle Plaine,USA,7061,2020-04-01
Bellevue,USA,8400,2020-04-01
Bellingham,USA,128979,2020-04-01
Bellows Falls,USA,3978,2020-04-01
Beloit,USA,63073,2020-04-01
Belterra,USA,8075,2020-04-01
Belton,USA,5301,2020-04-01
Bemidji,USA,14849,2020-04-01
Bend,USA,106988,2020-04-01
Bennettsville,USA,9075,2020-04-01
Bennington,USA,13759,2020-04-01
Benson,USA,3830,2020-04-01
Benton,USA,7491,2020-04-01
Benton,USA,4691,2020-04-01
Benton,USA,5591,2020-04-01
Benton Harbor - Lincoln - St. Joseph,USA,61888,2020-04-01
Berea,USA,16158,2020-04-01
Berlin,USA,9658,2020-04-01
Berlin,USA,5289,2020-04-01
Berryville,USA,5057,2020-04-01
Bethel,USA,5097,2020-04-01
Beverly Hills - Homosassa Springs - Pine Ridge,USA,96729,2020-04-01
Big Bear,USA,16498,2020-04-01
Big Lake,USA,11868,2020-04-01
Big Pine Key,USA,8441,2020-04-01
Big Rapids,USA,10136,2020-04-01
Big Spring,USA,28955,2020-04-01
Big Stone Gap,USA,6915,2020-04-01
Billings,USA,128787,2020-04-01
Binghamton,USA,155942,2020-04-01
Birch Bay,USA,15833,2020-04-01
Birdsboro - Amity,USA,16999,2020-04-01
Birmingham,USA,774956,2020-04-01
Bisbee,USA,4637,2020-04-01
Bishop,USA,11013,2020-04-01
Bismarck,USA,98198,2020-04-01
Blackfoot,USA,14231,2020-04-01
Black River Falls,USA,4415,2020-04-01
Blacksburg - Christiansburg,USA,72400,2020-04-01
Blackwell,USA,6017,2020-04-01
Blair,USA,8001,2020-04-01
Blairsville,USA,6156,2020-04-01
Bloomfield,USA,7841,2020-04-01
Bloomington,USA,110103,2020-04-01
Bloomington - Normal,USA,134100,2020-04-01
Bloomsburg - Berwick,USA,39212,2020-04-01
Blowing Rock,USA,1412,2020-04-01
Bluefield,USA,40750,2020-04-01
Bluffton,USA,10346,2020-04-01
Bluffton East - Hilton Head Island,USA,71824,2020-04-01
Bluffton West ( Sun City Hilton Head ),USA,31096,2020-04-01
Blythe,USA,11780,2020-04-01
Blytheville,USA,15873,2020-04-01
Boerne,USA,18320,2020-04-01
Bogalusa,USA,11019,2020-04-01
Boise City,USA,433180,2020-04-01
Bolivar,USA,10324,2020-04-01
Bolivar,USA,5281,2020-04-01
Bonham,USA,7799,2020-04-01
Bonita Springs - Estero,USA,425675,2020-04-01
Bonne Terre,USA,6696,2020-04-01
Boone,USA,12357,2020-04-01
Boone,USA,26306,2020-04-01
Booneville,USA,6438,2020-04-01
Boonville,USA,6507,2020-04-01
Boonville,USA,8034,2020-04-01
Boothbay Harbor,USA,3067,2020-04-01
Borger,USA,12848,2020-04-01
Boston,USA,4382009,2020-04-01
Boulder,USA,120828,2020-04-01
Boulder City,USA,14181,2020-04-01
Bowie,USA,5419,2020-04-01
Bowling Green,USA,97814,2020-04-01
Bowling Green,USA,30989,2020-04-01
Box Elder,USA,11386,2020-04-01
Boyne City,USA,3990,2020-04-01
Bozeman,USA,59080,2020-04-01
Bradenton - Sarasota - Venice,USA,779075,2020-04-01
Bradford,USA,11182,2020-04-01
Brady,USA,4887,2020-04-01
Brainerd,USA,20687,2020-04-01
Brandon,USA,10959,2020-04-01
Branson,USA,28640,2020-04-01
Brattleboro,USA,10285,2020-04-01
Brawley,USA,26270,2020-04-01
Brazil,USA,10587,2020-04-01
Breaux Bridge,USA,17542,2020-04-01
Breckenridge,USA,8725,2020-04-01
Breckenridge,USA,5455,2020-04-01
Breese,USA,4637,2020-04-01
Bremen,USA,7327,2020-04-01
Bremerton,USA,224449,2020-04-01
Brenham,USA,17395,2020-04-01
Brevard,USA,13059,2020-04-01
Brewton,USA,6371,2020-04-01
Bridgeport - Stamford,USA,916408,2020-04-01
Bridgeton,USA,35666,2020-04-01
Brigham City,USA,25827,2020-04-01
Bristol,USA,70638,2020-04-01
Broadway - Timberville,USA,7188,2020-04-01
Brockport,USA,13079,2020-04-01
Brookfield,USA,3869,2020-04-01
Brookhaven,USA,10152,2020-04-01
Brookings,USA,11294,2020-04-01
Brookings,USA,23674,2020-04-01
Brooksville,USA,12128,2020-04-01
Brookville,USA,6372,2020-04-01
Brookville,USA,4644,2020-04-01
Brownfield,USA,8264,2020-04-01
Browns Mills,USA,27234,2020-04-01
Brownsville,USA,9621,2020-04-01
Brownsville,USA,216444,2020-04-01
Brownwood,USA,21562,2020-04-01
Brunswick,USA,31361,2020-04-01
Brunswick,USA,8269,2020-04-01
Brunswick - St. Simons,USA,68750,2020-04-01
Brush,USA,5568,2020-04-01
Bryan,USA,9238,2020-04-01
Buchanan,USA,5640,2020-04-01
Buckeye,USA,23897,2020-04-01
Buckeye North,USA,6796,2020-04-01
Buckhannon,USA,8547,2020-04-01
Bucyrus,USA,11772,2020-04-01
Buellton,USA,5161,2020-04-01
Buena Vista,USA,5038,2020-04-01
Buena Vista,USA,6603,2020-04-01
Buffalo,USA,16439,2020-04-01
Buffalo,USA,948864,2020-04-01
Buffalo,USA,4516,2020-04-01
Buies Creek - Lillington,USA,7391,2020-04-01
Bullhead City,USA,54396,2020-04-01
Burkburnett,USA,10449,2020-04-01
Burley,USA,17741,2020-04-01
Burlington,USA,28447,2020-04-01
Burlington,USA,145311,2020-04-01
Burlington,USA,118032,2020-04-01
Burlington,USA,24086,2020-04-01
Burnet,USA,5001,2020-04-01
Burns,USA,4169,2020-04-01
Burnt Store Marina,USA,4191,2020-04-01
Bushnell,USA,3664,2020-04-01
Butler,USA,37954,2020-04-01
Butte-Silver Bow,USA,30258,2020-04-01
Byron,USA,5625,2020-04-01
Byron,USA,6341,2020-04-01
Cadillac,USA,12208,2020-04-01
Cairo,USA,10346,2020-04-01
Calexico,USA,38491,2020-04-01
Calhoun,USA,23066,2020-04-01
California - Brownsville,USA,10185,2020-04-01
Calistoga,USA,5173,2020-04-01
Calumet ( - Laurium ),USA,5112,2020-04-01
Camarillo,USA,76338,2020-04-01
Cambria,USA,5478,2020-04-01
Cambridge,USA,14978,2020-04-01
Cambridge,USA,10128,2020-04-01
Cambridge,USA,14427,2020-04-01
Camden,USA,9873,2020-04-01
Camden,USA,4660,2020-04-01
Camden - Lugoff,USA,30655,2020-04-01
Camdenton,USA,5849,2020-04-01
Cameron,USA,8450,2020-04-01
Cameron,USA,5151,2020-04-01
Camilla,USA,5270,2020-04-01
Campbellsville,USA,12789,2020-04-01
Camp Verde,USA,5759,2020-04-01
Canajoharie - Fort Plain,USA,5278,2020-04-01
Canandaigua,USA,18049,2020-04-01
Canastota,USA,5616,2020-04-01
Canby,USA,19055,2020-04-01
Cañon City,USA,24737,2020-04-01
Canton,USA,13177,2020-04-01
Canton,USA,26257,2020-04-01
Canton,USA,6812,2020-04-01
Canton,USA,8812,2020-04-01
Canton,USA,295319,2020-04-01
Canyon,USA,16171,2020-04-01
Canyon Lake,USA,7918,2020-04-01
Cape Coral,USA,599242,2020-04-01
Cape Girardeau,USA,55546,2020-04-01
Carbondale,USA,7361,2020-04-01
Carbondale ( incl. Murphysboro ),USA,31488,2020-04-01
Carlinville,USA,5602,2020-04-01
Carlsbad,USA,34442,2020-04-01
Carmi,USA,5067,2020-04-01
Caro,USA,5383,2020-04-01
Carrizo Springs,USA,5615,2020-04-01
Carroll,USA,10150,2020-04-01
Carrollton,USA,38385,2020-04-01
Carrollton,USA,5471,2020-04-01
Carson City,USA,61629,2020-04-01
Cartersville,USA,52351,2020-04-01
Carthage,USA,16260,2020-04-01
Carthage,USA,5160,2020-04-01
Carthage,USA,6328,2020-04-01
Caruthersville,USA,5319,2020-04-01
Casa Grande,USA,50981,2020-04-01
Casper,USA,67751,2020-04-01
Castle Rock,USA,85350,2020-04-01
Castroville - Prunedale,USA,12334,2020-04-01
Catskill,USA,7012,2020-04-01
Cedar City,USA,40899,2020-04-01
Cedar Rapids,USA,192844,2020-04-01
Cedartown,USA,12833,2020-04-01
Celina,USA,12035,2020-04-01
Center,USA,5123,2020-04-01
Centerville,USA,5269,2020-04-01
Central City,USA,5767,2020-04-01
Centralia,USA,15301,2020-04-01
Centralia,USA,42338,2020-04-01
Chadron,USA,4930,2020-04-01
Chambersburg,USA,50094,2020-04-01
Champaign,USA,147452,2020-04-01
Chanute,USA,8710,2020-04-01
Chapin,USA,5701,2020-04-01
Chardon,USA,6454,2020-04-01
Charles City,USA,7255,2020-04-01
Charleston,USA,17415,2020-04-01
Charleston,USA,140958,2020-04-01
Charleston,USA,684773,2020-04-01
Charlestown,USA,6696,2020-04-01
Charlestown,USA,4348,2020-04-01
Charlevoix,USA,3777,2020-04-01
Charlotte,USA,13026,2020-04-01
Charlotte,USA,1379873,2020-04-01
Charlottesville,USA,104191,2020-04-01
Chatsworth,USA,12808,2020-04-01
Chattanooga,USA,398569,2020-04-01
Cheboygan,USA,5142,2020-04-01
Chelan,USA,6380,2020-04-01
Chelsea,USA,5851,2020-04-01
Cheney,USA,13176,2020-04-01
Cheraw,USA,7480,2020-04-01
Cherokee,USA,4705,2020-04-01
Cherryville,USA,6747,2020-04-01
Chesapeake Beach,USA,16926,2020-04-01
Chester,USA,6338,2020-04-01
Chester,USA,5900,2020-04-01
Chester,USA,8611,2020-04-01
Chestertown,USA,7392,2020-04-01
Cheyenne,USA,79250,2020-04-01
Chicago,USA,8671746,2020-04-01
Chickasha,USA,15253,2020-04-01
Chico,USA,111411,2020-04-01
Childress,USA,4516,2020-04-01
Chillicothe,USA,9122,2020-04-01
Chillicothe,USA,31727,2020-04-01
Chincoteague,USA,3223,2020-04-01
Chino Valley,USA,13317,2020-04-01
Chisholm,USA,4586,2020-04-01
Chittenango,USA,5054,2020-04-01
Chowchilla,USA,13196,2020-04-01
Cienega Springs,USA,2041,2020-04-01
Cincinnati,USA,1686744,2020-04-01
Circleville,USA,15679,2020-04-01
Clanton,USA,6423,2020-04-01
Claremont,USA,9415,2020-04-01
Claremore,USA,25415,2020-04-01
Clarinda,USA,5213,2020-04-01
Clarion,USA,5662,2020-04-01
Clarksburg,USA,32882,2020-04-01
Clarksdale,USA,14408,2020-04-01
Clarksville,USA,7816,2020-04-01
Clarksville,USA,200947,2020-04-01
Clay Center,USA,4131,2020-04-01
Clayton,USA,2092,2020-04-01
Clayton ( - Archer Lodge ),USA,51898,2020-04-01
Clearfield,USA,10524,2020-04-01
Clearlake,USA,17351,2020-04-01
Clear Lake,USA,8406,2020-04-01
Clearlake Riviera,USA,5461,2020-04-01
Cleburne,USA,43901,2020-04-01
Cle Elum,USA,3846,2020-04-01
Cleveland,USA,14346,2020-04-01
Cleveland,USA,1712178,2020-04-01
Cleveland,USA,73918,2020-04-01
Cleveland,USA,7469,2020-04-01
Clewiston,USA,12849,2020-04-01
Clifton Forge,USA,5127,2020-04-01
Clifton Springs,USA,6383,2020-04-01
Clinton,USA,7323,2020-04-01
Clinton,USA,6484,2020-04-01
Clinton,USA,8866,2020-04-01
Clinton,USA,16136,2020-04-01
Clinton,USA,9315,2020-04-01
Clinton,USA,8022,2020-04-01
Clinton,USA,9143,2020-04-01
Clinton - Fulton,USA,31126,2020-04-01
Clintonville,USA,4530,2020-04-01
Cloquet,USA,13213,2020-04-01
Clover,USA,7526,2020-04-01
Cloverdale,USA,9451,2020-04-01
Clovis,USA,39314,2020-04-01
Clyde,USA,6549,2020-04-01
Coal City - Braidwood,USA,15837,2020-04-01
Coalinga,USA,13049,2020-04-01
Cobleskill,USA,5040,2020-04-01
Cochran,USA,6159,2020-04-01
Cody,USA,9999,2020-04-01
Coeur d'Alene,USA,121831,2020-04-01
Coffeyville,USA,9391,2020-04-01
Colby,USA,5467,2020-04-01
Colchester,USA,5512,2020-04-01
Cold Spring,USA,5099,2020-04-01
Cold Springs,USA,9686,2020-04-01
Coldwater,USA,13721,2020-04-01
Coleman,USA,3599,2020-04-01
College Station - Bryan,USA,206137,2020-04-01
Collins ( Gowanda ),USA,5448,2020-04-01
Collinsville,USA,4706,2020-04-01
Colonial Beach,USA,3975,2020-04-01
Colorado City,USA,5839,2020-04-01
Colorado Springs,USA,632494,2020-04-01
Columbia,USA,5018,2020-04-01
Columbia,USA,6236,2020-04-01
Columbia,USA,141831,2020-04-01
Columbia,USA,590407,2020-04-01
Columbia ( incl. Mount Pleasant ),USA,42423,2020-04-01
Columbia City,USA,10256,2020-04-01
Columbia Falls,USA,6589,2020-04-01
Columbiana,USA,9160,2020-04-01
Columbus,USA,267746,2020-04-01
Columbus,USA,60982,2020-04-01
Columbus,USA,26895,2020-04-01
Columbus,USA,24838,2020-04-01
Columbus,USA,1567254,2020-04-01
Columbus,USA,6977,2020-04-01
Colusa,USA,6955,2020-04-01
Colville,USA,5058,2020-04-01
Commerce,USA,7688,2020-04-01
Commerce,USA,8320,2020-04-01
Concord,USA,42549,2020-04-01
Concord,USA,278612,2020-04-01
Concordia,USA,5031,2020-04-01
Concord - Walnut Creek,USA,538583,2020-04-01
Conesus Lake,USA,4867,2020-04-01
Conneaut,USA,12072,2020-04-01
Conneaut Lakeshore,USA,2846,2020-04-01
Connell,USA,5437,2020-04-01
Connellsville,USA,30777,2020-04-01
Connersville,USA,14401,2020-04-01
Conway,USA,66619,2020-04-01
Conway,USA,5272,2020-04-01
Cookeville,USA,49089,2020-04-01
Coolbaugh - Pocono Pines ( Mount Pocono ),USA,24893,2020-04-01
Coolidge,USA,12008,2020-04-01
Coos Bay,USA,31688,2020-04-01
Coquille,USA,4373,2020-04-01
Corcoran,USA,22377,2020-04-01
Cordele,USA,10931,2020-04-01
Corinth,USA,12464,2020-04-01
Corinth,USA,3870,2020-04-01
Cornelia - Baldwin,USA,19489,2020-04-01
Corning,USA,8459,2020-04-01
Corning,USA,19541,2020-04-01
Corona de Tucson,USA,7866,2020-04-01
Corpus Christi,USA,339066,2020-04-01
Corry,USA,6224,2020-04-01
Corsicana,USA,24380,2020-04-01
Cortez,USA,8628,2020-04-01
Cortland,USA,24866,2020-04-01
Corvallis,USA,66791,2020-04-01
Corydon,USA,5696,2020-04-01
Coshocton,USA,12334,2020-04-01
Cottage Grove,USA,11826,2020-04-01
Cottonwood - Verde Village,USA,29121,2020-04-01
Covington,USA,7320,2020-04-01
Covington,USA,7745,2020-04-01
Coxsackie,USA,5384,2020-04-01
Craig,USA,9650,2020-04-01
Crawfordsville,USA,17863,2020-04-01
Crawfordville,USA,10124,2020-04-01
Creedmoor,USA,7482,2020-04-01
Crescent City,USA,15620,2020-04-01
Cresson,USA,6512,2020-04-01
Crestline,USA,4597,2020-04-01
Crestline - Lake Arrowhead,USA,22272,2020-04-01
Creston,USA,7507,2020-04-01
Crestview,USA,46816,2020-04-01
Creswell,USA,6137,2020-04-01
Crete,USA,6959,2020-04-01
Crisfield,USA,3509,2020-04-01
Crockett,USA,5935,2020-04-01
Crookston,USA,7618,2020-04-01
Crossett,USA,7184,2020-04-01
Crossville,USA,19949,2020-04-01
Crowley,USA,13168,2020-04-01
Crozet,USA,9378,2020-04-01
Crystal City,USA,6709,2020-04-01
Crystal River,USA,7834,2020-04-01
Crystal Springs,USA,5057,2020-04-01
Cuero,USA,7619,2020-04-01
Cullman,USA,21165,2020-04-01
Cullowhee,USA,9134,2020-04-01
Culpeper,USA,22563,2020-04-01
Cumberland,USA,46296,2020-04-01
Cushing,USA,6595,2020-04-01
Cynthiana,USA,6393,2020-04-01
Dade City,USA,20304,2020-04-01
Dahlonega,USA,6508,2020-04-01
Dalhart,USA,8352,2020-04-01
Dallas,USA,17625,2020-04-01
Dallas - Fort Worth - Arlington,USA,5732354,2020-04-01
Dalton,USA,67830,2020-04-01
Danbury,USA,171680,2020-04-01
Dansville,USA,4806,2020-04-01
Danville,USA,40044,2020-04-01
Danville,USA,19814,2020-04-01
Danville,USA,46683,2020-04-01
Danville - Mahoning,USA,9771,2020-04-01
Davenport,USA,285211,2020-04-01
Davis,USA,77034,2020-04-01
Dayton,USA,674046,2020-04-01
Dayton,USA,9688,2020-04-01
Dayton,USA,6879,2020-04-01
Daytona Beach - Palm Coast - Port Orange,USA,402126,2020-04-01
Dayton Northeast,USA,6248,2020-04-01
Dayton Southwest,USA,7547,2020-04-01
Decatur,USA,60458,2020-04-01
Decatur,USA,86287,2020-04-01
Decatur,USA,10441,2020-04-01
Decatur,USA,6486,2020-04-01
Decorah,USA,7993,2020-04-01
Defiance,USA,17775,2020-04-01
DeFuniak Springs,USA,6977,2020-04-01
DeKalb,USA,64736,2020-04-01
Delano,USA,44410,2020-04-01
Delano,USA,6178,2020-04-01
Delavan,USA,12354,2020-04-01
Delhi,USA,10274,2020-04-01
Delphos,USA,7266,2020-04-01
Del Rio,USA,42680,2020-04-01
Delta,USA,8190,2020-04-01
Deltona,USA,210712,2020-04-01
Deming,USA,14913,2020-04-01
Demopolis,USA,6227,2020-04-01
Denison,USA,8142,2020-04-01
Denton,USA,5009,2020-04-01
Denton - Lewisville,USA,429461,2020-04-01
Denton Southwest,USA,14105,2020-04-01
Denver - Aurora,USA,2686147,2020-04-01
De Queen,USA,5894,2020-04-01
DeRidder,USA,12126,2020-04-01
Desert Hot Springs,USA,45767,2020-04-01
Des Moines,USA,542486,2020-04-01
De Soto,USA,7649,2020-04-01
Detroit,USA,3776890,2020-04-01
Detroit Lakes,USA,10234,2020-04-01
Devils Lake,USA,7493,2020-04-01
DeWitt,USA,5162,2020-04-01
Dexter,USA,5285,2020-04-01
Dexter,USA,9635,2020-04-01
Diamondhead,USA,9044,2020-04-01
Dickinson,USA,25674,2020-04-01
Dickson,USA,16543,2020-04-01
Dillon,USA,4429,2020-04-01
Dillon,USA,8484,2020-04-01
Discovery Bay,USA,15939,2020-04-01
Dixon,USA,18876,2020-04-01
Dixon,USA,15987,2020-04-01
Dodge City,USA,27702,2020-04-01
Dodgeville,USA,4898,2020-04-01
Donaldsonville,USA,12461,2020-04-01
Dos Palos,USA,7721,2020-04-01
Dothan,USA,72423,2020-04-01
Douglas,USA,16582,2020-04-01
Douglas,USA,14258,2020-04-01
Douglas,USA,3259,2020-04-01
Douglas,USA,6498,2020-04-01
Dover,USA,123101,2020-04-01
Dover - Rochester,USA,72391,2020-04-01
Dowagiac,USA,5896,2020-04-01
Dublin,USA,20842,2020-04-01
DuBois,USA,11656,2020-04-01
Dubuque,USA,70332,2020-04-01
Duluth,USA,119411,2020-04-01
Dumas,USA,4308,2020-04-01
Dumas,USA,14639,2020-04-01
Duncan,USA,20353,2020-04-01
Dundee,USA,5252,2020-04-01
Dunkirk - Fredonia,USA,23410,2020-04-01
Dunn,USA,13707,2020-04-01
Du Quoin,USA,5933,2020-04-01
Durand,USA,5056,2020-04-01
Durango,USA,19114,2020-04-01
Durant,USA,19324,2020-04-01
Durham,USA,12117,2020-04-01
Durham,USA,396118,2020-04-01
Duvall,USA,8165,2020-04-01
Dyersburg,USA,16790,2020-04-01
Eagle,USA,7419,2020-04-01
Eagle Mountain,USA,10269,2020-04-01
Eagle Pass,USA,54083,2020-04-01
Earlimart,USA,7470,2020-04-01
East Aurora,USA,8765,2020-04-01
East Hampton North - Springs - Northwest Harbor,USA,21812,2020-04-01
East Liverpool,USA,21126,2020-04-01
Eastman,USA,6220,2020-04-01
Easton,USA,18033,2020-04-01
East Palestine,USA,4634,2020-04-01
East Stroudsburg - Stroudsburg,USA,47891,2020-04-01
East Tawas,USA,4844,2020-04-01
East Troy,USA,5309,2020-04-01
Eaton,USA,5823,2020-04-01
Eaton,USA,8067,2020-04-01
Eaton Rapids,USA,5076,2020-04-01
Eau Claire,USA,105475,2020-04-01
Ebensburg,USA,4880,2020-04-01
Eden,USA,16323,2020-04-01
Edenton,USA,4329,2020-04-01
Edgerton,USA,8360,2020-04-01
Edinboro,USA,5730,2020-04-01
Edna,USA,5910,2020-04-01
Edwards - Avon,USA,16518,2020-04-01
Effingham,USA,13990,2020-04-01
Elberton,USA,5700,2020-04-01
Elburn,USA,6395,2020-04-01
El Campo,USA,13286,2020-04-01
El Centro,USA,74376,2020-04-01
Eldersburg,USA,30486,2020-04-01
Eldon,USA,4513,2020-04-01
El Dorado,USA,18698,2020-04-01
El Dorado,USA,12774,2020-04-01
Elgin,USA,10779,2020-04-01
Elizabeth City,USA,22834,2020-04-01
Elizabethtown - Radcliff,USA,76441,2020-04-01
Elk City,USA,11124,2020-04-01
Elkhart,USA,148199,2020-04-01
Elkhorn,USA,11876,2020-04-01
Elkins,USA,11109,2020-04-01
Elko,USA,21695,2020-04-01
Elkton,USA,5032,2020-04-01
Ellensburg,USA,21518,2020-04-01
Ellenville,USA,7090,2020-04-01
Ellijay,USA,6738,2020-04-01
Ellwood City,USA,13155,2020-04-01
Elmira,USA,62468,2020-04-01
El Paso,USA,854584,2020-04-01
El Paso de Robles - Atascadero ( Paso Robles ),USA,67804,2020-04-01
El Reno,USA,14346,2020-04-01
Elsa,USA,12984,2020-04-01
Elwood,USA,9199,2020-04-01
Ely,USA,4455,2020-04-01
Emmett,USA,10173,2020-04-01
Emporia,USA,24082,2020-04-01
Emporia,USA,6871,2020-04-01
Enid,USA,50194,2020-04-01
Ennis,USA,19763,2020-04-01
Enterprise,USA,31258,2020-04-01
Ephraim,USA,5049,2020-04-01
Ephrata,USA,8050,2020-04-01
Erie,USA,187820,2020-04-01
Erwin,USA,8678,2020-04-01
Escalon,USA,7480,2020-04-01
Escanaba,USA,21159,2020-04-01
Española,USA,23931,2020-04-01
Estacada,USA,5267,2020-04-01
Estes Park,USA,7907,2020-04-01
Estherville,USA,5774,2020-04-01
Etowah,USA,4513,2020-04-01
Eudora,USA,6400,2020-04-01
Eufaula,USA,9184,2020-04-01
Eugene,USA,270179,2020-04-01
Eunice,USA,10510,2020-04-01
Eureka,USA,45951,2020-04-01
Eureka,USA,5401,2020-04-01
Eureka,USA,14027,2020-04-01
Evanston,USA,11416,2020-04-01
Evansville,USA,206855,2020-04-01
Evansville,USA,6321,2020-04-01
Evergreen,USA,10218,2020-04-01
Excelsior Springs,USA,9840,2020-04-01
Exeter,USA,10973,2020-04-01
Exeter,USA,16165,2020-04-01
Fabens,USA,7094,2020-04-01
Fairbanks ( incl. Eielson AFB ),USA,71396,2020-04-01
Fairbury,USA,4011,2020-04-01
Fairfield,USA,150122,2020-04-01
Fairfield,USA,4766,2020-04-01
Fairfield,USA,9211,2020-04-01
Fairfield Glade,USA,8212,2020-04-01
Fairhope - Daphne,USA,76807,2020-04-01
Fairmont,USA,8387,2020-04-01
Fairmont,USA,31694,2020-04-01
Falcon,USA,21348,2020-04-01
Falfurrias,USA,4497,2020-04-01
Fallbrook,USA,41305,2020-04-01
Fallon,USA,16753,2020-04-01
Falls City,USA,4133,2020-04-01
Fargo,USA,216214,2020-04-01
Faribault,USA,24013,2020-04-01
Farmington,USA,32804,2020-04-01
Farmington,USA,51763,2020-04-01
Farmville,USA,4380,2020-04-01
Farmville,USA,7916,2020-04-01
Fayetteville,USA,325008,2020-04-01
Fayetteville,USA,10120,2020-04-01
Fayetteville - Springdale - Rogers,USA,373687,2020-04-01
Fenton,USA,38156,2020-04-01
Fergus Falls,USA,13116,2020-04-01
Fernandina Beach - Yulee,USA,50805,2020-04-01
Fernley,USA,19233,2020-04-01
Ferriday,USA,5169,2020-04-01
Fillmore,USA,16397,2020-04-01
Findlay,USA,48144,2020-04-01
Firebaugh,USA,8117,2020-04-01
Fire Island,USA,998,2020-04-01
Firestone - Frederick,USA,35447,2020-04-01
Fitzgerald,USA,11281,2020-04-01
Flagstaff,USA,79842,2020-04-01
Flemington - Raritan,USA,24401,2020-04-01
Flint,USA,298964,2020-04-01
Flora,USA,4793,2020-04-01
Florence,USA,78925,2020-04-01
Florence,USA,11477,2020-04-01
Florence,USA,89436,2020-04-01
Florence East,USA,14049,2020-04-01
Florence West,USA,11636,2020-04-01
Floresville,USA,6313,2020-04-01
Foley - Gulf Shores,USA,40920,2020-04-01
Fond du Lac,USA,54731,2020-04-01
Fontana-on-Geneva Lake ( - Walworth ),USA,10466,2020-04-01
Forest City - Spindale,USA,20760,2020-04-01
Forest Lake,USA,21882,2020-04-01
Forney,USA,41112,2020-04-01
Forrest City,USA,8557,2020-04-01
Forsyth,USA,4852,2020-04-01
Forsyth,USA,7423,2020-04-01
Fort Atkinson,USA,13852,2020-04-01
Fort Bragg,USA,10668,2020-04-01
Fort Collins,USA,326332,2020-04-01
Fort Dodge,USA,24699,2020-04-01
Fort Irwin,USA,8096,2020-04-01
Fort Leonard Wood - St. Robert - Waynesville,USA,31672,2020-04-01
Fort Lupton,USA,7856,2020-04-01
Fort Madison,USA,10278,2020-04-01
Fort Meade,USA,4874,2020-04-01
Fort Morgan,USA,13473,2020-04-01
Fort Payne,USA,8380,2020-04-01
Fort Polk South,USA,9983,2020-04-01
Fort Rucker - Daleville,USA,7157,2020-04-01
Fort Scott,USA,7439,2020-04-01
Fort Smith,USA,125811,2020-04-01
Fort Stockton,USA,8551,2020-04-01
Fortuna,USA,12784,2020-04-01
Fort Valley,USA,9704,2020-04-01
Fort Wayne,USA,335934,2020-04-01
Fostoria,USA,14295,2020-04-01
Four Corners,USA,92396,2020-04-01
Frankenmuth,USA,5045,2020-04-01
Frankfort,USA,16775,2020-04-01
Frankfort,USA,37844,2020-04-01
Frankfort,USA,2603,2020-04-01
Franklin,USA,11597,2020-04-01
Franklin,USA,9491,2020-04-01
Franklin,USA,6659,2020-04-01
Franklin,USA,9358,2020-04-01
Franklin,USA,8500,2020-04-01
Franklin,USA,8749,2020-04-01
Fraser,USA,3178,2020-04-01
Frederick,USA,176456,2020-04-01
Fredericksburg,USA,11641,2020-04-01
Fredericksburg,USA,167679,2020-04-01
Fredericktown,USA,4986,2020-04-01
Freeland,USA,7412,2020-04-01
Freeland,USA,5754,2020-04-01
Freeland,USA,7907,2020-04-01
Freeport,USA,24135,2020-04-01
Fremont,USA,5165,2020-04-01
Fremont,USA,28292,2020-04-01
Fremont,USA,22175,2020-04-01
Fresno,USA,717589,2020-04-01
Friday Harbor,USA,3542,2020-04-01
Frisco,USA,3463,2020-04-01
Front Royal,USA,16193,2020-04-01
Frostproof,USA,8092,2020-04-01
Fulton,USA,4256,2020-04-01
Fulton,USA,12479,2020-04-01
Fulton,USA,12788,2020-04-01
Gadsden,USA,57975,2020-04-01
Gaffney,USA,19042,2020-04-01
Gainesville,USA,213748,2020-04-01
Gainesville,USA,265218,2020-04-01
Gainesville,USA,16544,2020-04-01
Galax,USA,6767,2020-04-01
Galesburg,USA,33847,2020-04-01
Galion,USA,11364,2020-04-01
Galliano - Larose - Cut Off,USA,20056,2020-04-01
Gallup,USA,24448,2020-04-01
Galt,USA,26618,2020-04-01
Galveston - Texas City,USA,191863,2020-04-01
Garden City,USA,30976,2020-04-01
Gardnerville,USA,21338,2020-04-01
Gastonia,USA,176897,2020-04-01
Gatesville,USA,15565,2020-04-01
Gaylord - Bagley,USA,8476,2020-04-01
Geneseo,USA,6435,2020-04-01
Geneseo,USA,8025,2020-04-01
Geneva,USA,29572,2020-04-01
Geneva,USA,7355,2020-04-01
Genoa,USA,5484,2020-04-01
Georgetown,USA,9921,2020-04-01
Georgetown,USA,38912,2020-04-01
Georgetown,USA,11364,2020-04-01
Germantown,USA,5577,2020-04-01
Gettysburg - Cumberland ( - Bonneauville ),USA,14733,2020-04-01
Gillespie,USA,5037,2020-04-01
Gillette,USA,34422,2020-04-01
Gilmer,USA,5084,2020-04-01
Gilroy - Morgan Hill,USA,114833,2020-04-01
Glasgow,USA,14849,2020-04-01
Glencoe,USA,5738,2020-04-01
Glendive,USA,6675,2020-04-01
Glens Falls,USA,71191,2020-04-01
Glenwood,USA,5009,2020-04-01
Glenwood,USA,4202,2020-04-01
Glenwood Springs,USA,10889,2020-04-01
Globe,USA,12620,2020-04-01
Gloversville,USA,26286,2020-04-01
Gold Canyon,USA,9590,2020-04-01
Goldsboro,USA,54456,2020-04-01
Gonzales,USA,8682,2020-04-01
Gonzales,USA,6953,2020-04-01
Goodland,USA,4439,2020-04-01
Goodyear South ( Estrella ),USA,16042,2020-04-01
Governors Club,USA,4967,2020-04-01
Grafton,USA,4824,2020-04-01
Grafton - Port Washington - Cedarburg,USA,44086,2020-04-01
Graham,USA,8585,2020-04-01
Granbury,USA,29706,2020-04-01
Grand Forks,USA,68160,2020-04-01
Grand Island,USA,55099,2020-04-01
Grand Junction,USA,135973,2020-04-01
Grand Lake,USA,1801,2020-04-01
Grand Rapids,USA,605666,2020-04-01
Grand Rapids,USA,10348,2020-04-01
Grandview,USA,11187,2020-04-01
Granite Falls,USA,6349,2020-04-01
Grants,USA,9972,2020-04-01
Grants Pass,USA,55724,2020-04-01
Grantsville,USA,9598,2020-04-01
Grass Valley,USA,36720,2020-04-01
Grayson,USA,5418,2020-04-01
Great Bend,USA,14766,2020-04-01
Great Falls,USA,67097,2020-04-01
Greeley,USA,137222,2020-04-01
Green Bay,USA,224156,2020-04-01
Greencastle,USA,10190,2020-04-01
Greendale - Lawrenceburg - Hidden Valley,USA,20087,2020-04-01
Greeneville,USA,22919,2020-04-01
Greenfield,USA,18858,2020-04-01
Greenfield,USA,22294,2020-04-01
Greenfield,USA,4771,2020-04-01
Green River,USA,11873,2020-04-01
Greensboro,USA,338928,2020-04-01
Greensburg,USA,12529,2020-04-01
Green Valley,USA,37315,2020-04-01
Greenville,USA,5823,2020-04-01
Greenville,USA,6765,2020-04-01
Greenville,USA,5516,2020-04-01
Greenville,USA,10265,2020-04-01
Greenville,USA,29267,2020-04-01
Greenville,USA,120150,2020-04-01
Greenville,USA,12983,2020-04-01
Greenville,USA,10553,2020-04-01
Greenville,USA,387271,2020-04-01
Greenville,USA,27054,2020-04-01
Greenwood,USA,9077,2020-04-01
Greenwood,USA,19475,2020-04-01
Greenwood,USA,41998,2020-04-01
Grenada,USA,10276,2020-04-01
Gridley,USA,8653,2020-04-01
Griffin,USA,38311,2020-04-01
Grinnell,USA,9486,2020-04-01
Grissom AFB,USA,6856,2020-04-01
Grove,USA,7934,2020-04-01
Grove City,USA,9830,2020-04-01
Guadalupe,USA,8046,2020-04-01
Gulfport - Biloxi,USA,236344,2020-04-01
Gun Barrel City,USA,18309,2020-04-01
Gunnison,USA,7228,2020-04-01
Gustine,USA,6128,2020-04-01
Guthrie,USA,9312,2020-04-01
Guymon,USA,12516,2020-04-01
Gypsum,USA,8841,2020-04-01
Hagerstown,USA,197557,2020-04-01
Hailey,USA,12035,2020-04-01
Half Moon Bay,USA,21688,2020-04-01
Hamburg - Vernon - Highland Lakes ( - Franklin ),USA,28250,2020-04-01
Hamilton,USA,6870,2020-04-01
Hammond,USA,72526,2020-04-01
Hammonton,USA,12086,2020-04-01
Hampshire,USA,5699,2020-04-01
Hampstead,USA,23340,2020-04-01
Hampstead - Manchester,USA,14542,2020-04-01
Hanford,USA,66638,2020-04-01
Hannibal,USA,17672,2020-04-01
Hanover,USA,56712,2020-04-01
Harlan,USA,4713,2020-04-01
Harlan,USA,6147,2020-04-01
Harlingen,USA,118838,2020-04-01
Harriman - Kingston - Rockwood,USA,22348,2020-04-01
Harrington,USA,4943,2020-04-01
Harrisburg,USA,8283,2020-04-01
Harrisburg,USA,490859,2020-04-01
Harrisburg,USA,6663,2020-04-01
Harrison,USA,13950,2020-04-01
Harrison,USA,15007,2020-04-01
Harrisonburg,USA,73377,2020-04-01
Harrisonville,USA,9423,2020-04-01
Harrodsburg,USA,9791,2020-04-01
Hartford,USA,977158,2020-04-01
Hartford,USA,23757,2020-04-01
Hartford City,USA,6135,2020-04-01
Hartselle,USA,15596,2020-04-01
Hartsville,USA,13946,2020-04-01
Hartwell,USA,5963,2020-04-01
Harvard,USA,9376,2020-04-01
Hastings,USA,8041,2020-04-01
Hastings,USA,21635,2020-04-01
Hastings,USA,24807,2020-04-01
Hattiesburg,USA,80821,2020-04-01
Havelock,USA,17101,2020-04-01
Havre,USA,9826,2020-04-01
Hayes ( Harrison ),USA,3796,2020-04-01
Hays,USA,21880,2020-04-01
Hazard,USA,7808,2020-04-01
Hazlehurst,USA,4917,2020-04-01
Hazleton,USA,50860,2020-04-01
Heartland,USA,9841,2020-04-01
Heber,USA,25059,2020-04-01
Heber-Overgaard,USA,3573,2020-04-01
Heber Springs,USA,6743,2020-04-01
Helena,USA,52380,2020-04-01
Helena-West Helena,USA,8599,2020-04-01
Hemet,USA,173194,2020-04-01
Hempstead,USA,4890,2020-04-01
Henderson,USA,28430,2020-04-01
Henderson,USA,19894,2020-04-01
Henderson,USA,5906,2020-04-01
Henderson,USA,14924,2020-04-01
Henryetta,USA,6207,2020-04-01
Hereford,USA,15520,2020-04-01
Hermiston,USA,28938,2020-04-01
Hibbing,USA,12035,2020-04-01
Hickory,USA,201511,2020-04-01
Hidden Meadows,USA,4884,2020-04-01
Higgins Lake,USA,2145,2020-04-01
Higginsville,USA,4551,2020-04-01
Highland,USA,10267,2020-04-01
High Point,USA,167830,2020-04-01
Hillsboro,USA,6880,2020-04-01
Hillsboro,USA,6613,2020-04-01
Hillsboro,USA,8068,2020-04-01
Hillsborough,USA,15800,2020-04-01
Hillsdale,USA,10642,2020-04-01
Hilo,USA,41410,2020-04-01
Hilton,USA,8057,2020-04-01
Hinesville,USA,53107,2020-04-01
Hobbs,USA,44157,2020-04-01
Holden Beach,USA,8687,2020-04-01
Holdenville,USA,4264,2020-04-01
Holdrege,USA,5454,2020-04-01
Holland,USA,107034,2020-04-01
Hollister,USA,49611,2020-04-01
Holly,USA,8934,2020-04-01
Holly Springs,USA,5559,2020-04-01
Holts Summit,USA,5184,2020-04-01
Holtville,USA,6230,2020-04-01
Hondo,USA,6006,2020-04-01
Honesdale,USA,5404,2020-04-01
Honolulu,USA,853252,2020-04-01
Hood River,USA,16171,2020-04-01
Hoopeston,USA,4812,2020-04-01
Hope,USA,8855,2020-04-01
Hopkinsville,USA,31696,2020-04-01
Hornell,USA,10566,2020-04-01
Hornsby Bend,USA,11337,2020-04-01
Horse Cave,USA,4262,2020-04-01
Horseshoe Bay,USA,5583,2020-04-01
Hot Springs,USA,59133,2020-04-01
Hot Springs Village,USA,12755,2020-04-01
Houghton - Hancock,USA,15358,2020-04-01
Houghton Lake,USA,8521,2020-04-01
Houlton,USA,4281,2020-04-01
Houma,USA,145482,2020-04-01
Houston,USA,5853575,2020-04-01
Hudson,USA,10610,2020-04-01
Hudson,USA,23743,2020-04-01
Hugo,USA,4992,2020-04-01
Humboldt,USA,5339,2020-04-01
Humboldt,USA,7160,2020-04-01
Huntingburg,USA,6117,2020-04-01
Huntingdon,USA,11311,2020-04-01
Huntington,USA,17555,2020-04-01
Huntington,USA,200157,2020-04-01
Huntsville,USA,329066,2020-04-01
Huntsville,USA,43415,2020-04-01
Huntsville Southeast,USA,20165,2020-04-01
Huron,USA,6129,2020-04-01
Huron,USA,14294,2020-04-01
Hurricane,USA,19370,2020-04-01
Hutchinson,USA,42475,2020-04-01
Hutchinson,USA,14670,2020-04-01
Idabel,USA,5523,2020-04-01
Idaho Falls,USA,105132,2020-04-01
Ilion - Herkimer,USA,22267,2020-04-01
Immokalee,USA,23485,2020-04-01
Incline Village,USA,19441,2020-04-01
Independence,USA,6057,2020-04-01
Independence,USA,8477,2020-04-01
Indianapolis,USA,1699881,2020-04-01
Indiana - White,USA,27693,2020-04-01
Indian Head,USA,5556,2020-04-01
Indianola,USA,15344,2020-04-01
Indianola,USA,9341,2020-04-01
Indiantown,USA,5496,2020-04-01
Indio - Palm Desert - Palm Springs,USA,361075,2020-04-01
Inman,USA,13269,2020-04-01
International Falls,USA,6575,2020-04-01
Iola,USA,5845,2020-04-01
Ione,USA,4673,2020-04-01
Ionia,USA,15168,2020-04-01
Iowa City,USA,126810,2020-04-01
Iowa Falls,USA,5058,2020-04-01
Iowa Park,USA,6454,2020-04-01
Ipswich,USA,9380,2020-04-01
Iron Mountain - Kingsford,USA,18336,2020-04-01
Ironwood,USA,7181,2020-04-01
Irvine,USA,4029,2020-04-01
Isanti,USA,6621,2020-04-01
Ishpeming,USA,11298,2020-04-01
Ithaca,USA,59102,2020-04-01
Jackson,USA,7781,2020-04-01
Jackson,USA,5697,2020-04-01
Jackson,USA,84307,2020-04-01
Jackson,USA,347693,2020-04-01
Jackson,USA,72809,2020-04-01
Jackson,USA,7962,2020-04-01
Jackson,USA,10760,2020-04-01
Jacksonville,USA,1247374,2020-04-01
Jacksonville,USA,21003,2020-04-01
Jacksonville,USA,111224,2020-04-01
Jacksonville,USA,13881,2020-04-01
Jackson - Wellston,USA,6749,2020-04-01
Jamestown,USA,44424,2020-04-01
Jamestown,USA,15207,2020-04-01
Janesville,USA,72285,2020-04-01
Jasper,USA,13274,2020-04-01
Jasper,USA,6384,2020-04-01
Jasper,USA,16749,2020-04-01
Jasper,USA,7000,2020-04-01
Jeanerette,USA,5325,2020-04-01
Jefferson,USA,11842,2020-04-01
Jefferson,USA,7566,2020-04-01
Jefferson City,USA,50775,2020-04-01
Jennings,USA,9378,2020-04-01
Jerome,USA,12405,2020-04-01
Jersey Shore,USA,10009,2020-04-01
Jerseyville,USA,8641,2020-04-01
Jesup,USA,12772,2020-04-01
Jewett City,USA,4706,2020-04-01
Johnson City,USA,128519,2020-04-01
Johnson Lane,USA,5268,2020-04-01
Johnstown,USA,19773,2020-04-01
Johnstown,USA,5449,2020-04-01
Johnstown,USA,61521,2020-04-01
Jonesboro,USA,73781,2020-04-01
Jonesboro,USA,5245,2020-04-01
Joplin,USA,86679,2020-04-01
Jordan,USA,6648,2020-04-01
Joshua Tree,USA,4370,2020-04-01
Junction City,USA,40723,2020-04-01
Junction City,USA,7312,2020-04-01
Juneau,USA,24756,2020-04-01
Kahului - Wailuku,USA,57905,2020-04-01
Kailua - Holualoa ( in: Hawaii County ),USA,33024,2020-04-01
Kailua - Kaneohe ( in: Honolulu County ),USA,118092,2020-04-01
Kalamazoo,USA,204562,2020-04-01
Kalispell,USA,36131,2020-04-01
Kankakee,USA,66530,2020-04-01
Kansas City,USA,1674218,2020-04-01
Kapaa,USA,18212,2020-04-01
Kaplan,USA,4656,2020-04-01
Kasson,USA,7649,2020-04-01
Kaufman,USA,6127,2020-04-01
Kearney,USA,10174,2020-04-01
Kearney,USA,34526,2020-04-01
Keene,USA,22687,2020-04-01
Kekaha,USA,5724,2020-04-01
Kenai,USA,8642,2020-04-01
Kendallville,USA,10587,2020-04-01
Kennett,USA,10560,2020-04-01
Kennewick - Richland - Pasco,USA,255401,2020-04-01
Kenosha,USA,125865,2020-04-01
Kenton,USA,8033,2020-04-01
Keokuk,USA,12351,2020-04-01
Kerman,USA,16002,2020-04-01
Kermit,USA,6381,2020-04-01
Kerrville,USA,31844,2020-04-01
Ketchikan,USA,11975,2020-04-01
Ketchum,USA,6346,2020-04-01
Kewanee,USA,12542,2020-04-01
Key Largo,USA,21687,2020-04-01
Keyser,USA,6328,2020-04-01
Keystone Heights,USA,8218,2020-04-01
Key West,USA,32146,2020-04-01
Kihei,USA,26878,2020-04-01
Kilgore,USA,16719,2020-04-01
Kill Devil Hills - Nags Head,USA,23851,2020-04-01
Killeen,USA,257222,2020-04-01
Kimberling City,USA,4467,2020-04-01
King City,USA,13760,2020-04-01
Kingman,USA,46953,2020-04-01
Kingsburg,USA,12602,2020-04-01
Kingsland,USA,8093,2020-04-01
Kingsland - St. Marys,USA,38567,2020-04-01
Kings Mountain,USA,12619,2020-04-01
Kingsport,USA,98411,2020-04-01
Kingston,USA,50254,2020-04-01
Kingstree,USA,5250,2020-04-01
Kingsville,USA,24945,2020-04-01
Kinross ( Kincheloe ),USA,5100,2020-04-01
Kinston,USA,21050,2020-04-01
Kirksville,USA,16846,2020-04-01
Kirtland,USA,5737,2020-04-01
Kiryas Joel,USA,71582,2020-04-01
Kissimmee - St. Cloud,USA,418404,2020-04-01
Kittanning - Ford City,USA,14605,2020-04-01
Klamath Falls - Altamont,USA,43208,2020-04-01
Knoxville,USA,7561,2020-04-01
Knoxville,USA,597257,2020-04-01
Kodiak - Mill Bay,USA,9530,2020-04-01
Kokomo,USA,62576,2020-04-01
Kosciusko,USA,6716,2020-04-01
Krum,USA,5876,2020-04-01
Kuna,USA,23565,2020-04-01
Kutztown,USA,8672,2020-04-01
LaBelle,USA,13053,2020-04-01
Laconia,USA,27267,2020-04-01
La Crosse,USA,98872,2020-04-01
LaFayette,USA,6772,2020-04-01
Lafayette,USA,157100,2020-04-01
Lafayette,USA,227316,2020-04-01
Lafayette,USA,6174,2020-04-01
Lafayette - Erie - Louisville,USA,96485,2020-04-01
La Follette,USA,20114,2020-04-01
Lago Vista,USA,8463,2020-04-01
La Grande,USA,14954,2020-04-01
LaGrange,USA,35420,2020-04-01
La Grange,USA,24556,2020-04-01
La Grange,USA,5020,2020-04-01
Lahaina - Napili-Honokowai,USA,21398,2020-04-01
Laie - Hauula,USA,12488,2020-04-01
La Junta,USA,7792,2020-04-01
Lake Bryant,USA,3632,2020-04-01
Lake Charles,USA,162501,2020-04-01
Lake City,USA,25334,2020-04-01
Lake City,USA,4912,2020-04-01
Lake City,USA,6915,2020-04-01
Lake Conroe Eastshore,USA,12188,2020-04-01
Lake Conroe Westshore,USA,29322,2020-04-01
Lake Delton,USA,6546,2020-04-01
Lake Erie Beach,USA,7643,2020-04-01
Lake Geneva,USA,10955,2020-04-01
Lake Havasu City,USA,59017,2020-04-01
Lake Holiday,USA,7313,2020-04-01
Lake Isabella,USA,3698,2020-04-01
Lake Jackson,USA,56054,2020-04-01
Lakeland,USA,277915,2020-04-01
Lake Mills,USA,6857,2020-04-01
Lake Mohawk,USA,13164,2020-04-01
Lake Monticello,USA,9825,2020-04-01
Lake of the Pines,USA,4261,2020-04-01
Lake of the Woods,USA,10902,2020-04-01
Lake Placid,USA,17816,2020-04-01
Lake Placid,USA,3486,2020-04-01
Lake Pocotopaug,USA,7622,2020-04-01
Lakeport,USA,8994,2020-04-01
Lake Royale,USA,2942,2020-04-01
Lakes of the Four Seasons,USA,13113,2020-04-01
Lamar,USA,7502,2020-04-01
Lambertville,USA,10167,2020-04-01
Lamesa,USA,8731,2020-04-01
Lamont,USA,15271,2020-04-01
Lampasas,USA,6674,2020-04-01
Lancaster,USA,43576,2020-04-01
Lancaster,USA,22709,2020-04-01
Lancaster - Manheim,USA,394530,2020-04-01
Lander,USA,6977,2020-04-01
Landrum - Tryon,USA,4518,2020-04-01
Lansing,USA,318300,2020-04-01
Lapeer,USA,12402,2020-04-01
LaPlace - Lutcher - Gramercy,USA,48681,2020-04-01
La Plata,USA,10536,2020-04-01
Laramie,USA,32261,2020-04-01
Laredo,USA,251462,2020-04-01
Larned,USA,3734,2020-04-01
Las Cruces,USA,139338,2020-04-01
Las Vegas,USA,14530,2020-04-01
Las Vegas - Henderson - Paradise,USA,2196623,2020-04-01
Laughlin,USA,6579,2020-04-01
Laurel,USA,25201,2020-04-01
Laurel,USA,8789,2020-04-01
Laurens,USA,11331,2020-04-01
Laurinburg,USA,16225,2020-04-01
Lawrence,USA,94998,2020-04-01
Lawrenceburg,USA,13543,2020-04-01
Lawrenceburg,USA,11679,2020-04-01
Lawrenceville,USA,4632,2020-04-01
Lawton,USA,87464,2020-04-01
Lead,USA,4122,2020-04-01
Leadville,USA,4538,2020-04-01
Leavenworth,USA,47570,2020-04-01
Lebanon,USA,16466,2020-04-01
Lebanon,USA,6209,2020-04-01
Lebanon,USA,14710,2020-04-01
Lebanon,USA,30299,2020-04-01
Lebanon,USA,22327,2020-04-01
Lebanon,USA,75485,2020-04-01
Lebanon,USA,36678,2020-04-01
Lee,USA,8119,2020-04-01
Leesburg - Eustis - Tavares,USA,151523,2020-04-01
Lee's Summit,USA,91960,2020-04-01
Leesville,USA,8328,2020-04-01
Lehighton - Palmerton - Jim Thorpe,USA,18503,2020-04-01
Leisuretowne,USA,5294,2020-04-01
Leitchfield,USA,6488,2020-04-01
Le Mars,USA,10138,2020-04-01
Lemoore,USA,26957,2020-04-01
Lemoore Station,USA,6568,2020-04-01
Leominster - Fitchburg,USA,111790,2020-04-01
Leonardtown,USA,6092,2020-04-01
Le Roy,USA,4645,2020-04-01
Levelland,USA,12601,2020-04-01
Lewes - Rehoboth Beach,USA,39681,2020-04-01
Lewisburg,USA,11934,2020-04-01
Lewisburg,USA,7227,2020-04-01
Lewiston,USA,54798,2020-04-01
Lewiston,USA,60743,2020-04-01
Lewistown,USA,6024,2020-04-01
Lewistown,USA,20999,2020-04-01
Lexington,USA,10438,2020-04-01
Lexington,USA,6357,2020-04-01
Lexington,USA,9460,2020-04-01
Lexington-Fayette,USA,315631,2020-04-01
Lexington Park - California - Chesapeake Ranch Estates,USA,62352,2020-04-01
Libby,USA,4341,2020-04-01
Liberal,USA,19843,2020-04-01
Liberty,USA,5284,2020-04-01
Liberty,USA,6387,2020-04-01
Lihue,USA,15885,2020-04-01
Lima,USA,68630,2020-04-01
Lincoln,USA,13990,2020-04-01
Lincoln,USA,291217,2020-04-01
Lincoln,USA,2005,2020-04-01
Lincoln Beach,USA,3626,2020-04-01
Lincoln City,USA,10494,2020-04-01
Lincolnton,USA,22657,2020-04-01
Lindale - Hideaway,USA,11770,2020-04-01
Lindsay,USA,13942,2020-04-01
Lindstrom - Chisago City,USA,9152,2020-04-01
Linton,USA,5298,2020-04-01
Litchfield,USA,6350,2020-04-01
Litchfield,USA,6569,2020-04-01
Litchfield Beach ( - Pawleys Island ),USA,15225,2020-04-01
Little Falls,USA,9411,2020-04-01
Little Falls,USA,4597,2020-04-01
Littlefield,USA,5626,2020-04-01
Little Rock,USA,461864,2020-04-01
Littlestown,USA,6442,2020-04-01
Live Oak,USA,9080,2020-04-01
Live Oak,USA,6668,2020-04-01
Livermore - Pleasanton - Dublin,USA,240381,2020-04-01
Livingston,USA,14255,2020-04-01
Livingston,USA,9350,2020-04-01
Livingston,USA,5592,2020-04-01
Lockhart,USA,12886,2020-04-01
Lock Haven,USA,14625,2020-04-01
Lockport,USA,35958,2020-04-01
Lodi,USA,73090,2020-04-01
Logan,USA,8209,2020-04-01
Logan,USA,113927,2020-04-01
Logan,USA,8821,2020-04-01
Logansport,USA,20374,2020-04-01
Lompoc,USA,54287,2020-04-01
London,USA,10259,2020-04-01
London - Corbin,USA,36861,2020-04-01
Long Beach,USA,3252,2020-04-01
Longmont,USA,100776,2020-04-01
Long Neck,USA,20169,2020-04-01
Longview,USA,107099,2020-04-01
Longview,USA,69841,2020-04-01
Lorain - Elyria,USA,199067,2020-04-01
Los Alamos,USA,13283,2020-04-01
Los Angeles - Long Beach - Anaheim,USA,12237376,2020-04-01
Los Banos,USA,45533,2020-04-01
Los Lunas,USA,53365,2020-04-01
Los Osos,USA,13978,2020-04-01
Louisa,USA,4582,2020-04-01
Louisville ( Jefferson County ),USA,974397,2020-04-01
Lovington,USA,11765,2020-04-01
Lowell,USA,10747,2020-04-01
Lowell,USA,7530,2020-04-01
Lubbock,USA,272280,2020-04-01
Ludington,USA,11883,2020-04-01
Lufkin,USA,41551,2020-04-01
Luling,USA,5391,2020-04-01
Lumberton,USA,22256,2020-04-01
Luray,USA,4742,2020-04-01
Luverne,USA,4808,2020-04-01
Lynchburg,USA,125596,2020-04-01
Lynden,USA,15995,2020-04-01
Macclenny,USA,10881,2020-04-01
Macomb,USA,15656,2020-04-01
Macon,USA,140111,2020-04-01
Macon,USA,5359,2020-04-01
Madera,USA,81635,2020-04-01
Madison,USA,4709,2020-04-01
Madison,USA,17447,2020-04-01
Madison,USA,6169,2020-04-01
Madison,USA,450305,2020-04-01
Madisonville,USA,21328,2020-04-01
Madisonville,USA,6070,2020-04-01
Madras,USA,8087,2020-04-01
Magalia,USA,6900,2020-04-01
Magnolia,USA,10403,2020-04-01
Mahanoy City,USA,3720,2020-04-01
Mahomet,USA,11922,2020-04-01
Malone,USA,6885,2020-04-01
Malvern,USA,8833,2020-04-01
Mammoth Lakes,USA,7045,2020-04-01
Manchester,USA,4913,2020-04-01
Manchester,USA,163289,2020-04-01
Manchester,USA,12953,2020-04-01
Mandeville - Covington,USA,113763,2020-04-01
Manhattan,USA,7826,2020-04-01
Manhattan,USA,60454,2020-04-01
Manistee,USA,8093,2020-04-01
Manitowoc,USA,46558,2020-04-01
Mankato,USA,60206,2020-04-01
Manning,USA,4522,2020-04-01
Manor,USA,17006,2020-04-01
Mansfield,USA,5602,2020-04-01
Mansfield,USA,73545,2020-04-01
Manteca,USA,86674,2020-04-01
Manteno,USA,10437,2020-04-01
Manteo,USA,6070,2020-04-01
Maquoketa,USA,6098,2020-04-01
Marana,USA,10618,2020-04-01
Marathon,USA,9733,2020-04-01
Marble Falls,USA,7953,2020-04-01
Marengo,USA,7509,2020-04-01
Marianna,USA,5560,2020-04-01
Maricopa,USA,57771,2020-04-01
Marietta,USA,21723,2020-04-01
Marinette - Menominee ( incl. Peshtigo ),USA,23551,2020-04-01
Marion,USA,40961,2020-04-01
Marion,USA,12031,2020-04-01
Marion,USA,42688,2020-04-01
Marion,USA,7009,2020-04-01
Marion,USA,7281,2020-04-01
Marion - Herrin,USA,39391,2020-04-01
Marion Oaks,USA,19077,2020-04-01
Marksville,USA,6682,2020-04-01
Marlin,USA,5396,2020-04-01
Marquette,USA,24682,2020-04-01
Marseilles,USA,4660,2020-04-01
Marshall,USA,7471,2020-04-01
Marshall,USA,13508,2020-04-01
Marshall,USA,13471,2020-04-01
Marshall,USA,21387,2020-04-01
Marshalltown,USA,27381,2020-04-01
Marshfield,USA,7537,2020-04-01
Marshfield,USA,19462,2020-04-01
Martin,USA,10518,2020-04-01
Martinsville,USA,12556,2020-04-01
Martinsville,USA,31273,2020-04-01
Marysville,USA,25674,2020-04-01
Marysville,USA,160440,2020-04-01
Maryville,USA,11212,2020-04-01
Mascoutah,USA,8528,2020-04-01
Mason City,USA,25954,2020-04-01
Massena,USA,10582,2020-04-01
Mathis,USA,5253,2020-04-01
Mattawan,USA,5721,2020-04-01
Mattoon,USA,17111,2020-04-01
Mauldin - Simpsonville,USA,159506,2020-04-01
Mayfield,USA,12256,2020-04-01
Mayodan,USA,4627,2020-04-01
Maysville,USA,9799,2020-04-01
Maytown - Marietta,USA,7737,2020-04-01
Mayville,USA,5189,2020-04-01
McAlester,USA,19542,2020-04-01
McAllen,USA,779553,2020-04-01
McCall,USA,3695,2020-04-01
McComb,USA,15327,2020-04-01
McCook,USA,7395,2020-04-01
McFarland,USA,14149,2020-04-01
McGregor,USA,5139,2020-04-01
McHenry Northwest - Wonder Lake,USA,5758,2020-04-01
McKenzie,USA,5360,2020-04-01
McKinleyville,USA,14981,2020-04-01
McKinney - Frisco,USA,504803,2020-04-01
McMinnville,USA,41831,2020-04-01
McMinnville,USA,15711,2020-04-01
McPherson,USA,14039,2020-04-01
Meadville,USA,20652,2020-04-01
Mecca,USA,6875,2020-04-01
Mechanicville,USA,11799,2020-04-01
Medford,USA,171640,2020-04-01
Medford,USA,4114,2020-04-01
Medina,USA,6279,2020-04-01
Medina,USA,46109,2020-04-01
Melissa - Anna,USA,34516,2020-04-01
Memphis,USA,1056190,2020-04-01
Mena,USA,5534,2020-04-01
Mendota,USA,13382,2020-04-01
Mendota,USA,6918,2020-04-01
Menomonie,USA,17022,2020-04-01
Merced,USA,150052,2020-04-01
Meredith,USA,3411,2020-04-01
Meridian,USA,33809,2020-04-01
Merrill,USA,9519,2020-04-01
Mesquite,USA,19206,2020-04-01
Metropolis,USA,5925,2020-04-01
Mexia,USA,6661,2020-04-01
Mexico,USA,11351,2020-04-01
Miami,USA,15348,2020-04-01
Miami - Fort Lauderdale,USA,6077522,2020-04-01
Michigan City - La Porte,USA,71367,2020-04-01
Middlebury,USA,6154,2020-04-01
Middleport,USA,5814,2020-04-01
Middlesborough,USA,13628,2020-04-01
Middleton,USA,10265,2020-04-01
Middletown,USA,41851,2020-04-01
Middletown,USA,61516,2020-04-01
Middletown,USA,93608,2020-04-01
Midland,USA,52340,2020-04-01
Midland,USA,141997,2020-04-01
Midlothian,USA,30908,2020-04-01
Milan,USA,7861,2020-04-01
Milan,USA,7578,2020-04-01
Miles City,USA,9227,2020-04-01
Milford,USA,17754,2020-04-01
Milledgeville,USA,22441,2020-04-01
Millersburg,USA,4375,2020-04-01
Millington,USA,12918,2020-04-01
Millinocket,USA,3812,2020-04-01
Millsboro,USA,9844,2020-04-01
Milton,USA,6417,2020-04-01
Milton,USA,28610,2020-04-01
Milton-Freewater,USA,8131,2020-04-01
Milwaukee,USA,1306795,2020-04-01
Minden,USA,12659,2020-04-01
Mineola,USA,5699,2020-04-01
Mineral Wells,USA,14211,2020-04-01
Minneapolis - St. Paul,USA,2914866,2020-04-01
Minot,USA,50925,2020-04-01
Minster - New Bremen,USA,6138,2020-04-01
Mission Viejo - Lake Forest - Laguna Niguel,USA,646843,2020-04-01
Missoula,USA,88109,2020-04-01
Mitchell,USA,15690,2020-04-01
Moab,USA,7933,2020-04-01
Moberly,USA,12163,2020-04-01
Mobile,USA,321907,2020-04-01
Mocksville,USA,5971,2020-04-01
Modesto,USA,357301,2020-04-01
Molalla,USA,10258,2020-04-01
Monahans,USA,9162,2020-04-01
Monessen,USA,49962,2020-04-01
Monett,USA,9391,2020-04-01
Monmouth,USA,9189,2020-04-01
Monmouth - Independence,USA,20912,2020-04-01
Monroe,USA,16650,2020-04-01
Monroe,USA,119964,2020-04-01
Monroe,USA,57260,2020-04-01
Monroe,USA,24635,2020-04-01
Monroe,USA,10725,2020-04-01
Monroeville,USA,4284,2020-04-01
Montauk,USA,3845,2020-04-01
Mont Belvieu,USA,12180,2020-04-01
Montesano - Elma,USA,12682,2020-04-01
Montevallo,USA,6438,2020-04-01
Montevideo,USA,5391,2020-04-01
Montgomery,USA,254348,2020-04-01
Monticello,USA,7974,2020-04-01
Monticello,USA,5985,2020-04-01
Monticello,USA,10635,2020-04-01
Monticello,USA,6681,2020-04-01
Monticello,USA,15760,2020-04-01
Monticello,USA,14328,2020-04-01
Montrose,USA,24513,2020-04-01
Montrose,USA,5539,2020-04-01
Morehead,USA,9375,2020-04-01
Morehead City - Emerald Isle - Atlantic Beach,USA,44300,2020-04-01
Morgan City,USA,30236,2020-04-01
Morgantown,USA,77620,2020-04-01
Morrilton,USA,6340,2020-04-01
Morris,USA,15740,2020-04-01
Morris,USA,5030,2020-04-01
Morristown ( incl. White Pine ),USA,66539,2020-04-01
Morro Bay,USA,13163,2020-04-01
Moscow,USA,25914,2020-04-01
Moses Lake,USA,38751,2020-04-01
Moultrie,USA,19217,2020-04-01
Moundsville,USA,11398,2020-04-01
Mountain Grove,USA,4219,2020-04-01
Mountain Home,USA,17783,2020-04-01
Mountain Home,USA,17799,2020-04-01
Mountain Lake Park,USA,4548,2020-04-01
Mountain Top,USA,10520,2020-04-01
Mount Airy,USA,17354,2020-04-01
Mount Carmel,USA,6963,2020-04-01
Mount Horeb,USA,7730,2020-04-01
Mount Pleasant,USA,9284,2020-04-01
Mount Pleasant,USA,30738,2020-04-01
Mount Pleasant,USA,15419,2020-04-01
Mount Plymouth,USA,6165,2020-04-01
Mount Shasta,USA,5203,2020-04-01
Mount Sterling,USA,13920,2020-04-01
Mount Vernon,USA,15288,2020-04-01
Mount Vernon,USA,6715,2020-04-01
Mount Vernon,USA,6509,2020-04-01
Mount Vernon,USA,18993,2020-04-01
Mount Vernon,USA,66825,2020-04-01
Mount Washington,USA,21516,2020-04-01
Mukwonago,USA,15287,2020-04-01
Muleshoe,USA,5159,2020-04-01
Mullins,USA,4924,2020-04-01
Muncie,USA,84382,2020-04-01
Muncy,USA,7544,2020-04-01
Munds Park,USA,773,2020-04-01
Murfreesboro,USA,177313,2020-04-01
Murray,USA,18958,2020-04-01
Muscatine,USA,25144,2020-04-01
Muskegon - Norton Shores,USA,166414,2020-04-01
Muskogee,USA,35798,2020-04-01
Myrtle Beach - North Myrtle Beach,USA,298954,2020-04-01
Mystic Island - Little Egg Harbor,USA,23074,2020-04-01
Nacogdoches,USA,33732,2020-04-01
Nampa,USA,177561,2020-04-01
Nantucket,USA,12011,2020-04-01
Napa,USA,84619,2020-04-01
Napoleon,USA,8868,2020-04-01
Nappanee,USA,7250,2020-04-01
Nashua,USA,242984,2020-04-01
Nashville,USA,4844,2020-04-01
Nashville-Davidson,USA,1158642,2020-04-01
Natchez,USA,25902,2020-04-01
Natchitoches,USA,18935,2020-04-01
Navarre - Miramar Beach - Destin ( incl. Fort Walton Beach ),USA,226213,2020-04-01
Navasota,USA,7458,2020-04-01
Nebraska City,USA,7020,2020-04-01
Needles,USA,6739,2020-04-01
Nelsonville,USA,4709,2020-04-01
Neosho,USA,12580,2020-04-01
Nephi,USA,6330,2020-04-01
Nevada,USA,6881,2020-04-01
Nevada,USA,8529,2020-04-01
New Albany,USA,6763,2020-04-01
Newark,USA,13568,2020-04-01
Newark,USA,81223,2020-04-01
New Bedford,USA,155491,2020-04-01
Newberg,USA,30893,2020-04-01
New Bern,USA,47988,2020-04-01
Newberry,USA,12342,2020-04-01
New Boston,USA,4502,2020-04-01
New Braunfels,USA,100736,2020-04-01
New Carlisle,USA,5507,2020-04-01
New Castle,USA,5844,2020-04-01
New Castle,USA,18555,2020-04-01
New Castle,USA,40243,2020-04-01
New Freedom - Shrewsbury,USA,12094,2020-04-01
New Haven,USA,561456,2020-04-01
New Iberia,USA,37897,2020-04-01
New Lexington,USA,4602,2020-04-01
New London,USA,7804,2020-04-01
Newman,USA,12387,2020-04-01
New Martinsville,USA,5608,2020-04-01
New Orleans,USA,914531,2020-04-01
New Paltz,USA,9969,2020-04-01
New Philadelphia - Dover,USA,46776,2020-04-01
Newport,USA,5947,2020-04-01
Newport,USA,11731,2020-04-01
Newport,USA,11576,2020-04-01
New Prague,USA,8156,2020-04-01
New Richmond,USA,9486,2020-04-01
New Roads,USA,6794,2020-04-01
New Tazewell -Tazewell,USA,5374,2020-04-01
Newton,USA,15943,2020-04-01
Newton,USA,20378,2020-04-01
Newton,USA,12813,2020-04-01
Newton Falls,USA,6604,2020-04-01
New Ulm,USA,13435,2020-04-01
New York - Jersey City - Newark,USA,19426449,2020-04-01
Nice,USA,8555,2020-04-01
Nicholasville,USA,31434,2020-04-01
Nipomo,USA,20303,2020-04-01
Nogales,USA,19168,2020-04-01
Norfolk,USA,27407,2020-04-01
Norman,USA,120191,2020-04-01
North Adams,USA,25432,2020-04-01
North Bend,USA,11762,2020-04-01
North Branch,USA,6368,2020-04-01
North East,USA,6513,2020-04-01
Northfield,USA,22686,2020-04-01
North Manchester,USA,5188,2020-04-01
North Platte,USA,23582,2020-04-01
North Vernon,USA,6936,2020-04-01
North Windham,USA,10271,2020-04-01
Norwalk,USA,19269,2020-04-01
Norwich,USA,7740,2020-04-01
Norwich - New London,USA,167432,2020-04-01
Oakdale,USA,25408,2020-04-01
Oakdale,USA,6700,2020-04-01
Oak Harbor,USA,37449,2020-04-01
Oak Island,USA,15592,2020-04-01
Oakland,USA,9389,2020-04-01
Oak Ridge ( Jefferson Township North ),USA,8871,2020-04-01
Oberlin,USA,8176,2020-04-01
Ocala,USA,182647,2020-04-01
Ocean Park,USA,5411,2020-04-01
Ocean Pines - Ocean City,USA,37946,2020-04-01
Ocean Shores,USA,6766,2020-04-01
Ocean View,USA,18025,2020-04-01
Odessa,USA,5529,2020-04-01
Odessa,USA,154818,2020-04-01
Oelwein,USA,6585,2020-04-01
Ogallala,USA,4721,2020-04-01
Ogden - Layton,USA,608857,2020-04-01
Ogdensburg,USA,10246,2020-04-01
Oil City,USA,13666,2020-04-01
Okeechobee - Taylor Creek,USA,26670,2020-04-01
Oklahoma City,USA,982276,2020-04-01
Okmulgee,USA,11016,2020-04-01
Olean,USA,21144,2020-04-01
Olney,USA,8642,2020-04-01
Olympia - Lacey,USA,208157,2020-04-01
Omaha,USA,819508,2020-04-01
Omak,USA,8165,2020-04-01
Oneida,USA,12481,2020-04-01
Oneonta,USA,5624,2020-04-01
Oneonta,USA,16028,2020-04-01
Ontario - Payette,USA,27806,2020-04-01
Opelousas,USA,23498,2020-04-01
Opp,USA,5325,2020-04-01
Orange,USA,40796,2020-04-01
Orange,USA,4802,2020-04-01
Orangeburg,USA,29072,2020-04-01
Orange City,USA,7093,2020-04-01
Orange Cove,USA,9716,2020-04-01
Orangetree,USA,9791,2020-04-01
Oregon,USA,11551,2020-04-01
Orland,USA,9422,2020-04-01
Orlando,USA,1853896,2020-04-01
Oronoko - Berrien Springs,USA,6725,2020-04-01
Orosi,USA,12795,2020-04-01
Oroville,USA,40190,2020-04-01
Orrville,USA,8703,2020-04-01
Osage Beach,USA,6668,2020-04-01
Osceola,USA,6244,2020-04-01
Osceola,USA,5283,2020-04-01
Oscoda - Au Sable,USA,8558,2020-04-01
Oshkosh,USA,76190,2020-04-01
Oskaloosa,USA,12541,2020-04-01
Oswego,USA,24421,2020-04-01
Othello,USA,10865,2020-04-01
Otsego - Plainwell,USA,11819,2020-04-01
Ottawa,USA,20122,2020-04-01
Ottawa,USA,12461,2020-04-01
Ottawa,USA,5418,2020-04-01
Ottumwa,USA,25019,2020-04-01
Owatonna,USA,26278,2020-04-01
Owego,USA,4365,2020-04-01
Owensboro,USA,76433,2020-04-01
Owosso,USA,22329,2020-04-01
Oxford,USA,33518,2020-04-01
Oxford,USA,8925,2020-04-01
Oxford,USA,23221,2020-04-01
Oxford,USA,9925,2020-04-01
Oxnard - San Buenaventura,USA,376117,2020-04-01
Ozark,USA,12218,2020-04-01
Pacific,USA,8522,2020-04-01
Paducah,USA,50833,2020-04-01
Page,USA,7022,2020-04-01
Pagosa Springs,USA,5632,2020-04-01
Pahokee,USA,6683,2020-04-01
Pahrump,USA,37498,2020-04-01
Paintsville,USA,5717,2020-04-01
Palatka,USA,20032,2020-04-01
Palestine,USA,18615,2020-04-01
Palm Bay - Melbourne,USA,510675,2020-04-01
Palmdale - Lancaster,USA,359559,2020-04-01
Palmyra,USA,4477,2020-04-01
Palmyra,USA,3772,2020-04-01
Pampa,USA,16865,2020-04-01
Pana,USA,5309,2020-04-01
Panama City - Panama City Beach,USA,162060,2020-04-01
Panther Valley,USA,4279,2020-04-01
Paola,USA,5553,2020-04-01
Paragould,USA,25089,2020-04-01
Paris,USA,8316,2020-04-01
Paris,USA,11269,2020-04-01
Paris,USA,10303,2020-04-01
Paris,USA,26292,2020-04-01
Park City - Snyderville,USA,16168,2020-04-01
Parker,USA,5329,2020-04-01
Parkersburg,USA,62500,2020-04-01
Parlier,USA,14522,2020-04-01
Parsons,USA,9433,2020-04-01
Pascagoula - Gautier,USA,51454,2020-04-01
Patterson,USA,23660,2020-04-01
Pauls Valley,USA,5608,2020-04-01
Paw Paw,USA,5662,2020-04-01
Paw Paw Lake,USA,7526,2020-04-01
Paxton,USA,4528,2020-04-01
Payson,USA,17022,2020-04-01
Payson - Santaquin,USA,31132,2020-04-01
Pea Ridge,USA,6026,2020-04-01
Pearsall,USA,9063,2020-04-01
Pecan Plantation,USA,6831,2020-04-01
Pecos,USA,13081,2020-04-01
Peculiar,USA,5564,2020-04-01
Pella,USA,10160,2020-04-01
Pell City,USA,11500,2020-04-01
Pembroke,USA,5694,2020-04-01
Pendleton,USA,17488,2020-04-01
Pennsburg - Upper Hanover - East Greenville,USA,17239,2020-04-01
Penn Yan,USA,8399,2020-04-01
Pensacola,USA,390172,2020-04-01
Peoria,USA,259781,2020-04-01
Pepperell,USA,6103,2020-04-01
Perry,USA,6531,2020-04-01
Perry,USA,14884,2020-04-01
Perry,USA,7628,2020-04-01
Perry,USA,4066,2020-04-01
Perry,USA,4445,2020-04-01
Perryton,USA,8391,2020-04-01
Perryville,USA,8062,2020-04-01
Peru,USA,12458,2020-04-01
Peru - LaSalle,USA,29763,2020-04-01
Petaluma,USA,65227,2020-04-01
Petoskey,USA,12233,2020-04-01
Philadelphia,USA,7114,2020-04-01
Philadelphia ( incl. Pottstown ),USA,5696125,2020-04-01
Philipsburg,USA,9379,2020-04-01
Phoenix - Mesa - Scottsdale,USA,3976313,2020-04-01
Phoenix West - Goodyear - Avondale,USA,419946,2020-04-01
Picayune,USA,16301,2020-04-01
Pickens,USA,5068,2020-04-01
Pierre,USA,14755,2020-04-01
Pikeville,USA,10710,2020-04-01
Pine Bluff,USA,46683,2020-04-01
Pinehurst - Magnolia,USA,9667,2020-04-01
Pinehurst - Southern Pines,USA,50319,2020-04-01
Pinetop-Lakeside,USA,9393,2020-04-01
Piqua,USA,20890,2020-04-01
Pittsburg,USA,23120,2020-04-01
Pittsburgh,USA,1745039,2020-04-01
Pittsfield,USA,50720,2020-04-01
Placerville - Diamond Springs,USA,23291,2020-04-01
Plainview,USA,22615,2020-04-01
Platte City,USA,10707,2020-04-01
Platteville,USA,11838,2020-04-01
Plattsburgh,USA,28958,2020-04-01
Plattsmouth,USA,6655,2020-04-01
Pleasant Hill,USA,8737,2020-04-01
Pleasanton,USA,13983,2020-04-01
Plumas Lake,USA,7337,2020-04-01
Plymouth,USA,12279,2020-04-01
Plymouth,USA,6166,2020-04-01
Plymouth,USA,9011,2020-04-01
Pocahontas,USA,7164,2020-04-01
Pocatello,USA,72211,2020-04-01
Poinciana,USA,53267,2020-04-01
Poinciana Southwest,USA,16966,2020-04-01
Point Pleasant - Gallipolis,USA,10544,2020-04-01
Point Roberts,USA,1191,2020-04-01
Polk City,USA,5375,2020-04-01
Polson,USA,5564,2020-04-01
Ponca City,USA,24990,2020-04-01
Pontiac,USA,11078,2020-04-01
Poolesville,USA,5685,2020-04-01
Poplar Bluff,USA,20449,2020-04-01
Portage,USA,5661,2020-04-01
Portage,USA,10555,2020-04-01
Portales,USA,12202,2020-04-01
Port Angeles,USA,24445,2020-04-01
Port Arthur,USA,116819,2020-04-01
Port Charlotte - North Port,USA,199998,2020-04-01
Porterville,USA,69862,2020-04-01
Port Hadlock-Irondale,USA,5372,2020-04-01
Port Huron,USA,82226,2020-04-01
Port Isabel - South Padre Island - Laguna Vista,USA,12413,2020-04-01
Port Jervis,USA,16187,2020-04-01
Portland,USA,6364,2020-04-01
Portland,USA,205356,2020-04-01
Portland,USA,5263,2020-04-01
Portland,USA,2104238,2020-04-01
Portland,USA,12285,2020-04-01
Port Lavaca,USA,12055,2020-04-01
Portsmouth ( incl. Kennebunk ),USA,95090,2020-04-01
Portsmouth,USA,35346,2020-04-01
Port St. Lucie,USA,437745,2020-04-01
Port Townsend,USA,10042,2020-04-01
Poteau,USA,7826,2020-04-01
Potsdam,USA,8237,2020-04-01
Pottsville,USA,29600,2020-04-01
Poughkeepsie - Newburgh,USA,314766,2020-04-01
Powell,USA,6485,2020-04-01
Prairie du Chien,USA,6119,2020-04-01
Prairie du Sac - Sauk City,USA,7846,2020-04-01
Prairie Grove,USA,5496,2020-04-01
Pratt,USA,6589,2020-04-01
Prescott - Prescott Valley,USA,92427,2020-04-01
Prescott Valley East,USA,7229,2020-04-01
Presque Isle,USA,5361,2020-04-01
Prestonsburg,USA,6271,2020-04-01
Price,USA,13346,2020-04-01
Princess Anne,USA,6406,2020-04-01
Princeton,USA,7979,2020-04-01
Princeton,USA,8343,2020-04-01
Princeton,USA,6058,2020-04-01
Princeton,USA,4956,2020-04-01
Princeton,USA,18184,2020-04-01
Princeville,USA,2544,2020-04-01
Prineville,USA,12407,2020-04-01
Prosser,USA,6589,2020-04-01
Providence,USA,1285806,2020-04-01
Provincetown,USA,5698,2020-04-01
Provo - Orem,USA,588609,2020-04-01
Pryor Creek,USA,9436,2020-04-01
Pueblo,USA,120642,2020-04-01
Pueblo West,USA,25413,2020-04-01
Pukalani - Haiku-Pauwela - Makawao,USA,23305,2020-04-01
Pulaski,USA,8158,2020-04-01
Pulaski,USA,16588,2020-04-01
Pullman,USA,32691,2020-04-01
Punxsutawney,USA,6199,2020-04-01
Pupukea,USA,15509,2020-04-01
Purcell,USA,7327,2020-04-01
Purcellville,USA,16475,2020-04-01
Putnam - Killingly,USA,34582,2020-04-01
Quartzsite,USA,2280,2020-04-01
Quincy,USA,8541,2020-04-01
Quincy,USA,43427,2020-04-01
Quincy,USA,7846,2020-04-01
Racine,USA,134877,2020-04-01
Radford,USA,19521,2020-04-01
Rainbow Springs ( Rainbow Lakes Estates ),USA,4667,2020-04-01
Raleigh,USA,1106646,2020-04-01
Ramona,USA,14837,2020-04-01
Rancho Calaveras,USA,8164,2020-04-01
Ranson - Charles Town,USA,21569,2020-04-01
Rantoul,USA,13654,2020-04-01
Rapid City,USA,85679,2020-04-01
Rathdrum,USA,9241,2020-04-01
Raton,USA,5629,2020-04-01
Ravena - Bethlehem,USA,9346,2020-04-01
Rawlins,USA,7700,2020-04-01
Raymond,USA,5266,2020-04-01
Raymondville,USA,12986,2020-04-01
Rayne,USA,8493,2020-04-01
Reading,USA,276278,2020-04-01
Red Bluff,USA,19826,2020-04-01
Redding,USA,120602,2020-04-01
Redmond,USA,33293,2020-04-01
Red Oak,USA,5516,2020-04-01
Red Wing,USA,14857,2020-04-01
Redwood Falls,USA,4608,2020-04-01
Reedley - Dinuba,USA,49614,2020-04-01
Reedsburg,USA,10067,2020-04-01
Reedsport,USA,4503,2020-04-01
Reidsville,USA,14653,2020-04-01
Reno,USA,446529,2020-04-01
Rensselaer,USA,5509,2020-04-01
Republic,USA,18446,2020-04-01
Rexburg,USA,41330,2020-04-01
Rhinelander,USA,9738,2020-04-01
Rice Lake,USA,10156,2020-04-01
Richfield,USA,8393,2020-04-01
Richland Center,USA,4924,2020-04-01
Richlands,USA,8746,2020-04-01
Richmond,USA,43130,2020-04-01
Richmond,USA,42999,2020-04-01
Richmond,USA,6034,2020-04-01
Richmond,USA,5857,2020-04-01
Richmond,USA,1059150,2020-04-01
Ridgecrest,USA,29307,2020-04-01
Ridgefield,USA,25683,2020-04-01
Ridgefield,USA,10356,2020-04-01
Ridgway,USA,4259,2020-04-01
Rifle,USA,11469,2020-04-01
Rigby,USA,10283,2020-04-01
Rincon,USA,14113,2020-04-01
Rio Grande City - Roma,USA,47070,2020-04-01
Rio Verde,USA,2765,2020-04-01
Rio Vista,USA,9942,2020-04-01
Ripley,USA,6922,2020-04-01
Ripon,USA,15829,2020-04-01
Ripon,USA,8059,2020-04-01
Rising Sun,USA,5788,2020-04-01
River Falls,USA,16344,2020-04-01
Riverhead - Southold,USA,51120,2020-04-01
Riverside - San Bernardino,USA,2276703,2020-04-01
Riverton,USA,11234,2020-04-01
Roanoke,USA,217312,2020-04-01
Roanoke Rapids,USA,23400,2020-04-01
Roaring Spring,USA,6239,2020-04-01
Robertsdale,USA,7429,2020-04-01
Robinson,USA,6134,2020-04-01
Robstown,USA,10775,2020-04-01
Rochelle,USA,11013,2020-04-01
Rochester,USA,7333,2020-04-01
Rochester,USA,121587,2020-04-01
Rochester,USA,704327,2020-04-01
Rockaway Beach,USA,1761,2020-04-01
Rockdale,USA,5464,2020-04-01
Rockford,USA,276443,2020-04-01
Rock Hill,USA,218443,2020-04-01
Rockingham,USA,23833,2020-04-01
Rockland,USA,9868,2020-04-01
Rockmart,USA,7743,2020-04-01
Rockport,USA,16217,2020-04-01
Rock Springs,USA,25853,2020-04-01
Rocky Mount,USA,63297,2020-04-01
Rocky Mount,USA,5411,2020-04-01
Rogersville,USA,6154,2020-04-01
Rolla,USA,20610,2020-04-01
Rome,USA,60403,2020-04-01
Rome,USA,29222,2020-04-01
Roosevelt,USA,6316,2020-04-01
Rosamond,USA,17538,2020-04-01
Roseburg,USA,43484,2020-04-01
Roswell,USA,48831,2020-04-01
Round Lake Beach - McHenry - Grayslake,USA,261835,2020-04-01
Roxboro,USA,9500,2020-04-01
Roxborough Park,USA,9090,2020-04-01
Royse City,USA,13922,2020-04-01
Ruidoso,USA,11042,2020-04-01
Rumford,USA,5585,2020-04-01
Running Springs,USA,5313,2020-04-01
Rupert,USA,6534,2020-04-01
Rushville,USA,6469,2020-04-01
Russell,USA,4066,2020-04-01
Russells Point,USA,6451,2020-04-01
Russellville,USA,9939,2020-04-01
Russellville,USA,31870,2020-04-01
Russellville,USA,6641,2020-04-01
Ruston,USA,28839,2020-04-01
Rutland,USA,19550,2020-04-01
Sacramento,USA,1946618,2020-04-01
Safford,USA,18331,2020-04-01
Saginaw,USA,116058,2020-04-01
Sahuarita,USA,17276,2020-04-01
Salamanca,USA,6375,2020-04-01
Salem,USA,7153,2020-04-01
Salem,USA,6617,2020-04-01
Salem,USA,4684,2020-04-01
Salem,USA,5927,2020-04-01
Salem,USA,15924,2020-04-01
Salem,USA,268331,2020-04-01
Salida,USA,5953,2020-04-01
Salina,USA,46547,2020-04-01
Salinas,USA,177532,2020-04-01
Salisbury,USA,78075,2020-04-01
Sallisaw,USA,7513,2020-04-01
Salt Lake City,USA,1178533,2020-04-01
San Angelo,USA,99982,2020-04-01
San Antonio,USA,1992689,2020-04-01
Sandersville,USA,7097,2020-04-01
San Diego,USA,3070300,2020-04-01
San Diego Country Estates,USA,7002,2020-04-01
Sandpoint,USA,12824,2020-04-01
Sandusky - Port Clinton,USA,61743,2020-04-01
Sandy,USA,13173,2020-04-01
Sanford,USA,15067,2020-04-01
Sanford,USA,36641,2020-04-01
San Francisco - Oakland,USA,3269385,2020-04-01
Sanger,USA,27325,2020-04-01
Sanger,USA,8279,2020-04-01
San Jose,USA,1837446,2020-04-01
San Luis,USA,24790,2020-04-01
San Luis Obispo,USA,56904,2020-04-01
San Marcos,USA,70801,2020-04-01
San Rafael - Novato,USA,246548,2020-04-01
Santa Barbara,USA,202197,2020-04-01
Santa Clarita,USA,278031,2020-04-01
Santa Cruz,USA,169038,2020-04-01
Santa Fe,USA,94241,2020-04-01
Santa Maria,USA,143609,2020-04-01
Santa Paula,USA,30675,2020-04-01
Santa Rosa,USA,297329,2020-04-01
Saranac Lake,USA,5163,2020-04-01
Saratoga Springs,USA,75684,2020-04-01
Sauk Centre,USA,4849,2020-04-01
Sault Ste. Marie,USA,12877,2020-04-01
Savannah,USA,309466,2020-04-01
Savannah,USA,5253,2020-04-01
Savannah,USA,8828,2020-04-01
Sayre - Waverly,USA,17262,2020-04-01
Scappoose,USA,9652,2020-04-01
Schuyler,USA,6522,2020-04-01
Schuylkill Haven - Orwigsburg,USA,14265,2020-04-01
Scott City,USA,4949,2020-04-01
Scottsbluff,USA,25104,2020-04-01
Scottsboro,USA,10791,2020-04-01
Scottsburg,USA,7578,2020-04-01
Scottsville,USA,4637,2020-04-01
Scranton,USA,366713,2020-04-01
Seabrook Island,USA,3371,2020-04-01
Seaford - Laurel - Bridgeville,USA,29147,2020-04-01
Sealy,USA,6385,2020-04-01
Searcy,USA,26652,2020-04-01
Seaside,USA,9183,2020-04-01
Seaside - Monterey - Pacific Grove,USA,123495,2020-04-01
Seattle - Tacoma,USA,3544011,2020-04-01
Sebastopol,USA,18734,2020-04-01
Sebring - Avon Park,USA,63297,2020-04-01
Sedalia,USA,26043,2020-04-01
Sedona,USA,9190,2020-04-01
Seguin,USA,28998,2020-04-01
Selma,USA,21207,2020-04-01
Selma,USA,32546,2020-04-01
Seminole,USA,6283,2020-04-01
Seminole,USA,7068,2020-04-01
Senatobia,USA,6817,2020-04-01
Seneca,USA,23105,2020-04-01
Sequim,USA,24864,2020-04-01
Severance,USA,6408,2020-04-01
Sevierville,USA,34032,2020-04-01
Seward,USA,7473,2020-04-01
Seymour,USA,24247,2020-04-01
Seymour,USA,15219,2020-04-01
Shafter,USA,19278,2020-04-01
Shamokin - Mount Carmel,USA,28461,2020-04-01
Sharon - Hermitage,USA,42169,2020-04-01
Shawano,USA,12229,2020-04-01
Shawnee,USA,34245,2020-04-01
Sheboygan,USA,74369,2020-04-01
Shelby,USA,25955,2020-04-01
Shelby,USA,9317,2020-04-01
Shelbyville,USA,4872,2020-04-01
Shelbyville,USA,21208,2020-04-01
Shelbyville,USA,23143,2020-04-01
Shelbyville,USA,22552,2020-04-01
Sheldon,USA,5381,2020-04-01
Shelley,USA,5109,2020-04-01
Shelton,USA,14907,2020-04-01
Shenandoah,USA,4872,2020-04-01
Shenandoah - Frackville,USA,12025,2020-04-01
Sheridan,USA,4710,2020-04-01
Sheridan,USA,6464,2020-04-01
Sheridan,USA,19430,2020-04-01
Sherman - Denison,USA,66691,2020-04-01
Shinnston,USA,4361,2020-04-01
Shippensburg,USA,17014,2020-04-01
Shiprock,USA,6190,2020-04-01
Show Low,USA,12173,2020-04-01
Shreveport,USA,288052,2020-04-01
Sidney,USA,6522,2020-04-01
Sidney,USA,6232,2020-04-01
Sidney,USA,4247,2020-04-01
Sidney,USA,20734,2020-04-01
Sierra Vista,USA,54274,2020-04-01
Sikeston,USA,17683,2020-04-01
Siler City,USA,8616,2020-04-01
Siloam Springs,USA,18027,2020-04-01
Silsbee,USA,9234,2020-04-01
Silver City,USA,11817,2020-04-01
Silver Creek,USA,3566,2020-04-01
Silver Lakes,USA,5908,2020-04-01
Silverthorne - Keystone,USA,13867,2020-04-01
Silverton,USA,10909,2020-04-01
Simi Valley,USA,127364,2020-04-01
Sinton,USA,5661,2020-04-01
Sioux Center,USA,8222,2020-04-01
Sioux City,USA,113066,2020-04-01
Sioux Falls,USA,194283,2020-04-01
Sitka,USA,7668,2020-04-01
Skiatook,USA,7342,2020-04-01
Skowhegan,USA,4795,2020-04-01
Slatington,USA,8362,2020-04-01
Slaton,USA,5678,2020-04-01
Slidell,USA,91587,2020-04-01
Slippery Rock,USA,7226,2020-04-01
Smithfield,USA,21921,2020-04-01
Smithfield,USA,9725,2020-04-01
Smithville,USA,4825,2020-04-01
Smithville,USA,9684,2020-04-01
Snoqualmie,USA,17070,2020-04-01
Snowflake,USA,5342,2020-04-01
Snowmass Village,USA,2392,2020-04-01
Snyder,USA,11547,2020-04-01
Socorro,USA,8122,2020-04-01
Soldotna,USA,4646,2020-04-01
Soledad,USA,18946,2020-04-01
Solvang - Santa Ynez,USA,10295,2020-04-01
Somerset,USA,30832,2020-04-01
Somerset,USA,10098,2020-04-01
Somerton,USA,13847,2020-04-01
Sonoma,USA,31479,2020-04-01
Sonora - Twain Harte,USA,29013,2020-04-01
Sonterra,USA,9024,2020-04-01
South Bend,USA,278921,2020-04-01
South Berwick,USA,5584,2020-04-01
South Boston,USA,7413,2020-04-01
Southbridge Town,USA,20789,2020-04-01
South Haven,USA,6357,2020-04-01
South Hill,USA,5076,2020-04-01
South Lake Tahoe,USA,31363,2020-04-01
South Lyon - Hamburg - Genoa,USA,145963,2020-04-01
South Paris,USA,4371,2020-04-01
South Pittsburg - Bridgeport,USA,4687,2020-04-01
Sparta,USA,5630,2020-04-01
Sparta,USA,5691,2020-04-01
Sparta,USA,10185,2020-04-01
Spartanburg,USA,196943,2020-04-01
Spearfish,USA,13206,2020-04-01
Spencer,USA,10967,2020-04-01
Spencer,USA,8196,2020-04-01
Spicer - New London,USA,3358,2020-04-01
Spirit Lake,USA,12956,2020-04-01
Spokane,USA,447279,2020-04-01
Spout Springs,USA,18281,2020-04-01
Springfield,USA,159265,2020-04-01
Springfield,USA,442145,2020-04-01
Springfield,USA,282651,2020-04-01
Springfield,USA,82369,2020-04-01
Springfield,USA,18430,2020-04-01
Springfield,USA,5140,2020-04-01
Spring Hill ( Brooksville ),USA,169050,2020-04-01
Spring Hill,USA,7344,2020-04-01
Springhill,USA,5931,2020-04-01
Spring Hill,USA,60309,2020-04-01
Stafford Springs,USA,5107,2020-04-01
St. Albans,USA,11368,2020-04-01
Stansbury Park,USA,12804,2020-04-01
Stanwood,USA,7678,2020-04-01
Star,USA,10673,2020-04-01
Starke,USA,6486,2020-04-01
Starkville,USA,32812,2020-04-01
State College,USA,83674,2020-04-01
Statesboro,USA,44488,2020-04-01
Statesville,USA,39829,2020-04-01
St. Augustine,USA,91786,2020-04-01
Staunton,USA,4866,2020-04-01
Staunton - Waynesboro,USA,59065,2020-04-01
Stayton,USA,11122,2020-04-01
St. Clair,USA,6303,2020-04-01
St. Cloud,USA,117638,2020-04-01
Steamboat Springs,USA,14455,2020-04-01
Ste. Genevieve,USA,4988,2020-04-01
Stephenville,USA,20852,2020-04-01
Sterling,USA,12278,2020-04-01
Sterling,USA,27602,2020-04-01
Steubenville - Weirton,USA,64981,2020-04-01
Stevens Point,USA,44185,2020-04-01
Stevensville - Chester - Romancoke,USA,18874,2020-04-01
Stewartville,USA,6635,2020-04-01
St. Francis,USA,6157,2020-04-01
St. George,USA,134109,2020-04-01
St. Helen,USA,2522,2020-04-01
St. Helena,USA,6086,2020-04-01
St. Helens,USA,19112,2020-04-01
St. Ignace,USA,3457,2020-04-01
Stillwater,USA,31474,2020-04-01
Stillwater,USA,48237,2020-04-01
St. James,USA,7029,2020-04-01
St. James City,USA,2055,2020-04-01
St. Johns,USA,8370,2020-04-01
St. Johnsbury,USA,4883,2020-04-01
St. Joseph,USA,77187,2020-04-01
St. Louis,USA,2156323,2020-04-01
St. Martinville,USA,6399,2020-04-01
St. Marys,USA,9452,2020-04-01
St. Marys,USA,9402,2020-04-01
Stockton,USA,414847,2020-04-01
Storm Lake,USA,11860,2020-04-01
Storrs,USA,17747,2020-04-01
Stoughton,USA,15511,2020-04-01
St. Peter,USA,12145,2020-04-01
Strasburg,USA,7572,2020-04-01
Streator,USA,16209,2020-04-01
Sturgeon Bay,USA,9429,2020-04-01
Sturgis,USA,11943,2020-04-01
Sturgis,USA,7076,2020-04-01
Stuttgart,USA,8132,2020-04-01
Suffolk,USA,42480,2020-04-01
Sugarmill Woods,USA,12948,2020-04-01
Sullivan,USA,4414,2020-04-01
Sullivan,USA,4874,2020-04-01
Sullivan,USA,7227,2020-04-01
Sullivan - Sylvan Beach,USA,3251,2020-04-01
Sulphur,USA,4847,2020-04-01
Sulphur Springs,USA,14683,2020-04-01
Sultan,USA,5665,2020-04-01
Summerset,USA,5325,2020-04-01
Summerville,USA,10227,2020-04-01
Summit Park,USA,7317,2020-04-01
Sumter,USA,68825,2020-04-01
Sunbury,USA,7017,2020-04-01
Sunbury,USA,28249,2020-04-01
Sunderland - South Deerfield,USA,5048,2020-04-01
Sunnyside,USA,17140,2020-04-01
Susanville,USA,8995,2020-04-01
Sutherlin,USA,9656,2020-04-01
Swainsboro,USA,7251,2020-04-01
Swansboro - Cedar Point,USA,20542,2020-04-01
Swatara ( Jonestown - Fredericksburg ),USA,6312,2020-04-01
Sweet Home,USA,10088,2020-04-01
Sweetwater,USA,6468,2020-04-01
Sweetwater,USA,10372,2020-04-01
Sylacauga,USA,16980,2020-04-01
Sylva,USA,5118,2020-04-01
Sylvester,USA,6146,2020-04-01
Syracuse,USA,7393,2020-04-01
Syracuse,USA,413660,2020-04-01
Taft,USA,15022,2020-04-01
Tahlequah,USA,17975,2020-04-01
Talladega,USA,12609,2020-04-01
Tallahassee,USA,252934,2020-04-01
Tallulah,USA,6988,2020-04-01
Tama,USA,5263,2020-04-01
Tamaqua,USA,15158,2020-04-01
Tampa - St. Petersburg,USA,2783045,2020-04-01
Taneytown,USA,7158,2020-04-01
Taos,USA,15665,2020-04-01
Tarboro,USA,12059,2020-04-01
Taylor,USA,15147,2020-04-01
Taylorville,USA,11525,2020-04-01
Tazewell,USA,4666,2020-04-01
Tea,USA,5595,2020-04-01
Tecumseh,USA,13684,2020-04-01
Tehachapi - Golden Hills,USA,17298,2020-04-01
Tell City,USA,9541,2020-04-01
Tellico Village,USA,7156,2020-04-01
Telluride - Mountain Village,USA,4587,2020-04-01
Temecula - Murrieta - Menifee,USA,528991,2020-04-01
Temple,USA,114632,2020-04-01
Terre Haute,USA,79862,2020-04-01
Terrell,USA,16581,2020-04-01
Texarkana,USA,78744,2020-04-01
The Dalles,USA,17398,2020-04-01
The Pinery,USA,14662,2020-04-01
The Villages - Lady Lake,USA,161736,2020-04-01
The Woodlands - Conroe,USA,402454,2020-04-01
Thief River Falls,USA,8892,2020-04-01
Thomaston,USA,14765,2020-04-01
Thomasville,USA,25231,2020-04-01
Thomson,USA,8788,2020-04-01
Thousand Oaks,USA,213986,2020-04-01
Three Rivers,USA,10166,2020-04-01
Thurmont,USA,6789,2020-04-01
Tiffin,USA,20284,2020-04-01
Tifton,USA,24580,2020-04-01
Tillamook,USA,6166,2020-04-01
Tiltonsville - Brilliant,USA,4115,2020-04-01
Tippecanoe,USA,3713,2020-04-01
Tipton,USA,5668,2020-04-01
Titusville,USA,62459,2020-04-01
Titusville,USA,5219,2020-04-01
Toccoa,USA,11807,2020-04-01
Toledo,USA,497952,2020-04-01
Tomah,USA,9818,2020-04-01
Tonganoxie,USA,5489,2020-04-01
Tooele,USA,34892,2020-04-01
Topeka,USA,148956,2020-04-01
Toppenish,USA,10057,2020-04-01
Torrington,USA,35212,2020-04-01
Torrington,USA,6436,2020-04-01
Towanda,USA,4029,2020-04-01
Tracy - Mountain House,USA,120912,2020-04-01
Traverse City - Garfield,USA,56890,2020-04-01
Treasure Lake,USA,4677,2020-04-01
Tremonton,USA,11898,2020-04-01
Trenton,USA,5426,2020-04-01
Trenton ( incl. Twin Rivers - Hightstown ),USA,370422,2020-04-01
Tri-City - Myrtle Creek,USA,8656,2020-04-01
Trinidad,USA,8323,2020-04-01
Troy,USA,14466,2020-04-01
Troy,USA,16669,2020-04-01
Troy,USA,43259,2020-04-01
Truckee,USA,12756,2020-04-01
Trumann,USA,7233,2020-04-01
Truth or Consequences,USA,7713,2020-04-01
Tuba City,USA,7942,2020-04-01
Tucson,USA,875441,2020-04-01
Tucumcari,USA,5217,2020-04-01
Tulare,USA,70628,2020-04-01
Tullahoma,USA,19297,2020-04-01
Tulsa,USA,722810,2020-04-01
Tupelo,USA,40233,2020-04-01
Tupper Lake,USA,3683,2020-04-01
Turlock,USA,79203,2020-04-01
Tuscaloosa,USA,156450,2020-04-01
Tuscola,USA,4942,2020-04-01
Tuskegee,USA,9003,2020-04-01
Twentynine Palms,USA,12881,2020-04-01
Twentynine Palms North ( Twentynine Palms Base ),USA,11665,2020-04-01
Twin Falls,USA,58808,2020-04-01
Twin Lakes,USA,12603,2020-04-01
Tybee Island,USA,3316,2020-04-01
Tyler,USA,131028,2020-04-01
Tyrone,USA,10442,2020-04-01
Ukiah,USA,28987,2020-04-01
Ulysses,USA,5865,2020-04-01
Union,USA,12019,2020-04-01
Union,USA,9729,2020-04-01
Union City,USA,5079,2020-04-01
Union City,USA,10605,2020-04-01
Union Grove,USA,5899,2020-04-01
Uniontown,USA,32560,2020-04-01
Upper Sandusky,USA,6628,2020-04-01
Urbana,USA,12966,2020-04-01
Urbana,USA,11122,2020-04-01
Utica,USA,119059,2020-04-01
Uvalde,USA,15926,2020-04-01
Vacaville,USA,101027,2020-04-01
Vail,USA,12835,2020-04-01
Vail,USA,6080,2020-04-01
Valdosta,USA,76769,2020-04-01
Vallejo,USA,175132,2020-04-01
Valley City,USA,6547,2020-04-01
Valley - Lanett,USA,20466,2020-04-01
Valparaiso - Shorewood Forest,USA,51867,2020-04-01
Vandalia,USA,8110,2020-04-01
Van Wert,USA,11069,2020-04-01
Veneta,USA,6987,2020-04-01
Vermillion,USA,11659,2020-04-01
Vernal,USA,19620,2020-04-01
Vernon,USA,9524,2020-04-01
Vero Beach - Sebastian,USA,174292,2020-04-01
Versailles,USA,16855,2020-04-01
Vicksburg,USA,25888,2020-04-01
Victoria,USA,65986,2020-04-01
Victorville - Hesperia - Apple Valley,USA,355816,2020-04-01
Vidalia,USA,13709,2020-04-01
Village of Four Seasons,USA,7489,2020-04-01
Village of Oak Creek ( Big Park ),USA,6128,2020-04-01
Villa Rica,USA,23202,2020-04-01
Ville Platte,USA,8097,2020-04-01
Vincennes,USA,19800,2020-04-01
Vineland,USA,87226,2020-04-01
Vineyard Haven - Edgartown - Oak Bluffs,USA,14064,2020-04-01
Vinita,USA,5068,2020-04-01
Vinton,USA,4780,2020-04-01
Virginia,USA,12724,2020-04-01
Virginia Beach - Norfolk,USA,1451578,2020-04-01
Viroqua,USA,3987,2020-04-01
Visalia,USA,160578,2020-04-01
Vistancia ( Peoria ),USA,19593,2020-04-01
Wabash,USA,10254,2020-04-01
Waco,USA,192844,2020-04-01
Waconia,USA,13048,2020-04-01
Wadena,USA,4110,2020-04-01
Wadesboro,USA,4903,2020-04-01
Wagoner,USA,7470,2020-04-01
Wahoo,USA,4782,2020-04-01
Wahpeton,USA,11290,2020-04-01
Waikoloa Village,USA,6824,2020-04-01
Walden ( incl. Maybrook ),USA,15784,2020-04-01
Waldorf ( St. Charles ),USA,118601,2020-04-01
Waldport,USA,5394,2020-04-01
Wales,USA,5364,2020-04-01
Walhalla,USA,5392,2020-04-01
Walla Walla,USA,50013,2020-04-01
Walnut Ridge,USA,6540,2020-04-01
Walterboro,USA,9229,2020-04-01
Wamego,USA,4899,2020-04-01
Wapakoneta,USA,10849,2020-04-01
Wapato,USA,7071,2020-04-01
Ware,USA,5662,2020-04-01
Warner Robins,USA,141132,2020-04-01
Warren,USA,5278,2020-04-01
Warren,USA,14294,2020-04-01
Warrensburg,USA,19934,2020-04-01
Warrenton,USA,9398,2020-04-01
Warrenton - New Baltimore,USA,24437,2020-04-01
Warsaw,USA,29904,2020-04-01
Warwick,USA,7084,2020-04-01
Wasco,USA,22235,2020-04-01
Waseca,USA,9211,2020-04-01
Washington,USA,12920,2020-04-01
Washington,USA,6846,2020-04-01
Washington,USA,14616,2020-04-01
Washington,USA,10138,2020-04-01
Washington,USA,16509,2020-04-01
Washington - Arlington,USA,5174759,2020-04-01
Washington Court House,USA,15029,2020-04-01
Wasilla - Knik-Fairview - North Lakes,USA,53444,2020-04-01
Waterbury,USA,199317,2020-04-01
Waterford,USA,9746,2020-04-01
Waterloo,USA,9933,2020-04-01
Waterloo,USA,114139,2020-04-01
Watertown,USA,51832,2020-04-01
Watertown,USA,20643,2020-04-01
Watertown,USA,22712,2020-04-01
Waterville,USA,25529,2020-04-01
Watford City,USA,6687,2020-04-01
Watseka,USA,4671,2020-04-01
Watsonville,USA,68668,2020-04-01
Wauchula,USA,9790,2020-04-01
Waupaca,USA,8293,2020-04-01
Waupun,USA,11673,2020-04-01
Wausau,USA,77429,2020-04-01
Wauseon,USA,7623,2020-04-01
Waverly,USA,9159,2020-04-01
Waverly,USA,4969,2020-04-01
Waycross,USA,24985,2020-04-01
Wayland,USA,4957,2020-04-01
Wayne,USA,5980,2020-04-01
Waynesboro,USA,6103,2020-04-01
Waynesboro,USA,22267,2020-04-01
Waynesburg,USA,8754,2020-04-01
Waynesville,USA,24285,2020-04-01
Weatherford,USA,12076,2020-04-01
Weatherford,USA,48112,2020-04-01
Webster City,USA,7606,2020-04-01
Weiser,USA,5599,2020-04-01
Wellington,USA,11071,2020-04-01
Wellington,USA,7398,2020-04-01
Wellington,USA,4783,2020-04-01
Wellston,USA,5655,2020-04-01
Wellsville,USA,5339,2020-04-01
Wenatchee ( incl. Cashmere ),USA,78142,2020-04-01
Wendell,USA,8915,2020-04-01
West Bend,USA,34552,2020-04-01
West Columbia,USA,5888,2020-04-01
Westerly,USA,30955,2020-04-01
West Frankfort,USA,7935,2020-04-01
West Jefferson - Lake Darby,USA,8828,2020-04-01
West Milford ( Hewitt - Greenwood Lake ),USA,17659,2020-04-01
West Milton,USA,4646,2020-04-01
Westminster,USA,40040,2020-04-01
Weston,USA,4430,2020-04-01
West Plains,USA,11852,2020-04-01
West Point,USA,8134,2020-04-01
West Point - Highland Falls,USA,12156,2020-04-01
West Salem,USA,5557,2020-04-01
Westville,USA,5189,2020-04-01
West Wendover,USA,5238,2020-04-01
Wetumpka,USA,6488,2020-04-01
Wharton,USA,8526,2020-04-01
Wheeling,USA,57695,2020-04-01
Whitefish,USA,7898,2020-04-01
Whitehall,USA,8678,2020-04-01
White House,USA,15587,2020-04-01
Whitehouse,USA,9139,2020-04-01
Whiteman AFB - Knob Noster,USA,5577,2020-04-01
White Rock,USA,5169,2020-04-01
Whiteville,USA,5216,2020-04-01
Whitewater,USA,14544,2020-04-01
Wichita,USA,500231,2020-04-01
Wichita Falls,USA,97039,2020-04-01
Wickenburg,USA,4801,2020-04-01
Wildwood,USA,13899,2020-04-01
Wilkesboro - North Wilkesboro,USA,19890,2020-04-01
Willard,USA,6854,2020-04-01
Willard,USA,6666,2020-04-01
Williams,USA,5558,2020-04-01
Williamsburg,USA,6365,2020-04-01
Williamsburg,USA,89585,2020-04-01
Williamsport,USA,55344,2020-04-01
Williamston,USA,4850,2020-04-01
Williamston,USA,5522,2020-04-01
Williamston,USA,10350,2020-04-01
Willimantic,USA,24332,2020-04-01
Williston,USA,29510,2020-04-01
Willits,USA,7552,2020-04-01
Willmar,USA,21586,2020-04-01
Willows,USA,7578,2020-04-01
Wilmington,USA,6388,2020-04-01
Wilmington,USA,255329,2020-04-01
Wilmington,USA,12546,2020-04-01
Wilmore,USA,5727,2020-04-01
Wilson,USA,48326,2020-04-01
Winchendon,USA,4866,2020-04-01
Winchester,USA,4797,2020-04-01
Winchester,USA,26253,2020-04-01
Winchester,USA,12702,2020-04-01
Winchester,USA,83377,2020-04-01
Winder,USA,50189,2020-04-01
Wind Lake,USA,4856,2020-04-01
Winfield,USA,11617,2020-04-01
Winnemucca,USA,10546,2020-04-01
Winnfield,USA,4671,2020-04-01
Winnsboro,USA,5142,2020-04-01
Winnsboro,USA,4710,2020-04-01
Winona,USA,29633,2020-04-01
Winslow,USA,7667,2020-04-01
Winsted,USA,7804,2020-04-01
Winston-Salem,USA,420924,2020-04-01
Winter Haven,USA,253251,2020-04-01
Winters,USA,7073,2020-04-01
Winterset,USA,5077,2020-04-01
Wisconsin Rapids,USA,29550,2020-04-01
Wise - Norton,USA,8913,2020-04-01
Woodburn,USA,27577,2020-04-01
Woodlake,USA,7514,2020-04-01
Woodland,USA,61133,2020-04-01
Woodland,USA,7217,2020-04-01
Woodland Park,USA,11548,2020-04-01
Woodmont,USA,6673,2020-04-01
Woodstock,USA,25298,2020-04-01
Woodstock,USA,5852,2020-04-01
Woodward,USA,11458,2020-04-01
Wooster,USA,32449,2020-04-01
Worcester,USA,482085,2020-04-01
Worland,USA,4889,2020-04-01
World Golf Village,USA,19679,2020-04-01
Worthington,USA,13800,2020-04-01
Worth - Lexington,USA,3310,2020-04-01
Wrightwood,USA,3927,2020-04-01
Wynne,USA,7564,2020-04-01
Wytheville,USA,7154,2020-04-01
Xenia,USA,26614,2020-04-01
Yakima,USA,133145,2020-04-01
Yankton,USA,16022,2020-04-01
Yazoo City,USA,15060,2020-04-01
Yelm,USA,14924,2020-04-01
Yoakum,USA,5598,2020-04-01
York,USA,7968,2020-04-01
York,USA,238549,2020-04-01
York,USA,8631,2020-04-01
Youngstown,USA,320901,2020-04-01
Yreka,USA,7617,2020-04-01
Yuba City,USA,125706,2020-04-01
Yucca Valley,USA,18293,2020-04-01
Yuma,USA,135717,2020-04-01
Zachary,USA,16600,2020-04-01
Zanesville,USA,42301,2020-04-01
Zapata - Medina,USA,10942,2020-04-01
Zebulon,USA,8158,2020-04-01
Zephyrhills,USA,55133,2020-04-01
Zimmerman,USA,6360,2020-04-01